{"type": "FeatureCollection", "features": [{"type": "Feature", "properties": {"name": "Mystic View Road", "separation_level": "none", "street_classification": "residential", "maxspeed_int": null}, "geometry": {"type": "LineString", "coordinates": [[-71.073566, 42.396528], [-71.073777, 42.39664], [-71.073878, 42.396731], [-71.073943, 42.396833], [-71.073957, 42.396887], [-71.073977, 42.397041], [-71.073989, 42.397128], [-71.074009, 42.397401], [-71.074054, 42.397798], [-71.074074, 42.397997], [-71.074081, 42.398194], [-71.074081, 42.398249], [-71.074067, 42.398295], [-71.07405, 42.398346], [-71.074028, 42.398401], [-71.074001, 42.398453], [-71.073968, 42.398509], [-71.07393, 42.398562], [-71.073875, 42.398619], [-71.073803, 42.398684], [-71.073656, 42.398807]]}}, {"type": "Feature", "properties": {"name": "Encore Riverwalk Connector", "separation_level": "separate", "street_classification": "dedicated_path", "maxspeed_int": null}, "geometry": {"type": "LineString", "coordinates": [[-71.073566, 42.396528], [-71.073526, 42.396569], [-71.072979, 42.39629], [-71.072921, 42.39626], [-71.072883, 42.396236], [-71.072859, 42.396221], [-71.072835, 42.396204], [-71.072821, 42.396192], [-71.072801, 42.396176], [-71.072784, 42.396161], [-71.072769, 42.396146], [-71.072749, 42.396122], [-71.072723, 42.396089], [-71.072706, 42.396062], [-71.072694, 42.396038], [-71.072673, 42.395992], [-71.072638, 42.395925], [-71.072609, 42.395858], [-71.072594, 42.395831], [-71.072581, 42.39581], [-71.072566, 42.395791], [-71.072547, 42.395775], [-71.07253, 42.395765], [-71.072514, 42.395757], [-71.0725, 42.395752], [-71.07248, 42.395747], [-71.072458, 42.395744], [-71.072435, 42.395743], [-71.072418, 42.395744], [-71.072398, 42.395747], [-71.072372, 42.395755], [-71.072347, 42.395765], [-71.072315, 42.395779], [-71.072293, 42.395792], [-71.072273, 42.395805], [-71.072255, 42.39582], [-71.072228, 42.395849], [-71.072175, 42.395923], [-71.07211, 42.396015], [-71.072081, 42.396055], [-71.072067, 42.396073], [-71.072053, 42.396087], [-71.072034, 42.396102], [-71.072013, 42.396117], [-71.071993, 42.396128], [-71.071972, 42.396137], [-71.07195, 42.396147], [-71.071927, 42.396154], [-71.071899, 42.396161], [-71.071877, 42.396166], [-71.071852, 42.396169], [-71.071828, 42.396172], [-71.071797, 42.396173], [-71.071769, 42.396173], [-71.071742, 42.396172], [-71.071713, 42.396167], [-71.071691, 42.396162], [-71.07167, 42.396155], [-71.071644, 42.396146], [-71.071623, 42.396135], [-71.071606, 42.396124], [-71.071592, 42.396113], [-71.071568, 42.39609], [-71.071556, 42.396078], [-71.071544, 42.39606], [-71.071528, 42.396031], [-71.071512, 42.396], [-71.071504, 42.395977], [-71.071494, 42.395934], [-71.071487, 42.395867], [-71.071487, 42.395831], [-71.071489, 42.395797], [-71.071492, 42.395758], [-71.071491, 42.395681], [-71.071489, 42.395661]]}}, {"type": "Feature", "properties": {"name": null, "separation_level": "separate", "street_classification": "dedicated_path", "maxspeed_int": null}, "geometry": {"type": "LineString", "coordinates": [[-71.073566, 42.396528], [-71.073596, 42.3965], [-71.073608, 42.396489], [-71.07362, 42.396482], [-71.073636, 42.396477], [-71.073667, 42.396471], [-71.073682, 42.396467], [-71.073703, 42.396458], [-71.07372, 42.396448], [-71.07373, 42.396439], [-71.073738, 42.39643], [-71.073745, 42.39642], [-71.073751, 42.396406], [-71.073754, 42.39639], [-71.073753, 42.396354], [-71.073753, 42.396286], [-71.07375, 42.396269], [-71.073747, 42.396253], [-71.07374, 42.396237], [-71.073731, 42.396222], [-71.073715, 42.396204], [-71.073703, 42.396191], [-71.073696, 42.396183], [-71.073691, 42.396175], [-71.073689, 42.396167], [-71.073688, 42.396156], [-71.073688, 42.396142], [-71.07369, 42.396133], [-71.073694, 42.396122], [-71.073701, 42.396111], [-71.073707, 42.396105], [-71.073713, 42.396099], [-71.073731, 42.396087], [-71.073751, 42.396075], [-71.073776, 42.396062], [-71.073798, 42.396052], [-71.073823, 42.396043], [-71.073834, 42.39604], [-71.073849, 42.396037], [-71.073862, 42.396036], [-71.073873, 42.396036], [-71.073885, 42.396038], [-71.073898, 42.396043], [-71.07391, 42.396049], [-71.07392, 42.396055], [-71.073931, 42.396065], [-71.073954, 42.396096], [-71.07408, 42.396282], [-71.074159, 42.396407], [-71.074179, 42.396441], [-71.074187, 42.396456], [-71.074189, 42.396463], [-71.074191, 42.396471], [-71.074192, 42.396488], [-71.074191, 42.396509], [-71.074188, 42.396523], [-71.07418, 42.396544], [-71.074163, 42.396578], [-71.074152, 42.396602], [-71.074143, 42.396623], [-71.074137, 42.396641], [-71.074135, 42.396658], [-71.074133, 42.396694], [-71.074133, 42.396726], [-71.074134, 42.396773], [-71.074137, 42.396994], [-71.074149, 42.397186], [-71.074151, 42.397208], [-71.074155, 42.397222], [-71.074162, 42.397236], [-71.074176, 42.397254], [-71.074187, 42.397268], [-71.074195, 42.397281], [-71.0742, 42.397295], [-71.0742, 42.397311], [-71.074194, 42.397337], [-71.074187, 42.39736], [-71.074183, 42.397378], [-71.07418, 42.3974], [-71.074182, 42.397425], [-71.074189, 42.397456], [-71.074194, 42.397473], [-71.074198, 42.3975], [-71.074195, 42.397519], [-71.074189, 42.397563], [-71.074182, 42.397606], [-71.074181, 42.397626], [-71.074184, 42.397653], [-71.07419, 42.397674], [-71.074202, 42.397701], [-71.074215, 42.397732], [-71.074229, 42.397762], [-71.074238, 42.397787], [-71.074244, 42.397815], [-71.074244, 42.397838], [-71.074239, 42.39786], [-71.07423, 42.397884], [-71.074221, 42.397901], [-71.074214, 42.397925], [-71.074209, 42.397966], [-71.074196, 42.39812], [-71.074183, 42.39823], [-71.074168, 42.398314], [-71.07416, 42.398357], [-71.074145, 42.398407], [-71.074112, 42.398487], [-71.074079, 42.398535], [-71.074038, 42.398586], [-71.073994, 42.398635], [-71.073943, 42.398686], [-71.073863, 42.39876], [-71.073807, 42.398807], [-71.073791, 42.398821], [-71.073806, 42.398888], [-71.073867, 42.3992], [-71.073885, 42.399295]]}}, {"type": "Feature", "properties": {"name": null, "separation_level": "none", "street_classification": "residential", "maxspeed_int": null}, "geometry": {"type": "LineString", "coordinates": [[-71.073656, 42.398807], [-71.073542, 42.398739], [-71.073307, 42.398585], [-71.073518, 42.398388]]}}, {"type": "Feature", "properties": {"name": "Mystic View Road", "separation_level": "none", "street_classification": "residential", "maxspeed_int": null}, "geometry": {"type": "LineString", "coordinates": [[-71.073656, 42.398807], [-71.073534, 42.398911], [-71.073218, 42.399193], [-71.07293, 42.399424], [-71.072586, 42.399723], [-71.072331, 42.399934], [-71.071745, 42.400424], [-71.071721, 42.400445], [-71.071656, 42.400514]]}}, {"type": "Feature", "properties": {"name": "Northern Strand Community Trail", "separation_level": "separate", "street_classification": "dedicated_path", "maxspeed_int": null}, "geometry": {"type": "LineString", "coordinates": [[-71.071489, 42.395661], [-71.071424, 42.395666], [-71.071281, 42.395683], [-71.071111, 42.395704], [-71.071104, 42.395705], [-71.071068, 42.395712], [-71.071049, 42.395719], [-71.07099, 42.39576], [-71.070894, 42.395837], [-71.070861, 42.395873], [-71.070838, 42.395904], [-71.070812, 42.395945], [-71.070785, 42.395987], [-71.070765, 42.396018], [-71.070749, 42.396041], [-71.070731, 42.396063], [-71.070703, 42.39609], [-71.070649, 42.396136], [-71.070543, 42.396221], [-71.070294, 42.396436], [-71.070056, 42.396639], [-71.069838, 42.396818], [-71.069809, 42.396842], [-71.069836, 42.39686]]}}, {"type": "Feature", "properties": {"name": "Encore Riverwalk Connector", "separation_level": "separate", "street_classification": "dedicated_path", "maxspeed_int": null}, "geometry": {"type": "LineString", "coordinates": [[-71.071489, 42.395661], [-71.071485, 42.395636], [-71.071469, 42.39554], [-71.071455, 42.395467], [-71.071442, 42.395388], [-71.071439, 42.395364], [-71.071439, 42.395347], [-71.07144, 42.395332], [-71.071444, 42.395318], [-71.071455, 42.395292], [-71.071471, 42.395263], [-71.071485, 42.395243], [-71.071517, 42.395207], [-71.07155, 42.395173], [-71.07159, 42.395138], [-71.071658, 42.395082], [-71.071769, 42.394995], [-71.071867, 42.394908], [-71.071884, 42.394885], [-71.071891, 42.394869], [-71.071896, 42.394846], [-71.071897, 42.394818], [-71.071903, 42.394681], [-71.071909, 42.394658], [-71.071919, 42.394636], [-71.071931, 42.394614], [-71.07195, 42.39459], [-71.071964, 42.394576], [-71.071985, 42.394561], [-71.072069, 42.394502], [-71.072111, 42.394471], [-71.072167, 42.394429], [-71.072237, 42.394367], [-71.07229, 42.394315], [-71.072326, 42.394277], [-71.07237, 42.394228], [-71.072398, 42.394199], [-71.072421, 42.394178], [-71.072443, 42.39416], [-71.072488, 42.394127], [-71.072561, 42.394079], [-71.072603, 42.394048], [-71.072624, 42.39403], [-71.072642, 42.39401], [-71.072652, 42.393997], [-71.072664, 42.393978], [-71.072671, 42.393963], [-71.072677, 42.393945], [-71.072683, 42.393925], [-71.072688, 42.393915], [-71.072698, 42.393902], [-71.072709, 42.393889], [-71.072733, 42.393867], [-71.072796, 42.393805], [-71.072946, 42.393649], [-71.073009, 42.393579], [-71.073021, 42.393563], [-71.07267, 42.393335], [-71.07257, 42.393273], [-71.07225, 42.393076], [-71.072209, 42.393048], [-71.072173, 42.393033], [-71.072144, 42.393024], [-71.07212, 42.393021], [-71.0721, 42.39302], [-71.072081, 42.393022], [-71.072059, 42.393027], [-71.072037, 42.393035], [-71.072005, 42.393051], [-71.071976, 42.393073], [-71.071965, 42.393084], [-71.071909, 42.393135], [-71.071699, 42.393325], [-71.071628, 42.393389], [-71.071598, 42.393419], [-71.07156, 42.393456], [-71.071544, 42.393471], [-71.071526, 42.393486], [-71.07151, 42.393497], [-71.071491, 42.393507], [-71.071469, 42.393515], [-71.071445, 42.393523], [-71.071438, 42.393525], [-71.071421, 42.39353], [-71.071406, 42.393532], [-71.071389, 42.393534], [-71.071369, 42.393536], [-71.071345, 42.393538], [-71.071309, 42.39354], [-71.071276, 42.393543], [-71.071261, 42.393545], [-71.071248, 42.39355], [-71.07124, 42.393554], [-71.071231, 42.39356], [-71.071214, 42.393575], [-71.071198, 42.393592], [-71.071187, 42.393606], [-71.071126, 42.393679], [-71.071074, 42.393738], [-71.071014, 42.393809], [-71.07098, 42.393849], [-71.070846, 42.394004], [-71.0708, 42.39406], [-71.070746, 42.39412], [-71.07071, 42.394161], [-71.070587, 42.394302], [-71.070539, 42.394358], [-71.070482, 42.394422], [-71.070435, 42.394477], [-71.070397, 42.394521], [-71.070366, 42.394557], [-71.070353, 42.394573], [-71.070286, 42.394582], [-71.070234, 42.394558], [-71.070131, 42.394507], [-71.06999, 42.394437], [-71.069815, 42.394346], [-71.069677, 42.394275], [-71.0694, 42.394131], [-71.069313, 42.394087], [-71.069228, 42.394047], [-71.069212, 42.394065], [-71.069202, 42.394072], [-71.069185, 42.394081], [-71.069162, 42.394091], [-71.069142, 42.394097], [-71.06912, 42.394101], [-71.069109, 42.394102], [-71.069091, 42.394104], [-71.069072, 42.394104], [-71.069063, 42.394104]]}}, {"type": "Feature", "properties": {"name": null, "separation_level": "separate", "street_classification": "dedicated_path", "maxspeed_int": null}, "geometry": {"type": "LineString", "coordinates": [[-71.073885, 42.399295], [-71.073909, 42.399424], [-71.073924, 42.399541], [-71.073942, 42.39965], [-71.073942, 42.399713], [-71.073929, 42.399786], [-71.0739, 42.399867], [-71.073835, 42.400004], [-71.073767, 42.40011], [-71.073688, 42.400201], [-71.073612, 42.400254], [-71.073522, 42.400309], [-71.073439, 42.400351], [-71.073355, 42.400381], [-71.073268, 42.400402], [-71.073195, 42.400415], [-71.073121, 42.400421], [-71.073025, 42.400422], [-71.072865, 42.400405], [-71.072728, 42.400384], [-71.072599, 42.400362], [-71.072527, 42.400355]]}}, {"type": "Feature", "properties": {"name": null, "separation_level": "separate", "street_classification": "dedicated_path", "maxspeed_int": null}, "geometry": {"type": "LineString", "coordinates": [[-71.073885, 42.399295], [-71.073727, 42.39933], [-71.073491, 42.3994], [-71.073448, 42.399415], [-71.073373, 42.399447], [-71.073307, 42.399486], [-71.073251, 42.399523], [-71.073197, 42.399571], [-71.073139, 42.399636], [-71.07308, 42.399714], [-71.073021, 42.399798], [-71.07296, 42.399903], [-71.072925, 42.399963], [-71.072894, 42.40001], [-71.07286, 42.400051], [-71.072816, 42.400098], [-71.07277, 42.400145], [-71.072702, 42.400208], [-71.072613, 42.400284], [-71.07256, 42.400332], [-71.072527, 42.400355]]}}, {"type": "Feature", "properties": {"name": null, "separation_level": "none", "street_classification": "residential", "maxspeed_int": null}, "geometry": {"type": "LineString", "coordinates": [[-71.073518, 42.398388], [-71.073307, 42.398585], [-71.072541, 42.398099], [-71.072764, 42.39791]]}}, {"type": "Feature", "properties": {"name": null, "separation_level": "none", "street_classification": "residential", "maxspeed_int": null}, "geometry": {"type": "LineString", "coordinates": [[-71.073518, 42.398388], [-71.073694, 42.398175], [-71.072984, 42.397723], [-71.072764, 42.39791]]}}, {"type": "Feature", "properties": {"name": null, "separation_level": "none", "street_classification": "residential", "maxspeed_int": null}, "geometry": {"type": "LineString", "coordinates": [[-71.073518, 42.398388], [-71.073609, 42.398337], [-71.072835, 42.39785], [-71.072764, 42.39791]]}}, {"type": "Feature", "properties": {"name": null, "separation_level": "none", "street_classification": "residential", "maxspeed_int": null}, "geometry": {"type": "LineString", "coordinates": [[-71.073518, 42.398388], [-71.073464, 42.398456], [-71.072696, 42.397968], [-71.072764, 42.39791]]}}, {"type": "Feature", "properties": {"name": null, "separation_level": "none", "street_classification": "residential", "maxspeed_int": null}, "geometry": {"type": "LineString", "coordinates": [[-71.073518, 42.398388], [-71.073694, 42.398175], [-71.073733, 42.397969]]}}, {"type": "Feature", "properties": {"name": "Mystic View Road", "separation_level": "none", "street_classification": "residential", "maxspeed_int": null}, "geometry": {"type": "LineString", "coordinates": [[-71.071656, 42.400514], [-71.071426, 42.400722]]}}, {"type": "Feature", "properties": {"name": null, "separation_level": "none", "street_classification": "residential", "maxspeed_int": null}, "geometry": {"type": "LineString", "coordinates": [[-71.071656, 42.400514], [-71.070873, 42.40001], [-71.070609, 42.399889]]}}, {"type": "Feature", "properties": {"name": null, "separation_level": "none", "street_classification": "residential", "maxspeed_int": null}, "geometry": {"type": "LineString", "coordinates": [[-71.069836, 42.39686], [-71.069863, 42.396879], [-71.070051, 42.396724]]}}, {"type": "Feature", "properties": {"name": null, "separation_level": "none", "street_classification": "residential", "maxspeed_int": null}, "geometry": {"type": "LineString", "coordinates": [[-71.069836, 42.39686], [-71.069863, 42.396879], [-71.069753, 42.396967], [-71.069381, 42.397278], [-71.069033, 42.397577], [-71.068704, 42.397861], [-71.068689, 42.398058], [-71.067716, 42.398944], [-71.067716, 42.399225], [-71.067115, 42.399792], [-71.06679, 42.400078], [-71.066766, 42.400024]]}}, {"type": "Feature", "properties": {"name": "Northern Strand Community Trail", "separation_level": "separate", "street_classification": "dedicated_path", "maxspeed_int": null}, "geometry": {"type": "LineString", "coordinates": [[-71.069836, 42.39686], [-71.069809, 42.396842], [-71.069623, 42.396994], [-71.069352, 42.397225], [-71.069021, 42.397519], [-71.068598, 42.397871], [-71.068403, 42.398036], [-71.068374, 42.398061], [-71.068353, 42.398082], [-71.068331, 42.398106], [-71.068318, 42.398121], [-71.068307, 42.398142], [-71.068276, 42.398201], [-71.068237, 42.398297], [-71.068223, 42.398339], [-71.068213, 42.398375], [-71.068202, 42.398418], [-71.06819, 42.398445], [-71.068172, 42.398473], [-71.068154, 42.398495], [-71.068125, 42.398519], [-71.067996, 42.398625], [-71.067974, 42.39864], [-71.067944, 42.398659], [-71.06792, 42.39867], [-71.067891, 42.398683], [-71.067861, 42.398692], [-71.067817, 42.398702], [-71.067775, 42.398712], [-71.067735, 42.398721], [-71.067699, 42.398732], [-71.067661, 42.398748], [-71.067621, 42.39877], [-71.067582, 42.398798], [-71.067518, 42.398852], [-71.067419, 42.398937], [-71.067372, 42.398977], [-71.067357, 42.398994], [-71.067345, 42.399011], [-71.067337, 42.399033], [-71.067331, 42.399059], [-71.067328, 42.399083], [-71.067331, 42.399117], [-71.067336, 42.399145], [-71.067348, 42.399177], [-71.067363, 42.399218], [-71.067375, 42.399255], [-71.067378, 42.399277], [-71.067378, 42.399298], [-71.067378, 42.399314], [-71.067372, 42.399338], [-71.067364, 42.399369], [-71.067356, 42.399387], [-71.067346, 42.399402], [-71.067333, 42.399414], [-71.067148, 42.399566], [-71.067017, 42.39968], [-71.066966, 42.399727], [-71.066956, 42.399738], [-71.066944, 42.39976], [-71.066936, 42.39978], [-71.066932, 42.399797], [-71.066924, 42.399835], [-71.066912, 42.399875], [-71.066904, 42.399893], [-71.066893, 42.399906], [-71.066883, 42.399917], [-71.066868, 42.399929], [-71.06685, 42.399938], [-71.066828, 42.399948], [-71.066798, 42.399957], [-71.066741, 42.39997], [-71.066766, 42.400024]]}}, {"type": "Feature", "properties": {"name": null, "separation_level": "none", "street_classification": "residential", "maxspeed_int": null}, "geometry": {"type": "LineString", "coordinates": [[-71.069836, 42.39686], [-71.069809, 42.396842], [-71.069798, 42.396835], [-71.069695, 42.396752], [-71.06959, 42.396686], [-71.069552, 42.396662], [-71.069489, 42.396621], [-71.069445, 42.396592]]}}, {"type": "Feature", "properties": {"name": "Encore Riverwalk", "separation_level": "separate", "street_classification": "dedicated_path", "maxspeed_int": null}, "geometry": {"type": "LineString", "coordinates": [[-71.069063, 42.394104], [-71.06904, 42.394105], [-71.069006, 42.394105], [-71.068976, 42.394107], [-71.068939, 42.39411], [-71.068898, 42.394117], [-71.068867, 42.394125], [-71.06884, 42.394132], [-71.068809, 42.394144], [-71.068783, 42.394157], [-71.068758, 42.39417], [-71.068727, 42.394191], [-71.068696, 42.394215], [-71.068631, 42.394271], [-71.068528, 42.394357]]}}, {"type": "Feature", "properties": {"name": null, "separation_level": "separate", "street_classification": "dedicated_path", "maxspeed_int": null}, "geometry": {"type": "LineString", "coordinates": [[-71.072527, 42.400355], [-71.072458, 42.400383], [-71.072286, 42.400454], [-71.072204, 42.400489], [-71.072143, 42.400518], [-71.072094, 42.400547], [-71.072059, 42.400565], [-71.072028, 42.400598], [-71.071999, 42.400657], [-71.071973, 42.400714], [-71.071957, 42.400749]]}}, {"type": "Feature", "properties": {"name": "New Tifereth Israel Cemetery of Everett", "separation_level": "none", "street_classification": "residential", "maxspeed_int": null}, "geometry": {"type": "LineString", "coordinates": [[-71.033794, 42.423014], [-71.033722, 42.422517]]}}, {"type": "Feature", "properties": {"name": "New Tifereth Israel Cemetery of Everett", "separation_level": "none", "street_classification": "residential", "maxspeed_int": null}, "geometry": {"type": "LineString", "coordinates": [[-71.033794, 42.423014], [-71.033871, 42.42303], [-71.033931, 42.42305], [-71.034004, 42.423084], [-71.03406, 42.42312], [-71.034101, 42.423158], [-71.034127, 42.4232], [-71.034294, 42.423515], [-71.034423, 42.423742], [-71.034438, 42.42378], [-71.034423, 42.423801], [-71.034346, 42.423878], [-71.033934, 42.42426], [-71.033888, 42.424305], [-71.03386, 42.424319], [-71.033823, 42.424316], [-71.033791, 42.424295], [-71.033764, 42.424202], [-71.033721, 42.423918], [-71.033721, 42.423913], [-71.033656, 42.423505], [-71.033617, 42.423231], [-71.033619, 42.423162], [-71.033649, 42.423113], [-71.033719, 42.423054], [-71.033794, 42.423014]]}}, {"type": "Feature", "properties": {"name": "New Tifereth Israel Cemetery of Everett", "separation_level": "none", "street_classification": "residential", "maxspeed_int": null}, "geometry": {"type": "LineString", "coordinates": [[-71.033794, 42.423014], [-71.033719, 42.423054], [-71.033649, 42.423113], [-71.033619, 42.423162], [-71.033617, 42.423231], [-71.033656, 42.423505], [-71.033721, 42.423913], [-71.033721, 42.423918], [-71.033764, 42.424202], [-71.033791, 42.424295], [-71.033823, 42.424316], [-71.03386, 42.424319], [-71.033888, 42.424305], [-71.033934, 42.42426], [-71.034346, 42.423878], [-71.034423, 42.423801], [-71.034438, 42.42378], [-71.034423, 42.423742], [-71.034294, 42.423515], [-71.034127, 42.4232], [-71.034101, 42.423158], [-71.03406, 42.42312], [-71.034004, 42.423084], [-71.033931, 42.42305], [-71.033871, 42.42303], [-71.033794, 42.423014]]}}, {"type": "Feature", "properties": {"name": "Fuller Street", "separation_level": "none", "street_classification": "medium-capacity", "maxspeed_int": null}, "geometry": {"type": "LineString", "coordinates": [[-71.033722, 42.422517], [-71.035301, 42.422381]]}}, {"type": "Feature", "properties": {"name": "Fuller Street", "separation_level": "none", "street_classification": "medium-capacity", "maxspeed_int": null}, "geometry": {"type": "LineString", "coordinates": [[-71.033722, 42.422517], [-71.032631, 42.422607], [-71.032313, 42.422628], [-71.032191, 42.422574]]}}, {"type": "Feature", "properties": {"name": "Fuller Street", "separation_level": "none", "street_classification": "medium-capacity", "maxspeed_int": null}, "geometry": {"type": "LineString", "coordinates": [[-71.035301, 42.422381], [-71.037165, 42.422228], [-71.038954, 42.42208], [-71.039022, 42.422074]]}}, {"type": "Feature", "properties": {"name": "Meadowview Road", "separation_level": "none", "street_classification": "residential", "maxspeed_int": 20.0}, "geometry": {"type": "LineString", "coordinates": [[-71.035301, 42.422381], [-71.035308, 42.422439], [-71.035312, 42.422466], [-71.03538, 42.422945]]}}, {"type": "Feature", "properties": {"name": "Memorial Drive", "separation_level": "none", "street_classification": "residential", "maxspeed_int": null}, "geometry": {"type": "LineString", "coordinates": [[-71.032191, 42.422574], [-71.032313, 42.422628], [-71.032437, 42.423701], [-71.032465, 42.423789], [-71.032482, 42.423916]]}}, {"type": "Feature", "properties": {"name": "Monument Avenue", "separation_level": "none", "street_classification": "residential", "maxspeed_int": null}, "geometry": {"type": "LineString", "coordinates": [[-71.032191, 42.422574], [-71.032166, 42.422462], [-71.031991, 42.422422], [-71.03177, 42.422382], [-71.031649, 42.422357], [-71.031554, 42.422333], [-71.031467, 42.422271], [-71.031355, 42.422191], [-71.031454, 42.422115]]}}, {"type": "Feature", "properties": {"name": "Winding Way", "separation_level": "none", "street_classification": "residential", "maxspeed_int": null}, "geometry": {"type": "LineString", "coordinates": [[-71.032191, 42.422574], [-71.032166, 42.422462], [-71.032312, 42.422339], [-71.032456, 42.422193], [-71.032501, 42.422113]]}}, {"type": "Feature", "properties": {"name": "Fuller Street", "separation_level": "none", "street_classification": "medium-capacity", "maxspeed_int": null}, "geometry": {"type": "LineString", "coordinates": [[-71.032191, 42.422574], [-71.032095, 42.422634], [-71.031784, 42.422642], [-71.030494, 42.422667]]}}, {"type": "Feature", "properties": {"name": "Dartmouth Street", "separation_level": "none", "street_classification": "medium-capacity", "maxspeed_int": null}, "geometry": {"type": "LineString", "coordinates": [[-71.038, 42.411347], [-71.037416, 42.410936]]}}, {"type": "Feature", "properties": {"name": "Richdale Avenue", "separation_level": "none", "street_classification": "residential", "maxspeed_int": 20.0}, "geometry": {"type": "LineString", "coordinates": [[-71.038, 42.411347], [-71.038054, 42.411267], [-71.03807, 42.411243], [-71.038818, 42.410126]]}}, {"type": "Feature", "properties": {"name": "Dartmouth Street", "separation_level": "none", "street_classification": "medium-capacity", "maxspeed_int": null}, "geometry": {"type": "LineString", "coordinates": [[-71.038, 42.411347], [-71.038379, 42.41161], [-71.038572, 42.411744]]}}, {"type": "Feature", "properties": {"name": "Dartmouth Street", "separation_level": "none", "street_classification": "residential", "maxspeed_int": 20.0}, "geometry": {"type": "LineString", "coordinates": [[-71.037416, 42.410936], [-71.036732, 42.410457]]}}, {"type": "Feature", "properties": {"name": "Alpine Avenue", "separation_level": "none", "street_classification": "medium-capacity", "maxspeed_int": null}, "geometry": {"type": "LineString", "coordinates": [[-71.037416, 42.410936], [-71.038037, 42.410003], [-71.038043, 42.409993], [-71.038049, 42.409983], [-71.03807, 42.409939]]}}, {"type": "Feature", "properties": {"name": "Mount Washington Street", "separation_level": "none", "street_classification": "residential", "maxspeed_int": 20.0}, "geometry": {"type": "LineString", "coordinates": [[-71.038818, 42.410126], [-71.039528, 42.410296]]}}, {"type": "Feature", "properties": {"name": "Mount Washington Street", "separation_level": "none", "street_classification": "residential", "maxspeed_int": 20.0}, "geometry": {"type": "LineString", "coordinates": [[-71.038818, 42.410126], [-71.038154, 42.40996], [-71.03807, 42.409939]]}}, {"type": "Feature", "properties": {"name": "Maplewood Avenue", "separation_level": "none", "street_classification": "residential", "maxspeed_int": 20.0}, "geometry": {"type": "LineString", "coordinates": [[-71.038572, 42.411744], [-71.038639, 42.411638], [-71.038653, 42.411616], [-71.039528, 42.410296]]}}, {"type": "Feature", "properties": {"name": "Glen Street", "separation_level": "none", "street_classification": "residential", "maxspeed_int": 20.0}, "geometry": {"type": "LineString", "coordinates": [[-71.038572, 42.411744], [-71.038493, 42.411751], [-71.038452, 42.411757], [-71.03836, 42.411769], [-71.038331, 42.411773], [-71.038303, 42.411781], [-71.038277, 42.41179], [-71.038252, 42.411802], [-71.038228, 42.411815], [-71.038208, 42.41183], [-71.037875, 42.412101], [-71.0378, 42.412161]]}}, {"type": "Feature", "properties": {"name": "Elsie Street", "separation_level": "none", "street_classification": "residential", "maxspeed_int": 20.0}, "geometry": {"type": "LineString", "coordinates": [[-71.038572, 42.411744], [-71.038705, 42.411729], [-71.038777, 42.411722], [-71.038812, 42.411718], [-71.039548, 42.411612]]}}, {"type": "Feature", "properties": {"name": "Dartmouth Street", "separation_level": "none", "street_classification": "medium-capacity", "maxspeed_int": null}, "geometry": {"type": "LineString", "coordinates": [[-71.038572, 42.411744], [-71.038903, 42.411989], [-71.038969, 42.412036]]}}, {"type": "Feature", "properties": {"name": "Mount Washington Street", "separation_level": "none", "street_classification": "residential", "maxspeed_int": null}, "geometry": {"type": "LineString", "coordinates": [[-71.03807, 42.409939], [-71.037993, 42.409921], [-71.037226, 42.40974], [-71.037211, 42.409736], [-71.037196, 42.409732], [-71.037182, 42.409727], [-71.037168, 42.409721], [-71.037069, 42.40968], [-71.037057, 42.409675], [-71.037044, 42.409672], [-71.037031, 42.409669], [-71.037017, 42.409667], [-71.037004, 42.409666], [-71.036883, 42.409663], [-71.036869, 42.409662], [-71.036854, 42.40966], [-71.03684, 42.409657], [-71.036827, 42.409653], [-71.036814, 42.409648], [-71.036605, 42.409555], [-71.036596, 42.409552], [-71.036586, 42.409549], [-71.036577, 42.409547], [-71.036566, 42.409545], [-71.036556, 42.409544], [-71.036546, 42.409544], [-71.036495, 42.409545], [-71.036483, 42.409545], [-71.036471, 42.409543], [-71.03646, 42.409541], [-71.036448, 42.409538], [-71.036438, 42.409534], [-71.036428, 42.409529], [-71.036332, 42.409477], [-71.03605, 42.409315], [-71.035913, 42.40924]]}}, {"type": "Feature", "properties": {"name": "Alpine Avenue", "separation_level": "none", "street_classification": "medium-capacity", "maxspeed_int": null}, "geometry": {"type": "LineString", "coordinates": [[-71.03807, 42.409939], [-71.038091, 42.40989], [-71.038312, 42.40939], [-71.038349, 42.409312], [-71.038474, 42.409147]]}}, {"type": "Feature", "properties": {"name": "Mount Washington Street", "separation_level": "none", "street_classification": "residential", "maxspeed_int": 20.0}, "geometry": {"type": "LineString", "coordinates": [[-71.039528, 42.410296], [-71.040188, 42.410458], [-71.040238, 42.410471]]}}, {"type": "Feature", "properties": {"name": "Jefferson Avenue", "separation_level": "none", "street_classification": "residential", "maxspeed_int": 20.0}, "geometry": {"type": "LineString", "coordinates": [[-71.0378, 42.412161], [-71.036477, 42.411244], [-71.036426, 42.411207], [-71.036376, 42.411169], [-71.036328, 42.41113], [-71.036282, 42.41109], [-71.035368, 42.410271]]}}, {"type": "Feature", "properties": {"name": "Jefferson Avenue", "separation_level": "none", "street_classification": "residential", "maxspeed_int": 20.0}, "geometry": {"type": "LineString", "coordinates": [[-71.0378, 42.412161], [-71.038083, 42.412349], [-71.038277, 42.412489], [-71.038335, 42.412531]]}}, {"type": "Feature", "properties": {"name": "Elsie Street", "separation_level": "none", "street_classification": "residential", "maxspeed_int": 20.0}, "geometry": {"type": "LineString", "coordinates": [[-71.039548, 42.411612], [-71.040426, 42.411489]]}}, {"type": "Feature", "properties": {"name": "Rosedale Avenue", "separation_level": "none", "street_classification": "residential", "maxspeed_int": 20.0}, "geometry": {"type": "LineString", "coordinates": [[-71.039548, 42.411612], [-71.039543, 42.411564], [-71.039541, 42.411552], [-71.039541, 42.411545], [-71.039541, 42.411539], [-71.039543, 42.411533], [-71.039544, 42.411526], [-71.039547, 42.41152], [-71.039551, 42.411514], [-71.040238, 42.410471]]}}, {"type": "Feature", "properties": {"name": "Spruce Street", "separation_level": "none", "street_classification": "residential", "maxspeed_int": 20.0}, "geometry": {"type": "LineString", "coordinates": [[-71.038969, 42.412036], [-71.038906, 42.412086], [-71.038881, 42.412106], [-71.038393, 42.412486], [-71.038335, 42.412531]]}}, {"type": "Feature", "properties": {"name": "Dartmouth Street", "separation_level": "none", "street_classification": "medium-capacity", "maxspeed_int": null}, "geometry": {"type": "LineString", "coordinates": [[-71.038969, 42.412036], [-71.039188, 42.412195], [-71.039255, 42.412244]]}}, {"type": "Feature", "properties": {"name": "Drive A", "separation_level": "none", "street_classification": "residential", "maxspeed_int": 20.0}, "geometry": {"type": "LineString", "coordinates": [[-71.043735, 42.416691], [-71.043498, 42.41653], [-71.043309, 42.416396], [-71.043251, 42.416343], [-71.043201, 42.416289], [-71.043158, 42.416243], [-71.043119, 42.416197], [-71.043069, 42.416117], [-71.043031, 42.41605], [-71.043011, 42.416013], [-71.042995, 42.415975], [-71.04298, 42.41593], [-71.042966, 42.415884], [-71.042954, 42.415826], [-71.042946, 42.415768], [-71.042942, 42.41572], [-71.042942, 42.415674], [-71.042947, 42.415611], [-71.04297, 42.415517], [-71.042995, 42.415431], [-71.043021, 42.415356], [-71.043057, 42.41529], [-71.043101, 42.415223], [-71.043155, 42.415151], [-71.043213, 42.415088], [-71.043341, 42.41498], [-71.043538, 42.414812]]}}, {"type": "Feature", "properties": {"name": "Russell Street", "separation_level": "none", "street_classification": "residential", "maxspeed_int": 20.0}, "geometry": {"type": "LineString", "coordinates": [[-71.043735, 42.416691], [-71.043597, 42.416805], [-71.043415, 42.416944], [-71.043285, 42.417049], [-71.043184, 42.417119], [-71.043094, 42.417158], [-71.043002, 42.417182], [-71.042895, 42.417186], [-71.042888, 42.417186], [-71.042796, 42.417165], [-71.042728, 42.417141], [-71.042707, 42.417128], [-71.042612, 42.417073], [-71.042507, 42.417008], [-71.042429, 42.416941], [-71.042343, 42.416865], [-71.042276, 42.416786], [-71.042183, 42.416688], [-71.0421, 42.416597], [-71.041975, 42.416487]]}}, {"type": "Feature", "properties": {"name": "Russell Street", "separation_level": "none", "street_classification": "residential", "maxspeed_int": 20.0}, "geometry": {"type": "LineString", "coordinates": [[-71.043735, 42.416691], [-71.043798, 42.416636], [-71.043835, 42.416568], [-71.04385, 42.416506], [-71.043841, 42.416436], [-71.043829, 42.416433], [-71.043806, 42.416354], [-71.043755, 42.416266], [-71.043711, 42.416176], [-71.043708, 42.416108], [-71.043719, 42.416037], [-71.043745, 42.415966], [-71.04379, 42.415897], [-71.043868, 42.415829], [-71.044063, 42.41569], [-71.044333, 42.415499], [-71.044411, 42.415439]]}}, {"type": "Feature", "properties": {"name": "Gledhill Avenue", "separation_level": "none", "street_classification": "medium-capacity", "maxspeed_int": null}, "geometry": {"type": "LineString", "coordinates": [[-71.043538, 42.414812], [-71.043791, 42.415004], [-71.044065, 42.415189], [-71.044411, 42.415439]]}}, {"type": "Feature", "properties": {"name": "Russell Street", "separation_level": "none", "street_classification": "residential", "maxspeed_int": 20.0}, "geometry": {"type": "LineString", "coordinates": [[-71.041975, 42.416487], [-71.04185, 42.416405], [-71.041704, 42.416328], [-71.041499, 42.416227], [-71.041413, 42.416185], [-71.041231, 42.416097]]}}, {"type": "Feature", "properties": {"name": "Russell Street", "separation_level": "none", "street_classification": "residential", "maxspeed_int": 20.0}, "geometry": {"type": "LineString", "coordinates": [[-71.044411, 42.415439], [-71.044489, 42.41538], [-71.044776, 42.41517], [-71.045058, 42.414963], [-71.045307, 42.414787], [-71.045488, 42.414676], [-71.045573, 42.414729]]}}, {"type": "Feature", "properties": {"name": "Gledhill Avenue", "separation_level": "none", "street_classification": "medium-capacity", "maxspeed_int": null}, "geometry": {"type": "LineString", "coordinates": [[-71.044411, 42.415439], [-71.044562, 42.415554], [-71.044721, 42.415672], [-71.045014, 42.41589]]}}, {"type": "Feature", "properties": {"name": "Drive B", "separation_level": "none", "street_classification": "residential", "maxspeed_int": 20.0}, "geometry": {"type": "LineString", "coordinates": [[-71.041231, 42.416097], [-71.041319, 42.415988], [-71.041415, 42.415858], [-71.041449, 42.415812], [-71.041491, 42.415732]]}}, {"type": "Feature", "properties": {"name": "Russell Street", "separation_level": "none", "street_classification": "residential", "maxspeed_int": 20.0}, "geometry": {"type": "LineString", "coordinates": [[-71.041231, 42.416097], [-71.041003, 42.415985], [-71.040729, 42.415853], [-71.040574, 42.415775], [-71.040495, 42.415724], [-71.040441, 42.415656], [-71.040413, 42.415595], [-71.040405, 42.415531], [-71.040413, 42.415459], [-71.040446, 42.415388], [-71.040539, 42.415294], [-71.040637, 42.415215]]}}, {"type": "Feature", "properties": {"name": null, "separation_level": "none", "street_classification": "dedicated_path", "maxspeed_int": null}, "geometry": {"type": "LineString", "coordinates": [[-71.045573, 42.414729], [-71.045488, 42.414676], [-71.045456, 42.414643], [-71.045332, 42.414551], [-71.045163, 42.414441]]}}, {"type": "Feature", "properties": {"name": "Coburn Terrace", "separation_level": "none", "street_classification": "residential", "maxspeed_int": 20.0}, "geometry": {"type": "LineString", "coordinates": [[-71.045573, 42.414729], [-71.045657, 42.414781], [-71.045849, 42.414896]]}}, {"type": "Feature", "properties": {"name": null, "separation_level": "none", "street_classification": "residential", "maxspeed_int": null}, "geometry": {"type": "LineString", "coordinates": [[-71.045573, 42.414729], [-71.045657, 42.414781], [-71.045702, 42.414737], [-71.045719, 42.414695], [-71.045802, 42.414596], [-71.045846, 42.414551], [-71.045878, 42.414512]]}}, {"type": "Feature", "properties": {"name": "Gledhill Avenue", "separation_level": "none", "street_classification": "medium-capacity", "maxspeed_int": null}, "geometry": {"type": "LineString", "coordinates": [[-71.045014, 42.41589], [-71.045375, 42.416159], [-71.045565, 42.416305], [-71.045625, 42.41635]]}}, {"type": "Feature", "properties": {"name": "Sycamore Street", "separation_level": "none", "street_classification": "residential", "maxspeed_int": 20.0}, "geometry": {"type": "LineString", "coordinates": [[-71.045014, 42.41589], [-71.045055, 42.415861], [-71.045183, 42.415768], [-71.045437, 42.415574], [-71.045775, 42.415313], [-71.046067, 42.415129], [-71.046079, 42.41512], [-71.046125, 42.415083], [-71.04619, 42.415031]]}}, {"type": "Feature", "properties": {"name": "Ashton Street", "separation_level": "none", "street_classification": "residential", "maxspeed_int": 20.0}, "geometry": {"type": "LineString", "coordinates": [[-71.052943, 42.420218], [-71.053034, 42.420152], [-71.053062, 42.420131], [-71.053166, 42.420054], [-71.053183, 42.420042], [-71.053306, 42.419951], [-71.053354, 42.419916], [-71.053372, 42.419904], [-71.05344, 42.419856], [-71.053569, 42.419766], [-71.053703, 42.419674], [-71.053733, 42.419652], [-71.053789, 42.41961], [-71.054287, 42.419848]]}}, {"type": "Feature", "properties": {"name": "Ferry Street", "separation_level": "none", "street_classification": "medium-capacity", "maxspeed_int": null}, "geometry": {"type": "LineString", "coordinates": [[-71.054287, 42.419848], [-71.053789, 42.41961], [-71.05358, 42.419492], [-71.053465, 42.419426], [-71.053305, 42.419336], [-71.053239, 42.419298], [-71.0532, 42.41928]]}}, {"type": "Feature", "properties": {"name": null, "separation_level": "none", "street_classification": "residential", "maxspeed_int": null}, "geometry": {"type": "LineString", "coordinates": [[-71.054287, 42.419848], [-71.053954, 42.419706], [-71.05391, 42.419745], [-71.053889, 42.419762], [-71.053757, 42.419856], [-71.05375, 42.419861]]}}, {"type": "Feature", "properties": {"name": "Bradford Terrace", "separation_level": "none", "street_classification": "residential", "maxspeed_int": 20.0}, "geometry": {"type": "LineString", "coordinates": [[-71.054287, 42.419848], [-71.053954, 42.419706], [-71.054009, 42.419661], [-71.054174, 42.419528], [-71.054191, 42.419514], [-71.054277, 42.419445], [-71.054404, 42.419342], [-71.054414, 42.419334]]}}, {"type": "Feature", "properties": {"name": null, "separation_level": "none", "street_classification": "residential", "maxspeed_int": null}, "geometry": {"type": "LineString", "coordinates": [[-71.054287, 42.419848], [-71.054116, 42.419796], [-71.054059, 42.419833], [-71.054041, 42.419845], [-71.053916, 42.419924], [-71.053877, 42.419941], [-71.053822, 42.419969]]}}, {"type": "Feature", "properties": {"name": "Rich Street", "separation_level": "none", "street_classification": "medium-capacity", "maxspeed_int": null}, "geometry": {"type": "LineString", "coordinates": [[-71.054287, 42.419848], [-71.054377, 42.419943], [-71.054307, 42.420003], [-71.054282, 42.420021], [-71.054053, 42.420187], [-71.054048, 42.420191]]}}, {"type": "Feature", "properties": {"name": "Bennett Street", "separation_level": "none", "street_classification": "residential", "maxspeed_int": 20.0}, "geometry": {"type": "LineString", "coordinates": [[-71.0532, 42.41928], [-71.053254, 42.419232], [-71.053278, 42.419214], [-71.053413, 42.419099], [-71.053436, 42.41908], [-71.053444, 42.419072], [-71.053538, 42.418997], [-71.053616, 42.418933], [-71.053749, 42.418824], [-71.053811, 42.418775]]}}, {"type": "Feature", "properties": {"name": "Ferry Street", "separation_level": "none", "street_classification": "medium-capacity", "maxspeed_int": null}, "geometry": {"type": "LineString", "coordinates": [[-71.0532, 42.41928], [-71.053137, 42.419251], [-71.053047, 42.419209], [-71.052924, 42.419151], [-71.052856, 42.419119]]}}, {"type": "Feature", "properties": {"name": "Bradford Terrace", "separation_level": "none", "street_classification": "residential", "maxspeed_int": 20.0}, "geometry": {"type": "LineString", "coordinates": [[-71.054414, 42.419334], [-71.054424, 42.419326], [-71.054525, 42.419244], [-71.054549, 42.419224], [-71.054643, 42.419148], [-71.054522, 42.419042], [-71.054532, 42.419034], [-71.054638, 42.418955], [-71.054643, 42.418952], [-71.054751, 42.418871], [-71.054772, 42.418856], [-71.054861, 42.418789], [-71.054876, 42.418778], [-71.054944, 42.418727], [-71.054968, 42.418709], [-71.055123, 42.418594], [-71.05513, 42.418589], [-71.055146, 42.418577], [-71.055202, 42.418535]]}}, {"type": "Feature", "properties": {"name": null, "separation_level": "none", "street_classification": "residential", "maxspeed_int": null}, "geometry": {"type": "LineString", "coordinates": [[-71.053822, 42.419969], [-71.053767, 42.419998], [-71.053976, 42.420149], [-71.054042, 42.420195], [-71.054048, 42.420191]]}}, {"type": "Feature", "properties": {"name": "Rich Street", "separation_level": "none", "street_classification": "medium-capacity", "maxspeed_int": null}, "geometry": {"type": "LineString", "coordinates": [[-71.054048, 42.420191], [-71.054042, 42.420195], [-71.053998, 42.420227], [-71.053901, 42.420297], [-71.053726, 42.420424], [-71.053636, 42.420489], [-71.053625, 42.420497], [-71.053526, 42.420569]]}}, {"type": "Feature", "properties": {"name": "Winding Way", "separation_level": "none", "street_classification": "residential", "maxspeed_int": null}, "geometry": {"type": "LineString", "coordinates": [[-71.032141, 42.420289], [-71.032127, 42.42025], [-71.031889, 42.420076], [-71.031757, 42.420169]]}}, {"type": "Feature", "properties": {"name": "Winding Way", "separation_level": "none", "street_classification": "residential", "maxspeed_int": null}, "geometry": {"type": "LineString", "coordinates": [[-71.032141, 42.420289], [-71.032217, 42.420317], [-71.032262, 42.420346], [-71.032306, 42.420402], [-71.032361, 42.420488], [-71.0317, 42.420959]]}}, {"type": "Feature", "properties": {"name": "Winding Way", "separation_level": "none", "street_classification": "residential", "maxspeed_int": null}, "geometry": {"type": "LineString", "coordinates": [[-71.031757, 42.420169], [-71.031889, 42.420076], [-71.031236, 42.4196], [-71.03117, 42.419553], [-71.031093, 42.419558], [-71.031064, 42.419584]]}}, {"type": "Feature", "properties": {"name": "Linden Avenue", "separation_level": "none", "street_classification": "residential", "maxspeed_int": null}, "geometry": {"type": "LineString", "coordinates": [[-71.031757, 42.420169], [-71.03163, 42.420264], [-71.031453, 42.420227], [-71.031331, 42.420197], [-71.031248, 42.420196], [-71.03115, 42.42022], [-71.031102, 42.42025], [-71.031032, 42.420304]]}}, {"type": "Feature", "properties": {"name": "Elm Avenue", "separation_level": "none", "street_classification": "residential", "maxspeed_int": null}, "geometry": {"type": "LineString", "coordinates": [[-71.031757, 42.420169], [-71.03163, 42.420264], [-71.031509, 42.420371], [-71.031001, 42.420784], [-71.030466, 42.421215]]}}, {"type": "Feature", "properties": {"name": "Winding Way", "separation_level": "none", "street_classification": "residential", "maxspeed_int": null}, "geometry": {"type": "LineString", "coordinates": [[-71.031757, 42.420169], [-71.031748, 42.42017], [-71.031885, 42.420268], [-71.031962, 42.420318], [-71.032024, 42.420339], [-71.032094, 42.420329], [-71.032141, 42.420289]]}}, {"type": "Feature", "properties": {"name": "Winding Way", "separation_level": "none", "street_classification": "residential", "maxspeed_int": null}, "geometry": {"type": "LineString", "coordinates": [[-71.0317, 42.420959], [-71.032361, 42.420488], [-71.032499, 42.420515], [-71.032624, 42.420554], [-71.032731, 42.420599], [-71.032801, 42.420646], [-71.032863, 42.420715], [-71.03291, 42.420805], [-71.032967, 42.42094], [-71.032353, 42.421421]]}}, {"type": "Feature", "properties": {"name": "Maple Avenue", "separation_level": "none", "street_classification": "dedicated_path", "maxspeed_int": null}, "geometry": {"type": "LineString", "coordinates": [[-71.0317, 42.420959], [-71.031038, 42.421428], [-71.031729, 42.421903], [-71.032353, 42.421421]]}}, {"type": "Feature", "properties": {"name": "Birch Avenue", "separation_level": "none", "street_classification": "dedicated_path", "maxspeed_int": null}, "geometry": {"type": "LineString", "coordinates": [[-71.0317, 42.420959], [-71.031213, 42.421361], [-71.031382, 42.421468], [-71.031533, 42.421567], [-71.031719, 42.421709], [-71.031866, 42.42181], [-71.032353, 42.421421]]}}, {"type": "Feature", "properties": {"name": "Everett Avenue", "separation_level": "none", "street_classification": "dedicated_path", "maxspeed_int": null}, "geometry": {"type": "LineString", "coordinates": [[-71.0317, 42.420959], [-71.031727, 42.420879], [-71.031864, 42.420976], [-71.032079, 42.421127], [-71.032216, 42.42123], [-71.032431, 42.421367], [-71.032353, 42.421421]]}}, {"type": "Feature", "properties": {"name": "Poplar Avenue", "separation_level": "none", "street_classification": "residential", "maxspeed_int": null}, "geometry": {"type": "LineString", "coordinates": [[-71.0317, 42.420959], [-71.031638, 42.421024], [-71.031819, 42.421144], [-71.03198, 42.42125], [-71.032167, 42.421384], [-71.032282, 42.42147], [-71.032353, 42.421421]]}}, {"type": "Feature", "properties": {"name": "Amaranth Avenue", "separation_level": "none", "street_classification": "dedicated_path", "maxspeed_int": null}, "geometry": {"type": "LineString", "coordinates": [[-71.0317, 42.420959], [-71.031867, 42.42076], [-71.031933, 42.420803], [-71.032059, 42.420897], [-71.032232, 42.421022], [-71.032454, 42.421172], [-71.032566, 42.421255], [-71.032353, 42.421421]]}}, {"type": "Feature", "properties": {"name": "Union Avenue", "separation_level": "none", "street_classification": "dedicated_path", "maxspeed_int": null}, "geometry": {"type": "LineString", "coordinates": [[-71.0317, 42.420959], [-71.032198, 42.420575], [-71.032258, 42.420615], [-71.032388, 42.420705], [-71.032534, 42.420806], [-71.032661, 42.420899], [-71.032714, 42.42094], [-71.032843, 42.421035], [-71.032353, 42.421421]]}}, {"type": "Feature", "properties": {"name": "Liberty Avenue", "separation_level": "none", "street_classification": "residential", "maxspeed_int": null}, "geometry": {"type": "LineString", "coordinates": [[-71.0317, 42.420959], [-71.032022, 42.420673], [-71.032068, 42.420706], [-71.032221, 42.420803], [-71.032313, 42.420871], [-71.032442, 42.420955], [-71.032483, 42.420984], [-71.03263, 42.421086], [-71.032705, 42.42114], [-71.032353, 42.421421]]}}, {"type": "Feature", "properties": {"name": "Laurel Avenue", "separation_level": "none", "street_classification": "dedicated_path", "maxspeed_int": null}, "geometry": {"type": "LineString", "coordinates": [[-71.0317, 42.420959], [-71.031547, 42.421135], [-71.031931, 42.421403], [-71.032071, 42.421503], [-71.032162, 42.421569], [-71.032353, 42.421421]]}}, {"type": "Feature", "properties": {"name": "Cedar Avenue", "separation_level": "none", "street_classification": "dedicated_path", "maxspeed_int": null}, "geometry": {"type": "LineString", "coordinates": [[-71.0317, 42.420959], [-71.031397, 42.421258], [-71.031517, 42.421347], [-71.031674, 42.421454], [-71.031817, 42.421552], [-71.031934, 42.421637], [-71.032017, 42.421689], [-71.032353, 42.421421]]}}, {"type": "Feature", "properties": {"name": "Maple Avenue", "separation_level": "none", "street_classification": "residential", "maxspeed_int": null}, "geometry": {"type": "LineString", "coordinates": [[-71.0317, 42.420959], [-71.031038, 42.421428], [-71.030466, 42.421215]]}}, {"type": "Feature", "properties": {"name": "Evergreen Mayflower Avenue", "separation_level": "none", "street_classification": "residential", "maxspeed_int": null}, "geometry": {"type": "LineString", "coordinates": [[-71.0317, 42.420959], [-71.031038, 42.421428], [-71.030876, 42.42155], [-71.03086, 42.421562], [-71.030745, 42.421664]]}}, {"type": "Feature", "properties": {"name": "Winding Way", "separation_level": "none", "street_classification": "residential", "maxspeed_int": null}, "geometry": {"type": "LineString", "coordinates": [[-71.031064, 42.419584], [-71.031036, 42.41961], [-71.031049, 42.419664], [-71.031748, 42.42017], [-71.031757, 42.420169]]}}, {"type": "Feature", "properties": {"name": "Mount Vernon Avenue", "separation_level": "none", "street_classification": "residential", "maxspeed_int": null}, "geometry": {"type": "LineString", "coordinates": [[-71.031032, 42.420304], [-71.030961, 42.420357], [-71.030733, 42.420384], [-71.03046, 42.420409]]}}, {"type": "Feature", "properties": {"name": "Mount Vernon Avenue", "separation_level": "none", "street_classification": "residential", "maxspeed_int": null}, "geometry": {"type": "LineString", "coordinates": [[-71.031032, 42.420304], [-71.031102, 42.42025], [-71.030785, 42.419997], [-71.030756, 42.419992], [-71.030715, 42.41999], [-71.030678, 42.42], [-71.030651, 42.420022], [-71.030634, 42.420053], [-71.03046, 42.420409]]}}, {"type": "Feature", "properties": {"name": "Linden Avenue", "separation_level": "none", "street_classification": "residential", "maxspeed_int": null}, "geometry": {"type": "LineString", "coordinates": [[-71.031032, 42.420304], [-71.030961, 42.420357], [-71.030869, 42.420461], [-71.030584, 42.420684], [-71.030096, 42.421076], [-71.030012, 42.421058]]}}, {"type": "Feature", "properties": {"name": "Maple Avenue", "separation_level": "none", "street_classification": "residential", "maxspeed_int": null}, "geometry": {"type": "LineString", "coordinates": [[-71.030466, 42.421215], [-71.030096, 42.421076], [-71.030012, 42.421058]]}}, {"type": "Feature", "properties": {"name": "Elm Avenue", "separation_level": "none", "street_classification": "residential", "maxspeed_int": null}, "geometry": {"type": "LineString", "coordinates": [[-71.030466, 42.421215], [-71.030355, 42.421346], [-71.030194, 42.421584], [-71.030136, 42.421691]]}}, {"type": "Feature", "properties": {"name": "Poplar Avenue", "separation_level": "none", "street_classification": "residential", "maxspeed_int": null}, "geometry": {"type": "LineString", "coordinates": [[-71.032353, 42.421421], [-71.032282, 42.42147], [-71.032946, 42.421969]]}}, {"type": "Feature", "properties": {"name": "Mount Vernon Avenue", "separation_level": "none", "street_classification": "residential", "maxspeed_int": null}, "geometry": {"type": "LineString", "coordinates": [[-71.032353, 42.421421], [-71.031729, 42.421903], [-71.031551, 42.422043], [-71.031454, 42.422115]]}}, {"type": "Feature", "properties": {"name": null, "separation_level": "none", "street_classification": "residential", "maxspeed_int": null}, "geometry": {"type": "LineString", "coordinates": [[-71.032353, 42.421421], [-71.031866, 42.42181], [-71.032013, 42.4219], [-71.032145, 42.421973], [-71.032248, 42.422004], [-71.032363, 42.422051], [-71.032416, 42.422064], [-71.032501, 42.422113]]}}, {"type": "Feature", "properties": {"name": "Hyacinth Avenue", "separation_level": "none", "street_classification": "residential", "maxspeed_int": null}, "geometry": {"type": "LineString", "coordinates": [[-71.032353, 42.421421], [-71.032705, 42.42114], [-71.033317, 42.421582], [-71.033392, 42.421541]]}}, {"type": "Feature", "properties": {"name": "Winding Way", "separation_level": "none", "street_classification": "residential", "maxspeed_int": null}, "geometry": {"type": "LineString", "coordinates": [[-71.032353, 42.421421], [-71.032967, 42.42094], [-71.033166, 42.421043], [-71.033413, 42.421172], [-71.033571, 42.42126], [-71.033628, 42.421338], [-71.033632, 42.42139], [-71.033612, 42.421442], [-71.033581, 42.421465], [-71.033551, 42.421479], [-71.033466, 42.421499], [-71.033392, 42.421541]]}}, {"type": "Feature", "properties": {"name": "Sycamore Avenue", "separation_level": "none", "street_classification": "dedicated_path", "maxspeed_int": null}, "geometry": {"type": "LineString", "coordinates": [[-71.032353, 42.421421], [-71.032843, 42.421035], [-71.032933, 42.4211], [-71.033044, 42.421177], [-71.033145, 42.421248], [-71.033281, 42.421347], [-71.033401, 42.421436], [-71.033466, 42.421499], [-71.033392, 42.421541]]}}, {"type": "Feature", "properties": {"name": "Monument Avenue", "separation_level": "none", "street_classification": "residential", "maxspeed_int": null}, "geometry": {"type": "LineString", "coordinates": [[-71.030745, 42.421664], [-71.030636, 42.421772], [-71.030769, 42.421819], [-71.030894, 42.421864], [-71.031036, 42.421958], [-71.031355, 42.422191], [-71.031454, 42.422115]]}}, {"type": "Feature", "properties": {"name": "Larch Avenue", "separation_level": "none", "street_classification": "dedicated_path", "maxspeed_int": null}, "geometry": {"type": "LineString", "coordinates": [[-71.030745, 42.421664], [-71.030744, 42.421649], [-71.030899, 42.421679], [-71.030945, 42.421701], [-71.031011, 42.421733], [-71.031095, 42.421791], [-71.031277, 42.421913], [-71.031408, 42.422006], [-71.031502, 42.422078], [-71.031454, 42.422115]]}}, {"type": "Feature", "properties": {"name": "Alpine Avenue", "separation_level": "none", "street_classification": "dedicated_path", "maxspeed_int": null}, "geometry": {"type": "LineString", "coordinates": [[-71.030745, 42.421664], [-71.03086, 42.421562], [-71.03094, 42.421609], [-71.031049, 42.421682], [-71.031208, 42.421781], [-71.031329, 42.421874], [-71.03143, 42.421944], [-71.031516, 42.422014], [-71.031551, 42.422043], [-71.031454, 42.422115]]}}, {"type": "Feature", "properties": {"name": "Monument Avenue", "separation_level": "none", "street_classification": "residential", "maxspeed_int": null}, "geometry": {"type": "LineString", "coordinates": [[-71.030745, 42.421664], [-71.030636, 42.421772], [-71.030354, 42.421735], [-71.030136, 42.421691]]}}, {"type": "Feature", "properties": {"name": "Evergreen Mayflower Avenue", "separation_level": "none", "street_classification": "residential", "maxspeed_int": null}, "geometry": {"type": "LineString", "coordinates": [[-71.030745, 42.421664], [-71.030636, 42.421772], [-71.030617, 42.421866], [-71.030566, 42.421929], [-71.030538, 42.421954]]}}, {"type": "Feature", "properties": {"name": "Edith Street", "separation_level": "none", "street_classification": "residential", "maxspeed_int": 20.0}, "geometry": {"type": "LineString", "coordinates": [[-71.050606, 42.420781], [-71.05041, 42.420617], [-71.050369, 42.420583]]}}, {"type": "Feature", "properties": {"name": "Edith Street", "separation_level": "none", "street_classification": "residential", "maxspeed_int": 20.0}, "geometry": {"type": "LineString", "coordinates": [[-71.050606, 42.420781], [-71.050671, 42.420833], [-71.050911, 42.421037], [-71.05101, 42.421116], [-71.051243, 42.421304], [-71.051291, 42.421346], [-71.051264, 42.421383]]}}, {"type": "Feature", "properties": {"name": "Edith Street", "separation_level": "none", "street_classification": "residential", "maxspeed_int": 20.0}, "geometry": {"type": "LineString", "coordinates": [[-71.050369, 42.420583], [-71.050328, 42.420548], [-71.050164, 42.420416], [-71.050148, 42.420403]]}}, {"type": "Feature", "properties": {"name": "Albion Street", "separation_level": "none", "street_classification": "residential", "maxspeed_int": 20.0}, "geometry": {"type": "LineString", "coordinates": [[-71.050369, 42.420583], [-71.050328, 42.420548], [-71.050273, 42.420587], [-71.050249, 42.420604], [-71.049048, 42.421472], [-71.049021, 42.421495], [-71.048965, 42.421537]]}}, {"type": "Feature", "properties": {"name": "Ashton Street", "separation_level": "none", "street_classification": "residential", "maxspeed_int": 20.0}, "geometry": {"type": "LineString", "coordinates": [[-71.051264, 42.421383], [-71.05133, 42.421379], [-71.051418, 42.421323], [-71.05155, 42.421227], [-71.051565, 42.421217], [-71.051712, 42.42111], [-71.051831, 42.421025], [-71.051866, 42.420999], [-71.051923, 42.420958], [-71.052012, 42.420894], [-71.052052, 42.420865]]}}, {"type": "Feature", "properties": {"name": "Edith Street", "separation_level": "none", "street_classification": "residential", "maxspeed_int": 20.0}, "geometry": {"type": "LineString", "coordinates": [[-71.051264, 42.421383], [-71.05133, 42.421379], [-71.051391, 42.421429], [-71.051536, 42.421554], [-71.051614, 42.421621], [-71.051752, 42.421741], [-71.051783, 42.421768], [-71.051829, 42.42181]]}}, {"type": "Feature", "properties": {"name": "Carlson Street", "separation_level": "none", "street_classification": "residential", "maxspeed_int": 20.0}, "geometry": {"type": "LineString", "coordinates": [[-71.050148, 42.420403], [-71.050228, 42.420346], [-71.050349, 42.420258], [-71.050421, 42.420205], [-71.050533, 42.420121], [-71.050577, 42.420088], [-71.050668, 42.420021], [-71.050735, 42.419971], [-71.050763, 42.41995], [-71.050777, 42.41994], [-71.050798, 42.419924], [-71.050932, 42.419825], [-71.051008, 42.419769], [-71.051032, 42.419751], [-71.051036, 42.419749], [-71.051143, 42.41967], [-71.051206, 42.419624], [-71.051238, 42.419601], [-71.051337, 42.419528], [-71.051387, 42.419492], [-71.051436, 42.419456], [-71.051515, 42.419398], [-71.051539, 42.419381], [-71.051556, 42.419368], [-71.051623, 42.419319], [-71.05165, 42.4193], [-71.051728, 42.419243], [-71.051743, 42.419232], [-71.051749, 42.419228], [-71.051758, 42.419221], [-71.051833, 42.419166], [-71.051885, 42.419128], [-71.051935, 42.419093], [-71.051989, 42.419053], [-71.052039, 42.419016], [-71.052202, 42.418898], [-71.052259, 42.418843]]}}, {"type": "Feature", "properties": {"name": "Edith Street", "separation_level": "none", "street_classification": "residential", "maxspeed_int": 20.0}, "geometry": {"type": "LineString", "coordinates": [[-71.050148, 42.420403], [-71.049877, 42.420168], [-71.049832, 42.420129], [-71.049808, 42.420108]]}}, {"type": "Feature", "properties": {"name": "Albion Street", "separation_level": "none", "street_classification": "residential", "maxspeed_int": 20.0}, "geometry": {"type": "LineString", "coordinates": [[-71.048965, 42.421537], [-71.048915, 42.421574], [-71.048893, 42.421591], [-71.047741, 42.42242], [-71.04771, 42.422448], [-71.047651, 42.422493]]}}, {"type": "Feature", "properties": {"name": "Bryant Street", "separation_level": "none", "street_classification": "medium-capacity", "maxspeed_int": null}, "geometry": {"type": "LineString", "coordinates": [[-71.048965, 42.421537], [-71.04866, 42.421323], [-71.048408, 42.421134]]}}, {"type": "Feature", "properties": {"name": "Bryant Street", "separation_level": "none", "street_classification": "medium-capacity", "maxspeed_int": null}, "geometry": {"type": "LineString", "coordinates": [[-71.048965, 42.421537], [-71.049484, 42.421909], [-71.049522, 42.421935]]}}, {"type": "Feature", "properties": {"name": "Ashton Street", "separation_level": "none", "street_classification": "residential", "maxspeed_int": 20.0}, "geometry": {"type": "LineString", "coordinates": [[-71.052052, 42.420865], [-71.052102, 42.420828], [-71.052225, 42.42074], [-71.052241, 42.420728], [-71.052343, 42.420654], [-71.052374, 42.420632], [-71.052477, 42.420558], [-71.052501, 42.42054]]}}, {"type": "Feature", "properties": {"name": "Rich Street", "separation_level": "none", "street_classification": "medium-capacity", "maxspeed_int": null}, "geometry": {"type": "LineString", "coordinates": [[-71.051829, 42.42181], [-71.051927, 42.421739], [-71.051986, 42.421696], [-71.052101, 42.421612], [-71.052213, 42.42153], [-71.052263, 42.421494], [-71.052367, 42.421417], [-71.052421, 42.421377], [-71.052451, 42.421356], [-71.052525, 42.421301], [-71.05254, 42.421291], [-71.052631, 42.421224], [-71.05274, 42.421144], [-71.052759, 42.42113]]}}, {"type": "Feature", "properties": {"name": "Rich Street", "separation_level": "none", "street_classification": "medium-capacity", "maxspeed_int": null}, "geometry": {"type": "LineString", "coordinates": [[-71.051829, 42.42181], [-71.051809, 42.421824], [-71.051719, 42.42189], [-71.051522, 42.422033], [-71.051414, 42.422111], [-71.051332, 42.422171], [-71.051295, 42.422198]]}}, {"type": "Feature", "properties": {"name": "Highland Avenue", "separation_level": "none", "street_classification": "residential", "maxspeed_int": 20.0}, "geometry": {"type": "LineString", "coordinates": [[-71.057441, 42.415321], [-71.057867, 42.414981]]}}, {"type": "Feature", "properties": {"name": "Hancock Street", "separation_level": "none", "street_classification": "medium-capacity", "maxspeed_int": null}, "geometry": {"type": "LineString", "coordinates": [[-71.057867, 42.414981], [-71.057667, 42.414843]]}}, {"type": "Feature", "properties": {"name": "Hancock Street", "separation_level": "none", "street_classification": "medium-capacity", "maxspeed_int": null}, "geometry": {"type": "LineString", "coordinates": [[-71.057867, 42.414981], [-71.058491, 42.415418]]}}, {"type": "Feature", "properties": {"name": "Harley Avenue", "separation_level": "none", "street_classification": "residential", "maxspeed_int": 20.0}, "geometry": {"type": "LineString", "coordinates": [[-71.057667, 42.414843], [-71.058127, 42.414513]]}}, {"type": "Feature", "properties": {"name": "Hancock Street", "separation_level": "none", "street_classification": "medium-capacity", "maxspeed_int": null}, "geometry": {"type": "LineString", "coordinates": [[-71.057667, 42.414843], [-71.057251, 42.414546]]}}, {"type": "Feature", "properties": {"name": "Hancock Street", "separation_level": "none", "street_classification": "medium-capacity", "maxspeed_int": null}, "geometry": {"type": "LineString", "coordinates": [[-71.058491, 42.415418], [-71.058776, 42.415617]]}}, {"type": "Feature", "properties": {"name": "Hillside Avenue", "separation_level": "none", "street_classification": "residential", "maxspeed_int": 20.0}, "geometry": {"type": "LineString", "coordinates": [[-71.048202, 42.412601], [-71.047973, 42.412769], [-71.04759, 42.413078]]}}, {"type": "Feature", "properties": {"name": "Reed Avenue", "separation_level": "none", "street_classification": "residential", "maxspeed_int": 20.0}, "geometry": {"type": "LineString", "coordinates": [[-71.048202, 42.412601], [-71.048304, 42.412677], [-71.048397, 42.412754], [-71.048558, 42.412886], [-71.048851, 42.413105], [-71.049436, 42.413514], [-71.04949, 42.413564], [-71.049509, 42.413582], [-71.049558, 42.413647]]}}, {"type": "Feature", "properties": {"name": "Reed Avenue", "separation_level": "none", "street_classification": "residential", "maxspeed_int": 20.0}, "geometry": {"type": "LineString", "coordinates": [[-71.048202, 42.412601], [-71.04813, 42.412536], [-71.047565, 42.412097]]}}, {"type": "Feature", "properties": {"name": "Hillside Avenue", "separation_level": "none", "street_classification": "residential", "maxspeed_int": 20.0}, "geometry": {"type": "LineString", "coordinates": [[-71.048202, 42.412601], [-71.0483, 42.412538], [-71.048828, 42.412132], [-71.048898, 42.412073]]}}, {"type": "Feature", "properties": {"name": "Hillside Avenue", "separation_level": "none", "street_classification": "residential", "maxspeed_int": 20.0}, "geometry": {"type": "LineString", "coordinates": [[-71.04759, 42.413078], [-71.047402, 42.413229], [-71.04734, 42.413279], [-71.047185, 42.413402], [-71.047156, 42.413425], [-71.047081, 42.413485], [-71.04696, 42.413562], [-71.046915, 42.413591], [-71.046875, 42.413625], [-71.046783, 42.413702], [-71.046745, 42.413734], [-71.046706, 42.413767], [-71.046648, 42.413816], [-71.046553, 42.41379]]}}, {"type": "Feature", "properties": {"name": "Oakland Avenue", "separation_level": "none", "street_classification": "residential", "maxspeed_int": 20.0}, "geometry": {"type": "LineString", "coordinates": [[-71.04759, 42.413078], [-71.047659, 42.413126], [-71.047824, 42.413257], [-71.047899, 42.413315], [-71.048042, 42.413421], [-71.048171, 42.413517], [-71.048353, 42.413652], [-71.04838, 42.413672], [-71.04847, 42.413739], [-71.048574, 42.413813], [-71.048946, 42.41408], [-71.048975, 42.414099], [-71.049025, 42.414123], [-71.049063, 42.41414]]}}, {"type": "Feature", "properties": {"name": "Broadway", "separation_level": "lane", "street_classification": "medium-capacity", "maxspeed_int": null}, "geometry": {"type": "LineString", "coordinates": [[-71.049558, 42.413647], [-71.049509, 42.413582], [-71.049528, 42.41356], [-71.049597, 42.413483], [-71.049718, 42.413347]]}}, {"type": "Feature", "properties": {"name": "Broadway", "separation_level": "lane", "street_classification": "medium-capacity", "maxspeed_int": null}, "geometry": {"type": "LineString", "coordinates": [[-71.049558, 42.413647], [-71.049467, 42.413634], [-71.049328, 42.413806]]}}, {"type": "Feature", "properties": {"name": null, "separation_level": "none", "street_classification": "residential", "maxspeed_int": null}, "geometry": {"type": "LineString", "coordinates": [[-71.049558, 42.413647], [-71.049657, 42.413704], [-71.049628, 42.413752], [-71.049642, 42.413773], [-71.049782, 42.413854], [-71.04982, 42.413875], [-71.049682, 42.41399], [-71.049639, 42.414026]]}}, {"type": "Feature", "properties": {"name": "Reed Avenue", "separation_level": "none", "street_classification": "residential", "maxspeed_int": 20.0}, "geometry": {"type": "LineString", "coordinates": [[-71.047565, 42.412097], [-71.047087, 42.411761]]}}, {"type": "Feature", "properties": {"name": "Franklin Street", "separation_level": "none", "street_classification": "residential", "maxspeed_int": 20.0}, "geometry": {"type": "LineString", "coordinates": [[-71.047565, 42.412097], [-71.047302, 42.412312], [-71.047051, 42.412506], [-71.046813, 42.412681], [-71.046664, 42.41281], [-71.046444, 42.412964], [-71.046293, 42.413077], [-71.046179, 42.413158], [-71.046103, 42.413211]]}}, {"type": "Feature", "properties": {"name": "Chestnut Street", "separation_level": "none", "street_classification": "residential", "maxspeed_int": 20.0}, "geometry": {"type": "LineString", "coordinates": [[-71.048898, 42.412073], [-71.049427, 42.412442]]}}, {"type": "Feature", "properties": {"name": "Chestnut Street", "separation_level": "none", "street_classification": "residential", "maxspeed_int": 20.0}, "geometry": {"type": "LineString", "coordinates": [[-71.048898, 42.412073], [-71.048739, 42.411956], [-71.048471, 42.411749], [-71.048463, 42.411744]]}}, {"type": "Feature", "properties": {"name": "Ferry Street", "separation_level": "track", "street_classification": "medium-capacity", "maxspeed_int": null}, "geometry": {"type": "LineString", "coordinates": [[-71.046553, 42.41379], [-71.046648, 42.413816], [-71.046674, 42.413835], [-71.046814, 42.413939], [-71.046921, 42.414017], [-71.046918, 42.414063]]}}, {"type": "Feature", "properties": {"name": null, "separation_level": "separate", "street_classification": "dedicated_path", "maxspeed_int": null}, "geometry": {"type": "LineString", "coordinates": [[-71.046553, 42.41379], [-71.0466, 42.41387], [-71.046858, 42.414064], [-71.046918, 42.414063]]}}, {"type": "Feature", "properties": {"name": null, "separation_level": "none", "street_classification": "residential", "maxspeed_int": null}, "geometry": {"type": "LineString", "coordinates": [[-71.046553, 42.41379], [-71.0466, 42.41387], [-71.046584, 42.413888], [-71.04657, 42.413904], [-71.046312, 42.414116], [-71.046342, 42.414137], [-71.046388, 42.41417], [-71.04651, 42.41422]]}}, {"type": "Feature", "properties": {"name": "Ferry Street", "separation_level": "track", "street_classification": "medium-capacity", "maxspeed_int": null}, "geometry": {"type": "LineString", "coordinates": [[-71.046553, 42.41379], [-71.046519, 42.413712], [-71.046486, 42.413683], [-71.046389, 42.413612], [-71.046353, 42.413574], [-71.046319, 42.413591]]}}, {"type": "Feature", "properties": {"name": null, "separation_level": "separate", "street_classification": "dedicated_path", "maxspeed_int": null}, "geometry": {"type": "LineString", "coordinates": [[-71.046553, 42.41379], [-71.046452, 42.413764], [-71.046416, 42.413737], [-71.046285, 42.413608], [-71.046319, 42.413591]]}}, {"type": "Feature", "properties": {"name": "Broadway", "separation_level": "lane", "street_classification": "medium-capacity", "maxspeed_int": null}, "geometry": {"type": "LineString", "coordinates": [[-71.049063, 42.41414], [-71.049292, 42.413851], [-71.049328, 42.413806]]}}, {"type": "Feature", "properties": {"name": "Broadway", "separation_level": "lane", "street_classification": "medium-capacity", "maxspeed_int": null}, "geometry": {"type": "LineString", "coordinates": [[-71.049063, 42.41414], [-71.048972, 42.41425], [-71.04892, 42.414308], [-71.048848, 42.414395]]}}, {"type": "Feature", "properties": {"name": "Raymond Street", "separation_level": "none", "street_classification": "residential", "maxspeed_int": 20.0}, "geometry": {"type": "LineString", "coordinates": [[-71.049718, 42.413347], [-71.049753, 42.413371], [-71.0498, 42.413404], [-71.049894, 42.413469], [-71.04992, 42.413487]]}}, {"type": "Feature", "properties": {"name": "Broadway", "separation_level": "lane", "street_classification": "medium-capacity", "maxspeed_int": null}, "geometry": {"type": "LineString", "coordinates": [[-71.049718, 42.413347], [-71.04974, 42.413322], [-71.049999, 42.413013], [-71.050064, 42.412939]]}}, {"type": "Feature", "properties": {"name": "Waverly Avenue", "separation_level": "none", "street_classification": "residential", "maxspeed_int": 20.0}, "geometry": {"type": "LineString", "coordinates": [[-71.049328, 42.413806], [-71.049368, 42.413833], [-71.04941, 42.413862], [-71.049422, 42.41387], [-71.049639, 42.414026]]}}, {"type": "Feature", "properties": {"name": "Waverly Avenue", "separation_level": "none", "street_classification": "residential", "maxspeed_int": 20.0}, "geometry": {"type": "LineString", "coordinates": [[-71.049639, 42.414026], [-71.050975, 42.414985]]}}, {"type": "Feature", "properties": {"name": "Reed Avenue", "separation_level": "none", "street_classification": "residential", "maxspeed_int": 20.0}, "geometry": {"type": "LineString", "coordinates": [[-71.047087, 42.411761], [-71.047067, 42.411747], [-71.046656, 42.411465], [-71.046327, 42.411224], [-71.046022, 42.411014], [-71.045768, 42.410833], [-71.045749, 42.410825], [-71.045728, 42.410817], [-71.045707, 42.410812], [-71.04569, 42.410809], [-71.045651, 42.410805]]}}, {"type": "Feature", "properties": {"name": "Ferry Street", "separation_level": "track", "street_classification": "medium-capacity", "maxspeed_int": null}, "geometry": {"type": "LineString", "coordinates": [[-71.046103, 42.413211], [-71.046228, 42.413425], [-71.046307, 42.413524], [-71.046353, 42.413574], [-71.046319, 42.413591]]}}, {"type": "Feature", "properties": {"name": "Ferry Street", "separation_level": "track", "street_classification": "medium-capacity", "maxspeed_int": null}, "geometry": {"type": "LineString", "coordinates": [[-71.046103, 42.413211], [-71.046073, 42.413162], [-71.045934, 42.412933], [-71.045812, 42.412718], [-71.04574, 42.412594], [-71.04569, 42.412478], [-71.045673, 42.412395]]}}, {"type": "Feature", "properties": {"name": "Hall Avenue", "separation_level": "none", "street_classification": "residential", "maxspeed_int": 20.0}, "geometry": {"type": "LineString", "coordinates": [[-71.049427, 42.412442], [-71.04947, 42.412399], [-71.050324, 42.411734], [-71.050353, 42.411712], [-71.050412, 42.411661]]}}, {"type": "Feature", "properties": {"name": "Chestnut Street", "separation_level": "none", "street_classification": "residential", "maxspeed_int": 20.0}, "geometry": {"type": "LineString", "coordinates": [[-71.049427, 42.412442], [-71.049969, 42.412866], [-71.049989, 42.412879], [-71.049994, 42.412884], [-71.050041, 42.412921], [-71.050064, 42.412939]]}}, {"type": "Feature", "properties": {"name": "Chestnut Street", "separation_level": "none", "street_classification": "residential", "maxspeed_int": 20.0}, "geometry": {"type": "LineString", "coordinates": [[-71.048463, 42.411744], [-71.048086, 42.411496], [-71.047861, 42.411365]]}}, {"type": "Feature", "properties": {"name": "Fremont Avenue", "separation_level": "none", "street_classification": "residential", "maxspeed_int": 20.0}, "geometry": {"type": "LineString", "coordinates": [[-71.037776, 42.408416], [-71.036723, 42.408006]]}}, {"type": "Feature", "properties": {"name": "Lincoln Street", "separation_level": "none", "street_classification": "residential", "maxspeed_int": 20.0}, "geometry": {"type": "LineString", "coordinates": [[-71.037776, 42.408416], [-71.037802, 42.408373], [-71.037815, 42.408353], [-71.038106, 42.407885], [-71.038213, 42.407714], [-71.038227, 42.407691], [-71.038268, 42.407626]]}}, {"type": "Feature", "properties": {"name": "Fremont Avenue", "separation_level": "none", "street_classification": "residential", "maxspeed_int": 20.0}, "geometry": {"type": "LineString", "coordinates": [[-71.037776, 42.408416], [-71.038027, 42.408511], [-71.038034, 42.408513], [-71.038041, 42.408515], [-71.038048, 42.408517], [-71.038298, 42.408578], [-71.038746, 42.408686], [-71.038784, 42.408695], [-71.038842, 42.408709]]}}, {"type": "Feature", "properties": {"name": "Somerset Street", "separation_level": "none", "street_classification": "residential", "maxspeed_int": 20.0}, "geometry": {"type": "LineString", "coordinates": [[-71.036723, 42.408006], [-71.036335, 42.408611]]}}, {"type": "Feature", "properties": {"name": "Harvard Street", "separation_level": "none", "street_classification": "residential", "maxspeed_int": 20.0}, "geometry": {"type": "LineString", "coordinates": [[-71.038268, 42.407626], [-71.03851, 42.407687], [-71.038638, 42.40772], [-71.038656, 42.407725], [-71.038673, 42.40773], [-71.038691, 42.407736], [-71.038708, 42.407742], [-71.039329, 42.407976], [-71.039358, 42.407987], [-71.03944, 42.408018]]}}, {"type": "Feature", "properties": {"name": "Harvard Street", "separation_level": "none", "street_classification": "residential", "maxspeed_int": 20.0}, "geometry": {"type": "LineString", "coordinates": [[-71.038268, 42.407626], [-71.038095, 42.407582], [-71.037893, 42.407531], [-71.037702, 42.407481]]}}, {"type": "Feature", "properties": {"name": "Lawrence Street", "separation_level": "none", "street_classification": "medium-capacity", "maxspeed_int": null}, "geometry": {"type": "LineString", "coordinates": [[-71.038842, 42.408709], [-71.038601, 42.408991], [-71.038474, 42.409147]]}}, {"type": "Feature", "properties": {"name": "Fremont Avenue", "separation_level": "none", "street_classification": "residential", "maxspeed_int": 20.0}, "geometry": {"type": "LineString", "coordinates": [[-71.038842, 42.408709], [-71.038904, 42.408725], [-71.038944, 42.408736], [-71.039971, 42.408983], [-71.040453, 42.4091], [-71.041181, 42.409275]]}}, {"type": "Feature", "properties": {"name": "Lawrence Street", "separation_level": "none", "street_classification": "medium-capacity", "maxspeed_int": null}, "geometry": {"type": "LineString", "coordinates": [[-71.038842, 42.408709], [-71.038978, 42.408549], [-71.03944, 42.408018]]}}, {"type": "Feature", "properties": {"name": "Somerset Street", "separation_level": "none", "street_classification": "residential", "maxspeed_int": 20.0}, "geometry": {"type": "LineString", "coordinates": [[-71.036335, 42.408611], [-71.035941, 42.409197], [-71.035913, 42.40924]]}}, {"type": "Feature", "properties": {"name": "Garland Street", "separation_level": "none", "street_classification": "residential", "maxspeed_int": 20.0}, "geometry": {"type": "LineString", "coordinates": [[-71.036335, 42.408611], [-71.036968, 42.40888], [-71.037168, 42.408965], [-71.037513, 42.409112], [-71.037522, 42.409116], [-71.037532, 42.409119], [-71.037542, 42.409122], [-71.03821, 42.40928], [-71.038349, 42.409312], [-71.038474, 42.409147]]}}, {"type": "Feature", "properties": {"name": "Lawrence Street", "separation_level": "none", "street_classification": "medium-capacity", "maxspeed_int": null}, "geometry": {"type": "LineString", "coordinates": [[-71.03944, 42.408018], [-71.039731, 42.407669], [-71.039789, 42.407596], [-71.039799, 42.407585], [-71.039862, 42.407498], [-71.039916, 42.407421], [-71.040005, 42.407288], [-71.040011, 42.407279], [-71.040016, 42.407268], [-71.040019, 42.407258], [-71.04002, 42.407247], [-71.040026, 42.407185]]}}, {"type": "Feature", "properties": {"name": "Harvard Street", "separation_level": "none", "street_classification": "residential", "maxspeed_int": 20.0}, "geometry": {"type": "LineString", "coordinates": [[-71.03944, 42.408018], [-71.03955, 42.408058], [-71.039579, 42.408069], [-71.04142, 42.408757], [-71.041717, 42.408869], [-71.041736, 42.408876], [-71.041756, 42.408882], [-71.041775, 42.408888], [-71.041796, 42.408893], [-71.042039, 42.408953]]}}, {"type": "Feature", "properties": {"name": "Harvard Street", "separation_level": "none", "street_classification": "residential", "maxspeed_int": 20.0}, "geometry": {"type": "LineString", "coordinates": [[-71.037702, 42.407481], [-71.037405, 42.407404], [-71.037347, 42.40739]]}}, {"type": "Feature", "properties": {"name": null, "separation_level": "none", "street_classification": "residential", "maxspeed_int": null}, "geometry": {"type": "LineString", "coordinates": [[-71.037702, 42.407481], [-71.037722, 42.407444], [-71.037866, 42.407193], [-71.03787, 42.407185], [-71.037871, 42.407176], [-71.03787, 42.407167], [-71.037867, 42.407159], [-71.037861, 42.407151], [-71.037854, 42.407144], [-71.037845, 42.407139], [-71.037835, 42.407134], [-71.037815, 42.407128], [-71.037605, 42.407061], [-71.037593, 42.407058], [-71.037581, 42.407057], [-71.037569, 42.407058], [-71.037558, 42.40706], [-71.037547, 42.407064], [-71.037538, 42.40707], [-71.03753, 42.407076], [-71.037525, 42.407084], [-71.037368, 42.407353], [-71.037347, 42.40739]]}}, {"type": "Feature", "properties": {"name": "Garland Street", "separation_level": "none", "street_classification": "medium-capacity", "maxspeed_int": null}, "geometry": {"type": "LineString", "coordinates": [[-71.038474, 42.409147], [-71.038349, 42.409312], [-71.038503, 42.40935], [-71.039129, 42.409504], [-71.039665, 42.409635], [-71.040049, 42.409729]]}}, {"type": "Feature", "properties": {"name": "Belle View Avenue", "separation_level": "none", "street_classification": "residential", "maxspeed_int": 20.0}, "geometry": {"type": "LineString", "coordinates": [[-71.041181, 42.409275], [-71.041129, 42.409328], [-71.040636, 42.409826], [-71.040598, 42.409864]]}}, {"type": "Feature", "properties": {"name": "Fremont Avenue", "separation_level": "none", "street_classification": "residential", "maxspeed_int": 20.0}, "geometry": {"type": "LineString", "coordinates": [[-71.041181, 42.409275], [-71.041211, 42.409284], [-71.041241, 42.409293], [-71.041462, 42.409367], [-71.042051, 42.409583], [-71.043156, 42.409988], [-71.043183, 42.409998], [-71.043313, 42.410045]]}}, {"type": "Feature", "properties": {"name": "Third Street", "separation_level": "none", "street_classification": "residential", "maxspeed_int": null}, "geometry": {"type": "LineString", "coordinates": [[-71.047024, 42.399842], [-71.046749, 42.399579], [-71.046713, 42.399544]]}}, {"type": "Feature", "properties": {"name": "Boston Street", "separation_level": "none", "street_classification": "medium-capacity", "maxspeed_int": null}, "geometry": {"type": "LineString", "coordinates": [[-71.047024, 42.399842], [-71.046213, 42.400309]]}}, {"type": "Feature", "properties": {"name": "Boston Street", "separation_level": "none", "street_classification": "medium-capacity", "maxspeed_int": null}, "geometry": {"type": "LineString", "coordinates": [[-71.047024, 42.399842], [-71.047385, 42.399634]]}}, {"type": "Feature", "properties": {"name": "Third Street", "separation_level": "none", "street_classification": "residential", "maxspeed_int": null}, "geometry": {"type": "LineString", "coordinates": [[-71.047024, 42.399842], [-71.047714, 42.400504], [-71.047783, 42.40057]]}}, {"type": "Feature", "properties": {"name": null, "separation_level": "none", "street_classification": "residential", "maxspeed_int": null}, "geometry": {"type": "LineString", "coordinates": [[-71.046713, 42.399544], [-71.046749, 42.399579], [-71.047066, 42.399399], [-71.047164, 42.399491], [-71.047234, 42.399532], [-71.047319, 42.399576], [-71.047385, 42.399634]]}}, {"type": "Feature", "properties": {"name": "Third Street", "separation_level": "none", "street_classification": "residential", "maxspeed_int": null}, "geometry": {"type": "LineString", "coordinates": [[-71.046713, 42.399544], [-71.046676, 42.399509], [-71.046242, 42.399093]]}}, {"type": "Feature", "properties": {"name": null, "separation_level": "none", "street_classification": "residential", "maxspeed_int": null}, "geometry": {"type": "LineString", "coordinates": [[-71.046713, 42.399544], [-71.046676, 42.399509], [-71.046822, 42.39943], [-71.04718, 42.399237]]}}, {"type": "Feature", "properties": {"name": "East Elm Street", "separation_level": "none", "street_classification": "residential", "maxspeed_int": null}, "geometry": {"type": "LineString", "coordinates": [[-71.046213, 42.400309], [-71.046802, 42.400872], [-71.04726, 42.401296]]}}, {"type": "Feature", "properties": {"name": "East Elm Street", "separation_level": "none", "street_classification": "residential", "maxspeed_int": null}, "geometry": {"type": "LineString", "coordinates": [[-71.046213, 42.400309], [-71.045538, 42.399666]]}}, {"type": "Feature", "properties": {"name": "Boston Street", "separation_level": "none", "street_classification": "medium-capacity", "maxspeed_int": null}, "geometry": {"type": "LineString", "coordinates": [[-71.046213, 42.400309], [-71.045797, 42.400549], [-71.045405, 42.400775]]}}, {"type": "Feature", "properties": {"name": "Boston Street", "separation_level": "none", "street_classification": "medium-capacity", "maxspeed_int": null}, "geometry": {"type": "LineString", "coordinates": [[-71.047385, 42.399634], [-71.047818, 42.399385]]}}, {"type": "Feature", "properties": {"name": "West Third Street", "separation_level": "none", "street_classification": "residential", "maxspeed_int": null}, "geometry": {"type": "LineString", "coordinates": [[-71.047783, 42.40057], [-71.047871, 42.400651], [-71.047924, 42.400699], [-71.048098, 42.400855]]}}, {"type": "Feature", "properties": {"name": "Vine Street", "separation_level": "none", "street_classification": "residential", "maxspeed_int": null}, "geometry": {"type": "LineString", "coordinates": [[-71.047783, 42.40057], [-71.047753, 42.401554], [-71.047749, 42.401683], [-71.04726, 42.401296]]}}, {"type": "Feature", "properties": {"name": "Vine Street", "separation_level": "none", "street_classification": "residential", "maxspeed_int": null}, "geometry": {"type": "LineString", "coordinates": [[-71.047783, 42.40057], [-71.047788, 42.400404], [-71.047793, 42.400215], [-71.047818, 42.399385]]}}, {"type": "Feature", "properties": {"name": "Third Street", "separation_level": "none", "street_classification": "residential", "maxspeed_int": null}, "geometry": {"type": "LineString", "coordinates": [[-71.046242, 42.399093], [-71.045865, 42.398732]]}}, {"type": "Feature", "properties": {"name": null, "separation_level": "none", "street_classification": "residential", "maxspeed_int": null}, "geometry": {"type": "LineString", "coordinates": [[-71.04718, 42.399237], [-71.047099, 42.399154], [-71.047099, 42.399116], [-71.047335, 42.398983], [-71.047376, 42.398981], [-71.047445, 42.399049], [-71.047449, 42.399084], [-71.04729, 42.399179], [-71.04718, 42.399237]]}}, {"type": "Feature", "properties": {"name": null, "separation_level": "none", "street_classification": "residential", "maxspeed_int": null}, "geometry": {"type": "LineString", "coordinates": [[-71.04718, 42.399237], [-71.04729, 42.399179], [-71.047449, 42.399084], [-71.047445, 42.399049], [-71.047376, 42.398981], [-71.047335, 42.398983], [-71.047099, 42.399116], [-71.047099, 42.399154], [-71.04718, 42.399237]]}}, {"type": "Feature", "properties": {"name": null, "separation_level": "none", "street_classification": "residential", "maxspeed_int": null}, "geometry": {"type": "LineString", "coordinates": [[-71.04726, 42.401296], [-71.047749, 42.401683], [-71.047714, 42.401689], [-71.047682, 42.401696], [-71.047651, 42.401707], [-71.04762, 42.40172], [-71.047157, 42.40198], [-71.047134, 42.401996], [-71.047117, 42.402014], [-71.046985, 42.402188], [-71.046965, 42.402218], [-71.046948, 42.402246], [-71.046943, 42.402255], [-71.046931, 42.402286], [-71.046924, 42.402315]]}}, {"type": "Feature", "properties": {"name": "Garden Street", "separation_level": "none", "street_classification": "residential", "maxspeed_int": null}, "geometry": {"type": "LineString", "coordinates": [[-71.04726, 42.401296], [-71.047749, 42.401683], [-71.047778, 42.401681], [-71.047804, 42.401673], [-71.047826, 42.401662], [-71.047844, 42.401648], [-71.047875, 42.401615], [-71.047905, 42.401585], [-71.047947, 42.401552], [-71.047997, 42.401516], [-71.04804, 42.401486], [-71.048493, 42.401224]]}}, {"type": "Feature", "properties": {"name": "Vine Street", "separation_level": "none", "street_classification": "residential", "maxspeed_int": null}, "geometry": {"type": "LineString", "coordinates": [[-71.04726, 42.401296], [-71.047749, 42.401683], [-71.047745, 42.401822], [-71.047742, 42.401851], [-71.047738, 42.401879], [-71.047665, 42.402217], [-71.047672, 42.40236]]}}, {"type": "Feature", "properties": {"name": null, "separation_level": "none", "street_classification": "residential", "maxspeed_int": null}, "geometry": {"type": "LineString", "coordinates": [[-71.04726, 42.401296], [-71.046802, 42.400872], [-71.047372, 42.400529], [-71.047413, 42.400518], [-71.047441, 42.400532], [-71.047551, 42.400649], [-71.04755, 42.400706]]}}, {"type": "Feature", "properties": {"name": null, "separation_level": "none", "street_classification": "residential", "maxspeed_int": null}, "geometry": {"type": "LineString", "coordinates": [[-71.04726, 42.401296], [-71.046947, 42.40101], [-71.047469, 42.400707], [-71.04755, 42.400706]]}}, {"type": "Feature", "properties": {"name": null, "separation_level": "none", "street_classification": "residential", "maxspeed_int": null}, "geometry": {"type": "LineString", "coordinates": [[-71.04726, 42.401296], [-71.047208, 42.401258], [-71.047466, 42.401131], [-71.04754, 42.401132]]}}, {"type": "Feature", "properties": {"name": null, "separation_level": "none", "street_classification": "residential", "maxspeed_int": null}, "geometry": {"type": "LineString", "coordinates": [[-71.04726, 42.401296], [-71.047446, 42.401486], [-71.047482, 42.401466], [-71.047505, 42.40145], [-71.047521, 42.401429], [-71.04753, 42.401408], [-71.047534, 42.401386], [-71.04754, 42.401132]]}}, {"type": "Feature", "properties": {"name": null, "separation_level": "none", "street_classification": "residential", "maxspeed_int": null}, "geometry": {"type": "LineString", "coordinates": [[-71.04726, 42.401296], [-71.047082, 42.401138], [-71.047465, 42.400923], [-71.047545, 42.400922]]}}, {"type": "Feature", "properties": {"name": null, "separation_level": "none", "street_classification": "residential", "maxspeed_int": null}, "geometry": {"type": "LineString", "coordinates": [[-71.04726, 42.401296], [-71.047564, 42.401599], [-71.046756, 42.402062], [-71.045405, 42.400775]]}}, {"type": "Feature", "properties": {"name": "Mill Road", "separation_level": "none", "street_classification": "residential", "maxspeed_int": 20.0}, "geometry": {"type": "LineString", "coordinates": [[-71.045538, 42.399666], [-71.045384, 42.399816], [-71.044086, 42.400559], [-71.043958, 42.400606], [-71.043929, 42.400616], [-71.043863, 42.400676]]}}, {"type": "Feature", "properties": {"name": "Boston Street", "separation_level": "none", "street_classification": "medium-capacity", "maxspeed_int": null}, "geometry": {"type": "LineString", "coordinates": [[-71.045405, 42.400775], [-71.044581, 42.401252], [-71.044462, 42.40135]]}}, {"type": "Feature", "properties": {"name": "Boston Street", "separation_level": "none", "street_classification": "medium-capacity", "maxspeed_int": null}, "geometry": {"type": "LineString", "coordinates": [[-71.047818, 42.399385], [-71.048632, 42.398916]]}}, {"type": "Feature", "properties": {"name": "West Third Street", "separation_level": "none", "street_classification": "residential", "maxspeed_int": null}, "geometry": {"type": "LineString", "coordinates": [[-71.048098, 42.400855], [-71.048493, 42.401224]]}}, {"type": "Feature", "properties": {"name": null, "separation_level": "none", "street_classification": "residential", "maxspeed_int": null}, "geometry": {"type": "LineString", "coordinates": [[-71.048098, 42.400855], [-71.048859, 42.400412], [-71.048417, 42.400002], [-71.048397, 42.399951], [-71.048432, 42.399898], [-71.049218, 42.399463]]}}, {"type": "Feature", "properties": {"name": "Ferry Street", "separation_level": "track", "street_classification": "medium-capacity", "maxspeed_int": null}, "geometry": {"type": "LineString", "coordinates": [[-71.046918, 42.414063], [-71.04698, 42.414062], [-71.047088, 42.414144], [-71.047155, 42.414196], [-71.047356, 42.414524]]}}, {"type": "Feature", "properties": {"name": null, "separation_level": "separate", "street_classification": "dedicated_path", "maxspeed_int": null}, "geometry": {"type": "LineString", "coordinates": [[-71.046918, 42.414063], [-71.046912, 42.414108], [-71.047019, 42.414203], [-71.047112, 42.414286], [-71.047356, 42.414524]]}}, {"type": "Feature", "properties": {"name": null, "separation_level": "none", "street_classification": "residential", "maxspeed_int": null}, "geometry": {"type": "LineString", "coordinates": [[-71.046918, 42.414063], [-71.046912, 42.414108], [-71.046886, 42.414126], [-71.046612, 42.41436], [-71.046551, 42.41442], [-71.046506, 42.414516], [-71.046465, 42.41458], [-71.046839, 42.414852]]}}, {"type": "Feature", "properties": {"name": null, "separation_level": "none", "street_classification": "residential", "maxspeed_int": null}, "geometry": {"type": "LineString", "coordinates": [[-71.04651, 42.41422], [-71.04662, 42.414244], [-71.046838, 42.41408], [-71.046858, 42.414064], [-71.046918, 42.414063]]}}, {"type": "Feature", "properties": {"name": null, "separation_level": "separate", "street_classification": "dedicated_path", "maxspeed_int": null}, "geometry": {"type": "LineString", "coordinates": [[-71.046319, 42.413591], [-71.046285, 42.413608], [-71.046148, 42.413443], [-71.045674, 42.412635], [-71.04569, 42.412478], [-71.045673, 42.412395]]}}, {"type": "Feature", "properties": {"name": "Broadway", "separation_level": "lane", "street_classification": "medium-capacity", "maxspeed_int": null}, "geometry": {"type": "LineString", "coordinates": [[-71.048848, 42.414395], [-71.048773, 42.414484], [-71.048594, 42.4147]]}}, {"type": "Feature", "properties": {"name": "Burditt Street", "separation_level": "none", "street_classification": "residential", "maxspeed_int": 20.0}, "geometry": {"type": "LineString", "coordinates": [[-71.049307, 42.415503], [-71.04955, 42.415372]]}}, {"type": "Feature", "properties": {"name": "Emery Street", "separation_level": "none", "street_classification": "residential", "maxspeed_int": 20.0}, "geometry": {"type": "LineString", "coordinates": [[-71.049307, 42.415503], [-71.049663, 42.415842], [-71.049688, 42.415865], [-71.04973, 42.415904]]}}, {"type": "Feature", "properties": {"name": "Burditt Street", "separation_level": "none", "street_classification": "residential", "maxspeed_int": 20.0}, "geometry": {"type": "LineString", "coordinates": [[-71.049307, 42.415503], [-71.04923, 42.415549], [-71.049117, 42.415615], [-71.049067, 42.415644], [-71.048904, 42.415745], [-71.048879, 42.41576], [-71.048801, 42.415793]]}}, {"type": "Feature", "properties": {"name": "Timothy Avenue", "separation_level": "none", "street_classification": "residential", "maxspeed_int": 20.0}, "geometry": {"type": "LineString", "coordinates": [[-71.04955, 42.415372], [-71.049507, 42.415341], [-71.049415, 42.415272], [-71.049389, 42.415253], [-71.049286, 42.415177], [-71.049281, 42.415173], [-71.049269, 42.415164], [-71.049253, 42.415152], [-71.04916, 42.415083], [-71.049147, 42.415074], [-71.049029, 42.414986], [-71.049025, 42.414983], [-71.048908, 42.414899], [-71.048885, 42.414883], [-71.048875, 42.414876], [-71.048707, 42.414769], [-71.04868, 42.414752], [-71.048594, 42.4147]]}}, {"type": "Feature", "properties": {"name": "Burditt Street", "separation_level": "none", "street_classification": "residential", "maxspeed_int": null}, "geometry": {"type": "LineString", "coordinates": [[-71.04955, 42.415372], [-71.049606, 42.415339], [-71.049653, 42.415309], [-71.049682, 42.415283], [-71.049705, 42.415263], [-71.049719, 42.41525], [-71.04973, 42.415241], [-71.049775, 42.415201], [-71.0498, 42.415178], [-71.049943, 42.415087], [-71.049982, 42.415057]]}}, {"type": "Feature", "properties": {"name": "Walnut Street", "separation_level": "none", "street_classification": "medium-capacity", "maxspeed_int": null}, "geometry": {"type": "LineString", "coordinates": [[-71.04973, 42.415904], [-71.050114, 42.415673], [-71.050464, 42.415382]]}}, {"type": "Feature", "properties": {"name": "Ferry Street", "separation_level": "none", "street_classification": "medium-capacity", "maxspeed_int": null}, "geometry": {"type": "LineString", "coordinates": [[-71.048801, 42.415793], [-71.048809, 42.415805], [-71.048852, 42.415897], [-71.048877, 42.415949], [-71.048914, 42.416041], [-71.048845, 42.41614]]}}, {"type": "Feature", "properties": {"name": "Ferry Street", "separation_level": "none", "street_classification": "medium-capacity", "maxspeed_int": null}, "geometry": {"type": "LineString", "coordinates": [[-71.048801, 42.415793], [-71.048739, 42.415694], [-71.048672, 42.415602], [-71.048539, 42.415429], [-71.048522, 42.415418]]}}, {"type": "Feature", "properties": {"name": "Broadway", "separation_level": "lane", "street_classification": "medium-capacity", "maxspeed_int": null}, "geometry": {"type": "LineString", "coordinates": [[-71.048594, 42.4147], [-71.048391, 42.414942], [-71.04837, 42.41497], [-71.048302, 42.415053], [-71.048067, 42.415111]]}}, {"type": "Feature", "properties": {"name": "Parker Street", "separation_level": "none", "street_classification": "residential", "maxspeed_int": 20.0}, "geometry": {"type": "LineString", "coordinates": [[-71.049982, 42.415057], [-71.049961, 42.415037], [-71.049861, 42.414958], [-71.049743, 42.41487], [-71.049642, 42.414795], [-71.049526, 42.41471], [-71.049501, 42.414691], [-71.049396, 42.414626], [-71.049161, 42.414481], [-71.04903, 42.414381], [-71.048998, 42.414359], [-71.048955, 42.414331], [-71.04892, 42.414308], [-71.048848, 42.414395]]}}, {"type": "Feature", "properties": {"name": "Walnut Street", "separation_level": "none", "street_classification": "medium-capacity", "maxspeed_int": null}, "geometry": {"type": "LineString", "coordinates": [[-71.050464, 42.415382], [-71.050975, 42.414985]]}}, {"type": "Feature", "properties": {"name": "Parker Street", "separation_level": "none", "street_classification": "residential", "maxspeed_int": 20.0}, "geometry": {"type": "LineString", "coordinates": [[-71.050464, 42.415382], [-71.049982, 42.415057]]}}, {"type": "Feature", "properties": {"name": "Walnut Street", "separation_level": "none", "street_classification": "medium-capacity", "maxspeed_int": null}, "geometry": {"type": "LineString", "coordinates": [[-71.048845, 42.41614], [-71.048959, 42.416162], [-71.049036, 42.416139], [-71.049085, 42.416122], [-71.049356, 42.416026], [-71.04973, 42.415904]]}}, {"type": "Feature", "properties": {"name": "Ferry Street", "separation_level": "none", "street_classification": "medium-capacity", "maxspeed_int": null}, "geometry": {"type": "LineString", "coordinates": [[-71.048845, 42.41614], [-71.048959, 42.416162], [-71.048979, 42.416222], [-71.048989, 42.416262], [-71.049008, 42.416334], [-71.049029, 42.416418], [-71.049126, 42.416697], [-71.049134, 42.416715], [-71.048984, 42.416633]]}}, {"type": "Feature", "properties": {"name": null, "separation_level": "none", "street_classification": "dedicated_path", "maxspeed_int": null}, "geometry": {"type": "LineString", "coordinates": [[-71.048845, 42.41614], [-71.048759, 42.416227], [-71.048767, 42.416238], [-71.048799, 42.416314], [-71.048817, 42.416348], [-71.048853, 42.416366], [-71.04891, 42.416481], [-71.048984, 42.416633]]}}, {"type": "Feature", "properties": {"name": null, "separation_level": "none", "street_classification": "residential", "maxspeed_int": null}, "geometry": {"type": "LineString", "coordinates": [[-71.048845, 42.41614], [-71.048914, 42.416041], [-71.048829, 42.416064], [-71.048656, 42.416111], [-71.048425, 42.41617], [-71.048218, 42.416211], [-71.048274, 42.416337], [-71.048375, 42.416532], [-71.04854, 42.416744], [-71.048585, 42.416801], [-71.048594, 42.416812]]}}, {"type": "Feature", "properties": {"name": "Ferry Street", "separation_level": "none", "street_classification": "medium-capacity", "maxspeed_int": null}, "geometry": {"type": "LineString", "coordinates": [[-71.048522, 42.415418], [-71.048539, 42.415429], [-71.048521, 42.415329], [-71.048453, 42.41521], [-71.048437, 42.415189], [-71.048388, 42.415139], [-71.048331, 42.415082], [-71.048302, 42.415053], [-71.048067, 42.415111]]}}, {"type": "Feature", "properties": {"name": "Malden Street", "separation_level": "none", "street_classification": "medium-capacity", "maxspeed_int": null}, "geometry": {"type": "LineString", "coordinates": [[-71.040293, 42.406535], [-71.040046, 42.407084], [-71.04004, 42.407098], [-71.040037, 42.407104], [-71.040035, 42.40711], [-71.040034, 42.407117], [-71.040033, 42.407123], [-71.040026, 42.407185]]}}, {"type": "Feature", "properties": {"name": "Nichols Street", "separation_level": "none", "street_classification": "medium-capacity", "maxspeed_int": null}, "geometry": {"type": "LineString", "coordinates": [[-71.040026, 42.407185], [-71.040143, 42.407229], [-71.040251, 42.407269], [-71.040381, 42.407318], [-71.040914, 42.407519]]}}, {"type": "Feature", "properties": {"name": "Winding Way", "separation_level": "none", "street_classification": "residential", "maxspeed_int": null}, "geometry": {"type": "LineString", "coordinates": [[-71.032946, 42.421969], [-71.032841, 42.422009], [-71.032753, 42.422031], [-71.032501, 42.422113]]}}, {"type": "Feature", "properties": {"name": "Winding Way", "separation_level": "none", "street_classification": "residential", "maxspeed_int": null}, "geometry": {"type": "LineString", "coordinates": [[-71.032946, 42.421969], [-71.033033, 42.421917], [-71.033088, 42.421856], [-71.033132, 42.421776], [-71.03318, 42.421694], [-71.033243, 42.421635], [-71.033317, 42.421582], [-71.033392, 42.421541]]}}, {"type": "Feature", "properties": {"name": "Mount Vernon Avenue", "separation_level": "none", "street_classification": "residential", "maxspeed_int": null}, "geometry": {"type": "LineString", "coordinates": [[-71.031454, 42.422115], [-71.031355, 42.422191], [-71.031231, 42.42229], [-71.031215, 42.422302], [-71.031144, 42.422352], [-71.031094, 42.422367], [-71.031003, 42.422373]]}}, {"type": "Feature", "properties": {"name": "Bryant Street", "separation_level": "none", "street_classification": "medium-capacity", "maxspeed_int": null}, "geometry": {"type": "LineString", "coordinates": [[-71.050175, 42.422164], [-71.05001, 42.422288], [-71.050191, 42.422418]]}}, {"type": "Feature", "properties": {"name": "Bryant Street", "separation_level": "none", "street_classification": "medium-capacity", "maxspeed_int": null}, "geometry": {"type": "LineString", "coordinates": [[-71.050175, 42.422164], [-71.05001, 42.422288], [-71.049963, 42.422254], [-71.049936, 42.422232], [-71.049872, 42.422189], [-71.04982, 42.422151], [-71.049582, 42.421979], [-71.049522, 42.421935]]}}, {"type": "Feature", "properties": {"name": null, "separation_level": "none", "street_classification": "residential", "maxspeed_int": null}, "geometry": {"type": "LineString", "coordinates": [[-71.050175, 42.422164], [-71.05034, 42.42204], [-71.050586, 42.42186]]}}, {"type": "Feature", "properties": {"name": "Bryant Street", "separation_level": "none", "street_classification": "medium-capacity", "maxspeed_int": null}, "geometry": {"type": "LineString", "coordinates": [[-71.050191, 42.422418], [-71.050394, 42.422564], [-71.050408, 42.422575], [-71.050504, 42.422645], [-71.050537, 42.42267], [-71.050593, 42.422714]]}}, {"type": "Feature", "properties": {"name": "Preston Street", "separation_level": "none", "street_classification": "medium-capacity", "maxspeed_int": null}, "geometry": {"type": "LineString", "coordinates": [[-71.049522, 42.421935], [-71.04947, 42.421973], [-71.049448, 42.421989], [-71.049267, 42.422123], [-71.0492, 42.422176], [-71.049062, 42.42228], [-71.04888, 42.422401], [-71.048776, 42.422477], [-71.04868, 42.422555], [-71.048673, 42.422561], [-71.04857, 42.422631], [-71.048548, 42.422646], [-71.048463, 42.422708], [-71.048278, 42.422836], [-71.048268, 42.422845], [-71.048235, 42.422863], [-71.048186, 42.422871], [-71.048114, 42.422883]]}}, {"type": "Feature", "properties": {"name": null, "separation_level": "none", "street_classification": "residential", "maxspeed_int": null}, "geometry": {"type": "LineString", "coordinates": [[-71.050586, 42.42186], [-71.050896, 42.421633]]}}, {"type": "Feature", "properties": {"name": "Rich Street", "separation_level": "none", "street_classification": "medium-capacity", "maxspeed_int": null}, "geometry": {"type": "LineString", "coordinates": [[-71.050593, 42.422714], [-71.050645, 42.422675], [-71.050682, 42.422647], [-71.050847, 42.422526], [-71.051043, 42.422383], [-71.051186, 42.422278], [-71.051252, 42.422229], [-71.051295, 42.422198]]}}, {"type": "Feature", "properties": {"name": "Sammet Street", "separation_level": "none", "street_classification": "residential", "maxspeed_int": 20.0}, "geometry": {"type": "LineString", "coordinates": [[-71.048114, 42.422883], [-71.048078, 42.422827], [-71.048054, 42.4228], [-71.047651, 42.422493]]}}, {"type": "Feature", "properties": {"name": "Taylor Street", "separation_level": "none", "street_classification": "medium-capacity", "maxspeed_int": null}, "geometry": {"type": "LineString", "coordinates": [[-71.048114, 42.422883], [-71.048013, 42.422903], [-71.047214, 42.423045]]}}, {"type": "Feature", "properties": {"name": "Bucknam Street", "separation_level": "none", "street_classification": "medium-capacity", "maxspeed_int": null}, "geometry": {"type": "LineString", "coordinates": [[-71.060449, 42.411224], [-71.060326, 42.411056]]}}, {"type": "Feature", "properties": {"name": "Bucknam Street", "separation_level": "none", "street_classification": "medium-capacity", "maxspeed_int": null}, "geometry": {"type": "LineString", "coordinates": [[-71.060449, 42.411224], [-71.060628, 42.411514], [-71.060708, 42.411674], [-71.060745, 42.411749]]}}, {"type": "Feature", "properties": {"name": "Beacon Street", "separation_level": "none", "street_classification": "residential", "maxspeed_int": 20.0}, "geometry": {"type": "LineString", "coordinates": [[-71.060449, 42.411224], [-71.061573, 42.411031], [-71.062637, 42.410834]]}}, {"type": "Feature", "properties": {"name": "Bucknam Street", "separation_level": "none", "street_classification": "medium-capacity", "maxspeed_int": null}, "geometry": {"type": "LineString", "coordinates": [[-71.060326, 42.411056], [-71.060117, 42.410778]]}}, {"type": "Feature", "properties": {"name": "Bucknam Street", "separation_level": "none", "street_classification": "medium-capacity", "maxspeed_int": null}, "geometry": {"type": "LineString", "coordinates": [[-71.060745, 42.411749], [-71.060783, 42.411823], [-71.060937, 42.412172]]}}, {"type": "Feature", "properties": {"name": "Main Street", "separation_level": "lane", "street_classification": "medium-capacity", "maxspeed_int": null}, "geometry": {"type": "LineString", "coordinates": [[-71.062637, 42.410834], [-71.062682, 42.410944], [-71.062741, 42.41109]]}}, {"type": "Feature", "properties": {"name": "Main Street", "separation_level": "lane", "street_classification": "medium-capacity", "maxspeed_int": null}, "geometry": {"type": "LineString", "coordinates": [[-71.062637, 42.410834], [-71.062519, 42.410442], [-71.062489, 42.410332]]}}, {"type": "Feature", "properties": {"name": "Bucknam Street", "separation_level": "none", "street_classification": "medium-capacity", "maxspeed_int": null}, "geometry": {"type": "LineString", "coordinates": [[-71.060117, 42.410778], [-71.059961, 42.410521]]}}, {"type": "Feature", "properties": {"name": "Bucknam Street", "separation_level": "none", "street_classification": "medium-capacity", "maxspeed_int": null}, "geometry": {"type": "LineString", "coordinates": [[-71.060937, 42.412172], [-71.061141, 42.412626]]}}, {"type": "Feature", "properties": {"name": "Wall Street", "separation_level": "none", "street_classification": "residential", "maxspeed_int": 20.0}, "geometry": {"type": "LineString", "coordinates": [[-71.060937, 42.412172], [-71.060396, 42.412354], [-71.059771, 42.412585], [-71.059407, 42.41272]]}}, {"type": "Feature", "properties": {"name": "Prescott Street", "separation_level": "none", "street_classification": "medium-capacity", "maxspeed_int": null}, "geometry": {"type": "LineString", "coordinates": [[-71.062741, 42.41109], [-71.063479, 42.410961], [-71.064329, 42.410813], [-71.064606, 42.410762]]}}, {"type": "Feature", "properties": {"name": "Main Street", "separation_level": "lane", "street_classification": "medium-capacity", "maxspeed_int": null}, "geometry": {"type": "LineString", "coordinates": [[-71.062741, 42.41109], [-71.062855, 42.411394], [-71.062884, 42.41147]]}}, {"type": "Feature", "properties": {"name": "Clark Street", "separation_level": "none", "street_classification": "residential", "maxspeed_int": 20.0}, "geometry": {"type": "LineString", "coordinates": [[-71.062489, 42.410332], [-71.061707, 42.410482], [-71.060965, 42.41062], [-71.060117, 42.410778]]}}, {"type": "Feature", "properties": {"name": "Clark Street", "separation_level": "none", "street_classification": "residential", "maxspeed_int": 20.0}, "geometry": {"type": "LineString", "coordinates": [[-71.062489, 42.410332], [-71.064586, 42.409962], [-71.065129, 42.409857], [-71.064936, 42.409621]]}}, {"type": "Feature", "properties": {"name": "Main Street", "separation_level": "lane", "street_classification": "medium-capacity", "maxspeed_int": null}, "geometry": {"type": "LineString", "coordinates": [[-71.062489, 42.410332], [-71.062479, 42.410263], [-71.062413, 42.409833]]}}, {"type": "Feature", "properties": {"name": "Prescott Street", "separation_level": "none", "street_classification": "medium-capacity", "maxspeed_int": null}, "geometry": {"type": "LineString", "coordinates": [[-71.064606, 42.410762], [-71.064998, 42.410696], [-71.065397, 42.410626]]}}, {"type": "Feature", "properties": {"name": "Prescott Street", "separation_level": "none", "street_classification": "medium-capacity", "maxspeed_int": null}, "geometry": {"type": "LineString", "coordinates": [[-71.065397, 42.410626], [-71.066028, 42.410516], [-71.066442, 42.410444], [-71.066515, 42.410407]]}}, {"type": "Feature", "properties": {"name": "Tremont Street", "separation_level": "none", "street_classification": "medium-capacity", "maxspeed_int": null}, "geometry": {"type": "LineString", "coordinates": [[-71.066515, 42.410407], [-71.066555, 42.410464], [-71.066835, 42.410837], [-71.066866, 42.410879]]}}, {"type": "Feature", "properties": {"name": null, "separation_level": "none", "street_classification": "residential", "maxspeed_int": null}, "geometry": {"type": "LineString", "coordinates": [[-71.066515, 42.410407], [-71.066572, 42.410383], [-71.067154, 42.410147], [-71.067193, 42.410128]]}}, {"type": "Feature", "properties": {"name": "Tremont Street", "separation_level": "none", "street_classification": "medium-capacity", "maxspeed_int": null}, "geometry": {"type": "LineString", "coordinates": [[-71.066515, 42.410407], [-71.066209, 42.409997], [-71.066007, 42.409724]]}}, {"type": "Feature", "properties": {"name": "Bradford Street", "separation_level": "none", "street_classification": "residential", "maxspeed_int": 20.0}, "geometry": {"type": "LineString", "coordinates": [[-71.055675, 42.41817], [-71.055271, 42.418482], [-71.055248, 42.4185], [-71.055202, 42.418535]]}}, {"type": "Feature", "properties": {"name": "Bradford Street", "separation_level": "none", "street_classification": "residential", "maxspeed_int": 20.0}, "geometry": {"type": "LineString", "coordinates": [[-71.055675, 42.41817], [-71.05597, 42.4179], [-71.056424, 42.417549]]}}, {"type": "Feature", "properties": {"name": "Cedar Street", "separation_level": "none", "street_classification": "residential", "maxspeed_int": 20.0}, "geometry": {"type": "LineString", "coordinates": [[-71.055202, 42.418535], [-71.055623, 42.418846]]}}, {"type": "Feature", "properties": {"name": "Cedar Street", "separation_level": "none", "street_classification": "residential", "maxspeed_int": 20.0}, "geometry": {"type": "LineString", "coordinates": [[-71.055202, 42.418535], [-71.055036, 42.418429], [-71.054917, 42.418354], [-71.054796, 42.418277], [-71.054695, 42.418213], [-71.054609, 42.418162]]}}, {"type": "Feature", "properties": {"name": "Myrtle Street", "separation_level": "none", "street_classification": "residential", "maxspeed_int": 20.0}, "geometry": {"type": "LineString", "coordinates": [[-71.056424, 42.417549], [-71.055491, 42.416935], [-71.055454, 42.416912]]}}, {"type": "Feature", "properties": {"name": "Bradford Street", "separation_level": "none", "street_classification": "residential", "maxspeed_int": 20.0}, "geometry": {"type": "LineString", "coordinates": [[-71.056424, 42.417549], [-71.056768, 42.417271]]}}, {"type": "Feature", "properties": {"name": "Cedar Terrace", "separation_level": "none", "street_classification": "residential", "maxspeed_int": 20.0}, "geometry": {"type": "LineString", "coordinates": [[-71.055623, 42.418846], [-71.05557, 42.41889], [-71.055353, 42.419053], [-71.055343, 42.41906], [-71.055316, 42.419078], [-71.055248, 42.419122], [-71.055203, 42.419152], [-71.055193, 42.419158], [-71.055169, 42.419174], [-71.055088, 42.419232], [-71.055036, 42.419269], [-71.054981, 42.419309], [-71.054919, 42.419354], [-71.054868, 42.41939], [-71.054693, 42.419515], [-71.054683, 42.419512], [-71.054658, 42.419503], [-71.054589, 42.419463], [-71.054545, 42.419434], [-71.054439, 42.419364], [-71.054404, 42.419342], [-71.054414, 42.419334]]}}, {"type": "Feature", "properties": {"name": "Bennett Street", "separation_level": "none", "street_classification": "residential", "maxspeed_int": 20.0}, "geometry": {"type": "LineString", "coordinates": [[-71.054609, 42.418162], [-71.054545, 42.418216], [-71.05452, 42.418235], [-71.054397, 42.418324], [-71.054268, 42.418418], [-71.054252, 42.41843], [-71.054154, 42.418506], [-71.05406, 42.418579], [-71.053981, 42.418641], [-71.053922, 42.418687], [-71.053888, 42.418713], [-71.053811, 42.418775]]}}, {"type": "Feature", "properties": {"name": "Cedar Street", "separation_level": "none", "street_classification": "residential", "maxspeed_int": 20.0}, "geometry": {"type": "LineString", "coordinates": [[-71.054609, 42.418162], [-71.054536, 42.418114], [-71.054164, 42.417892], [-71.054054, 42.417825]]}}, {"type": "Feature", "properties": {"name": "Highland Avenue", "separation_level": "none", "street_classification": "residential", "maxspeed_int": 20.0}, "geometry": {"type": "LineString", "coordinates": [[-71.055454, 42.416912], [-71.055466, 42.416919], [-71.055906, 42.416566]]}}, {"type": "Feature", "properties": {"name": "Myrtle Street", "separation_level": "none", "street_classification": "residential", "maxspeed_int": 20.0}, "geometry": {"type": "LineString", "coordinates": [[-71.055454, 42.416912], [-71.055418, 42.416888], [-71.055216, 42.416757]]}}, {"type": "Feature", "properties": {"name": "Bradford Street", "separation_level": "none", "street_classification": "residential", "maxspeed_int": 20.0}, "geometry": {"type": "LineString", "coordinates": [[-71.056768, 42.417271], [-71.056871, 42.417188], [-71.057067, 42.417027]]}}, {"type": "Feature", "properties": {"name": "Revere Beach Parkway", "separation_level": "none", "street_classification": "motorway", "maxspeed_int": 35.0}, "geometry": {"type": "LineString", "coordinates": [[-71.057376, 42.40319], [-71.057504, 42.403178], [-71.057645, 42.403161], [-71.057792, 42.403138], [-71.057926, 42.403115], [-71.058078, 42.403085], [-71.058226, 42.40305], [-71.058367, 42.403014], [-71.058506, 42.402974], [-71.058654, 42.402927], [-71.058787, 42.402882], [-71.059463, 42.402647], [-71.059599, 42.402601], [-71.059684, 42.402572], [-71.060669, 42.402239], [-71.060806, 42.402194], [-71.060944, 42.402149], [-71.061136, 42.402083], [-71.061345, 42.402014], [-71.061481, 42.401971], [-71.061619, 42.40193], [-71.061757, 42.401893], [-71.061897, 42.40186], [-71.062038, 42.401829], [-71.062178, 42.401802], [-71.062321, 42.401777]]}}, {"type": "Feature", "properties": {"name": null, "separation_level": "none", "street_classification": "motorway", "maxspeed_int": null}, "geometry": {"type": "LineString", "coordinates": [[-71.062321, 42.401777], [-71.062458, 42.401818], [-71.062554, 42.401852], [-71.062607, 42.401873], [-71.062659, 42.401898], [-71.062703, 42.401923], [-71.062745, 42.401953], [-71.062781, 42.401985], [-71.062811, 42.402016], [-71.062836, 42.402047], [-71.062855, 42.402078], [-71.06287, 42.402114], [-71.062881, 42.402148], [-71.062886, 42.40218], [-71.062886, 42.402214], [-71.062883, 42.402247], [-71.062876, 42.40228], [-71.062866, 42.402314], [-71.062852, 42.402346], [-71.062834, 42.402376], [-71.062811, 42.40241], [-71.062782, 42.40244], [-71.062753, 42.402466], [-71.062719, 42.402491], [-71.062682, 42.402513], [-71.062644, 42.402532], [-71.062597, 42.402551], [-71.062552, 42.402564], [-71.062509, 42.402575], [-71.062466, 42.402584], [-71.062114, 42.402641], [-71.062207, 42.402652]]}}, {"type": "Feature", "properties": {"name": "Revere Beach Parkway", "separation_level": "none", "street_classification": "motorway", "maxspeed_int": 35.0}, "geometry": {"type": "LineString", "coordinates": [[-71.062321, 42.401777], [-71.062465, 42.401755], [-71.062612, 42.401738], [-71.062755, 42.401723], [-71.062902, 42.401713], [-71.063045, 42.401706], [-71.063194, 42.401702], [-71.063236, 42.401701], [-71.064095, 42.40169], [-71.066751, 42.40165], [-71.066894, 42.401648], [-71.067044, 42.40165], [-71.067185, 42.401656], [-71.067268, 42.401663], [-71.067349, 42.401672], [-71.067457, 42.401689], [-71.067613, 42.401718], [-71.067741, 42.401751], [-71.067865, 42.401789], [-71.067963, 42.401826], [-71.068055, 42.401862], [-71.068138, 42.401902], [-71.068207, 42.401938], [-71.068269, 42.401973], [-71.068275, 42.401989]]}}, {"type": "Feature", "properties": {"name": "Krystyl K. Poirier Memorial Roadway", "separation_level": "none", "street_classification": "residential", "maxspeed_int": null}, "geometry": {"type": "LineString", "coordinates": [[-71.062207, 42.402652], [-71.062114, 42.402641], [-71.062086, 42.402637], [-71.06202, 42.402626], [-71.061957, 42.402613], [-71.061908, 42.402603], [-71.061862, 42.402592], [-71.061812, 42.402579], [-71.061765, 42.402564], [-71.061722, 42.402549], [-71.061685, 42.402533], [-71.061642, 42.402512], [-71.061603, 42.402491], [-71.061555, 42.402465], [-71.061508, 42.402436], [-71.061458, 42.402403], [-71.06118, 42.402226], [-71.061164, 42.402203]]}}, {"type": "Feature", "properties": {"name": "Krystyl K. Poirier Memorial Roadway", "separation_level": "track", "street_classification": "residential", "maxspeed_int": null}, "geometry": {"type": "LineString", "coordinates": [[-71.062207, 42.402652], [-71.0623, 42.402664], [-71.062363, 42.402664], [-71.062433, 42.402664], [-71.062513, 42.402663], [-71.062598, 42.402659], [-71.062698, 42.402654], [-71.062883, 42.402644], [-71.06352, 42.402607], [-71.063675, 42.402597], [-71.064099, 42.402572], [-71.064555, 42.402546], [-71.064715, 42.402539], [-71.064874, 42.402532], [-71.065033, 42.402528], [-71.065145, 42.402527], [-71.065245, 42.402527], [-71.065341, 42.402528], [-71.065446, 42.402531], [-71.065549, 42.402533], [-71.065649, 42.402537], [-71.06575, 42.402542], [-71.06585, 42.402548], [-71.065958, 42.402556], [-71.06606, 42.402565], [-71.066154, 42.402574], [-71.066241, 42.402583], [-71.06632, 42.402591], [-71.06639, 42.402599], [-71.06644, 42.402606], [-71.06658, 42.402748]]}}, {"type": "Feature", "properties": {"name": "Revere Beach Parkway", "separation_level": "none", "street_classification": "motorway", "maxspeed_int": 35.0}, "geometry": {"type": "LineString", "coordinates": [[-71.068275, 42.401989], [-71.068347, 42.401859], [-71.068273, 42.401822], [-71.068184, 42.40178], [-71.068057, 42.401726], [-71.067927, 42.401679], [-71.067793, 42.40164], [-71.067652, 42.401605], [-71.067508, 42.401579], [-71.067369, 42.401559], [-71.06722, 42.401545], [-71.067072, 42.401538], [-71.06693, 42.401537]]}}, {"type": "Feature", "properties": {"name": "Revere Beach Parkway", "separation_level": "none", "street_classification": "motorway", "maxspeed_int": 35.0}, "geometry": {"type": "LineString", "coordinates": [[-71.068275, 42.401989], [-71.068269, 42.401973], [-71.068345, 42.402019], [-71.068451, 42.40209], [-71.068552, 42.402166], [-71.068646, 42.40225], [-71.068736, 42.402337], [-71.068995, 42.402591], [-71.069164, 42.402757], [-71.069211, 42.402801], [-71.069265, 42.402848], [-71.069316, 42.402891], [-71.069375, 42.402935], [-71.069441, 42.402981], [-71.069508, 42.402939]]}}, {"type": "Feature", "properties": {"name": "Krystyl K. Poirier Memorial Roadway", "separation_level": "none", "street_classification": "residential", "maxspeed_int": null}, "geometry": {"type": "LineString", "coordinates": [[-71.068275, 42.401989], [-71.068213, 42.402125], [-71.068184, 42.402246], [-71.068165, 42.40231], [-71.068147, 42.402362], [-71.068134, 42.402397], [-71.06812, 42.40243], [-71.068108, 42.402452], [-71.068091, 42.402479], [-71.068072, 42.402504], [-71.068054, 42.402526], [-71.068036, 42.402546], [-71.068013, 42.402567], [-71.067986, 42.402591], [-71.067962, 42.40261], [-71.067936, 42.402628], [-71.067908, 42.402644], [-71.067878, 42.40266], [-71.067847, 42.402676], [-71.067817, 42.40269], [-71.067785, 42.402703], [-71.067752, 42.402715], [-71.067714, 42.402726], [-71.06767, 42.402739], [-71.067624, 42.402749], [-71.06758, 42.402759], [-71.067535, 42.402766], [-71.06749, 42.40277], [-71.067447, 42.402772], [-71.067402, 42.402771]]}}, {"type": "Feature", "properties": {"name": "Santilli Circle", "separation_level": "none", "street_classification": "medium-capacity", "maxspeed_int": null}, "geometry": {"type": "LineString", "coordinates": [[-71.068275, 42.401989], [-71.068213, 42.402125], [-71.068209, 42.402198], [-71.068209, 42.402249], [-71.068211, 42.402304], [-71.068218, 42.402363], [-71.068227, 42.402418], [-71.068243, 42.402475], [-71.068265, 42.402533], [-71.06829, 42.402586], [-71.068305, 42.402615], [-71.068332, 42.40266], [-71.068347, 42.402682], [-71.068361, 42.402701], [-71.068385, 42.40273], [-71.068396, 42.402744], [-71.068408, 42.402758], [-71.06842, 42.402771], [-71.068433, 42.402783], [-71.068445, 42.402795], [-71.068463, 42.402811], [-71.068744, 42.403037]]}}, {"type": "Feature", "properties": {"name": "Alfred Court", "separation_level": "none", "street_classification": "residential", "maxspeed_int": null}, "geometry": {"type": "LineString", "coordinates": [[-71.064685, 42.405136], [-71.064716, 42.405136], [-71.064714, 42.405094], [-71.064689, 42.404568], [-71.064686, 42.404516], [-71.064724, 42.404514]]}}, {"type": "Feature", "properties": {"name": "Tileston Street", "separation_level": "none", "street_classification": "medium-capacity", "maxspeed_int": null}, "geometry": {"type": "LineString", "coordinates": [[-71.064685, 42.405136], [-71.064716, 42.405136], [-71.064749, 42.405135], [-71.065489, 42.405121], [-71.06624, 42.405107]]}}, {"type": "Feature", "properties": {"name": "Tileston Street", "separation_level": "none", "street_classification": "medium-capacity", "maxspeed_int": null}, "geometry": {"type": "LineString", "coordinates": [[-71.064685, 42.405136], [-71.064654, 42.405137], [-71.064285, 42.405144]]}}, {"type": "Feature", "properties": {"name": "Williams Street", "separation_level": "none", "street_classification": "residential", "maxspeed_int": 20.0}, "geometry": {"type": "LineString", "coordinates": [[-71.064685, 42.405136], [-71.064654, 42.405137], [-71.064666, 42.405186], [-71.064825, 42.405827]]}}, {"type": "Feature", "properties": {"name": "Alfred Street", "separation_level": "none", "street_classification": "residential", "maxspeed_int": 20.0}, "geometry": {"type": "LineString", "coordinates": [[-71.064724, 42.404514], [-71.064686, 42.404516], [-71.064319, 42.404521], [-71.064262, 42.404522], [-71.064259, 42.404437]]}}, {"type": "Feature", "properties": {"name": "Alfred Street", "separation_level": "none", "street_classification": "residential", "maxspeed_int": 20.0}, "geometry": {"type": "LineString", "coordinates": [[-71.064724, 42.404514], [-71.064761, 42.404512], [-71.065247, 42.404502]]}}, {"type": "Feature", "properties": {"name": "Plymouth Street", "separation_level": "none", "street_classification": "residential", "maxspeed_int": 20.0}, "geometry": {"type": "LineString", "coordinates": [[-71.064724, 42.404514], [-71.064761, 42.404512], [-71.06476, 42.404483], [-71.064735, 42.403841], [-71.064733, 42.403794]]}}, {"type": "Feature", "properties": {"name": "Tileston Street", "separation_level": "none", "street_classification": "medium-capacity", "maxspeed_int": null}, "geometry": {"type": "LineString", "coordinates": [[-71.06624, 42.405107], [-71.066704, 42.405098]]}}, {"type": "Feature", "properties": {"name": "May Street", "separation_level": "none", "street_classification": "residential", "maxspeed_int": 20.0}, "geometry": {"type": "LineString", "coordinates": [[-71.06624, 42.405107], [-71.066238, 42.405064], [-71.066183, 42.403829]]}}, {"type": "Feature", "properties": {"name": "Cross Street", "separation_level": "none", "street_classification": "residential", "maxspeed_int": 20.0}, "geometry": {"type": "LineString", "coordinates": [[-71.064285, 42.405144], [-71.064283, 42.405101], [-71.064262, 42.404522], [-71.064259, 42.404437]]}}, {"type": "Feature", "properties": {"name": "Tileston Street", "separation_level": "none", "street_classification": "medium-capacity", "maxspeed_int": null}, "geometry": {"type": "LineString", "coordinates": [[-71.064285, 42.405144], [-71.063867, 42.405152], [-71.063555, 42.405157], [-71.063178, 42.405163]]}}, {"type": "Feature", "properties": {"name": "Norman Street", "separation_level": "shared_lane", "street_classification": "residential", "maxspeed_int": 20.0}, "geometry": {"type": "LineString", "coordinates": [[-71.064825, 42.405827], [-71.064351, 42.405835]]}}, {"type": "Feature", "properties": {"name": "Norman Street", "separation_level": "shared_lane", "street_classification": "residential", "maxspeed_int": 20.0}, "geometry": {"type": "LineString", "coordinates": [[-71.064825, 42.405827], [-71.065141, 42.405823], [-71.065156, 42.405895]]}}, {"type": "Feature", "properties": {"name": "Cross Street", "separation_level": "none", "street_classification": "residential", "maxspeed_int": 20.0}, "geometry": {"type": "LineString", "coordinates": [[-71.064259, 42.404437], [-71.064256, 42.404352], [-71.064251, 42.403828], [-71.064251, 42.403783], [-71.064261, 42.403783]]}}, {"type": "Feature", "properties": {"name": "Montrose Street", "separation_level": "none", "street_classification": "residential", "maxspeed_int": 20.0}, "geometry": {"type": "LineString", "coordinates": [[-71.065247, 42.404502], [-71.065216, 42.403806]]}}, {"type": "Feature", "properties": {"name": "Alfred Street", "separation_level": "none", "street_classification": "residential", "maxspeed_int": 20.0}, "geometry": {"type": "LineString", "coordinates": [[-71.065247, 42.404502], [-71.065734, 42.404508], [-71.0657, 42.403818]]}}, {"type": "Feature", "properties": {"name": "Wellington Avenue", "separation_level": "none", "street_classification": "residential", "maxspeed_int": 20.0}, "geometry": {"type": "LineString", "coordinates": [[-71.064733, 42.403794], [-71.064272, 42.403783], [-71.064261, 42.403783]]}}, {"type": "Feature", "properties": {"name": "Wellington Avenue", "separation_level": "none", "street_classification": "residential", "maxspeed_int": 20.0}, "geometry": {"type": "LineString", "coordinates": [[-71.064733, 42.403794], [-71.065216, 42.403806]]}}, {"type": "Feature", "properties": {"name": "Plymouth Street", "separation_level": "none", "street_classification": "residential", "maxspeed_int": 20.0}, "geometry": {"type": "LineString", "coordinates": [[-71.064733, 42.403794], [-71.064731, 42.40376], [-71.064694, 42.402825], [-71.064402, 42.402844]]}}, {"type": "Feature", "properties": {"name": "Kelvin Street", "separation_level": "none", "street_classification": "residential", "maxspeed_int": 20.0}, "geometry": {"type": "LineString", "coordinates": [[-71.066704, 42.405098], [-71.066706, 42.405142], [-71.066726, 42.405799], [-71.066699, 42.405799]]}}, {"type": "Feature", "properties": {"name": "Tileston Street", "separation_level": "none", "street_classification": "medium-capacity", "maxspeed_int": null}, "geometry": {"type": "LineString", "coordinates": [[-71.066704, 42.405098], [-71.067281, 42.405086], [-71.068177, 42.405069]]}}, {"type": "Feature", "properties": {"name": "Wellington Avenue", "separation_level": "none", "street_classification": "residential", "maxspeed_int": 20.0}, "geometry": {"type": "LineString", "coordinates": [[-71.066183, 42.403829], [-71.0657, 42.403818]]}}, {"type": "Feature", "properties": {"name": "Wellington Avenue", "separation_level": "none", "street_classification": "residential", "maxspeed_int": 20.0}, "geometry": {"type": "LineString", "coordinates": [[-71.066183, 42.403829], [-71.066654, 42.403841]]}}, {"type": "Feature", "properties": {"name": "May Street", "separation_level": "none", "street_classification": "residential", "maxspeed_int": 20.0}, "geometry": {"type": "LineString", "coordinates": [[-71.066183, 42.403829], [-71.066139, 42.402847], [-71.066139, 42.402825], [-71.066141, 42.402802], [-71.066143, 42.402777]]}}, {"type": "Feature", "properties": {"name": "Cherry Street", "separation_level": "none", "street_classification": "residential", "maxspeed_int": 20.0}, "geometry": {"type": "LineString", "coordinates": [[-71.044233, 42.409769], [-71.043821, 42.409712]]}}, {"type": "Feature", "properties": {"name": "Cherry Street", "separation_level": "none", "street_classification": "residential", "maxspeed_int": 20.0}, "geometry": {"type": "LineString", "coordinates": [[-71.044233, 42.409769], [-71.04478, 42.409834], [-71.044964, 42.409857]]}}, {"type": "Feature", "properties": {"name": "Road B", "separation_level": "none", "street_classification": "residential", "maxspeed_int": 20.0}, "geometry": {"type": "LineString", "coordinates": [[-71.044233, 42.409769], [-71.044183, 42.410403], [-71.044179, 42.410459], [-71.044179, 42.410494], [-71.044185, 42.410528], [-71.044195, 42.410551], [-71.044206, 42.410573], [-71.044217, 42.41059], [-71.044233, 42.410607], [-71.044258, 42.410629], [-71.044289, 42.41065], [-71.044333, 42.410674], [-71.044381, 42.41069], [-71.044432, 42.4107], [-71.044488, 42.410702], [-71.044537, 42.4107], [-71.044605, 42.410688], [-71.044649, 42.410678], [-71.044676, 42.410668], [-71.044698, 42.410658], [-71.044723, 42.41064], [-71.044753, 42.410617], [-71.044777, 42.41059], [-71.044796, 42.410562], [-71.044811, 42.41053], [-71.044819, 42.410499], [-71.044824, 42.410458], [-71.044882, 42.409846], [-71.044964, 42.409857]]}}, {"type": "Feature", "properties": {"name": "Road A", "separation_level": "none", "street_classification": "residential", "maxspeed_int": 20.0}, "geometry": {"type": "LineString", "coordinates": [[-71.043821, 42.409712], [-71.043942, 42.409175], [-71.043944, 42.409166], [-71.043945, 42.409158], [-71.043944, 42.409149], [-71.043943, 42.409141], [-71.04394, 42.409133], [-71.043936, 42.409125], [-71.043931, 42.409117], [-71.043925, 42.40911], [-71.043918, 42.409103], [-71.04391, 42.409097]]}}, {"type": "Feature", "properties": {"name": "Cherry Street", "separation_level": "none", "street_classification": "residential", "maxspeed_int": 20.0}, "geometry": {"type": "LineString", "coordinates": [[-71.043821, 42.409712], [-71.043421, 42.409663], [-71.043355, 42.409655], [-71.043283, 42.409646]]}}, {"type": "Feature", "properties": {"name": "Cherry Street", "separation_level": "none", "street_classification": "residential", "maxspeed_int": 20.0}, "geometry": {"type": "LineString", "coordinates": [[-71.044964, 42.409857], [-71.045151, 42.409881], [-71.045688, 42.40995]]}}, {"type": "Feature", "properties": {"name": null, "separation_level": "none", "street_classification": "residential", "maxspeed_int": null}, "geometry": {"type": "LineString", "coordinates": [[-71.044964, 42.409857], [-71.045, 42.409861], [-71.045022, 42.409712], [-71.045095, 42.409217], [-71.044985, 42.409206]]}}, {"type": "Feature", "properties": {"name": "Road A", "separation_level": "none", "street_classification": "residential", "maxspeed_int": 20.0}, "geometry": {"type": "LineString", "coordinates": [[-71.04391, 42.409097], [-71.043902, 42.409091], [-71.043893, 42.409086], [-71.043883, 42.409082], [-71.043872, 42.409078], [-71.043861, 42.409075], [-71.04351, 42.409023], [-71.043487, 42.409018], [-71.043414, 42.409]]}}, {"type": "Feature", "properties": {"name": "Woodlawn Street", "separation_level": "none", "street_classification": "medium-capacity", "maxspeed_int": null}, "geometry": {"type": "LineString", "coordinates": [[-71.043283, 42.409646], [-71.043287, 42.409709], [-71.043313, 42.410045]]}}, {"type": "Feature", "properties": {"name": "Woodlawn Street", "separation_level": "none", "street_classification": "medium-capacity", "maxspeed_int": null}, "geometry": {"type": "LineString", "coordinates": [[-71.043283, 42.409646], [-71.043259, 42.409354], [-71.04326, 42.409337], [-71.043261, 42.409319], [-71.043264, 42.409303], [-71.043267, 42.409288], [-71.043273, 42.409269], [-71.043278, 42.409256]]}}, {"type": "Feature", "properties": {"name": "Ferry Street", "separation_level": "lane", "street_classification": "medium-capacity", "maxspeed_int": null}, "geometry": {"type": "LineString", "coordinates": [[-71.045688, 42.40995], [-71.045698, 42.409888], [-71.045705, 42.409845], [-71.045709, 42.409824], [-71.045737, 42.409699], [-71.045771, 42.409567]]}}, {"type": "Feature", "properties": {"name": "Ferry Street", "separation_level": "lane", "street_classification": "medium-capacity", "maxspeed_int": null}, "geometry": {"type": "LineString", "coordinates": [[-71.045688, 42.40995], [-71.045676, 42.410034], [-71.045674, 42.410049], [-71.045662, 42.410154]]}}, {"type": "Feature", "properties": {"name": null, "separation_level": "none", "street_classification": "residential", "maxspeed_int": null}, "geometry": {"type": "LineString", "coordinates": [[-71.044985, 42.409206], [-71.044875, 42.409195], [-71.044802, 42.40969], [-71.04478, 42.409834], [-71.044964, 42.409857]]}}, {"type": "Feature", "properties": {"name": "Mystic View Road", "separation_level": "none", "street_classification": "residential", "maxspeed_int": null}, "geometry": {"type": "LineString", "coordinates": [[-71.071426, 42.400722], [-71.070238, 42.401735]]}}, {"type": "Feature", "properties": {"name": null, "separation_level": "none", "street_classification": "residential", "maxspeed_int": null}, "geometry": {"type": "LineString", "coordinates": [[-71.070609, 42.399889], [-71.070042, 42.399526], [-71.07033, 42.399276]]}}, {"type": "Feature", "properties": {"name": null, "separation_level": "none", "street_classification": "residential", "maxspeed_int": null}, "geometry": {"type": "LineString", "coordinates": [[-71.070609, 42.399889], [-71.070723, 42.400003], [-71.070939, 42.400153], [-71.071256, 42.40036], [-71.071366, 42.400444], [-71.071403, 42.400503], [-71.071426, 42.400722]]}}, {"type": "Feature", "properties": {"name": null, "separation_level": "none", "street_classification": "residential", "maxspeed_int": null}, "geometry": {"type": "LineString", "coordinates": [[-71.070609, 42.399889], [-71.070767, 42.399881], [-71.070873, 42.399792], [-71.070965, 42.399845]]}}, {"type": "Feature", "properties": {"name": null, "separation_level": "none", "street_classification": "motorway", "maxspeed_int": null}, "geometry": {"type": "LineString", "coordinates": [[-71.070238, 42.401735], [-71.070191, 42.401757], [-71.070149, 42.401774], [-71.070099, 42.401792], [-71.070045, 42.401808], [-71.06999, 42.40182], [-71.069929, 42.401831], [-71.069876, 42.401837], [-71.069834, 42.40184], [-71.069794, 42.401839], [-71.069757, 42.401834], [-71.06972, 42.401828], [-71.069684, 42.401819], [-71.069648, 42.401807], [-71.069263, 42.40164], [-71.069188, 42.401611], [-71.069124, 42.40159], [-71.06907, 42.401575], [-71.069005, 42.40156], [-71.068941, 42.401548], [-71.068865, 42.401537], [-71.068788, 42.401528], [-71.068692, 42.401519], [-71.068414, 42.401501]]}}, {"type": "Feature", "properties": {"name": "Mystic View Road", "separation_level": "none", "street_classification": "residential", "maxspeed_int": null}, "geometry": {"type": "LineString", "coordinates": [[-71.070238, 42.401735], [-71.070166, 42.401779], [-71.070113, 42.401807], [-71.070056, 42.401835], [-71.070004, 42.401857], [-71.069942, 42.401878], [-71.069892, 42.401894], [-71.069847, 42.401907], [-71.069803, 42.401918], [-71.069765, 42.401926], [-71.069727, 42.40193], [-71.069693, 42.401932], [-71.069659, 42.40193], [-71.069625, 42.401925], [-71.069587, 42.401915], [-71.069548, 42.4019], [-71.069493, 42.401873]]}}, {"type": "Feature", "properties": {"name": null, "separation_level": "none", "street_classification": "residential", "maxspeed_int": null}, "geometry": {"type": "LineString", "coordinates": [[-71.07033, 42.399276], [-71.070042, 42.399526], [-71.069205, 42.398971], [-71.069463, 42.39872]]}}, {"type": "Feature", "properties": {"name": null, "separation_level": "none", "street_classification": "residential", "maxspeed_int": null}, "geometry": {"type": "LineString", "coordinates": [[-71.07033, 42.399276], [-71.07018, 42.399407], [-71.069324, 42.398855], [-71.069463, 42.39872]]}}, {"type": "Feature", "properties": {"name": null, "separation_level": "none", "street_classification": "residential", "maxspeed_int": null}, "geometry": {"type": "LineString", "coordinates": [[-71.07033, 42.399276], [-71.070625, 42.399019], [-71.069726, 42.398463], [-71.069463, 42.39872]]}}, {"type": "Feature", "properties": {"name": null, "separation_level": "none", "street_classification": "residential", "maxspeed_int": null}, "geometry": {"type": "LineString", "coordinates": [[-71.07033, 42.399276], [-71.070472, 42.399152], [-71.069592, 42.398594], [-71.069463, 42.39872]]}}, {"type": "Feature", "properties": {"name": null, "separation_level": "none", "street_classification": "residential", "maxspeed_int": null}, "geometry": {"type": "LineString", "coordinates": [[-71.07033, 42.399276], [-71.070315, 42.399289], [-71.069452, 42.398731], [-71.069463, 42.39872]]}}, {"type": "Feature", "properties": {"name": null, "separation_level": "none", "street_classification": "residential", "maxspeed_int": null}, "geometry": {"type": "LineString", "coordinates": [[-71.07033, 42.399276], [-71.070042, 42.399526], [-71.06987, 42.399639], [-71.069849, 42.399657], [-71.068997, 42.400376]]}}, {"type": "Feature", "properties": {"name": null, "separation_level": "none", "street_classification": "residential", "maxspeed_int": null}, "geometry": {"type": "LineString", "coordinates": [[-71.07033, 42.399276], [-71.070625, 42.399019], [-71.070785, 42.39888]]}}, {"type": "Feature", "properties": {"name": null, "separation_level": "none", "street_classification": "residential", "maxspeed_int": null}, "geometry": {"type": "LineString", "coordinates": [[-71.070965, 42.399845], [-71.070873, 42.399792], [-71.071829, 42.398979], [-71.071919, 42.399036]]}}, {"type": "Feature", "properties": {"name": null, "separation_level": "none", "street_classification": "residential", "maxspeed_int": null}, "geometry": {"type": "LineString", "coordinates": [[-71.070965, 42.399845], [-71.070684, 42.39968], [-71.071652, 42.398862], [-71.071919, 42.399036]]}}, {"type": "Feature", "properties": {"name": null, "separation_level": "none", "street_classification": "residential", "maxspeed_int": null}, "geometry": {"type": "LineString", "coordinates": [[-71.070965, 42.399845], [-71.070532, 42.399582], [-71.071492, 42.398756], [-71.071919, 42.399036]]}}, {"type": "Feature", "properties": {"name": null, "separation_level": "none", "street_classification": "residential", "maxspeed_int": null}, "geometry": {"type": "LineString", "coordinates": [[-71.070965, 42.399845], [-71.071062, 42.3999], [-71.071997, 42.399093], [-71.071919, 42.399036]]}}, {"type": "Feature", "properties": {"name": null, "separation_level": "none", "street_classification": "residential", "maxspeed_int": null}, "geometry": {"type": "LineString", "coordinates": [[-71.070965, 42.399845], [-71.071234, 42.400003], [-71.072175, 42.399201], [-71.071919, 42.399036]]}}, {"type": "Feature", "properties": {"name": null, "separation_level": "none", "street_classification": "residential", "maxspeed_int": null}, "geometry": {"type": "LineString", "coordinates": [[-71.070965, 42.399845], [-71.071394, 42.400109], [-71.072355, 42.399318], [-71.071919, 42.399036]]}}, {"type": "Feature", "properties": {"name": null, "separation_level": "none", "street_classification": "residential", "maxspeed_int": null}, "geometry": {"type": "LineString", "coordinates": [[-71.070965, 42.399845], [-71.071394, 42.400109], [-71.07157, 42.400224], [-71.072497, 42.399422], [-71.072355, 42.399318], [-71.071919, 42.399036]]}}, {"type": "Feature", "properties": {"name": null, "separation_level": "none", "street_classification": "residential", "maxspeed_int": null}, "geometry": {"type": "LineString", "coordinates": [[-71.070965, 42.399845], [-71.070532, 42.399582], [-71.070352, 42.399478], [-71.071304, 42.398632], [-71.071243, 42.398511]]}}, {"type": "Feature", "properties": {"name": "Chelsea Street", "separation_level": "lane", "street_classification": "medium-capacity", "maxspeed_int": null}, "geometry": {"type": "LineString", "coordinates": [[-71.05014, 42.404584], [-71.050405, 42.404654], [-71.050473, 42.404675]]}}, {"type": "Feature", "properties": {"name": "Chelsea Street", "separation_level": "lane", "street_classification": "medium-capacity", "maxspeed_int": null}, "geometry": {"type": "LineString", "coordinates": [[-71.05014, 42.404584], [-71.049971, 42.404539], [-71.049758, 42.404483]]}}, {"type": "Feature", "properties": {"name": "Buell Street", "separation_level": "none", "street_classification": "residential", "maxspeed_int": 20.0}, "geometry": {"type": "LineString", "coordinates": [[-71.05014, 42.404584], [-71.050174, 42.404519], [-71.050186, 42.404493], [-71.050196, 42.404469], [-71.050203, 42.404447], [-71.050207, 42.404422], [-71.05021, 42.404394], [-71.050226, 42.403968], [-71.05023, 42.403872]]}}, {"type": "Feature", "properties": {"name": "Chelsea Street", "separation_level": "lane", "street_classification": "medium-capacity", "maxspeed_int": null}, "geometry": {"type": "LineString", "coordinates": [[-71.050473, 42.404675], [-71.05054, 42.404695], [-71.050888, 42.404799], [-71.051029, 42.404855]]}}, {"type": "Feature", "properties": {"name": "Chelsea Street", "separation_level": "lane", "street_classification": "medium-capacity", "maxspeed_int": null}, "geometry": {"type": "LineString", "coordinates": [[-71.049758, 42.404483], [-71.04969, 42.404465], [-71.049211, 42.404337], [-71.049146, 42.404321]]}}, {"type": "Feature", "properties": {"name": null, "separation_level": "none", "street_classification": "residential", "maxspeed_int": null}, "geometry": {"type": "LineString", "coordinates": [[-71.05023, 42.403872], [-71.050226, 42.403968], [-71.050313, 42.40397], [-71.050491, 42.403974], [-71.050503, 42.403794]]}}, {"type": "Feature", "properties": {"name": null, "separation_level": "none", "street_classification": "residential", "maxspeed_int": null}, "geometry": {"type": "LineString", "coordinates": [[-71.05023, 42.403872], [-71.050233, 42.40379], [-71.050323, 42.403791], [-71.050503, 42.403794]]}}, {"type": "Feature", "properties": {"name": null, "separation_level": "none", "street_classification": "residential", "maxspeed_int": null}, "geometry": {"type": "LineString", "coordinates": [[-71.05023, 42.403872], [-71.050234, 42.403778], [-71.050233, 42.403749], [-71.050229, 42.403722], [-71.050219, 42.403674], [-71.050214, 42.403639], [-71.050214, 42.403606], [-71.050217, 42.403576], [-71.050224, 42.40354], [-71.050245, 42.403448], [-71.050246, 42.403276]]}}, {"type": "Feature", "properties": {"name": "Chelsea Street", "separation_level": "lane", "street_classification": "medium-capacity", "maxspeed_int": null}, "geometry": {"type": "LineString", "coordinates": [[-71.051029, 42.404855], [-71.051407, 42.40501], [-71.051833, 42.405181]]}}, {"type": "Feature", "properties": {"name": "Clinton Street", "separation_level": "none", "street_classification": "residential", "maxspeed_int": 20.0}, "geometry": {"type": "LineString", "coordinates": [[-71.051029, 42.404855], [-71.051025, 42.404941], [-71.051023, 42.404964], [-71.050981, 42.405377]]}}, {"type": "Feature", "properties": {"name": "Winter Street", "separation_level": "none", "street_classification": "residential", "maxspeed_int": 20.0}, "geometry": {"type": "LineString", "coordinates": [[-71.051029, 42.404855], [-71.051038, 42.404778], [-71.051038, 42.404738], [-71.051143, 42.403401], [-71.051145, 42.403376]]}}, {"type": "Feature", "properties": {"name": "Chelsea Street", "separation_level": "lane", "street_classification": "medium-capacity", "maxspeed_int": null}, "geometry": {"type": "LineString", "coordinates": [[-71.049146, 42.404321], [-71.048897, 42.404258], [-71.048815, 42.404251]]}}, {"type": "Feature", "properties": {"name": null, "separation_level": "none", "street_classification": "residential", "maxspeed_int": null}, "geometry": {"type": "LineString", "coordinates": [[-71.050246, 42.403276], [-71.050319, 42.403118], [-71.050354, 42.402965], [-71.05037, 42.402894]]}}, {"type": "Feature", "properties": {"name": "Gledhill Avenue", "separation_level": "none", "street_classification": "medium-capacity", "maxspeed_int": null}, "geometry": {"type": "LineString", "coordinates": [[-71.045625, 42.41635], [-71.04568, 42.416391], [-71.04577, 42.416462], [-71.04595, 42.41656], [-71.046269, 42.416747], [-71.046314, 42.416774], [-71.046331, 42.416785]]}}, {"type": "Feature", "properties": {"name": "Wilbur Street", "separation_level": "none", "street_classification": "residential", "maxspeed_int": 20.0}, "geometry": {"type": "LineString", "coordinates": [[-71.045625, 42.41635], [-71.04556, 42.416395], [-71.045537, 42.416412], [-71.045327, 42.416534], [-71.045101, 42.416708], [-71.044788, 42.4169]]}}, {"type": "Feature", "properties": {"name": "Coburn Terrace", "separation_level": "none", "street_classification": "residential", "maxspeed_int": 20.0}, "geometry": {"type": "LineString", "coordinates": [[-71.04619, 42.415031], [-71.046125, 42.415083], [-71.04608, 42.415051], [-71.046056, 42.415034], [-71.045849, 42.414896]]}}, {"type": "Feature", "properties": {"name": "Coburn Terrace", "separation_level": "none", "street_classification": "residential", "maxspeed_int": 20.0}, "geometry": {"type": "LineString", "coordinates": [[-71.04619, 42.415031], [-71.046125, 42.415083], [-71.046173, 42.415118], [-71.046195, 42.415136], [-71.046449, 42.41532], [-71.046633, 42.415464], [-71.046725, 42.415535]]}}, {"type": "Feature", "properties": {"name": "Sycamore Street", "separation_level": "none", "street_classification": "residential", "maxspeed_int": 20.0}, "geometry": {"type": "LineString", "coordinates": [[-71.04619, 42.415031], [-71.046254, 42.41498], [-71.046619, 42.414684], [-71.046839, 42.414852]]}}, {"type": "Feature", "properties": {"name": null, "separation_level": "none", "street_classification": "residential", "maxspeed_int": null}, "geometry": {"type": "LineString", "coordinates": [[-71.04619, 42.415031], [-71.046254, 42.41498], [-71.046106, 42.414873], [-71.046405, 42.414618], [-71.046465, 42.41458], [-71.046839, 42.414852]]}}, {"type": "Feature", "properties": {"name": "Grand Army Avenue", "separation_level": "none", "street_classification": "dedicated_path", "maxspeed_int": null}, "geometry": {"type": "LineString", "coordinates": [[-71.030538, 42.421954], [-71.030584, 42.421953], [-71.030676, 42.421967], [-71.030763, 42.421998], [-71.030826, 42.422015], [-71.030885, 42.422052], [-71.030937, 42.42211], [-71.03096, 42.422158], [-71.03097, 42.422226], [-71.030988, 42.422274], [-71.030994, 42.422309], [-71.031003, 42.422373]]}}, {"type": "Feature", "properties": {"name": "Evergreen Mayflower Avenue", "separation_level": "none", "street_classification": "residential", "maxspeed_int": null}, "geometry": {"type": "LineString", "coordinates": [[-71.030538, 42.421954], [-71.030399, 42.422105], [-71.030341, 42.422201]]}}, {"type": "Feature", "properties": {"name": "Mount Vernon Avenue", "separation_level": "none", "street_classification": "residential", "maxspeed_int": null}, "geometry": {"type": "LineString", "coordinates": [[-71.031003, 42.422373], [-71.030507, 42.422442], [-71.030352, 42.422458], [-71.030299, 42.42246], [-71.030274, 42.422441], [-71.030269, 42.4224], [-71.0303, 42.422318], [-71.030341, 42.422201]]}}, {"type": "Feature", "properties": {"name": "Freeman Avenue", "separation_level": "none", "street_classification": "residential", "maxspeed_int": 20.0}, "geometry": {"type": "LineString", "coordinates": [[-71.03884, 42.41616], [-71.037681, 42.415387], [-71.037668, 42.415378], [-71.037655, 42.415368], [-71.037643, 42.415358], [-71.037632, 42.415348], [-71.03652, 42.414341], [-71.036427, 42.414258]]}}, {"type": "Feature", "properties": {"name": "Abbott Avenue", "separation_level": "none", "street_classification": "residential", "maxspeed_int": 20.0}, "geometry": {"type": "LineString", "coordinates": [[-71.03884, 42.41616], [-71.038781, 42.416208], [-71.038288, 42.416606]]}}, {"type": "Feature", "properties": {"name": "Elm Street", "separation_level": "none", "street_classification": "medium-capacity", "maxspeed_int": null}, "geometry": {"type": "LineString", "coordinates": [[-71.036427, 42.414258], [-71.036237, 42.414389]]}}, {"type": "Feature", "properties": {"name": "Elm Street", "separation_level": "none", "street_classification": "medium-capacity", "maxspeed_int": null}, "geometry": {"type": "LineString", "coordinates": [[-71.036427, 42.414258], [-71.036505, 42.41421], [-71.036591, 42.414162], [-71.036697, 42.414108], [-71.036794, 42.414064], [-71.036866, 42.414034], [-71.036932, 42.414007], [-71.037027, 42.413972]]}}, {"type": "Feature", "properties": {"name": "Abbott Avenue", "separation_level": "none", "street_classification": "residential", "maxspeed_int": 20.0}, "geometry": {"type": "LineString", "coordinates": [[-71.038288, 42.416606], [-71.037035, 42.41576], [-71.037023, 42.415752], [-71.037012, 42.415743], [-71.037001, 42.415734], [-71.03699, 42.415725], [-71.035912, 42.414741], [-71.03589, 42.414721], [-71.035831, 42.414667]]}}, {"type": "Feature", "properties": {"name": "Elm Street", "separation_level": "none", "street_classification": "medium-capacity", "maxspeed_int": null}, "geometry": {"type": "LineString", "coordinates": [[-71.036237, 42.414389], [-71.035905, 42.414616], [-71.035831, 42.414667]]}}, {"type": "Feature", "properties": {"name": "Winthrop Road", "separation_level": "none", "street_classification": "residential", "maxspeed_int": 20.0}, "geometry": {"type": "LineString", "coordinates": [[-71.036237, 42.414389], [-71.03615, 42.414322], [-71.035649, 42.413975], [-71.035304, 42.413739], [-71.034885, 42.413458], [-71.034513, 42.413203]]}}, {"type": "Feature", "properties": {"name": "Adams Avenue", "separation_level": "none", "street_classification": "residential", "maxspeed_int": 20.0}, "geometry": {"type": "LineString", "coordinates": [[-71.037027, 42.413972], [-71.037122, 42.413937], [-71.037186, 42.414003], [-71.038311, 42.415025], [-71.038323, 42.415035], [-71.038335, 42.415045], [-71.038347, 42.415054], [-71.03836, 42.415063], [-71.039124, 42.415564], [-71.039189, 42.415606]]}}, {"type": "Feature", "properties": {"name": "Elm Street", "separation_level": "none", "street_classification": "medium-capacity", "maxspeed_int": null}, "geometry": {"type": "LineString", "coordinates": [[-71.037027, 42.413972], [-71.037122, 42.413937], [-71.03724, 42.413901], [-71.037315, 42.413881], [-71.037397, 42.413861], [-71.037493, 42.413841], [-71.037549, 42.41383], [-71.037608, 42.413819], [-71.037687, 42.413805], [-71.037761, 42.413794], [-71.03787, 42.413779]]}}, {"type": "Feature", "properties": {"name": "Englewood Avenue", "separation_level": "none", "street_classification": "residential", "maxspeed_int": 20.0}, "geometry": {"type": "LineString", "coordinates": [[-71.037027, 42.413972], [-71.036932, 42.414007], [-71.035172, 42.412806], [-71.035103, 42.412759], [-71.035032, 42.412714], [-71.034961, 42.41267], [-71.034633, 42.41247], [-71.034547, 42.412418]]}}, {"type": "Feature", "properties": {"name": "Elm Street", "separation_level": "none", "street_classification": "medium-capacity", "maxspeed_int": null}, "geometry": {"type": "LineString", "coordinates": [[-71.035831, 42.414667], [-71.035558, 42.414857]]}}, {"type": "Feature", "properties": {"name": "Bradford Street", "separation_level": "none", "street_classification": "residential", "maxspeed_int": 20.0}, "geometry": {"type": "LineString", "coordinates": [[-71.059844, 42.414448], [-71.059814, 42.414482], [-71.059524, 42.414792], [-71.059508, 42.414809]]}}, {"type": "Feature", "properties": {"name": "Bradford Street", "separation_level": "none", "street_classification": "residential", "maxspeed_int": 20.0}, "geometry": {"type": "LineString", "coordinates": [[-71.059844, 42.414448], [-71.059873, 42.414415], [-71.06017, 42.414081], [-71.060505, 42.413782]]}}, {"type": "Feature", "properties": {"name": "Bradford Street", "separation_level": "none", "street_classification": "residential", "maxspeed_int": 20.0}, "geometry": {"type": "LineString", "coordinates": [[-71.059508, 42.414809], [-71.059136, 42.415194], [-71.058776, 42.415617]]}}, {"type": "Feature", "properties": {"name": "Bradford Street", "separation_level": "none", "street_classification": "residential", "maxspeed_int": 20.0}, "geometry": {"type": "LineString", "coordinates": [[-71.060505, 42.413782], [-71.061013, 42.413701], [-71.061247, 42.413524]]}}, {"type": "Feature", "properties": {"name": "Kinsman Street", "separation_level": "none", "street_classification": "residential", "maxspeed_int": 20.0}, "geometry": {"type": "LineString", "coordinates": [[-71.060505, 42.413782], [-71.060163, 42.413441], [-71.060094, 42.413359]]}}, {"type": "Feature", "properties": {"name": "Kinsman Street", "separation_level": "none", "street_classification": "residential", "maxspeed_int": 20.0}, "geometry": {"type": "LineString", "coordinates": [[-71.060505, 42.413782], [-71.060771, 42.414109], [-71.061027, 42.41446], [-71.061051, 42.414491]]}}, {"type": "Feature", "properties": {"name": "Shute Street", "separation_level": "none", "street_classification": "medium-capacity", "maxspeed_int": 25.0}, "geometry": {"type": "LineString", "coordinates": [[-71.049342, 42.417107], [-71.049256, 42.417191], [-71.049234, 42.417214], [-71.04917, 42.417288], [-71.049144, 42.417319], [-71.049047, 42.417432], [-71.048958, 42.417548], [-71.048878, 42.417641], [-71.048856, 42.417668]]}}, {"type": "Feature", "properties": {"name": "Ferry Street", "separation_level": "none", "street_classification": "medium-capacity", "maxspeed_int": null}, "geometry": {"type": "LineString", "coordinates": [[-71.049342, 42.417107], [-71.049272, 42.416994], [-71.049254, 42.416958], [-71.049134, 42.416715], [-71.048984, 42.416633]]}}, {"type": "Feature", "properties": {"name": "Ferry Street", "separation_level": "none", "street_classification": "medium-capacity", "maxspeed_int": null}, "geometry": {"type": "LineString", "coordinates": [[-71.049342, 42.417107], [-71.049386, 42.417163], [-71.049422, 42.417208], [-71.049443, 42.417234], [-71.049482, 42.417283], [-71.049546, 42.417348]]}}, {"type": "Feature", "properties": {"name": "Shute Street", "separation_level": "none", "street_classification": "medium-capacity", "maxspeed_int": 25.0}, "geometry": {"type": "LineString", "coordinates": [[-71.048856, 42.417668], [-71.048835, 42.417694], [-71.048756, 42.41779], [-71.048694, 42.417872], [-71.048644, 42.417925]]}}, {"type": "Feature", "properties": {"name": null, "separation_level": "none", "street_classification": "dedicated_path", "maxspeed_int": null}, "geometry": {"type": "LineString", "coordinates": [[-71.048984, 42.416633], [-71.0489, 42.416623], [-71.04889, 42.416637], [-71.048864, 42.416662], [-71.048837, 42.41668], [-71.04879, 42.416703], [-71.04876, 42.416719], [-71.048701, 42.416765], [-71.048659, 42.416782], [-71.048594, 42.416812]]}}, {"type": "Feature", "properties": {"name": "Ferry Street", "separation_level": "none", "street_classification": "medium-capacity", "maxspeed_int": null}, "geometry": {"type": "LineString", "coordinates": [[-71.049546, 42.417348], [-71.04961, 42.417414], [-71.049765, 42.417553], [-71.049992, 42.417725]]}}, {"type": "Feature", "properties": {"name": null, "separation_level": "none", "street_classification": "residential", "maxspeed_int": null}, "geometry": {"type": "LineString", "coordinates": [[-71.049546, 42.417348], [-71.04961, 42.417414], [-71.049672, 42.417372], [-71.049782, 42.417293], [-71.049798, 42.417276], [-71.049791, 42.417269], [-71.049745, 42.417226]]}}, {"type": "Feature", "properties": {"name": "Shute Street", "separation_level": "none", "street_classification": "medium-capacity", "maxspeed_int": 25.0}, "geometry": {"type": "LineString", "coordinates": [[-71.048644, 42.417925], [-71.048508, 42.418047], [-71.04847, 42.418076]]}}, {"type": "Feature", "properties": {"name": "Glendale Place", "separation_level": "none", "street_classification": "residential", "maxspeed_int": null}, "geometry": {"type": "LineString", "coordinates": [[-71.048594, 42.416812], [-71.048621, 42.416846], [-71.048824, 42.416789], [-71.049015, 42.416744], [-71.048984, 42.416633]]}}, {"type": "Feature", "properties": {"name": "Ferry Street", "separation_level": "none", "street_classification": "medium-capacity", "maxspeed_int": null}, "geometry": {"type": "LineString", "coordinates": [[-71.049992, 42.417725], [-71.050296, 42.417903]]}}, {"type": "Feature", "properties": {"name": "Vernal Street", "separation_level": "none", "street_classification": "residential", "maxspeed_int": 20.0}, "geometry": {"type": "LineString", "coordinates": [[-71.049992, 42.417725], [-71.050047, 42.417681], [-71.050334, 42.417458]]}}, {"type": "Feature", "properties": {"name": null, "separation_level": "none", "street_classification": "residential", "maxspeed_int": null}, "geometry": {"type": "LineString", "coordinates": [[-71.049745, 42.417226], [-71.049698, 42.417182], [-71.049688, 42.417173], [-71.049553, 42.417244], [-71.049482, 42.417283], [-71.049546, 42.417348]]}}, {"type": "Feature", "properties": {"name": "Central Avenue", "separation_level": "none", "street_classification": "medium-capacity", "maxspeed_int": null}, "geometry": {"type": "LineString", "coordinates": [[-71.055523, 42.41522], [-71.055255, 42.415409]]}}, {"type": "Feature", "properties": {"name": "Central Avenue", "separation_level": "none", "street_classification": "medium-capacity", "maxspeed_int": null}, "geometry": {"type": "LineString", "coordinates": [[-71.055255, 42.415409], [-71.054838, 42.415751]]}}, {"type": "Feature", "properties": {"name": "Hoyt Street", "separation_level": "none", "street_classification": "residential", "maxspeed_int": 20.0}, "geometry": {"type": "LineString", "coordinates": [[-71.039272, 42.405857], [-71.039297, 42.405819], [-71.039632, 42.40531]]}}, {"type": "Feature", "properties": {"name": "Hamilton Street", "separation_level": "none", "street_classification": "residential", "maxspeed_int": 20.0}, "geometry": {"type": "LineString", "coordinates": [[-71.039272, 42.405857], [-71.039395, 42.405899], [-71.039585, 42.405963], [-71.039782, 42.40603]]}}, {"type": "Feature", "properties": {"name": "Silver Road", "separation_level": "none", "street_classification": "residential", "maxspeed_int": 20.0}, "geometry": {"type": "LineString", "coordinates": [[-71.039632, 42.40531], [-71.03903, 42.405099], [-71.038939, 42.405068]]}}, {"type": "Feature", "properties": {"name": "Hamilton Street", "separation_level": "none", "street_classification": "residential", "maxspeed_int": 20.0}, "geometry": {"type": "LineString", "coordinates": [[-71.039782, 42.40603], [-71.039935, 42.406082], [-71.040255, 42.406191], [-71.040289, 42.406203], [-71.04041, 42.406245]]}}, {"type": "Feature", "properties": {"name": "Tyler Street", "separation_level": "none", "street_classification": "dedicated_path", "maxspeed_int": null}, "geometry": {"type": "LineString", "coordinates": [[-71.039782, 42.40603], [-71.039806, 42.405991], [-71.040167, 42.405413], [-71.040178, 42.405365], [-71.040188, 42.405323], [-71.040187, 42.40529]]}}, {"type": "Feature", "properties": {"name": "Silver Road", "separation_level": "none", "street_classification": "residential", "maxspeed_int": 20.0}, "geometry": {"type": "LineString", "coordinates": [[-71.038939, 42.405068], [-71.039399, 42.40441], [-71.039414, 42.404389], [-71.039463, 42.404321]]}}, {"type": "Feature", "properties": {"name": "Malden Street", "separation_level": "none", "street_classification": "medium-capacity", "maxspeed_int": null}, "geometry": {"type": "LineString", "coordinates": [[-71.04041, 42.406245], [-71.040293, 42.406535]]}}, {"type": "Feature", "properties": {"name": null, "separation_level": "none", "street_classification": "dedicated_path", "maxspeed_int": null}, "geometry": {"type": "LineString", "coordinates": [[-71.040187, 42.40529], [-71.040242, 42.405268], [-71.040286, 42.405235], [-71.040316, 42.405195], [-71.040331, 42.40515], [-71.040328, 42.405104], [-71.040309, 42.405061], [-71.040275, 42.405022], [-71.040227, 42.404992], [-71.040179, 42.404976], [-71.040184, 42.40494]]}}, {"type": "Feature", "properties": {"name": null, "separation_level": "none", "street_classification": "dedicated_path", "maxspeed_int": null}, "geometry": {"type": "LineString", "coordinates": [[-71.040187, 42.40529], [-71.040127, 42.405301], [-71.040065, 42.405299], [-71.040005, 42.405285], [-71.039958, 42.405262], [-71.039919, 42.405232], [-71.039905, 42.405212]]}}, {"type": "Feature", "properties": {"name": "Norwood Street", "separation_level": "none", "street_classification": "medium-capacity", "maxspeed_int": null}, "geometry": {"type": "LineString", "coordinates": [[-71.055996, 42.407182], [-71.055912, 42.407158], [-71.055686, 42.407082], [-71.055666, 42.407076], [-71.055654, 42.407071], [-71.055593, 42.407057], [-71.055532, 42.407042]]}}, {"type": "Feature", "properties": {"name": null, "separation_level": "none", "street_classification": "residential", "maxspeed_int": null}, "geometry": {"type": "LineString", "coordinates": [[-71.055996, 42.407182], [-71.055912, 42.407158], [-71.055884, 42.40721], [-71.055728, 42.407498], [-71.05591, 42.407539], [-71.055937, 42.407591]]}}, {"type": "Feature", "properties": {"name": "Chelsea Street", "separation_level": "lane", "street_classification": "medium-capacity", "maxspeed_int": null}, "geometry": {"type": "LineString", "coordinates": [[-71.055532, 42.407042], [-71.055489, 42.407032], [-71.055366, 42.407001], [-71.055345, 42.406996], [-71.055317, 42.406981], [-71.055145, 42.406883], [-71.05485, 42.406719], [-71.054496, 42.40653], [-71.054802, 42.406224]]}}, {"type": "Feature", "properties": {"name": "Broadway", "separation_level": "lane", "street_classification": "medium-capacity", "maxspeed_int": null}, "geometry": {"type": "LineString", "coordinates": [[-71.055532, 42.407042], [-71.055452, 42.407124], [-71.055429, 42.407147], [-71.055138, 42.407458]]}}, {"type": "Feature", "properties": {"name": "Broadway", "separation_level": "share_busway", "street_classification": "medium-capacity", "maxspeed_int": null}, "geometry": {"type": "LineString", "coordinates": [[-71.055532, 42.407042], [-71.055587, 42.406983], [-71.055622, 42.406934], [-71.055648, 42.406905], [-71.055893, 42.406652]]}}, {"type": "Feature", "properties": {"name": null, "separation_level": "none", "street_classification": "residential", "maxspeed_int": null}, "geometry": {"type": "LineString", "coordinates": [[-71.055937, 42.407591], [-71.055964, 42.407644], [-71.056165, 42.407608], [-71.056226, 42.407609], [-71.056299, 42.40764], [-71.056321, 42.407746], [-71.056287, 42.407763], [-71.055969, 42.407813], [-71.055878, 42.407839], [-71.055857, 42.40782]]}}, {"type": "Feature", "properties": {"name": null, "separation_level": "none", "street_classification": "residential", "maxspeed_int": null}, "geometry": {"type": "LineString", "coordinates": [[-71.055937, 42.407591], [-71.055964, 42.407644], [-71.055967, 42.407676], [-71.055836, 42.407801], [-71.055857, 42.40782]]}}, {"type": "Feature", "properties": {"name": null, "separation_level": "none", "street_classification": "residential", "maxspeed_int": null}, "geometry": {"type": "LineString", "coordinates": [[-71.055937, 42.407591], [-71.05591, 42.407539], [-71.05605, 42.407263], [-71.056079, 42.407206], [-71.055996, 42.407182]]}}, {"type": "Feature", "properties": {"name": "Beacham Street", "separation_level": "lane", "street_classification": "medium-capacity", "maxspeed_int": null}, "geometry": {"type": "LineString", "coordinates": [[-71.062084, 42.397146], [-71.062021, 42.397201], [-71.061581, 42.396914], [-71.061439, 42.396825]]}}, {"type": "Feature", "properties": {"name": null, "separation_level": "none", "street_classification": "residential", "maxspeed_int": null}, "geometry": {"type": "LineString", "coordinates": [[-71.062084, 42.397146], [-71.062147, 42.397091], [-71.062131, 42.397018], [-71.062123, 42.396967], [-71.061814, 42.396815], [-71.06159, 42.396843], [-71.061577, 42.396847], [-71.061509, 42.396867], [-71.061439, 42.396825]]}}, {"type": "Feature", "properties": {"name": "Ashland Street", "separation_level": "none", "street_classification": "residential", "maxspeed_int": 20.0}, "geometry": {"type": "LineString", "coordinates": [[-71.062084, 42.397146], [-71.062021, 42.397201], [-71.061972, 42.397243], [-71.061944, 42.397271], [-71.061738, 42.397513]]}}, {"type": "Feature", "properties": {"name": "Beacham Street", "separation_level": "lane", "street_classification": "medium-capacity", "maxspeed_int": null}, "geometry": {"type": "LineString", "coordinates": [[-71.062084, 42.397146], [-71.062021, 42.397201], [-71.062659, 42.397615], [-71.062716, 42.397653]]}}, {"type": "Feature", "properties": {"name": null, "separation_level": "none", "street_classification": "residential", "maxspeed_int": null}, "geometry": {"type": "LineString", "coordinates": [[-71.061439, 42.396825], [-71.061581, 42.396914], [-71.061524, 42.396962], [-71.061488, 42.397001], [-71.061378, 42.397104], [-71.061305, 42.397226], [-71.06164, 42.397454], [-71.061738, 42.397513]]}}, {"type": "Feature", "properties": {"name": "Robin Street", "separation_level": "none", "street_classification": "medium-capacity", "maxspeed_int": null}, "geometry": {"type": "LineString", "coordinates": [[-71.061439, 42.396825], [-71.061425, 42.396812], [-71.061538, 42.39672], [-71.061588, 42.396676], [-71.06181, 42.396468], [-71.061923, 42.396362], [-71.062039, 42.396249], [-71.062053, 42.396236]]}}, {"type": "Feature", "properties": {"name": "Beacham Street", "separation_level": "lane", "street_classification": "medium-capacity", "maxspeed_int": null}, "geometry": {"type": "LineString", "coordinates": [[-71.061439, 42.396825], [-71.061292, 42.396736], [-71.06122, 42.396701], [-71.061035, 42.39662]]}}, {"type": "Feature", "properties": {"name": "Bow Street", "separation_level": "shared_lane", "street_classification": "medium-capacity", "maxspeed_int": null}, "geometry": {"type": "LineString", "coordinates": [[-71.062716, 42.397653], [-71.062658, 42.397683], [-71.062607, 42.397711], [-71.062558, 42.397741], [-71.06251, 42.397773], [-71.062462, 42.397811], [-71.06242, 42.397853], [-71.062378, 42.3979], [-71.062338, 42.397952], [-71.062305, 42.398007], [-71.062071, 42.398422], [-71.062021, 42.398511]]}}, {"type": "Feature", "properties": {"name": "Beacham Street", "separation_level": "shared_lane", "street_classification": "medium-capacity", "maxspeed_int": null}, "geometry": {"type": "LineString", "coordinates": [[-71.062716, 42.397653], [-71.062759, 42.397679], [-71.063231, 42.397966], [-71.063313, 42.398006]]}}, {"type": "Feature", "properties": {"name": "Robin Street", "separation_level": "none", "street_classification": "medium-capacity", "maxspeed_int": null}, "geometry": {"type": "LineString", "coordinates": [[-71.062053, 42.396236], [-71.062252, 42.396044]]}}, {"type": "Feature", "properties": {"name": "Courtland Street", "separation_level": "none", "street_classification": "residential", "maxspeed_int": 20.0}, "geometry": {"type": "LineString", "coordinates": [[-71.062053, 42.396236], [-71.062115, 42.396273], [-71.06303, 42.39679]]}}, {"type": "Feature", "properties": {"name": "Beacham Street", "separation_level": "lane", "street_classification": "medium-capacity", "maxspeed_int": null}, "geometry": {"type": "LineString", "coordinates": [[-71.061035, 42.39662], [-71.060934, 42.396574], [-71.060656, 42.39645]]}}, {"type": "Feature", "properties": {"name": null, "separation_level": "none", "street_classification": "residential", "maxspeed_int": null}, "geometry": {"type": "LineString", "coordinates": [[-71.061035, 42.39662], [-71.060987, 42.396673], [-71.060936, 42.396728], [-71.060891, 42.396739], [-71.06084, 42.396735], [-71.060583, 42.396618], [-71.060571, 42.3966], [-71.060572, 42.39658], [-71.060584, 42.396561], [-71.060622, 42.396502], [-71.060656, 42.39645]]}}, {"type": "Feature", "properties": {"name": "Bow Street", "separation_level": "shared_lane", "street_classification": "medium-capacity", "maxspeed_int": null}, "geometry": {"type": "LineString", "coordinates": [[-71.062021, 42.398511], [-71.061819, 42.398852], [-71.061779, 42.398922]]}}, {"type": "Feature", "properties": {"name": null, "separation_level": "none", "street_classification": "residential", "maxspeed_int": null}, "geometry": {"type": "LineString", "coordinates": [[-71.063313, 42.398006], [-71.063231, 42.397966], [-71.063175, 42.397999], [-71.063133, 42.398003], [-71.063047, 42.397955], [-71.062958, 42.398028]]}}, {"type": "Feature", "properties": {"name": null, "separation_level": "none", "street_classification": "residential", "maxspeed_int": null}, "geometry": {"type": "LineString", "coordinates": [[-71.063313, 42.398006], [-71.063396, 42.398046], [-71.063445, 42.398007], [-71.06354, 42.397918], [-71.06357, 42.397894], [-71.063604, 42.397873]]}}, {"type": "Feature", "properties": {"name": "Beacham Street", "separation_level": "shared_lane", "street_classification": "medium-capacity", "maxspeed_int": null}, "geometry": {"type": "LineString", "coordinates": [[-71.063313, 42.398006], [-71.063396, 42.398046], [-71.063546, 42.398113], [-71.063612, 42.398128], [-71.063675, 42.398151], [-71.063789, 42.398193], [-71.063954, 42.398111]]}}, {"type": "Feature", "properties": {"name": "Valley Street", "separation_level": "none", "street_classification": "medium-capacity", "maxspeed_int": null}, "geometry": {"type": "LineString", "coordinates": [[-71.064761, 42.409408], [-71.064936, 42.409621]]}}, {"type": "Feature", "properties": {"name": "Valley Street", "separation_level": "none", "street_classification": "medium-capacity", "maxspeed_int": null}, "geometry": {"type": "LineString", "coordinates": [[-71.064761, 42.409408], [-71.064329, 42.408901], [-71.064285, 42.40885]]}}, {"type": "Feature", "properties": {"name": "Elton Street", "separation_level": "none", "street_classification": "medium-capacity", "maxspeed_int": null}, "geometry": {"type": "LineString", "coordinates": [[-71.064936, 42.409621], [-71.065596, 42.409322], [-71.065681, 42.409283], [-71.065749, 42.409377], [-71.065875, 42.409544], [-71.06596, 42.40966], [-71.066007, 42.409724]]}}, {"type": "Feature", "properties": {"name": null, "separation_level": "none", "street_classification": "residential", "maxspeed_int": null}, "geometry": {"type": "LineString", "coordinates": [[-71.064285, 42.40885], [-71.064329, 42.408901], [-71.064561, 42.408739], [-71.064684, 42.408692]]}}, {"type": "Feature", "properties": {"name": "Baldwin Avenue", "separation_level": "none", "street_classification": "medium-capacity", "maxspeed_int": null}, "geometry": {"type": "LineString", "coordinates": [[-71.064285, 42.40885], [-71.064241, 42.408798], [-71.063632, 42.408903], [-71.063082, 42.408994]]}}, {"type": "Feature", "properties": {"name": "Valley Street", "separation_level": "none", "street_classification": "residential", "maxspeed_int": 20.0}, "geometry": {"type": "LineString", "coordinates": [[-71.064285, 42.40885], [-71.064241, 42.408798], [-71.064192, 42.408269], [-71.064188, 42.408223]]}}, {"type": "Feature", "properties": {"name": null, "separation_level": "none", "street_classification": "residential", "maxspeed_int": null}, "geometry": {"type": "LineString", "coordinates": [[-71.064684, 42.408692], [-71.064707, 42.408666], [-71.06472, 42.408629], [-71.064728, 42.408576], [-71.064823, 42.408545]]}}, {"type": "Feature", "properties": {"name": null, "separation_level": "none", "street_classification": "residential", "maxspeed_int": null}, "geometry": {"type": "LineString", "coordinates": [[-71.064684, 42.408692], [-71.065128, 42.409128], [-71.065303, 42.409049]]}}, {"type": "Feature", "properties": {"name": "Baldwin Avenue", "separation_level": "none", "street_classification": "medium-capacity", "maxspeed_int": null}, "geometry": {"type": "LineString", "coordinates": [[-71.063082, 42.408994], [-71.062312, 42.40913]]}}, {"type": "Feature", "properties": {"name": "Waters Avenue", "separation_level": "none", "street_classification": "residential", "maxspeed_int": 20.0}, "geometry": {"type": "LineString", "coordinates": [[-71.064188, 42.408223], [-71.063142, 42.408277]]}}, {"type": "Feature", "properties": {"name": "Waters Avenue", "separation_level": "none", "street_classification": "residential", "maxspeed_int": 20.0}, "geometry": {"type": "LineString", "coordinates": [[-71.064188, 42.408223], [-71.064305, 42.408215], [-71.064454, 42.408205]]}}, {"type": "Feature", "properties": {"name": "Ferry Street", "separation_level": "none", "street_classification": "medium-capacity", "maxspeed_int": null}, "geometry": {"type": "LineString", "coordinates": [[-71.048067, 42.415111], [-71.048302, 42.415053], [-71.048269, 42.415016], [-71.04821, 42.414953], [-71.048059, 42.414843], [-71.047984, 42.414795], [-71.047914, 42.414746], [-71.047655, 42.414564], [-71.047356, 42.414524]]}}, {"type": "Feature", "properties": {"name": null, "separation_level": "separate", "street_classification": "dedicated_path", "maxspeed_int": null}, "geometry": {"type": "LineString", "coordinates": [[-71.048067, 42.415111], [-71.048302, 42.415053], [-71.048228, 42.414932], [-71.048204, 42.414892], [-71.047882, 42.414616], [-71.047728, 42.414502], [-71.047356, 42.414524]]}}, {"type": "Feature", "properties": {"name": null, "separation_level": "separate", "street_classification": "dedicated_path", "maxspeed_int": null}, "geometry": {"type": "LineString", "coordinates": [[-71.048067, 42.415111], [-71.047914, 42.414982], [-71.047533, 42.414652], [-71.047356, 42.414524]]}}, {"type": "Feature", "properties": {"name": "Burditt Lane", "separation_level": "none", "street_classification": "dedicated_path", "maxspeed_int": null}, "geometry": {"type": "LineString", "coordinates": [[-71.048067, 42.415111], [-71.047914, 42.414982], [-71.047603, 42.415261], [-71.047584, 42.415272], [-71.047355, 42.415452], [-71.047176, 42.415583], [-71.047054, 42.415702], [-71.047007, 42.415745], [-71.047044, 42.415839]]}}, {"type": "Feature", "properties": {"name": "Ferry Street", "separation_level": "none", "street_classification": "medium-capacity", "maxspeed_int": null}, "geometry": {"type": "LineString", "coordinates": [[-71.048067, 42.415111], [-71.048218, 42.415151], [-71.048248, 42.415182], [-71.048328, 42.415266], [-71.048339, 42.415275], [-71.048345, 42.41528], [-71.048448, 42.415368], [-71.048505, 42.415406], [-71.048522, 42.415418]]}}, {"type": "Feature", "properties": {"name": "Broadway", "separation_level": "lane", "street_classification": "medium-capacity", "maxspeed_int": null}, "geometry": {"type": "LineString", "coordinates": [[-71.048067, 42.415111], [-71.048104, 42.415285], [-71.048075, 42.41532], [-71.047962, 42.415458], [-71.047822, 42.415412]]}}, {"type": "Feature", "properties": {"name": null, "separation_level": "none", "street_classification": "residential", "maxspeed_int": null}, "geometry": {"type": "LineString", "coordinates": [[-71.048067, 42.415111], [-71.047895, 42.415221], [-71.047855, 42.415213], [-71.047842, 42.415211], [-71.047828, 42.415212], [-71.047819, 42.415217], [-71.047684, 42.415334], [-71.047822, 42.415412]]}}, {"type": "Feature", "properties": {"name": null, "separation_level": "none", "street_classification": "residential", "maxspeed_int": null}, "geometry": {"type": "LineString", "coordinates": [[-71.048067, 42.415111], [-71.047906, 42.415224], [-71.04787, 42.41526], [-71.047794, 42.415358], [-71.047787, 42.415384], [-71.047822, 42.415412]]}}, {"type": "Feature", "properties": {"name": null, "separation_level": "none", "street_classification": "residential", "maxspeed_int": null}, "geometry": {"type": "LineString", "coordinates": [[-71.048067, 42.415111], [-71.047953, 42.415237], [-71.04792, 42.415279], [-71.047852, 42.415369], [-71.047828, 42.415403], [-71.047822, 42.415412]]}}, {"type": "Feature", "properties": {"name": "Ferry Street", "separation_level": "none", "street_classification": "medium-capacity", "maxspeed_int": null}, "geometry": {"type": "LineString", "coordinates": [[-71.047356, 42.414524], [-71.047582, 42.414617], [-71.047616, 42.414649], [-71.047785, 42.414778], [-71.047917, 42.414882], [-71.047965, 42.414926], [-71.04797, 42.414931], [-71.048067, 42.415111]]}}, {"type": "Feature", "properties": {"name": "Sycamore Street", "separation_level": "none", "street_classification": "residential", "maxspeed_int": 20.0}, "geometry": {"type": "LineString", "coordinates": [[-71.047356, 42.414524], [-71.046997, 42.414377], [-71.046619, 42.414684], [-71.046839, 42.414852]]}}, {"type": "Feature", "properties": {"name": null, "separation_level": "none", "street_classification": "residential", "maxspeed_int": null}, "geometry": {"type": "LineString", "coordinates": [[-71.047356, 42.414524], [-71.047584, 42.414852], [-71.047213, 42.415138], [-71.046839, 42.414852]]}}, {"type": "Feature", "properties": {"name": null, "separation_level": "none", "street_classification": "residential", "maxspeed_int": null}, "geometry": {"type": "LineString", "coordinates": [[-71.047356, 42.414524], [-71.047584, 42.414852], [-71.047696, 42.414951], [-71.047705, 42.414972], [-71.047707, 42.41499], [-71.047701, 42.415007], [-71.047681, 42.415033], [-71.047396, 42.415245], [-71.047374, 42.415248], [-71.047354, 42.415247], [-71.047336, 42.415241], [-71.047213, 42.415138], [-71.046839, 42.414852]]}}, {"type": "Feature", "properties": {"name": null, "separation_level": "none", "street_classification": "residential", "maxspeed_int": null}, "geometry": {"type": "LineString", "coordinates": [[-71.047356, 42.414524], [-71.047442, 42.414726], [-71.047066, 42.415017], [-71.046839, 42.414852]]}}, {"type": "Feature", "properties": {"name": null, "separation_level": "none", "street_classification": "residential", "maxspeed_int": null}, "geometry": {"type": "LineString", "coordinates": [[-71.047356, 42.414524], [-71.0473, 42.414615], [-71.046911, 42.414901], [-71.046839, 42.414852]]}}, {"type": "Feature", "properties": {"name": null, "separation_level": "none", "street_classification": "residential", "maxspeed_int": null}, "geometry": {"type": "LineString", "coordinates": [[-71.047356, 42.414524], [-71.047139, 42.414488], [-71.046762, 42.41479], [-71.046839, 42.414852]]}}, {"type": "Feature", "properties": {"name": "Gladstone Terrace", "separation_level": "none", "street_classification": "residential", "maxspeed_int": null}, "geometry": {"type": "LineString", "coordinates": [[-71.047044, 42.415839], [-71.047004, 42.415941], [-71.046839, 42.416113], [-71.046692, 42.416324], [-71.046589, 42.416443], [-71.046529, 42.416498], [-71.046345, 42.416737], [-71.046314, 42.416774], [-71.046331, 42.416785]]}}, {"type": "Feature", "properties": {"name": "Coburn Terrace", "separation_level": "none", "street_classification": "residential", "maxspeed_int": 20.0}, "geometry": {"type": "LineString", "coordinates": [[-71.047044, 42.415839], [-71.047007, 42.415745], [-71.046805, 42.415591], [-71.046725, 42.415535]]}}, {"type": "Feature", "properties": {"name": "Coburn Terrace", "separation_level": "none", "street_classification": "residential", "maxspeed_int": null}, "geometry": {"type": "LineString", "coordinates": [[-71.047044, 42.415839], [-71.047127, 42.41582], [-71.047183, 42.415845], [-71.04739, 42.415941], [-71.047425, 42.41596], [-71.047473, 42.415982], [-71.047514, 42.416002]]}}, {"type": "Feature", "properties": {"name": "Broadway", "separation_level": "lane", "street_classification": "medium-capacity", "maxspeed_int": null}, "geometry": {"type": "LineString", "coordinates": [[-71.047822, 42.415412], [-71.047917, 42.415512], [-71.047758, 42.415703], [-71.04775, 42.415713]]}}, {"type": "Feature", "properties": {"name": null, "separation_level": "none", "street_classification": "residential", "maxspeed_int": null}, "geometry": {"type": "LineString", "coordinates": [[-71.047822, 42.415412], [-71.047917, 42.415512], [-71.047961, 42.41553], [-71.048011, 42.415551], [-71.048018, 42.415554], [-71.048037, 42.415564], [-71.048054, 42.415572], [-71.048125, 42.415606]]}}, {"type": "Feature", "properties": {"name": "Clinton Street", "separation_level": "none", "street_classification": "residential", "maxspeed_int": 20.0}, "geometry": {"type": "LineString", "coordinates": [[-71.050863, 42.407243], [-71.0509, 42.406704]]}}, {"type": "Feature", "properties": {"name": "Harris Avenue", "separation_level": "none", "street_classification": "residential", "maxspeed_int": 20.0}, "geometry": {"type": "LineString", "coordinates": [[-71.050863, 42.407243], [-71.051369, 42.407277], [-71.051521, 42.407287], [-71.051856, 42.40731]]}}, {"type": "Feature", "properties": {"name": "Clinton Street", "separation_level": "none", "street_classification": "residential", "maxspeed_int": 20.0}, "geometry": {"type": "LineString", "coordinates": [[-71.050863, 42.407243], [-71.05086, 42.407283], [-71.050832, 42.4078], [-71.050828, 42.407853]]}}, {"type": "Feature", "properties": {"name": "Clinton Street", "separation_level": "none", "street_classification": "residential", "maxspeed_int": 20.0}, "geometry": {"type": "LineString", "coordinates": [[-71.0509, 42.406704], [-71.050948, 42.406125]]}}, {"type": "Feature", "properties": {"name": "Argyle Street", "separation_level": "none", "street_classification": "residential", "maxspeed_int": 20.0}, "geometry": {"type": "LineString", "coordinates": [[-71.051856, 42.40731], [-71.051771, 42.407785], [-71.051756, 42.407851]]}}, {"type": "Feature", "properties": {"name": "Argyle Street", "separation_level": "none", "street_classification": "residential", "maxspeed_int": 20.0}, "geometry": {"type": "LineString", "coordinates": [[-71.051856, 42.40731], [-71.051862, 42.407272], [-71.051927, 42.406871], [-71.051963, 42.406422], [-71.051969, 42.406348]]}}, {"type": "Feature", "properties": {"name": null, "separation_level": "none", "street_classification": "residential", "maxspeed_int": null}, "geometry": {"type": "LineString", "coordinates": [[-71.050828, 42.407853], [-71.051741, 42.407916], [-71.051756, 42.407851]]}}, {"type": "Feature", "properties": {"name": "Clinton Street", "separation_level": "none", "street_classification": "residential", "maxspeed_int": 20.0}, "geometry": {"type": "LineString", "coordinates": [[-71.050828, 42.407853], [-71.050817, 42.408026], [-71.050792, 42.40837]]}}, {"type": "Feature", "properties": {"name": "Clinton Street", "separation_level": "none", "street_classification": "residential", "maxspeed_int": 20.0}, "geometry": {"type": "LineString", "coordinates": [[-71.050948, 42.406125], [-71.050981, 42.405377]]}}, {"type": "Feature", "properties": {"name": "Cottage Street", "separation_level": "none", "street_classification": "medium-capacity", "maxspeed_int": null}, "geometry": {"type": "LineString", "coordinates": [[-71.050948, 42.406125], [-71.05053, 42.406038], [-71.05049, 42.40603], [-71.050086, 42.405948]]}}, {"type": "Feature", "properties": {"name": "Mansfield Street", "separation_level": "none", "street_classification": "residential", "maxspeed_int": 20.0}, "geometry": {"type": "LineString", "coordinates": [[-71.051756, 42.407851], [-71.051771, 42.407785], [-71.052586, 42.407725]]}}, {"type": "Feature", "properties": {"name": "Argyle Street", "separation_level": "none", "street_classification": "residential", "maxspeed_int": 20.0}, "geometry": {"type": "LineString", "coordinates": [[-71.051756, 42.407851], [-71.051741, 42.407916], [-71.051619, 42.408444]]}}, {"type": "Feature", "properties": {"name": "Cottage Street", "separation_level": "none", "street_classification": "medium-capacity", "maxspeed_int": null}, "geometry": {"type": "LineString", "coordinates": [[-71.051969, 42.406348], [-71.051069, 42.406152], [-71.050948, 42.406125]]}}, {"type": "Feature", "properties": {"name": "Hampshire Street", "separation_level": "none", "street_classification": "residential", "maxspeed_int": 20.0}, "geometry": {"type": "LineString", "coordinates": [[-71.050792, 42.40837], [-71.050761, 42.408588]]}}, {"type": "Feature", "properties": {"name": "Summer Street", "separation_level": "none", "street_classification": "medium-capacity", "maxspeed_int": null}, "geometry": {"type": "LineString", "coordinates": [[-71.050792, 42.40837], [-71.051619, 42.408444]]}}, {"type": "Feature", "properties": {"name": "Summer Street", "separation_level": "none", "street_classification": "medium-capacity", "maxspeed_int": null}, "geometry": {"type": "LineString", "coordinates": [[-71.050792, 42.40837], [-71.050514, 42.408344], [-71.049848, 42.40828]]}}, {"type": "Feature", "properties": {"name": "Bryant Street", "separation_level": "none", "street_classification": "medium-capacity", "maxspeed_int": null}, "geometry": {"type": "LineString", "coordinates": [[-71.047524, 42.42043], [-71.047287, 42.420237]]}}, {"type": "Feature", "properties": {"name": "Bryant Street", "separation_level": "none", "street_classification": "medium-capacity", "maxspeed_int": null}, "geometry": {"type": "LineString", "coordinates": [[-71.047524, 42.42043], [-71.047765, 42.42062], [-71.047798, 42.420645], [-71.04784, 42.42068]]}}, {"type": "Feature", "properties": {"name": "Bryant Street", "separation_level": "none", "street_classification": "medium-capacity", "maxspeed_int": null}, "geometry": {"type": "LineString", "coordinates": [[-71.047287, 42.420237], [-71.047082, 42.420071], [-71.046973, 42.419986]]}}, {"type": "Feature", "properties": {"name": "Mohan Street", "separation_level": "none", "street_classification": "residential", "maxspeed_int": 20.0}, "geometry": {"type": "LineString", "coordinates": [[-71.047287, 42.420237], [-71.047345, 42.420192], [-71.048186, 42.419563]]}}, {"type": "Feature", "properties": {"name": "Bryant Street", "separation_level": "none", "street_classification": "medium-capacity", "maxspeed_int": null}, "geometry": {"type": "LineString", "coordinates": [[-71.04784, 42.42068], [-71.047875, 42.420709], [-71.047904, 42.420733], [-71.048408, 42.421134]]}}, {"type": "Feature", "properties": {"name": "Newton Street", "separation_level": "none", "street_classification": "residential", "maxspeed_int": 20.0}, "geometry": {"type": "LineString", "coordinates": [[-71.04784, 42.42068], [-71.047783, 42.420716], [-71.047259, 42.421053], [-71.046947, 42.421264], [-71.046663, 42.421481], [-71.046634, 42.4215], [-71.04658, 42.421534], [-71.046516, 42.421561]]}}, {"type": "Feature", "properties": {"name": "Shute Street", "separation_level": "none", "street_classification": "medium-capacity", "maxspeed_int": 25.0}, "geometry": {"type": "LineString", "coordinates": [[-71.046973, 42.419986], [-71.046939, 42.420088], [-71.046923, 42.420106], [-71.04685, 42.420175], [-71.046724, 42.420273], [-71.046453, 42.420467]]}}, {"type": "Feature", "properties": {"name": "Shute Street", "separation_level": "none", "street_classification": "medium-capacity", "maxspeed_int": 25.0}, "geometry": {"type": "LineString", "coordinates": [[-71.046973, 42.419986], [-71.04696, 42.419843], [-71.04694, 42.419742], [-71.04691, 42.419597], [-71.0469, 42.419528], [-71.046895, 42.419451], [-71.046899, 42.419353], [-71.04692, 42.419255], [-71.04693, 42.41921]]}}, {"type": "Feature", "properties": {"name": "Dunster Road", "separation_level": "none", "street_classification": "residential", "maxspeed_int": 20.0}, "geometry": {"type": "LineString", "coordinates": [[-71.046973, 42.419986], [-71.046882, 42.419929], [-71.046804, 42.419904], [-71.046631, 42.419815], [-71.04506, 42.419075], [-71.045028, 42.419059], [-71.044975, 42.419033], [-71.044938, 42.419014]]}}, {"type": "Feature", "properties": {"name": "Chisholm Street", "separation_level": "none", "street_classification": "residential", "maxspeed_int": 20.0}, "geometry": {"type": "LineString", "coordinates": [[-71.048186, 42.419563], [-71.047216, 42.418922], [-71.047188, 42.418904], [-71.047121, 42.418867]]}}, {"type": "Feature", "properties": {"name": "Mohan Street", "separation_level": "none", "street_classification": "residential", "maxspeed_int": 20.0}, "geometry": {"type": "LineString", "coordinates": [[-71.048186, 42.419563], [-71.048541, 42.419315], [-71.048579, 42.419289], [-71.048637, 42.419243], [-71.04861, 42.419225]]}}, {"type": "Feature", "properties": {"name": "Windsor Street", "separation_level": "none", "street_classification": "residential", "maxspeed_int": 20.0}, "geometry": {"type": "LineString", "coordinates": [[-71.048408, 42.421134], [-71.048353, 42.421174], [-71.04833, 42.421191], [-71.04716, 42.42204], [-71.047135, 42.422059], [-71.047097, 42.422091]]}}, {"type": "Feature", "properties": {"name": "Sammet Street", "separation_level": "none", "street_classification": "residential", "maxspeed_int": 20.0}, "geometry": {"type": "LineString", "coordinates": [[-71.046516, 42.421561], [-71.046241, 42.420753], [-71.046227, 42.420702], [-71.046207, 42.420643]]}}, {"type": "Feature", "properties": {"name": "Sammet Street", "separation_level": "none", "street_classification": "residential", "maxspeed_int": 20.0}, "geometry": {"type": "LineString", "coordinates": [[-71.046516, 42.421561], [-71.046554, 42.421638], [-71.046586, 42.42171], [-71.046638, 42.421767], [-71.047097, 42.422091]]}}, {"type": "Feature", "properties": {"name": "Russell Street", "separation_level": "none", "street_classification": "residential", "maxspeed_int": 20.0}, "geometry": {"type": "LineString", "coordinates": [[-71.040637, 42.415215], [-71.040851, 42.41505], [-71.041025, 42.41491], [-71.041194, 42.414783], [-71.04133, 42.414675], [-71.041404, 42.414614], [-71.041459, 42.41456], [-71.041526, 42.414489], [-71.041587, 42.414402], [-71.041621, 42.414352], [-71.04165, 42.414302], [-71.041686, 42.414234], [-71.041717, 42.414174], [-71.041757, 42.414111], [-71.041802, 42.414052], [-71.04183, 42.414021], [-71.041868, 42.413984], [-71.041916, 42.413939], [-71.041941, 42.413917], [-71.041965, 42.413897], [-71.041993, 42.413877], [-71.042028, 42.413856], [-71.042071, 42.413835]]}}, {"type": "Feature", "properties": {"name": "Russell Street", "separation_level": "none", "street_classification": "medium-capacity", "maxspeed_int": null}, "geometry": {"type": "LineString", "coordinates": [[-71.042071, 42.413835], [-71.042168, 42.413787], [-71.042201, 42.413772], [-71.042247, 42.413749], [-71.042259, 42.413744], [-71.042273, 42.413739], [-71.042286, 42.413736], [-71.042301, 42.413733], [-71.042315, 42.413732], [-71.04233, 42.413732], [-71.042344, 42.413732], [-71.042359, 42.413734], [-71.042884, 42.413821], [-71.042934, 42.413829], [-71.042983, 42.413836], [-71.043016, 42.413836], [-71.043038, 42.413835], [-71.043056, 42.413832], [-71.043075, 42.413828], [-71.043093, 42.413823], [-71.043112, 42.413814], [-71.043129, 42.413806], [-71.043159, 42.413788], [-71.04318, 42.413773], [-71.043187, 42.413768], [-71.043224, 42.413743], [-71.043251, 42.413712]]}}, {"type": "Feature", "properties": {"name": "Gledhill Avenue", "separation_level": "none", "street_classification": "medium-capacity", "maxspeed_int": null}, "geometry": {"type": "LineString", "coordinates": [[-71.042071, 42.413835], [-71.042093, 42.41384], [-71.042121, 42.413851], [-71.042159, 42.413872], [-71.042178, 42.413885], [-71.042801, 42.414302]]}}, {"type": "Feature", "properties": {"name": "Russell Street", "separation_level": "none", "street_classification": "medium-capacity", "maxspeed_int": null}, "geometry": {"type": "LineString", "coordinates": [[-71.043251, 42.413712], [-71.043228, 42.413692], [-71.043211, 42.413674], [-71.043199, 42.413657], [-71.043191, 42.41364], [-71.043183, 42.413616], [-71.043171, 42.413573], [-71.043166, 42.41355], [-71.043161, 42.413513], [-71.043154, 42.413469], [-71.043173, 42.413468]]}}, {"type": "Feature", "properties": {"name": null, "separation_level": "none", "street_classification": "residential", "maxspeed_int": null}, "geometry": {"type": "LineString", "coordinates": [[-71.043251, 42.413712], [-71.043412, 42.41382], [-71.044028, 42.414254], [-71.044064, 42.414305], [-71.044107, 42.414338], [-71.044143, 42.414366], [-71.044488, 42.414608], [-71.044548, 42.414645], [-71.044585, 42.41466], [-71.044619, 42.414664], [-71.044654, 42.414665], [-71.044689, 42.41466], [-71.04472, 42.414647], [-71.044753, 42.414621], [-71.04478, 42.414596], [-71.044796, 42.414567], [-71.044801, 42.414542], [-71.044798, 42.414519], [-71.04479, 42.414498], [-71.044775, 42.414477], [-71.044743, 42.414446], [-71.044335, 42.414158], [-71.043878, 42.413836], [-71.043854, 42.413823], [-71.043826, 42.413812], [-71.043564, 42.413733], [-71.043534, 42.413726], [-71.043502, 42.413723], [-71.043473, 42.413724], [-71.043444, 42.413727], [-71.043415, 42.413732], [-71.043385, 42.413732], [-71.043323, 42.413722], [-71.043251, 42.413712]]}}, {"type": "Feature", "properties": {"name": "Gledhill Avenue", "separation_level": "none", "street_classification": "medium-capacity", "maxspeed_int": null}, "geometry": {"type": "LineString", "coordinates": [[-71.042801, 42.414302], [-71.043538, 42.414812]]}}, {"type": "Feature", "properties": {"name": "Veterans Avenue", "separation_level": "none", "street_classification": "residential", "maxspeed_int": 20.0}, "geometry": {"type": "LineString", "coordinates": [[-71.042801, 42.414302], [-71.042542, 42.414493], [-71.042366, 42.41463], [-71.042175, 42.414776], [-71.042052, 42.414878], [-71.041969, 42.414973], [-71.041937, 42.415074], [-71.041927, 42.415152], [-71.041937, 42.415237], [-71.041979, 42.415333]]}}, {"type": "Feature", "properties": {"name": "Drive B", "separation_level": "none", "street_classification": "residential", "maxspeed_int": 20.0}, "geometry": {"type": "LineString", "coordinates": [[-71.041491, 42.415732], [-71.041533, 42.415652], [-71.041582, 42.415579], [-71.041667, 42.415495], [-71.041752, 42.415431], [-71.041838, 42.415384], [-71.041979, 42.415333]]}}, {"type": "Feature", "properties": {"name": "Mount Vernon Avenue", "separation_level": "none", "street_classification": "residential", "maxspeed_int": null}, "geometry": {"type": "LineString", "coordinates": [[-71.030012, 42.421058], [-71.029928, 42.42104], [-71.030136, 42.420689], [-71.030246, 42.420507], [-71.030331, 42.420448], [-71.03046, 42.420409]]}}, {"type": "Feature", "properties": {"name": "Cottage Street", "separation_level": "none", "street_classification": "medium-capacity", "maxspeed_int": null}, "geometry": {"type": "LineString", "coordinates": [[-71.053491, 42.406726], [-71.053066, 42.406618], [-71.052711, 42.406519]]}}, {"type": "Feature", "properties": {"name": "Cottage Street", "separation_level": "none", "street_classification": "medium-capacity", "maxspeed_int": null}, "geometry": {"type": "LineString", "coordinates": [[-71.052711, 42.406519], [-71.051969, 42.406348]]}}, {"type": "Feature", "properties": {"name": "Plumer Street", "separation_level": "none", "street_classification": "residential", "maxspeed_int": 20.0}, "geometry": {"type": "LineString", "coordinates": [[-71.052711, 42.406519], [-71.052721, 42.406487], [-71.052762, 42.406361], [-71.052801, 42.406309], [-71.053022, 42.406132], [-71.053254, 42.405974], [-71.05328, 42.405957], [-71.05332, 42.405932], [-71.053355, 42.40591]]}}, {"type": "Feature", "properties": {"name": "Plumer Street", "separation_level": "none", "street_classification": "residential", "maxspeed_int": 20.0}, "geometry": {"type": "LineString", "coordinates": [[-71.052711, 42.406519], [-71.052709, 42.406579], [-71.052698, 42.406895], [-71.052681, 42.407093], [-71.052586, 42.407725]]}}, {"type": "Feature", "properties": {"name": "Chelsea Street", "separation_level": "lane", "street_classification": "medium-capacity", "maxspeed_int": null}, "geometry": {"type": "LineString", "coordinates": [[-71.053355, 42.40591], [-71.053225, 42.40584], [-71.053016, 42.40573], [-71.052871, 42.405664], [-71.052825, 42.40564]]}}, {"type": "Feature", "properties": {"name": "Chelsea Street", "separation_level": "lane", "street_classification": "medium-capacity", "maxspeed_int": null}, "geometry": {"type": "LineString", "coordinates": [[-71.053355, 42.40591], [-71.053536, 42.406007], [-71.053926, 42.406217]]}}, {"type": "Feature", "properties": {"name": "Mansfield Street", "separation_level": "none", "street_classification": "residential", "maxspeed_int": 20.0}, "geometry": {"type": "LineString", "coordinates": [[-71.052586, 42.407725], [-71.053424, 42.407645]]}}, {"type": "Feature", "properties": {"name": "Wolcott Street", "separation_level": "none", "street_classification": "residential", "maxspeed_int": 20.0}, "geometry": {"type": "LineString", "coordinates": [[-71.054808, 42.405335], [-71.05487, 42.405272], [-71.055583, 42.404552], [-71.055601, 42.404534], [-71.055671, 42.404484]]}}, {"type": "Feature", "properties": {"name": "Wolcott Street", "separation_level": "none", "street_classification": "residential", "maxspeed_int": 20.0}, "geometry": {"type": "LineString", "coordinates": [[-71.054808, 42.405335], [-71.054748, 42.405394], [-71.054418, 42.405741], [-71.054007, 42.40614], [-71.053986, 42.406159], [-71.053926, 42.406217]]}}, {"type": "Feature", "properties": {"name": "Marlboro Street", "separation_level": "none", "street_classification": "residential", "maxspeed_int": 20.0}, "geometry": {"type": "LineString", "coordinates": [[-71.054808, 42.405335], [-71.054719, 42.405295], [-71.054315, 42.405065], [-71.054287, 42.405049], [-71.054246, 42.405025]]}}, {"type": "Feature", "properties": {"name": "Marlboro Street", "separation_level": "none", "street_classification": "residential", "maxspeed_int": 20.0}, "geometry": {"type": "LineString", "coordinates": [[-71.054808, 42.405335], [-71.054883, 42.405374], [-71.054914, 42.405389], [-71.055291, 42.40559], [-71.055377, 42.405655], [-71.055108, 42.405915], [-71.054802, 42.406224]]}}, {"type": "Feature", "properties": {"name": "Second Street", "separation_level": "none", "street_classification": "medium-capacity", "maxspeed_int": null}, "geometry": {"type": "LineString", "coordinates": [[-71.055671, 42.404484], [-71.055621, 42.404446], [-71.055205, 42.404136], [-71.055165, 42.404106]]}}, {"type": "Feature", "properties": {"name": "Second Street", "separation_level": "none", "street_classification": "medium-capacity", "maxspeed_int": null}, "geometry": {"type": "LineString", "coordinates": [[-71.055671, 42.404484], [-71.056121, 42.404817], [-71.056162, 42.404851]]}}, {"type": "Feature", "properties": {"name": "Chelsea Street", "separation_level": "lane", "street_classification": "medium-capacity", "maxspeed_int": null}, "geometry": {"type": "LineString", "coordinates": [[-71.053926, 42.406217], [-71.054404, 42.40648], [-71.054496, 42.40653], [-71.054802, 42.406224]]}}, {"type": "Feature", "properties": {"name": "Revere Street", "separation_level": "none", "street_classification": "residential", "maxspeed_int": 20.0}, "geometry": {"type": "LineString", "coordinates": [[-71.054246, 42.405025], [-71.054207, 42.405061], [-71.053441, 42.405829], [-71.05342, 42.40585], [-71.053355, 42.40591]]}}, {"type": "Feature", "properties": {"name": "Marlboro Street", "separation_level": "none", "street_classification": "residential", "maxspeed_int": 20.0}, "geometry": {"type": "LineString", "coordinates": [[-71.054246, 42.405025], [-71.054202, 42.405004], [-71.054177, 42.404991], [-71.053779, 42.404773], [-71.053758, 42.404761], [-71.053678, 42.404719], [-71.053652, 42.404743]]}}, {"type": "Feature", "properties": {"name": "Second Street", "separation_level": "none", "street_classification": "medium-capacity", "maxspeed_int": null}, "geometry": {"type": "LineString", "coordinates": [[-71.055165, 42.404106], [-71.055116, 42.404069], [-71.05466, 42.403729]]}}, {"type": "Feature", "properties": {"name": "Revere Street", "separation_level": "none", "street_classification": "residential", "maxspeed_int": 20.0}, "geometry": {"type": "LineString", "coordinates": [[-71.055165, 42.404106], [-71.054292, 42.404977], [-71.054274, 42.404995], [-71.054246, 42.405025]]}}, {"type": "Feature", "properties": {"name": "Lewis Street", "separation_level": "none", "street_classification": "residential", "maxspeed_int": 20.0}, "geometry": {"type": "LineString", "coordinates": [[-71.056162, 42.404851], [-71.056224, 42.404794], [-71.056438, 42.404542]]}}, {"type": "Feature", "properties": {"name": "Second Street", "separation_level": "none", "street_classification": "medium-capacity", "maxspeed_int": null}, "geometry": {"type": "LineString", "coordinates": [[-71.056162, 42.404851], [-71.056829, 42.405337], [-71.056852, 42.405353], [-71.056862, 42.405362], [-71.056961, 42.405447], [-71.056985, 42.405467], [-71.05705, 42.4054]]}}, {"type": "Feature", "properties": {"name": "Cabot Street", "separation_level": "none", "street_classification": "residential", "maxspeed_int": 20.0}, "geometry": {"type": "LineString", "coordinates": [[-71.053652, 42.404743], [-71.053678, 42.404719], [-71.054183, 42.40421]]}}, {"type": "Feature", "properties": {"name": "Ellsworth Street", "separation_level": "none", "street_classification": "residential", "maxspeed_int": 20.0}, "geometry": {"type": "LineString", "coordinates": [[-71.054279, 42.409115], [-71.054218, 42.40917], [-71.053842, 42.408999], [-71.053799, 42.408979], [-71.05376, 42.408961], [-71.053699, 42.409026]]}}, {"type": "Feature", "properties": {"name": "Summer Street", "separation_level": "none", "street_classification": "medium-capacity", "maxspeed_int": null}, "geometry": {"type": "LineString", "coordinates": [[-71.053699, 42.409026], [-71.05376, 42.408961], [-71.053726, 42.408944], [-71.053673, 42.408918], [-71.053642, 42.408903], [-71.053356, 42.408751], [-71.053285, 42.408714]]}}, {"type": "Feature", "properties": {"name": "Broadway", "separation_level": "lane", "street_classification": "medium-capacity", "maxspeed_int": null}, "geometry": {"type": "LineString", "coordinates": [[-71.053699, 42.409026], [-71.05376, 42.408961], [-71.053791, 42.408927], [-71.053837, 42.408877], [-71.053956, 42.408746], [-71.053977, 42.408724]]}}, {"type": "Feature", "properties": {"name": "Broadway", "separation_level": "lane", "street_classification": "medium-capacity", "maxspeed_int": null}, "geometry": {"type": "LineString", "coordinates": [[-71.053699, 42.409026], [-71.053638, 42.409091], [-71.053489, 42.409246], [-71.053341, 42.409409]]}}, {"type": "Feature", "properties": {"name": "Spruce Street", "separation_level": "none", "street_classification": "residential", "maxspeed_int": 20.0}, "geometry": {"type": "LineString", "coordinates": [[-71.038335, 42.412531], [-71.038279, 42.412577], [-71.037735, 42.413013]]}}, {"type": "Feature", "properties": {"name": "Spruce Street", "separation_level": "none", "street_classification": "residential", "maxspeed_int": 20.0}, "geometry": {"type": "LineString", "coordinates": [[-71.037735, 42.413013], [-71.037253, 42.413403]]}}, {"type": "Feature", "properties": {"name": "Springvale Avenue", "separation_level": "none", "street_classification": "medium-capacity", "maxspeed_int": null}, "geometry": {"type": "LineString", "coordinates": [[-71.037735, 42.413013], [-71.038557, 42.413571], [-71.038567, 42.413579], [-71.038576, 42.413587], [-71.038584, 42.413595], [-71.038592, 42.413604], [-71.038598, 42.413613], [-71.038638, 42.413673]]}}, {"type": "Feature", "properties": {"name": "Union Street", "separation_level": "none", "street_classification": "medium-capacity", "maxspeed_int": null}, "geometry": {"type": "LineString", "coordinates": [[-71.039463, 42.404321], [-71.039829, 42.404372], [-71.040315, 42.40444]]}}, {"type": "Feature", "properties": {"name": "Alpine Road", "separation_level": "none", "street_classification": "residential", "maxspeed_int": 20.0}, "geometry": {"type": "LineString", "coordinates": [[-71.040315, 42.40444], [-71.040299, 42.404497], [-71.040292, 42.404522], [-71.040189, 42.404905], [-71.040184, 42.40494]]}}, {"type": "Feature", "properties": {"name": "Union Street", "separation_level": "none", "street_classification": "medium-capacity", "maxspeed_int": null}, "geometry": {"type": "LineString", "coordinates": [[-71.040315, 42.40444], [-71.040756, 42.404502], [-71.040823, 42.404511], [-71.040968, 42.404531], [-71.041153, 42.404557]]}}, {"type": "Feature", "properties": {"name": null, "separation_level": "none", "street_classification": "dedicated_path", "maxspeed_int": null}, "geometry": {"type": "LineString", "coordinates": [[-71.040184, 42.40494], [-71.040179, 42.404976], [-71.040171, 42.404973], [-71.040115, 42.404966], [-71.040059, 42.404969], [-71.040005, 42.404982], [-71.039958, 42.405005], [-71.039919, 42.405036], [-71.039892, 42.405072], [-71.039878, 42.405113], [-71.039879, 42.405155], [-71.039892, 42.405195], [-71.039905, 42.405212]]}}, {"type": "Feature", "properties": {"name": "Malden Street", "separation_level": "none", "street_classification": "medium-capacity", "maxspeed_int": null}, "geometry": {"type": "LineString", "coordinates": [[-71.041153, 42.404557], [-71.041203, 42.404455], [-71.041439, 42.403918]]}}, {"type": "Feature", "properties": {"name": "Malden Street", "separation_level": "none", "street_classification": "medium-capacity", "maxspeed_int": null}, "geometry": {"type": "LineString", "coordinates": [[-71.041153, 42.404557], [-71.041089, 42.40469], [-71.04041, 42.406245]]}}, {"type": "Feature", "properties": {"name": "Union Street", "separation_level": "none", "street_classification": "medium-capacity", "maxspeed_int": null}, "geometry": {"type": "LineString", "coordinates": [[-71.041153, 42.404557], [-71.041272, 42.404591], [-71.042229, 42.404861]]}}, {"type": "Feature", "properties": {"name": "School Street Place", "separation_level": "none", "street_classification": "residential", "maxspeed_int": 20.0}, "geometry": {"type": "LineString", "coordinates": [[-71.056283, 42.40661], [-71.056341, 42.406573], [-71.056402, 42.406613], [-71.056995, 42.406976], [-71.05709, 42.406978]]}}, {"type": "Feature", "properties": {"name": null, "separation_level": "none", "street_classification": "residential", "maxspeed_int": null}, "geometry": {"type": "LineString", "coordinates": [[-71.056283, 42.40661], [-71.056224, 42.406647], [-71.056285, 42.406688], [-71.056437, 42.406789], [-71.056678, 42.406943], [-71.056827, 42.407016], [-71.056943, 42.407039], [-71.057006, 42.407041], [-71.05709, 42.406978]]}}, {"type": "Feature", "properties": {"name": "School Street", "separation_level": "none", "street_classification": "medium-capacity", "maxspeed_int": null}, "geometry": {"type": "LineString", "coordinates": [[-71.056283, 42.40661], [-71.056341, 42.406573], [-71.0566, 42.406384], [-71.057126, 42.405995]]}}, {"type": "Feature", "properties": {"name": null, "separation_level": "none", "street_classification": "residential", "maxspeed_int": null}, "geometry": {"type": "LineString", "coordinates": [[-71.05709, 42.406978], [-71.05722, 42.406933], [-71.057871, 42.406852], [-71.057934, 42.406844]]}}, {"type": "Feature", "properties": {"name": null, "separation_level": "none", "street_classification": "residential", "maxspeed_int": null}, "geometry": {"type": "LineString", "coordinates": [[-71.05709, 42.406978], [-71.057006, 42.407041], [-71.057012, 42.407079], [-71.057024, 42.407443], [-71.057026, 42.407503], [-71.057119, 42.407507]]}}, {"type": "Feature", "properties": {"name": "School Street", "separation_level": "none", "street_classification": "medium-capacity", "maxspeed_int": null}, "geometry": {"type": "LineString", "coordinates": [[-71.057126, 42.405995], [-71.057158, 42.405972], [-71.05748, 42.405738], [-71.057517, 42.405725], [-71.057569, 42.405689], [-71.057617, 42.405643]]}}, {"type": "Feature", "properties": {"name": "Corey Street", "separation_level": "none", "street_classification": "residential", "maxspeed_int": 20.0}, "geometry": {"type": "LineString", "coordinates": [[-71.057934, 42.406844], [-71.057943, 42.406875], [-71.05806, 42.407431], [-71.05806, 42.407455], [-71.058054, 42.407503]]}}, {"type": "Feature", "properties": {"name": null, "separation_level": "none", "street_classification": "residential", "maxspeed_int": null}, "geometry": {"type": "LineString", "coordinates": [[-71.057119, 42.407507], [-71.057212, 42.407512], [-71.057213, 42.407461], [-71.05722, 42.406933], [-71.05709, 42.406978]]}}, {"type": "Feature", "properties": {"name": "Norwood Street", "separation_level": "none", "street_classification": "medium-capacity", "maxspeed_int": null}, "geometry": {"type": "LineString", "coordinates": [[-71.057119, 42.407507], [-71.057026, 42.407503], [-71.0567, 42.407409], [-71.056398, 42.40731]]}}, {"type": "Feature", "properties": {"name": "School Street", "separation_level": "none", "street_classification": "medium-capacity", "maxspeed_int": null}, "geometry": {"type": "LineString", "coordinates": [[-71.057617, 42.405643], [-71.057684, 42.405588], [-71.057706, 42.405565], [-71.057961, 42.405371], [-71.05803, 42.405317]]}}, {"type": "Feature", "properties": {"name": "Corey Street", "separation_level": "none", "street_classification": "residential", "maxspeed_int": 20.0}, "geometry": {"type": "LineString", "coordinates": [[-71.057617, 42.405643], [-71.057594, 42.405585], [-71.057579, 42.405572], [-71.057556, 42.405555], [-71.05723, 42.40539], [-71.057206, 42.405379], [-71.057159, 42.405355], [-71.057116, 42.405334], [-71.05705, 42.4054]]}}, {"type": "Feature", "properties": {"name": "Corey Street", "separation_level": "none", "street_classification": "residential", "maxspeed_int": 20.0}, "geometry": {"type": "LineString", "coordinates": [[-71.057617, 42.405643], [-71.057632, 42.405732], [-71.057671, 42.405878]]}}, {"type": "Feature", "properties": {"name": "Wedgewood Street", "separation_level": "none", "street_classification": "residential", "maxspeed_int": 20.0}, "geometry": {"type": "LineString", "coordinates": [[-71.051804, 42.417814], [-71.051857, 42.417849], [-71.051873, 42.417856], [-71.052041, 42.417936], [-71.052077, 42.417953], [-71.052237, 42.418028], [-71.052291, 42.418054], [-71.052311, 42.418064], [-71.052399, 42.418105], [-71.052541, 42.418172], [-71.052659, 42.418228], [-71.052832, 42.41831], [-71.052926, 42.418354], [-71.053077, 42.418425], [-71.053083, 42.418429], [-71.053134, 42.418453], [-71.053232, 42.4185], [-71.053269, 42.418516], [-71.053295, 42.418529], [-71.053454, 42.418604], [-71.053489, 42.418621], [-71.053723, 42.418731], [-71.053747, 42.418742], [-71.053811, 42.418775]]}}, {"type": "Feature", "properties": {"name": "Central Avenue", "separation_level": "none", "street_classification": "medium-capacity", "maxspeed_int": null}, "geometry": {"type": "LineString", "coordinates": [[-71.051804, 42.417814], [-71.051673, 42.417903], [-71.051636, 42.417934], [-71.051622, 42.417945]]}}, {"type": "Feature", "properties": {"name": "Bettinson Avenue", "separation_level": "none", "street_classification": "residential", "maxspeed_int": 20.0}, "geometry": {"type": "LineString", "coordinates": [[-71.051622, 42.417945], [-71.051544, 42.417884], [-71.05136, 42.417753], [-71.051344, 42.417742], [-71.051304, 42.417713], [-71.051275, 42.417693], [-71.05135, 42.417614], [-71.051443, 42.417518], [-71.051537, 42.417423], [-71.051608, 42.417352], [-71.051624, 42.417336], [-71.051709, 42.417251], [-71.051716, 42.417244], [-71.05181, 42.417168], [-71.051828, 42.417154], [-71.051884, 42.417109], [-71.051921, 42.417083], [-71.05195, 42.417062], [-71.052029, 42.417005], [-71.052074, 42.416973], [-71.052135, 42.416929], [-71.05219, 42.416889], [-71.052243, 42.416851], [-71.052261, 42.416838], [-71.052312, 42.416802], [-71.052357, 42.416769], [-71.052428, 42.416718], [-71.052552, 42.416629], [-71.052622, 42.416578]]}}, {"type": "Feature", "properties": {"name": "Central Avenue", "separation_level": "none", "street_classification": "medium-capacity", "maxspeed_int": null}, "geometry": {"type": "LineString", "coordinates": [[-71.051622, 42.417945], [-71.051583, 42.417974], [-71.051483, 42.418058], [-71.051369, 42.418147], [-71.051274, 42.418221], [-71.051421, 42.418404]]}}, {"type": "Feature", "properties": {"name": "Bettinson Avenue", "separation_level": "none", "street_classification": "residential", "maxspeed_int": 20.0}, "geometry": {"type": "LineString", "coordinates": [[-71.052622, 42.416578], [-71.052796, 42.416705], [-71.052814, 42.416718], [-71.052836, 42.416734], [-71.053026, 42.416871], [-71.053041, 42.416882], [-71.053081, 42.41692], [-71.05304, 42.416948]]}}, {"type": "Feature", "properties": {"name": "Woodward Street", "separation_level": "none", "street_classification": "residential", "maxspeed_int": 20.0}, "geometry": {"type": "LineString", "coordinates": [[-71.051421, 42.418404], [-71.051387, 42.418553], [-71.051247, 42.418653], [-71.05102, 42.418815], [-71.050979, 42.418845], [-71.050848, 42.418939], [-71.050815, 42.418962], [-71.050738, 42.419019], [-71.050626, 42.419102], [-71.050436, 42.419243], [-71.050318, 42.41933], [-71.050214, 42.419407], [-71.0501, 42.419497], [-71.049983, 42.41959], [-71.049881, 42.41967], [-71.049773, 42.419755], [-71.049637, 42.419862], [-71.049555, 42.419914]]}}, {"type": "Feature", "properties": {"name": "Ferry Street", "separation_level": "none", "street_classification": "medium-capacity", "maxspeed_int": null}, "geometry": {"type": "LineString", "coordinates": [[-71.051421, 42.418404], [-71.051157, 42.41832], [-71.051109, 42.418297], [-71.051037, 42.418263], [-71.050956, 42.418226], [-71.050857, 42.418179]]}}, {"type": "Feature", "properties": {"name": "Ferry Street", "separation_level": "none", "street_classification": "medium-capacity", "maxspeed_int": null}, "geometry": {"type": "LineString", "coordinates": [[-71.051421, 42.418404], [-71.051659, 42.418548], [-71.052011, 42.418722], [-71.052063, 42.418748], [-71.052199, 42.418814], [-71.052259, 42.418843]]}}, {"type": "Feature", "properties": {"name": "Nichols Street", "separation_level": "none", "street_classification": "medium-capacity", "maxspeed_int": null}, "geometry": {"type": "LineString", "coordinates": [[-71.045204, 42.408385], [-71.045269, 42.408389], [-71.045943, 42.408429], [-71.046073, 42.408437], [-71.046097, 42.408437], [-71.046123, 42.408436], [-71.04619, 42.408433]]}}, {"type": "Feature", "properties": {"name": "Arlington Street", "separation_level": "none", "street_classification": "residential", "maxspeed_int": 20.0}, "geometry": {"type": "LineString", "coordinates": [[-71.04619, 42.408433], [-71.046282, 42.40843], [-71.046293, 42.40843], [-71.046311, 42.408431], [-71.046327, 42.408434], [-71.049078, 42.409161]]}}, {"type": "Feature", "properties": {"name": "Ferry Street", "separation_level": "lane", "street_classification": "medium-capacity", "maxspeed_int": null}, "geometry": {"type": "LineString", "coordinates": [[-71.04619, 42.408433], [-71.04623, 42.408337], [-71.046478, 42.407752]]}}, {"type": "Feature", "properties": {"name": "Ferry Street", "separation_level": "lane", "street_classification": "medium-capacity", "maxspeed_int": null}, "geometry": {"type": "LineString", "coordinates": [[-71.04619, 42.408433], [-71.046161, 42.408505], [-71.045994, 42.408927], [-71.045962, 42.409005]]}}, {"type": "Feature", "properties": {"name": "Chelsea Street", "separation_level": "lane", "street_classification": "medium-capacity", "maxspeed_int": null}, "geometry": {"type": "LineString", "coordinates": [[-71.052525, 42.405501], [-71.052779, 42.405617], [-71.052825, 42.40564]]}}, {"type": "Feature", "properties": {"name": "Chelsea Street", "separation_level": "lane", "street_classification": "medium-capacity", "maxspeed_int": null}, "geometry": {"type": "LineString", "coordinates": [[-71.052525, 42.405501], [-71.052277, 42.405384], [-71.052257, 42.405375]]}}, {"type": "Feature", "properties": {"name": "Cabot Street", "separation_level": "none", "street_classification": "residential", "maxspeed_int": 20.0}, "geometry": {"type": "LineString", "coordinates": [[-71.052825, 42.40564], [-71.052779, 42.405617], [-71.052831, 42.405558], [-71.053598, 42.404794], [-71.053625, 42.404768], [-71.053652, 42.404743]]}}, {"type": "Feature", "properties": {"name": "Chelsea Street", "separation_level": "lane", "street_classification": "medium-capacity", "maxspeed_int": null}, "geometry": {"type": "LineString", "coordinates": [[-71.052257, 42.405375], [-71.052112, 42.405311], [-71.051968, 42.405243], [-71.051833, 42.405181]]}}, {"type": "Feature", "properties": {"name": "Spring Street", "separation_level": "none", "street_classification": "medium-capacity", "maxspeed_int": null}, "geometry": {"type": "LineString", "coordinates": [[-71.051833, 42.405181], [-71.051853, 42.405107], [-71.051857, 42.405053], [-71.051932, 42.404239]]}}, {"type": "Feature", "properties": {"name": "Elm Street", "separation_level": "none", "street_classification": "medium-capacity", "maxspeed_int": null}, "geometry": {"type": "LineString", "coordinates": [[-71.03787, 42.413779], [-71.037979, 42.413764], [-71.038638, 42.413673]]}}, {"type": "Feature", "properties": {"name": "Jackson Avenue", "separation_level": "none", "street_classification": "residential", "maxspeed_int": 20.0}, "geometry": {"type": "LineString", "coordinates": [[-71.03787, 42.413779], [-71.037979, 42.413764], [-71.038048, 42.413828], [-71.038071, 42.413849], [-71.03889, 42.414596], [-71.038902, 42.414607], [-71.038914, 42.414617], [-71.038927, 42.414627], [-71.038941, 42.414636], [-71.039735, 42.415155]]}}, {"type": "Feature", "properties": {"name": "Madison Avenue", "separation_level": "none", "street_classification": "residential", "maxspeed_int": 20.0}, "geometry": {"type": "LineString", "coordinates": [[-71.03787, 42.413779], [-71.037761, 42.413794], [-71.037732, 42.413747], [-71.037722, 42.413733], [-71.037708, 42.41372], [-71.037691, 42.413706], [-71.037253, 42.413403]]}}, {"type": "Feature", "properties": {"name": "Elm Street", "separation_level": "none", "street_classification": "medium-capacity", "maxspeed_int": null}, "geometry": {"type": "LineString", "coordinates": [[-71.038638, 42.413673], [-71.03878, 42.413653], [-71.038895, 42.413637]]}}, {"type": "Feature", "properties": {"name": "Clay Avenue", "separation_level": "none", "street_classification": "residential", "maxspeed_int": 20.0}, "geometry": {"type": "LineString", "coordinates": [[-71.039735, 42.415155], [-71.040161, 42.414792]]}}, {"type": "Feature", "properties": {"name": "Clay Avenue", "separation_level": "none", "street_classification": "residential", "maxspeed_int": 20.0}, "geometry": {"type": "LineString", "coordinates": [[-71.039735, 42.415155], [-71.03924, 42.415565], [-71.039189, 42.415606]]}}, {"type": "Feature", "properties": {"name": "Madison Avenue", "separation_level": "none", "street_classification": "residential", "maxspeed_int": 20.0}, "geometry": {"type": "LineString", "coordinates": [[-71.037253, 42.413403], [-71.034973, 42.411855]]}}, {"type": "Feature", "properties": {"name": "Elm Street", "separation_level": "none", "street_classification": "medium-capacity", "maxspeed_int": null}, "geometry": {"type": "LineString", "coordinates": [[-71.038895, 42.413637], [-71.039271, 42.413583]]}}, {"type": "Feature", "properties": {"name": "Calhoun Avenue", "separation_level": "none", "street_classification": "residential", "maxspeed_int": 20.0}, "geometry": {"type": "LineString", "coordinates": [[-71.038895, 42.413637], [-71.038947, 42.413685], [-71.039067, 42.413795]]}}, {"type": "Feature", "properties": {"name": "Calhoun Avenue", "separation_level": "none", "street_classification": "residential", "maxspeed_int": 20.0}, "geometry": {"type": "LineString", "coordinates": [[-71.040161, 42.414792], [-71.040403, 42.415015], [-71.040551, 42.415142], [-71.040577, 42.415164], [-71.040637, 42.415215]]}}, {"type": "Feature", "properties": {"name": "Bow Street", "separation_level": "shared_lane", "street_classification": "medium-capacity", "maxspeed_int": null}, "geometry": {"type": "LineString", "coordinates": [[-71.061779, 42.398922], [-71.061738, 42.398991], [-71.061551, 42.399315], [-71.06154, 42.399341], [-71.061529, 42.399372], [-71.061491, 42.399539]]}}, {"type": "Feature", "properties": {"name": "Orient Avenue", "separation_level": "none", "street_classification": "residential", "maxspeed_int": 20.0}, "geometry": {"type": "LineString", "coordinates": [[-71.061491, 42.399539], [-71.061415, 42.399531], [-71.061376, 42.399525], [-71.061345, 42.399521], [-71.060684, 42.399426]]}}, {"type": "Feature", "properties": {"name": "Bow Street", "separation_level": "lane", "street_classification": "medium-capacity", "maxspeed_int": null}, "geometry": {"type": "LineString", "coordinates": [[-71.061491, 42.399539], [-71.061326, 42.400261], [-71.061314, 42.400311], [-71.061302, 42.400365]]}}, {"type": "Feature", "properties": {"name": "Bartlett Street", "separation_level": "none", "street_classification": "residential", "maxspeed_int": 20.0}, "geometry": {"type": "LineString", "coordinates": [[-71.061302, 42.400365], [-71.061502, 42.400433], [-71.061512, 42.400436], [-71.061543, 42.400449], [-71.061577, 42.400467], [-71.061612, 42.400486]]}}, {"type": "Feature", "properties": {"name": "Bow Street", "separation_level": "lane", "street_classification": "medium-capacity", "maxspeed_int": null}, "geometry": {"type": "LineString", "coordinates": [[-71.061302, 42.400365], [-71.061267, 42.400506], [-71.061253, 42.400553], [-71.061236, 42.400601], [-71.061212, 42.400647], [-71.061178, 42.400706], [-71.061142, 42.40074], [-71.061126, 42.400758], [-71.061, 42.400853]]}}, {"type": "Feature", "properties": {"name": "Elm Street", "separation_level": "none", "street_classification": "medium-capacity", "maxspeed_int": null}, "geometry": {"type": "LineString", "coordinates": [[-71.034525, 42.415301], [-71.034463, 42.415327], [-71.034172, 42.415422], [-71.034032, 42.41548], [-71.034043, 42.41553]]}}, {"type": "Feature", "properties": {"name": "Elm Street", "separation_level": "none", "street_classification": "medium-capacity", "maxspeed_int": null}, "geometry": {"type": "LineString", "coordinates": [[-71.034525, 42.415301], [-71.034586, 42.415276], [-71.03482, 42.415193], [-71.035177, 42.415058], [-71.035236, 42.415039], [-71.035299, 42.415013], [-71.03534, 42.414992], [-71.035383, 42.414967], [-71.035462, 42.414917], [-71.035558, 42.414857]]}}, {"type": "Feature", "properties": {"name": null, "separation_level": "none", "street_classification": "residential", "maxspeed_int": null}, "geometry": {"type": "LineString", "coordinates": [[-71.034043, 42.41553], [-71.034055, 42.41558], [-71.034333, 42.415505], [-71.034437, 42.415475], [-71.034469, 42.415403], [-71.034471, 42.415344], [-71.034463, 42.415327], [-71.034525, 42.415301]]}}, {"type": "Feature", "properties": {"name": "Elm Street", "separation_level": "none", "street_classification": "medium-capacity", "maxspeed_int": null}, "geometry": {"type": "LineString", "coordinates": [[-71.034043, 42.41553], [-71.034032, 42.41548], [-71.033967, 42.415501], [-71.033898, 42.415524], [-71.033852, 42.415539], [-71.033686, 42.415591], [-71.033425, 42.415638], [-71.033256, 42.415661]]}}, {"type": "Feature", "properties": {"name": "Duncan Road", "separation_level": "none", "street_classification": "residential", "maxspeed_int": 20.0}, "geometry": {"type": "LineString", "coordinates": [[-71.035558, 42.414857], [-71.035478, 42.414804], [-71.035453, 42.414787], [-71.034137, 42.413897], [-71.034104, 42.413872], [-71.034076, 42.413843], [-71.034053, 42.413812], [-71.034035, 42.413779], [-71.034024, 42.413744], [-71.034019, 42.413709], [-71.034021, 42.413673], [-71.034028, 42.413638], [-71.034042, 42.413604], [-71.034062, 42.413572], [-71.034087, 42.413541], [-71.034118, 42.413514], [-71.03419, 42.413457]]}}, {"type": "Feature", "properties": {"name": "Main Street", "separation_level": "lane", "street_classification": "medium-capacity", "maxspeed_int": null}, "geometry": {"type": "LineString", "coordinates": [[-71.062225, 42.408413], [-71.062236, 42.40849], [-71.062303, 42.409051], [-71.062312, 42.40913]]}}, {"type": "Feature", "properties": {"name": "Waters Avenue", "separation_level": "none", "street_classification": "residential", "maxspeed_int": 20.0}, "geometry": {"type": "LineString", "coordinates": [[-71.062225, 42.408413], [-71.062215, 42.408336], [-71.063142, 42.408277]]}}, {"type": "Feature", "properties": {"name": "Main Street", "separation_level": "lane", "street_classification": "medium-capacity", "maxspeed_int": null}, "geometry": {"type": "LineString", "coordinates": [[-71.062225, 42.408413], [-71.062215, 42.408336], [-71.062157, 42.40778]]}}, {"type": "Feature", "properties": {"name": "Baldwin Avenue", "separation_level": "none", "street_classification": "residential", "maxspeed_int": 20.0}, "geometry": {"type": "LineString", "coordinates": [[-71.062312, 42.40913], [-71.061824, 42.409219], [-71.061391, 42.409292], [-71.061304, 42.409306]]}}, {"type": "Feature", "properties": {"name": "Main Street", "separation_level": "lane", "street_classification": "medium-capacity", "maxspeed_int": null}, "geometry": {"type": "LineString", "coordinates": [[-71.062312, 42.40913], [-71.06233, 42.409254], [-71.062413, 42.409833]]}}, {"type": "Feature", "properties": {"name": "Appleton Terrace", "separation_level": "none", "street_classification": "residential", "maxspeed_int": 20.0}, "geometry": {"type": "LineString", "coordinates": [[-71.063142, 42.408277], [-71.063138, 42.408248], [-71.063085, 42.407821]]}}, {"type": "Feature", "properties": {"name": "Forest Avenue", "separation_level": "none", "street_classification": "residential", "maxspeed_int": 20.0}, "geometry": {"type": "LineString", "coordinates": [[-71.062157, 42.40778], [-71.061206, 42.407904], [-71.060251, 42.408076], [-71.059524, 42.408205], [-71.059149, 42.408235], [-71.059107, 42.408163]]}}, {"type": "Feature", "properties": {"name": "Main Street", "separation_level": "lane", "street_classification": "medium-capacity", "maxspeed_int": null}, "geometry": {"type": "LineString", "coordinates": [[-71.062157, 42.40778], [-71.062151, 42.407714], [-71.062145, 42.407643], [-71.062113, 42.407257], [-71.062109, 42.407223]]}}, {"type": "Feature", "properties": {"name": "Baldwin Avenue", "separation_level": "none", "street_classification": "residential", "maxspeed_int": 20.0}, "geometry": {"type": "LineString", "coordinates": [[-71.061304, 42.409306], [-71.061216, 42.409319], [-71.061124, 42.409335], [-71.06057, 42.409436]]}}, {"type": "Feature", "properties": {"name": "Winslow Street", "separation_level": "none", "street_classification": "residential", "maxspeed_int": 20.0}, "geometry": {"type": "LineString", "coordinates": [[-71.062413, 42.409833], [-71.063051, 42.409712], [-71.063369, 42.409656], [-71.063903, 42.409558], [-71.064761, 42.409408]]}}, {"type": "Feature", "properties": {"name": "Elm Street", "separation_level": "none", "street_classification": "medium-capacity", "maxspeed_int": null}, "geometry": {"type": "LineString", "coordinates": [[-71.043173, 42.413468], [-71.043154, 42.413469], [-71.043082, 42.41347], [-71.043054, 42.41347], [-71.042997, 42.413469], [-71.042943, 42.413465], [-71.042869, 42.413459], [-71.042813, 42.413452], [-71.042767, 42.413445], [-71.042722, 42.413437], [-71.042651, 42.41342], [-71.042573, 42.413399], [-71.042512, 42.413383], [-71.042443, 42.413364], [-71.042293, 42.413327]]}}, {"type": "Feature", "properties": {"name": "Elm Street", "separation_level": "none", "street_classification": "medium-capacity", "maxspeed_int": null}, "geometry": {"type": "LineString", "coordinates": [[-71.043173, 42.413468], [-71.043192, 42.413467], [-71.043262, 42.41346], [-71.043322, 42.41345], [-71.043393, 42.413438], [-71.043456, 42.413424], [-71.043514, 42.413408], [-71.043575, 42.413393], [-71.04364, 42.413365], [-71.043694, 42.413341], [-71.043731, 42.413325], [-71.043839, 42.413275], [-71.044254, 42.413077], [-71.044451, 42.412989], [-71.044627, 42.41291]]}}, {"type": "Feature", "properties": {"name": null, "separation_level": "none", "street_classification": "residential", "maxspeed_int": null}, "geometry": {"type": "LineString", "coordinates": [[-71.043173, 42.413468], [-71.043192, 42.413467], [-71.043184, 42.413403], [-71.043171, 42.413312], [-71.043193, 42.413246]]}}, {"type": "Feature", "properties": {"name": "Elm Street", "separation_level": "none", "street_classification": "medium-capacity", "maxspeed_int": null}, "geometry": {"type": "LineString", "coordinates": [[-71.042293, 42.413327], [-71.04217, 42.413302], [-71.0421, 42.413292], [-71.042029, 42.413282], [-71.041922, 42.413273], [-71.041802, 42.413266], [-71.041722, 42.413266], [-71.041618, 42.413267], [-71.041529, 42.413272], [-71.041448, 42.413279], [-71.041375, 42.413288], [-71.041261, 42.413303]]}}, {"type": "Feature", "properties": {"name": "Woodlawn Street", "separation_level": "none", "street_classification": "medium-capacity", "maxspeed_int": null}, "geometry": {"type": "LineString", "coordinates": [[-71.042293, 42.413327], [-71.04233, 42.413268], [-71.042344, 42.413246], [-71.04268, 42.412768]]}}, {"type": "Feature", "properties": {"name": "Elm Street", "separation_level": "none", "street_classification": "medium-capacity", "maxspeed_int": null}, "geometry": {"type": "LineString", "coordinates": [[-71.044627, 42.41291], [-71.044756, 42.412853], [-71.044856, 42.412806], [-71.045156, 42.412663], [-71.04521, 42.412639]]}}, {"type": "Feature", "properties": {"name": null, "separation_level": "none", "street_classification": "residential", "maxspeed_int": null}, "geometry": {"type": "LineString", "coordinates": [[-71.044627, 42.41291], [-71.044442, 42.412685], [-71.044304, 42.412494], [-71.044249, 42.412378], [-71.044267, 42.412362]]}}, {"type": "Feature", "properties": {"name": null, "separation_level": "none", "street_classification": "residential", "maxspeed_int": null}, "geometry": {"type": "LineString", "coordinates": [[-71.043193, 42.413246], [-71.043122, 42.413222], [-71.042982, 42.413122], [-71.042937, 42.413082], [-71.042929, 42.413072], [-71.042869, 42.413018]]}}, {"type": "Feature", "properties": {"name": "Elm Street", "separation_level": "none", "street_classification": "medium-capacity", "maxspeed_int": null}, "geometry": {"type": "LineString", "coordinates": [[-71.041261, 42.413303], [-71.040716, 42.413382], [-71.040602, 42.413397]]}}, {"type": "Feature", "properties": {"name": "Birch Street", "separation_level": "none", "street_classification": "residential", "maxspeed_int": 20.0}, "geometry": {"type": "LineString", "coordinates": [[-71.041261, 42.413303], [-71.041232, 42.413201], [-71.040937, 42.412043], [-71.040931, 42.412017], [-71.04092, 42.411973]]}}, {"type": "Feature", "properties": {"name": "Woodlawn Street", "separation_level": "none", "street_classification": "medium-capacity", "maxspeed_int": null}, "geometry": {"type": "LineString", "coordinates": [[-71.04268, 42.412768], [-71.043197, 42.412015], [-71.043252, 42.411936]]}}, {"type": "Feature", "properties": {"name": "Vaughan Street", "separation_level": "none", "street_classification": "residential", "maxspeed_int": 20.0}, "geometry": {"type": "LineString", "coordinates": [[-71.034547, 42.412418], [-71.034495, 42.412487], [-71.034196, 42.412883], [-71.034177, 42.412908], [-71.034144, 42.412952]]}}, {"type": "Feature", "properties": {"name": "Vaughan Street", "separation_level": "none", "street_classification": "residential", "maxspeed_int": 20.0}, "geometry": {"type": "LineString", "coordinates": [[-71.034547, 42.412418], [-71.034593, 42.412354], [-71.034921, 42.411923], [-71.034938, 42.4119], [-71.034973, 42.411855]]}}, {"type": "Feature", "properties": {"name": "Shute Street", "separation_level": "none", "street_classification": "medium-capacity", "maxspeed_int": 25.0}, "geometry": {"type": "LineString", "coordinates": [[-71.047121, 42.418867], [-71.0471, 42.418896], [-71.047039, 42.418978], [-71.046979, 42.419088], [-71.046949, 42.419158], [-71.04693, 42.41921]]}}, {"type": "Feature", "properties": {"name": "Shute Street", "separation_level": "none", "street_classification": "medium-capacity", "maxspeed_int": 25.0}, "geometry": {"type": "LineString", "coordinates": [[-71.047121, 42.418867], [-71.047148, 42.41884], [-71.047321, 42.418684], [-71.047344, 42.418664]]}}, {"type": "Feature", "properties": {"name": "Shute Street", "separation_level": "none", "street_classification": "medium-capacity", "maxspeed_int": 25.0}, "geometry": {"type": "LineString", "coordinates": [[-71.047344, 42.418664], [-71.047562, 42.41854], [-71.047615, 42.418516]]}}, {"type": "Feature", "properties": {"name": "Elliott Road", "separation_level": "none", "street_classification": "residential", "maxspeed_int": 20.0}, "geometry": {"type": "LineString", "coordinates": [[-71.047344, 42.418664], [-71.047266, 42.418625], [-71.047235, 42.418609], [-71.04698, 42.418487], [-71.04663, 42.418318], [-71.046311, 42.418172], [-71.046, 42.418014], [-71.045973, 42.418002], [-71.04592, 42.417982], [-71.045876, 42.417965]]}}, {"type": "Feature", "properties": {"name": "Edith Street", "separation_level": "none", "street_classification": "residential", "maxspeed_int": 20.0}, "geometry": {"type": "LineString", "coordinates": [[-71.04861, 42.419225], [-71.048637, 42.419243], [-71.049109, 42.41958], [-71.049169, 42.419623]]}}, {"type": "Feature", "properties": {"name": "Edith Street", "separation_level": "none", "street_classification": "residential", "maxspeed_int": 20.0}, "geometry": {"type": "LineString", "coordinates": [[-71.04861, 42.419225], [-71.048583, 42.419207], [-71.04768, 42.418563], [-71.047615, 42.418516]]}}, {"type": "Feature", "properties": {"name": "Shute Street", "separation_level": "none", "street_classification": "medium-capacity", "maxspeed_int": 25.0}, "geometry": {"type": "LineString", "coordinates": [[-71.047615, 42.418516], [-71.047694, 42.418478], [-71.04788, 42.418387], [-71.047922, 42.418369]]}}, {"type": "Feature", "properties": {"name": "Broadway", "separation_level": "lane", "street_classification": "medium-capacity", "maxspeed_int": null}, "geometry": {"type": "LineString", "coordinates": [[-71.045876, 42.417965], [-71.045802, 42.418052], [-71.045589, 42.418291], [-71.045563, 42.418317]]}}, {"type": "Feature", "properties": {"name": "Broadway", "separation_level": "lane", "street_classification": "medium-capacity", "maxspeed_int": null}, "geometry": {"type": "LineString", "coordinates": [[-71.045876, 42.417965], [-71.045904, 42.417933], [-71.046048, 42.417762], [-71.046151, 42.417634]]}}, {"type": "Feature", "properties": {"name": "Sunnyside Avenue", "separation_level": "none", "street_classification": "residential", "maxspeed_int": 20.0}, "geometry": {"type": "LineString", "coordinates": [[-71.042039, 42.408953], [-71.042061, 42.408913], [-71.042073, 42.408892], [-71.042474, 42.408169], [-71.042507, 42.40811]]}}, {"type": "Feature", "properties": {"name": "Harvard Street", "separation_level": "none", "street_classification": "residential", "maxspeed_int": 20.0}, "geometry": {"type": "LineString", "coordinates": [[-71.042039, 42.408953], [-71.042958, 42.409177], [-71.043131, 42.40922], [-71.043164, 42.409228], [-71.043278, 42.409256]]}}, {"type": "Feature", "properties": {"name": "Nichols Street", "separation_level": "none", "street_classification": "medium-capacity", "maxspeed_int": null}, "geometry": {"type": "LineString", "coordinates": [[-71.040914, 42.407519], [-71.041663, 42.407798]]}}, {"type": "Feature", "properties": {"name": "Francis Street", "separation_level": "none", "street_classification": "residential", "maxspeed_int": 20.0}, "geometry": {"type": "LineString", "coordinates": [[-71.040914, 42.407519], [-71.040942, 42.407459], [-71.041375, 42.406588], [-71.042066, 42.405198], [-71.04219, 42.404941], [-71.042201, 42.404919], [-71.042229, 42.404861]]}}, {"type": "Feature", "properties": {"name": "Nichols Street", "separation_level": "none", "street_classification": "medium-capacity", "maxspeed_int": null}, "geometry": {"type": "LineString", "coordinates": [[-71.042507, 42.40811], [-71.042605, 42.408142], [-71.042628, 42.40815], [-71.04271, 42.408175], [-71.042783, 42.408194], [-71.04285, 42.408208], [-71.042928, 42.408219], [-71.04304, 42.408233], [-71.043091, 42.408238]]}}, {"type": "Feature", "properties": {"name": "Woodlawn Street", "separation_level": "none", "street_classification": "medium-capacity", "maxspeed_int": null}, "geometry": {"type": "LineString", "coordinates": [[-71.043278, 42.409256], [-71.043414, 42.409]]}}, {"type": "Feature", "properties": {"name": "Chelsea Street", "separation_level": "none", "street_classification": "medium-capacity", "maxspeed_int": null}, "geometry": {"type": "LineString", "coordinates": [[-71.047932, 42.4038], [-71.047963, 42.40384], [-71.047997, 42.403911], [-71.04802, 42.403949], [-71.048042, 42.403986], [-71.048082, 42.404063], [-71.048184, 42.404101]]}}, {"type": "Feature", "properties": {"name": "Chelsea Street", "separation_level": "shared_lane", "street_classification": "medium-capacity", "maxspeed_int": 30.0}, "geometry": {"type": "LineString", "coordinates": [[-71.047932, 42.4038], [-71.0479, 42.403761], [-71.047797, 42.403631], [-71.047745, 42.403572], [-71.047691, 42.403521], [-71.047634, 42.403472], [-71.047597, 42.403443], [-71.047563, 42.403418], [-71.047528, 42.403392], [-71.047488, 42.403367], [-71.047441, 42.403344]]}}, {"type": "Feature", "properties": {"name": null, "separation_level": "separate", "street_classification": "dedicated_path", "maxspeed_int": null}, "geometry": {"type": "LineString", "coordinates": [[-71.048184, 42.404101], [-71.048274, 42.40405], [-71.048332, 42.403988], [-71.048362, 42.403966], [-71.049028, 42.403417], [-71.04902, 42.403411]]}}, {"type": "Feature", "properties": {"name": "Chelsea Street", "separation_level": "none", "street_classification": "medium-capacity", "maxspeed_int": null}, "geometry": {"type": "LineString", "coordinates": [[-71.048184, 42.404101], [-71.048137, 42.404025], [-71.048058, 42.40393], [-71.04802, 42.403882], [-71.047963, 42.40384], [-71.047932, 42.4038]]}}, {"type": "Feature", "properties": {"name": "Ferry Street", "separation_level": "none", "street_classification": "medium-capacity", "maxspeed_int": null}, "geometry": {"type": "LineString", "coordinates": [[-71.048184, 42.404101], [-71.048106, 42.404165], [-71.048099, 42.404234], [-71.048081, 42.404265], [-71.048063, 42.404303], [-71.048048, 42.404335], [-71.048008, 42.404417], [-71.047998, 42.404506]]}}, {"type": "Feature", "properties": {"name": null, "separation_level": "none", "street_classification": "residential", "maxspeed_int": null}, "geometry": {"type": "LineString", "coordinates": [[-71.048184, 42.404101], [-71.048247, 42.404173], [-71.048275, 42.404209], [-71.048302, 42.404237], [-71.048341, 42.404253], [-71.048566, 42.40428], [-71.048721, 42.40427], [-71.048732, 42.404243], [-71.048815, 42.404251]]}}, {"type": "Feature", "properties": {"name": "Chelsea Street", "separation_level": "none", "street_classification": "medium-capacity", "maxspeed_int": null}, "geometry": {"type": "LineString", "coordinates": [[-71.048184, 42.404101], [-71.048274, 42.404154], [-71.048319, 42.404151], [-71.048467, 42.404192], [-71.048503, 42.4042], [-71.048596, 42.404219], [-71.048732, 42.404243], [-71.048815, 42.404251]]}}, {"type": "Feature", "properties": {"name": "Vine Street", "separation_level": "none", "street_classification": "medium-capacity", "maxspeed_int": null}, "geometry": {"type": "LineString", "coordinates": [[-71.047441, 42.403344], [-71.047394, 42.40332], [-71.047408, 42.403297], [-71.047423, 42.403275], [-71.047435, 42.403251], [-71.047447, 42.403223], [-71.047454, 42.403197], [-71.047497, 42.402997], [-71.047599, 42.403015]]}}, {"type": "Feature", "properties": {"name": "Chelsea Street", "separation_level": "lane", "street_classification": "medium-capacity", "maxspeed_int": 30.0}, "geometry": {"type": "LineString", "coordinates": [[-71.047441, 42.403344], [-71.047394, 42.40332], [-71.04734, 42.403298], [-71.047277, 42.403274], [-71.047206, 42.403253], [-71.047147, 42.403239]]}}, {"type": "Feature", "properties": {"name": null, "separation_level": "separate", "street_classification": "dedicated_path", "maxspeed_int": null}, "geometry": {"type": "LineString", "coordinates": [[-71.04902, 42.403411], [-71.049028, 42.403417], [-71.049373, 42.403115], [-71.049483, 42.402984]]}}, {"type": "Feature", "properties": {"name": "South Ferry Street", "separation_level": "shared_lane", "street_classification": "residential", "maxspeed_int": 20.0}, "geometry": {"type": "LineString", "coordinates": [[-71.04902, 42.403411], [-71.049012, 42.403406], [-71.049005, 42.403411], [-71.048757, 42.403629], [-71.048574, 42.403758], [-71.048352, 42.403956], [-71.048317, 42.403976], [-71.048211, 42.40402], [-71.048184, 42.404101]]}}, {"type": "Feature", "properties": {"name": "Ferry Street", "separation_level": "lane", "street_classification": "medium-capacity", "maxspeed_int": null}, "geometry": {"type": "LineString", "coordinates": [[-71.047998, 42.404506], [-71.047914, 42.404692], [-71.047892, 42.404737]]}}, {"type": "Feature", "properties": {"name": "Ferry Street", "separation_level": "none", "street_classification": "medium-capacity", "maxspeed_int": null}, "geometry": {"type": "LineString", "coordinates": [[-71.047998, 42.404506], [-71.04806, 42.404434], [-71.048097, 42.404356], [-71.048101, 42.404348], [-71.048131, 42.404287], [-71.04814, 42.404268], [-71.04815, 42.404248], [-71.048204, 42.404185], [-71.048184, 42.404101]]}}, {"type": "Feature", "properties": {"name": "Chelsea Street", "separation_level": "none", "street_classification": "medium-capacity", "maxspeed_int": null}, "geometry": {"type": "LineString", "coordinates": [[-71.048815, 42.404251], [-71.048897, 42.404258], [-71.048666, 42.404176], [-71.048605, 42.404158], [-71.0485, 42.404127], [-71.048421, 42.404098], [-71.048389, 42.404088], [-71.048361, 42.404078], [-71.048274, 42.40405], [-71.048184, 42.404101]]}}, {"type": "Feature", "properties": {"name": "Warren Street", "separation_level": "none", "street_classification": "residential", "maxspeed_int": 20.0}, "geometry": {"type": "LineString", "coordinates": [[-71.057149, 42.410482], [-71.057725, 42.411011]]}}, {"type": "Feature", "properties": {"name": "Waverly Street", "separation_level": "none", "street_classification": "residential", "maxspeed_int": 20.0}, "geometry": {"type": "LineString", "coordinates": [[-71.057149, 42.410482], [-71.057403, 42.410362], [-71.057697, 42.410256], [-71.05819, 42.410136], [-71.058634, 42.410039]]}}, {"type": "Feature", "properties": {"name": "Warren Street", "separation_level": "none", "street_classification": "residential", "maxspeed_int": 20.0}, "geometry": {"type": "LineString", "coordinates": [[-71.057149, 42.410482], [-71.056993, 42.410155], [-71.056769, 42.409757], [-71.056655, 42.409505], [-71.056613, 42.409412]]}}, {"type": "Feature", "properties": {"name": "Warren Street", "separation_level": "none", "street_classification": "residential", "maxspeed_int": 20.0}, "geometry": {"type": "LineString", "coordinates": [[-71.057725, 42.411011], [-71.058171, 42.411466]]}}, {"type": "Feature", "properties": {"name": "Dean Street", "separation_level": "none", "street_classification": "residential", "maxspeed_int": 20.0}, "geometry": {"type": "LineString", "coordinates": [[-71.057725, 42.411011], [-71.057443, 42.411194], [-71.057044, 42.411478], [-71.05662, 42.411766], [-71.056166, 42.412076], [-71.055826, 42.412293], [-71.055386, 42.412594], [-71.054968, 42.412906]]}}, {"type": "Feature", "properties": {"name": "Waverly Street", "separation_level": "none", "street_classification": "residential", "maxspeed_int": 20.0}, "geometry": {"type": "LineString", "coordinates": [[-71.058634, 42.410039], [-71.058904, 42.40998], [-71.059589, 42.409807]]}}, {"type": "Feature", "properties": {"name": "Linden Street", "separation_level": "none", "street_classification": "medium-capacity", "maxspeed_int": null}, "geometry": {"type": "LineString", "coordinates": [[-71.056613, 42.409412], [-71.056265, 42.409494], [-71.05621, 42.409508], [-71.056113, 42.409534], [-71.056086, 42.409493]]}}, {"type": "Feature", "properties": {"name": "Linden Street", "separation_level": "none", "street_classification": "medium-capacity", "maxspeed_int": null}, "geometry": {"type": "LineString", "coordinates": [[-71.056613, 42.409412], [-71.057011, 42.409324], [-71.057828, 42.409174]]}}, {"type": "Feature", "properties": {"name": "Cleveland Avenue", "separation_level": "none", "street_classification": "residential", "maxspeed_int": 20.0}, "geometry": {"type": "LineString", "coordinates": [[-71.058171, 42.411466], [-71.057826, 42.411735], [-71.057332, 42.412099], [-71.056947, 42.412399], [-71.056505, 42.412725], [-71.056144, 42.412998], [-71.0556, 42.413359], [-71.055671, 42.413417]]}}, {"type": "Feature", "properties": {"name": "Hancock Street", "separation_level": "none", "street_classification": "medium-capacity", "maxspeed_int": null}, "geometry": {"type": "LineString", "coordinates": [[-71.054968, 42.412906], [-71.054281, 42.412415]]}}, {"type": "Feature", "properties": {"name": "Glendale Street", "separation_level": "none", "street_classification": "medium-capacity", "maxspeed_int": null}, "geometry": {"type": "LineString", "coordinates": [[-71.054968, 42.412906], [-71.054273, 42.413478]]}}, {"type": "Feature", "properties": {"name": "Hancock Street", "separation_level": "none", "street_classification": "medium-capacity", "maxspeed_int": null}, "geometry": {"type": "LineString", "coordinates": [[-71.054968, 42.412906], [-71.055064, 42.412975], [-71.055124, 42.413018], [-71.0556, 42.413359], [-71.055671, 42.413417]]}}, {"type": "Feature", "properties": {"name": "Bucknam Street", "separation_level": "none", "street_classification": "medium-capacity", "maxspeed_int": null}, "geometry": {"type": "LineString", "coordinates": [[-71.059589, 42.409807], [-71.059862, 42.410303]]}}, {"type": "Feature", "properties": {"name": "Bucknam Street", "separation_level": "none", "street_classification": "medium-capacity", "maxspeed_int": null}, "geometry": {"type": "LineString", "coordinates": [[-71.059589, 42.409807], [-71.059516, 42.409629]]}}, {"type": "Feature", "properties": {"name": "Webster Street", "separation_level": "none", "street_classification": "residential", "maxspeed_int": 20.0}, "geometry": {"type": "LineString", "coordinates": [[-71.056086, 42.409493], [-71.05606, 42.409452], [-71.055716, 42.409281], [-71.055778, 42.409213]]}}, {"type": "Feature", "properties": {"name": "Church Street", "separation_level": "none", "street_classification": "medium-capacity", "maxspeed_int": null}, "geometry": {"type": "LineString", "coordinates": [[-71.056086, 42.409493], [-71.05606, 42.409452], [-71.055839, 42.409144], [-71.055778, 42.409213]]}}, {"type": "Feature", "properties": {"name": "Linden Street", "separation_level": "none", "street_classification": "medium-capacity", "maxspeed_int": null}, "geometry": {"type": "LineString", "coordinates": [[-71.056086, 42.409493], [-71.056113, 42.409534], [-71.056078, 42.409573], [-71.055834, 42.409845], [-71.055647, 42.410054]]}}, {"type": "Feature", "properties": {"name": "Linden Street", "separation_level": "none", "street_classification": "medium-capacity", "maxspeed_int": null}, "geometry": {"type": "LineString", "coordinates": [[-71.057828, 42.409174], [-71.058087, 42.409123]]}}, {"type": "Feature", "properties": {"name": "Bucknam Street", "separation_level": "none", "street_classification": "medium-capacity", "maxspeed_int": null}, "geometry": {"type": "LineString", "coordinates": [[-71.061141, 42.412626], [-71.061337, 42.41309], [-71.061435, 42.413312], [-71.061247, 42.413524]]}}, {"type": "Feature", "properties": {"name": "Andrew Street", "separation_level": "none", "street_classification": "residential", "maxspeed_int": 20.0}, "geometry": {"type": "LineString", "coordinates": [[-71.061141, 42.412626], [-71.060963, 42.412732], [-71.05984, 42.413131]]}}, {"type": "Feature", "properties": {"name": "Locust Street", "separation_level": "none", "street_classification": "residential", "maxspeed_int": 20.0}, "geometry": {"type": "LineString", "coordinates": [[-71.061141, 42.412626], [-71.06122, 42.412549], [-71.06194, 42.41242]]}}, {"type": "Feature", "properties": {"name": "Kinsman Street", "separation_level": "none", "street_classification": "residential", "maxspeed_int": 20.0}, "geometry": {"type": "LineString", "coordinates": [[-71.059407, 42.41272], [-71.05984, 42.413131]]}}, {"type": "Feature", "properties": {"name": "Tappan Street", "separation_level": "none", "street_classification": "residential", "maxspeed_int": 20.0}, "geometry": {"type": "LineString", "coordinates": [[-71.059407, 42.41272], [-71.058969, 42.412984], [-71.05883, 42.413068], [-71.0585, 42.413226], [-71.05814, 42.413461], [-71.058131, 42.413466]]}}, {"type": "Feature", "properties": {"name": "Kinsman Street", "separation_level": "none", "street_classification": "residential", "maxspeed_int": 20.0}, "geometry": {"type": "LineString", "coordinates": [[-71.059407, 42.41272], [-71.05911, 42.412445], [-71.058952, 42.41229]]}}, {"type": "Feature", "properties": {"name": "Appleton Street", "separation_level": "none", "street_classification": "residential", "maxspeed_int": 20.0}, "geometry": {"type": "LineString", "coordinates": [[-71.063007, 42.407221], [-71.062113, 42.407257], [-71.062109, 42.407223]]}}, {"type": "Feature", "properties": {"name": "Main Street", "separation_level": "lane", "street_classification": "medium-capacity", "maxspeed_int": null}, "geometry": {"type": "LineString", "coordinates": [[-71.062109, 42.407223], [-71.062106, 42.407189], [-71.062097, 42.407102], [-71.06208, 42.406961]]}}, {"type": "Feature", "properties": {"name": "Main Street", "separation_level": "lane", "street_classification": "medium-capacity", "maxspeed_int": null}, "geometry": {"type": "LineString", "coordinates": [[-71.06208, 42.406961], [-71.062036, 42.40658], [-71.062029, 42.406529]]}}, {"type": "Feature", "properties": {"name": "Winthrop Street", "separation_level": "none", "street_classification": "residential", "maxspeed_int": 20.0}, "geometry": {"type": "LineString", "coordinates": [[-71.06208, 42.406961], [-71.061954, 42.406976], [-71.061709, 42.407006]]}}, {"type": "Feature", "properties": {"name": "Pierce Avenue", "separation_level": "none", "street_classification": "medium-capacity", "maxspeed_int": null}, "geometry": {"type": "LineString", "coordinates": [[-71.068049, 42.414237], [-71.067183, 42.414312]]}}, {"type": "Feature", "properties": {"name": "Bellrock Street", "separation_level": "none", "street_classification": "medium-capacity", "maxspeed_int": null}, "geometry": {"type": "LineString", "coordinates": [[-71.068049, 42.414237], [-71.068129, 42.415076]]}}, {"type": "Feature", "properties": {"name": "Bellrock Street", "separation_level": "none", "street_classification": "medium-capacity", "maxspeed_int": null}, "geometry": {"type": "LineString", "coordinates": [[-71.068049, 42.414237], [-71.067988, 42.413467]]}}, {"type": "Feature", "properties": {"name": "True Street", "separation_level": "none", "street_classification": "residential", "maxspeed_int": 20.0}, "geometry": {"type": "LineString", "coordinates": [[-71.067183, 42.414312], [-71.06725, 42.415115]]}}, {"type": "Feature", "properties": {"name": "Pierce Avenue", "separation_level": "none", "street_classification": "medium-capacity", "maxspeed_int": null}, "geometry": {"type": "LineString", "coordinates": [[-71.067183, 42.414312], [-71.065803, 42.414432], [-71.064249, 42.414575], [-71.064214, 42.414578], [-71.064176, 42.414584], [-71.064126, 42.414594], [-71.064075, 42.414607], [-71.064093, 42.414636]]}}, {"type": "Feature", "properties": {"name": "Wyllis Avenue", "separation_level": "none", "street_classification": "residential", "maxspeed_int": 20.0}, "geometry": {"type": "LineString", "coordinates": [[-71.068129, 42.415076], [-71.069023, 42.415032]]}}, {"type": "Feature", "properties": {"name": "Bellrock Street", "separation_level": "none", "street_classification": "medium-capacity", "maxspeed_int": null}, "geometry": {"type": "LineString", "coordinates": [[-71.067988, 42.413467], [-71.067983, 42.413412], [-71.067923, 42.412791], [-71.067922, 42.412783], [-71.067917, 42.412731]]}}, {"type": "Feature", "properties": {"name": "Tremont Street", "separation_level": "none", "street_classification": "medium-capacity", "maxspeed_int": null}, "geometry": {"type": "LineString", "coordinates": [[-71.067988, 42.413467], [-71.068479, 42.413406], [-71.068559, 42.413388], [-71.068616, 42.413344], [-71.068634, 42.413307], [-71.068648, 42.413263], [-71.068565, 42.413127]]}}, {"type": "Feature", "properties": {"name": "Wyllis Avenue", "separation_level": "none", "street_classification": "residential", "maxspeed_int": 20.0}, "geometry": {"type": "LineString", "coordinates": [[-71.06725, 42.415115], [-71.068129, 42.415076]]}}, {"type": "Feature", "properties": {"name": "Main Street", "separation_level": "lane", "street_classification": "medium-capacity", "maxspeed_int": null}, "geometry": {"type": "LineString", "coordinates": [[-71.064093, 42.414636], [-71.064075, 42.414607], [-71.063803, 42.414189], [-71.063765, 42.414123], [-71.06375, 42.414092]]}}, {"type": "Feature", "properties": {"name": "Wyllis Avenue", "separation_level": "none", "street_classification": "residential", "maxspeed_int": 20.0}, "geometry": {"type": "LineString", "coordinates": [[-71.069023, 42.415032], [-71.069454, 42.415011], [-71.069447, 42.414935]]}}, {"type": "Feature", "properties": {"name": "Floyd Street", "separation_level": "none", "street_classification": "residential", "maxspeed_int": 20.0}, "geometry": {"type": "LineString", "coordinates": [[-71.067917, 42.412731], [-71.067827, 42.412747], [-71.06677, 42.412916]]}}, {"type": "Feature", "properties": {"name": "Bellrock Street", "separation_level": "none", "street_classification": "medium-capacity", "maxspeed_int": null}, "geometry": {"type": "LineString", "coordinates": [[-71.067917, 42.412731], [-71.067908, 42.412634], [-71.067888, 42.412372], [-71.067883, 42.412299], [-71.067878, 42.412278], [-71.06787, 42.412257], [-71.06786, 42.412232], [-71.067849, 42.412207]]}}, {"type": "Feature", "properties": {"name": null, "separation_level": "none", "street_classification": "residential", "maxspeed_int": null}, "geometry": {"type": "LineString", "coordinates": [[-71.068565, 42.413127], [-71.068648, 42.413263], [-71.068781, 42.413247], [-71.069256, 42.413007], [-71.069199, 42.41294]]}}, {"type": "Feature", "properties": {"name": null, "separation_level": "none", "street_classification": "residential", "maxspeed_int": null}, "geometry": {"type": "LineString", "coordinates": [[-71.068565, 42.413127], [-71.06858, 42.413132], [-71.069141, 42.412873], [-71.069199, 42.41294]]}}, {"type": "Feature", "properties": {"name": null, "separation_level": "none", "street_classification": "residential", "maxspeed_int": null}, "geometry": {"type": "LineString", "coordinates": [[-71.068565, 42.413127], [-71.06847, 42.412993], [-71.069036, 42.412732], [-71.069141, 42.412873], [-71.069199, 42.41294]]}}, {"type": "Feature", "properties": {"name": "Tremont Street", "separation_level": "none", "street_classification": "medium-capacity", "maxspeed_int": null}, "geometry": {"type": "LineString", "coordinates": [[-71.068565, 42.413127], [-71.06847, 42.412993], [-71.068325, 42.412809]]}}, {"type": "Feature", "properties": {"name": "Woodlawn Street", "separation_level": "none", "street_classification": "medium-capacity", "maxspeed_int": null}, "geometry": {"type": "LineString", "coordinates": [[-71.043398, 42.411064], [-71.043422, 42.411264], [-71.043429, 42.411354]]}}, {"type": "Feature", "properties": {"name": "Woodlawn Street", "separation_level": "none", "street_classification": "medium-capacity", "maxspeed_int": null}, "geometry": {"type": "LineString", "coordinates": [[-71.043398, 42.411064], [-71.043393, 42.411019], [-71.043377, 42.410892], [-71.043372, 42.410817]]}}, {"type": "Feature", "properties": {"name": "Elsie Street", "separation_level": "none", "street_classification": "residential", "maxspeed_int": 20.0}, "geometry": {"type": "LineString", "coordinates": [[-71.043398, 42.411064], [-71.043211, 42.41109], [-71.043038, 42.411115], [-71.042962, 42.411127], [-71.042864, 42.41116], [-71.042208, 42.41125]]}}, {"type": "Feature", "properties": {"name": "Shirley Street", "separation_level": "none", "street_classification": "residential", "maxspeed_int": 20.0}, "geometry": {"type": "LineString", "coordinates": [[-71.043429, 42.411354], [-71.045653, 42.411143]]}}, {"type": "Feature", "properties": {"name": "Woodlawn Street", "separation_level": "none", "street_classification": "medium-capacity", "maxspeed_int": null}, "geometry": {"type": "LineString", "coordinates": [[-71.043429, 42.411354], [-71.043428, 42.411439], [-71.043422, 42.411519], [-71.043413, 42.411583], [-71.043401, 42.411627], [-71.043386, 42.411676], [-71.043361, 42.411738], [-71.043338, 42.411788], [-71.043312, 42.411834], [-71.043276, 42.411895], [-71.043252, 42.411936]]}}, {"type": "Feature", "properties": {"name": "Woodlawn Street", "separation_level": "none", "street_classification": "medium-capacity", "maxspeed_int": null}, "geometry": {"type": "LineString", "coordinates": [[-71.043372, 42.410817], [-71.043366, 42.410682], [-71.043313, 42.410045]]}}, {"type": "Feature", "properties": {"name": "Garland Street", "separation_level": "none", "street_classification": "medium-capacity", "maxspeed_int": null}, "geometry": {"type": "LineString", "coordinates": [[-71.043372, 42.410817], [-71.043205, 42.410814], [-71.042173, 42.410436]]}}, {"type": "Feature", "properties": {"name": "Elsie Street", "separation_level": "none", "street_classification": "residential", "maxspeed_int": 20.0}, "geometry": {"type": "LineString", "coordinates": [[-71.042208, 42.41125], [-71.040789, 42.411437]]}}, {"type": "Feature", "properties": {"name": "Mount Washington Street", "separation_level": "none", "street_classification": "residential", "maxspeed_int": 20.0}, "geometry": {"type": "LineString", "coordinates": [[-71.042208, 42.41125], [-71.042138, 42.411178], [-71.042129, 42.41117], [-71.04212, 42.411162], [-71.042109, 42.411156], [-71.042098, 42.41115], [-71.042086, 42.411145], [-71.0409, 42.410707]]}}, {"type": "Feature", "properties": {"name": "Ferry Street", "separation_level": "lane", "street_classification": "medium-capacity", "maxspeed_int": null}, "geometry": {"type": "LineString", "coordinates": [[-71.045653, 42.411143], [-71.045651, 42.410805]]}}, {"type": "Feature", "properties": {"name": "Ferry Street", "separation_level": "lane", "street_classification": "medium-capacity", "maxspeed_int": null}, "geometry": {"type": "LineString", "coordinates": [[-71.045653, 42.411143], [-71.045657, 42.411522], [-71.045659, 42.411743], [-71.045659, 42.411841]]}}, {"type": "Feature", "properties": {"name": "Clarence Street", "separation_level": "none", "street_classification": "residential", "maxspeed_int": 20.0}, "geometry": {"type": "LineString", "coordinates": [[-71.043252, 42.411936], [-71.043179, 42.411942], [-71.043162, 42.411944], [-71.043147, 42.411945], [-71.043132, 42.411946], [-71.043117, 42.411946], [-71.043103, 42.411945], [-71.042486, 42.411924], [-71.042326, 42.411917], [-71.041814, 42.411895], [-71.041671, 42.411891], [-71.041581, 42.411893], [-71.041475, 42.4119], [-71.041388, 42.41191], [-71.040984, 42.411965], [-71.04092, 42.411973]]}}, {"type": "Feature", "properties": {"name": "Clarence Street", "separation_level": "none", "street_classification": "residential", "maxspeed_int": 20.0}, "geometry": {"type": "LineString", "coordinates": [[-71.043252, 42.411936], [-71.043323, 42.411932], [-71.043403, 42.411928], [-71.043775, 42.411919], [-71.044114, 42.411906], [-71.045659, 42.411841]]}}, {"type": "Feature", "properties": {"name": "Garland Street", "separation_level": "none", "street_classification": "medium-capacity", "maxspeed_int": null}, "geometry": {"type": "LineString", "coordinates": [[-71.042173, 42.410436], [-71.041057, 42.41003], [-71.04077, 42.409923], [-71.04068, 42.409891], [-71.040598, 42.409864]]}}, {"type": "Feature", "properties": {"name": "Elsie Street", "separation_level": "none", "street_classification": "residential", "maxspeed_int": 20.0}, "geometry": {"type": "LineString", "coordinates": [[-71.040789, 42.411437], [-71.040426, 42.411489]]}}, {"type": "Feature", "properties": {"name": "Birch Street", "separation_level": "none", "street_classification": "residential", "maxspeed_int": 20.0}, "geometry": {"type": "LineString", "coordinates": [[-71.040789, 42.411437], [-71.040801, 42.411492], [-71.040806, 42.411512], [-71.0409, 42.411893], [-71.040906, 42.411916], [-71.04092, 42.411973]]}}, {"type": "Feature", "properties": {"name": "Mount Washington Street", "separation_level": "none", "street_classification": "residential", "maxspeed_int": 20.0}, "geometry": {"type": "LineString", "coordinates": [[-71.0409, 42.410707], [-71.040305, 42.410493], [-71.040272, 42.410481], [-71.040238, 42.410471]]}}, {"type": "Feature", "properties": {"name": "Park View Road", "separation_level": "none", "street_classification": "residential", "maxspeed_int": 20.0}, "geometry": {"type": "LineString", "coordinates": [[-71.0409, 42.410707], [-71.040439, 42.411408], [-71.040436, 42.411412], [-71.040434, 42.411417], [-71.040432, 42.411422], [-71.04043, 42.411427], [-71.040429, 42.411432], [-71.040429, 42.411437], [-71.040429, 42.411442], [-71.040426, 42.411489]]}}, {"type": "Feature", "properties": {"name": "Shute Street", "separation_level": "none", "street_classification": "medium-capacity", "maxspeed_int": 25.0}, "geometry": {"type": "LineString", "coordinates": [[-71.043339, 42.421945], [-71.043374, 42.421975], [-71.043465, 42.42205], [-71.043494, 42.422071], [-71.043614, 42.422153], [-71.043699, 42.422212], [-71.043726, 42.422226], [-71.043776, 42.422241], [-71.043822, 42.422247], [-71.04384, 42.42233]]}}, {"type": "Feature", "properties": {"name": "Shute Street", "separation_level": "none", "street_classification": "residential", "maxspeed_int": 25.0}, "geometry": {"type": "LineString", "coordinates": [[-71.043339, 42.421945], [-71.043306, 42.421909], [-71.043278, 42.421877], [-71.04322, 42.421836], [-71.042798, 42.421552], [-71.042777, 42.421538], [-71.042727, 42.421492]]}}, {"type": "Feature", "properties": {"name": "Broadway", "separation_level": "lane", "street_classification": "medium-capacity", "maxspeed_int": null}, "geometry": {"type": "LineString", "coordinates": [[-71.043339, 42.421945], [-71.043394, 42.421798], [-71.043404, 42.421768], [-71.043525, 42.42144]]}}, {"type": "Feature", "properties": {"name": "Broadway", "separation_level": "lane", "street_classification": "medium-capacity", "maxspeed_int": null}, "geometry": {"type": "LineString", "coordinates": [[-71.043339, 42.421945], [-71.043278, 42.422109], [-71.043113, 42.422544], [-71.042945, 42.422998], [-71.042915, 42.423078]]}}, {"type": "Feature", "properties": {"name": "Shute Street", "separation_level": "none", "street_classification": "medium-capacity", "maxspeed_int": 25.0}, "geometry": {"type": "LineString", "coordinates": [[-71.04384, 42.42233], [-71.043822, 42.422247], [-71.043868, 42.422244], [-71.043927, 42.422235], [-71.043983, 42.422219], [-71.044026, 42.4222], [-71.044071, 42.422177], [-71.044135, 42.422136], [-71.044241, 42.422062], [-71.044263, 42.422045]]}}, {"type": "Feature", "properties": {"name": "Shute Street", "separation_level": "none", "street_classification": "residential", "maxspeed_int": 25.0}, "geometry": {"type": "LineString", "coordinates": [[-71.042727, 42.421492], [-71.042683, 42.42144], [-71.042665, 42.421426], [-71.042222, 42.421148], [-71.042165, 42.421109]]}}, {"type": "Feature", "properties": {"name": "Lynn Street", "separation_level": "none", "street_classification": "medium-capacity", "maxspeed_int": null}, "geometry": {"type": "LineString", "coordinates": [[-71.042727, 42.421492], [-71.042699, 42.421521], [-71.042686, 42.421535], [-71.042194, 42.422088]]}}, {"type": "Feature", "properties": {"name": "Lynn Street", "separation_level": "none", "street_classification": "medium-capacity", "maxspeed_int": null}, "geometry": {"type": "LineString", "coordinates": [[-71.042727, 42.421492], [-71.042759, 42.421453], [-71.042825, 42.42138], [-71.043241, 42.420923], [-71.043272, 42.420888]]}}, {"type": "Feature", "properties": {"name": null, "separation_level": "none", "street_classification": "dedicated_path", "maxspeed_int": null}, "geometry": {"type": "LineString", "coordinates": [[-71.042727, 42.421492], [-71.042819, 42.421492], [-71.042852, 42.421492], [-71.042937, 42.421475], [-71.043002, 42.421461], [-71.043094, 42.421414], [-71.043251, 42.421293]]}}, {"type": "Feature", "properties": {"name": "Mason Street", "separation_level": "none", "street_classification": "residential", "maxspeed_int": 20.0}, "geometry": {"type": "LineString", "coordinates": [[-71.043525, 42.42144], [-71.043567, 42.42146], [-71.043622, 42.421486], [-71.044383, 42.421851], [-71.044414, 42.421865], [-71.044468, 42.421897]]}}, {"type": "Feature", "properties": {"name": "Broadway", "separation_level": "lane", "street_classification": "medium-capacity", "maxspeed_int": null}, "geometry": {"type": "LineString", "coordinates": [[-71.043525, 42.42144], [-71.043536, 42.421415], [-71.043705, 42.420965], [-71.043716, 42.420934]]}}, {"type": "Feature", "properties": {"name": null, "separation_level": "none", "street_classification": "residential", "maxspeed_int": null}, "geometry": {"type": "LineString", "coordinates": [[-71.042915, 42.423078], [-71.042885, 42.423158], [-71.042843, 42.423149], [-71.042788, 42.423137], [-71.042767, 42.423132], [-71.042728, 42.42311], [-71.042537, 42.423072], [-71.042519, 42.423045], [-71.042544, 42.422974], [-71.042563, 42.422919]]}}, {"type": "Feature", "properties": {"name": "Shute Street", "separation_level": "none", "street_classification": "medium-capacity", "maxspeed_int": 25.0}, "geometry": {"type": "LineString", "coordinates": [[-71.044263, 42.422045], [-71.044468, 42.421897]]}}, {"type": "Feature", "properties": {"name": "Whittier Drive", "separation_level": "none", "street_classification": "residential", "maxspeed_int": 20.0}, "geometry": {"type": "LineString", "coordinates": [[-71.042165, 42.421109], [-71.042222, 42.421148], [-71.042276, 42.421095], [-71.04271, 42.420617]]}}, {"type": "Feature", "properties": {"name": "Shute Street", "separation_level": "none", "street_classification": "residential", "maxspeed_int": 25.0}, "geometry": {"type": "LineString", "coordinates": [[-71.042165, 42.421109], [-71.042108, 42.42107], [-71.041963, 42.420969], [-71.041808, 42.420854]]}}, {"type": "Feature", "properties": {"name": null, "separation_level": "none", "street_classification": "residential", "maxspeed_int": null}, "geometry": {"type": "LineString", "coordinates": [[-71.042165, 42.421109], [-71.042108, 42.42107], [-71.041638, 42.42141], [-71.041526, 42.42145]]}}, {"type": "Feature", "properties": {"name": "Fuller Street", "separation_level": "none", "street_classification": "medium-capacity", "maxspeed_int": null}, "geometry": {"type": "LineString", "coordinates": [[-71.042194, 42.422088], [-71.042102, 42.422081], [-71.042017, 42.42207], [-71.041762, 42.422056], [-71.041698, 42.422053]]}}, {"type": "Feature", "properties": {"name": "Lynn Street", "separation_level": "none", "street_classification": "medium-capacity", "maxspeed_int": null}, "geometry": {"type": "LineString", "coordinates": [[-71.042194, 42.422088], [-71.042122, 42.422162], [-71.041678, 42.422651], [-71.041618, 42.422719]]}}, {"type": "Feature", "properties": {"name": "Lynn Street", "separation_level": "none", "street_classification": "medium-capacity", "maxspeed_int": null}, "geometry": {"type": "LineString", "coordinates": [[-71.043272, 42.420888], [-71.0436, 42.420524]]}}, {"type": "Feature", "properties": {"name": "Proctor Road", "separation_level": "none", "street_classification": "residential", "maxspeed_int": 20.0}, "geometry": {"type": "LineString", "coordinates": [[-71.043272, 42.420888], [-71.043214, 42.420858], [-71.042763, 42.420639], [-71.04271, 42.420617]]}}, {"type": "Feature", "properties": {"name": null, "separation_level": "none", "street_classification": "dedicated_path", "maxspeed_int": null}, "geometry": {"type": "LineString", "coordinates": [[-71.043272, 42.420888], [-71.043313, 42.420918], [-71.043319, 42.420935], [-71.043343, 42.42101], [-71.04337, 42.421091], [-71.043251, 42.421293]]}}, {"type": "Feature", "properties": {"name": null, "separation_level": "none", "street_classification": "dedicated_path", "maxspeed_int": null}, "geometry": {"type": "LineString", "coordinates": [[-71.043251, 42.421293], [-71.04337, 42.421091], [-71.043464, 42.421056], [-71.043471, 42.421053], [-71.043581, 42.421012], [-71.043587, 42.42101], [-71.043657, 42.420968], [-71.043716, 42.420934]]}}, {"type": "Feature", "properties": {"name": "Shute Street", "separation_level": "none", "street_classification": "medium-capacity", "maxspeed_int": 25.0}, "geometry": {"type": "LineString", "coordinates": [[-71.044468, 42.421897], [-71.04483, 42.421639], [-71.044856, 42.421617], [-71.044915, 42.421576]]}}, {"type": "Feature", "properties": {"name": "Broadway", "separation_level": "lane", "street_classification": "medium-capacity", "maxspeed_int": null}, "geometry": {"type": "LineString", "coordinates": [[-71.043716, 42.420934], [-71.043727, 42.420903], [-71.043837, 42.420611], [-71.043903, 42.420415]]}}, {"type": "Feature", "properties": {"name": "Estes Street", "separation_level": "none", "street_classification": "residential", "maxspeed_int": 20.0}, "geometry": {"type": "LineString", "coordinates": [[-71.042563, 42.422919], [-71.042802, 42.422968], [-71.04284, 42.422973], [-71.0429, 42.422987], [-71.042945, 42.422998], [-71.042915, 42.423078]]}}, {"type": "Feature", "properties": {"name": "Staples Avenue", "separation_level": "none", "street_classification": "residential", "maxspeed_int": 20.0}, "geometry": {"type": "LineString", "coordinates": [[-71.057061, 42.415049], [-71.057441, 42.415321]]}}, {"type": "Feature", "properties": {"name": "Cottage Street", "separation_level": "none", "street_classification": "medium-capacity", "maxspeed_int": null}, "geometry": {"type": "LineString", "coordinates": [[-71.050086, 42.405948], [-71.04956, 42.405849]]}}, {"type": "Feature", "properties": {"name": "Autumn Street", "separation_level": "none", "street_classification": "residential", "maxspeed_int": 20.0}, "geometry": {"type": "LineString", "coordinates": [[-71.050086, 42.405948], [-71.049986, 42.406549], [-71.049957, 42.407132], [-71.049848, 42.40828]]}}, {"type": "Feature", "properties": {"name": "Cottage Street", "separation_level": "none", "street_classification": "medium-capacity", "maxspeed_int": null}, "geometry": {"type": "LineString", "coordinates": [[-71.04956, 42.405849], [-71.049236, 42.405781]]}}, {"type": "Feature", "properties": {"name": "Mead Street", "separation_level": "none", "street_classification": "residential", "maxspeed_int": 20.0}, "geometry": {"type": "LineString", "coordinates": [[-71.04956, 42.405849], [-71.049625, 42.405353], [-71.049685, 42.404893], [-71.049745, 42.40458], [-71.049746, 42.404566], [-71.049758, 42.404483]]}}, {"type": "Feature", "properties": {"name": "Summer Street", "separation_level": "none", "street_classification": "medium-capacity", "maxspeed_int": null}, "geometry": {"type": "LineString", "coordinates": [[-71.049848, 42.40828], [-71.04947, 42.408252], [-71.048792, 42.408201]]}}, {"type": "Feature", "properties": {"name": "Oliver Street", "separation_level": "none", "street_classification": "residential", "maxspeed_int": 20.0}, "geometry": {"type": "LineString", "coordinates": [[-71.049236, 42.405781], [-71.049095, 42.406548]]}}, {"type": "Feature", "properties": {"name": "Cottage Street", "separation_level": "none", "street_classification": "medium-capacity", "maxspeed_int": null}, "geometry": {"type": "LineString", "coordinates": [[-71.049236, 42.405781], [-71.048851, 42.405698], [-71.04869, 42.405661], [-71.048529, 42.405622], [-71.047713, 42.405412], [-71.047688, 42.405406], [-71.047588, 42.40538], [-71.04755, 42.405462]]}}, {"type": "Feature", "properties": {"name": "Edmester Court", "separation_level": "none", "street_classification": "residential", "maxspeed_int": 20.0}, "geometry": {"type": "LineString", "coordinates": [[-71.050981, 42.405377], [-71.051624, 42.405588]]}}, {"type": "Feature", "properties": {"name": "High Street", "separation_level": "none", "street_classification": "medium-capacity", "maxspeed_int": null}, "geometry": {"type": "LineString", "coordinates": [[-71.048792, 42.408201], [-71.047988, 42.408127], [-71.046478, 42.407752]]}}, {"type": "Feature", "properties": {"name": null, "separation_level": "none", "street_classification": "residential", "maxspeed_int": null}, "geometry": {"type": "LineString", "coordinates": [[-71.045865, 42.398732], [-71.045987, 42.398671], [-71.046531, 42.398338], [-71.046661, 42.398362], [-71.046901, 42.39856], [-71.046899, 42.398628], [-71.046843, 42.398729], [-71.046588, 42.398886]]}}, {"type": "Feature", "properties": {"name": "Chelsea Street", "separation_level": "lane", "street_classification": "medium-capacity", "maxspeed_int": 30.0}, "geometry": {"type": "LineString", "coordinates": [[-71.0432, 42.402851], [-71.042736, 42.402865]]}}, {"type": "Feature", "properties": {"name": "Chelsea Street", "separation_level": "lane", "street_classification": "medium-capacity", "maxspeed_int": 30.0}, "geometry": {"type": "LineString", "coordinates": [[-71.0432, 42.402851], [-71.043459, 42.402847], [-71.043585, 42.402846], [-71.043713, 42.402848], [-71.043827, 42.402851], [-71.04394, 42.402855], [-71.044063, 42.402863]]}}, {"type": "Feature", "properties": {"name": "Francis Street", "separation_level": "none", "street_classification": "residential", "maxspeed_int": 20.0}, "geometry": {"type": "LineString", "coordinates": [[-71.0432, 42.402851], [-71.043197, 42.402894], [-71.043192, 42.402924], [-71.04319, 42.40293], [-71.043182, 42.402958], [-71.042578, 42.404168], [-71.042272, 42.404775], [-71.042261, 42.404797], [-71.042229, 42.404861]]}}, {"type": "Feature", "properties": {"name": "Chelsea Street", "separation_level": "lane", "street_classification": "medium-capacity", "maxspeed_int": 30.0}, "geometry": {"type": "LineString", "coordinates": [[-71.042736, 42.402865], [-71.04246, 42.402873]]}}, {"type": "Feature", "properties": {"name": null, "separation_level": "none", "street_classification": "residential", "maxspeed_int": null}, "geometry": {"type": "LineString", "coordinates": [[-71.042736, 42.402865], [-71.042735, 42.402698], [-71.04271, 42.40264], [-71.042445, 42.402503], [-71.042388, 42.402426]]}}, {"type": "Feature", "properties": {"name": "Chelsea Street", "separation_level": "lane", "street_classification": "medium-capacity", "maxspeed_int": 30.0}, "geometry": {"type": "LineString", "coordinates": [[-71.044063, 42.402863], [-71.044174, 42.402871], [-71.044304, 42.402885], [-71.044426, 42.402897], [-71.044444, 42.402899], [-71.04454, 42.40291], [-71.045204, 42.402991]]}}, {"type": "Feature", "properties": {"name": "Union Street", "separation_level": "none", "street_classification": "medium-capacity", "maxspeed_int": null}, "geometry": {"type": "LineString", "coordinates": [[-71.042229, 42.404861], [-71.042996, 42.405075], [-71.043015, 42.40508]]}}, {"type": "Feature", "properties": {"name": null, "separation_level": "lane", "street_classification": "medium-capacity", "maxspeed_int": null}, "geometry": {"type": "LineString", "coordinates": [[-71.04246, 42.402873], [-71.042306, 42.402856], [-71.042182, 42.402838], [-71.042155, 42.402833], [-71.042131, 42.402827], [-71.042104, 42.402819], [-71.04208, 42.40281], [-71.042057, 42.402801], [-71.042034, 42.402789], [-71.042013, 42.402777], [-71.042002, 42.402771], [-71.041994, 42.402766], [-71.041977, 42.402753], [-71.041961, 42.402742], [-71.041945, 42.402728], [-71.041929, 42.402714], [-71.041916, 42.4027], [-71.041862, 42.402631], [-71.041801, 42.402543]]}}, {"type": "Feature", "properties": {"name": null, "separation_level": "none", "street_classification": "residential", "maxspeed_int": null}, "geometry": {"type": "LineString", "coordinates": [[-71.04246, 42.402873], [-71.042453, 42.402746], [-71.042379, 42.402707], [-71.042233, 42.402716], [-71.042095, 42.402674], [-71.042002, 42.402568], [-71.04195, 42.402526], [-71.041801, 42.402543]]}}, {"type": "Feature", "properties": {"name": "Chelsea Street", "separation_level": "lane", "street_classification": "medium-capacity", "maxspeed_int": 30.0}, "geometry": {"type": "LineString", "coordinates": [[-71.04246, 42.402873], [-71.041993, 42.402892], [-71.041953, 42.402894], [-71.041912, 42.402894], [-71.041868, 42.402894]]}}, {"type": "Feature", "properties": {"name": null, "separation_level": "none", "street_classification": "residential", "maxspeed_int": null}, "geometry": {"type": "LineString", "coordinates": [[-71.042388, 42.402426], [-71.042324, 42.402435], [-71.042114, 42.40233]]}}, {"type": "Feature", "properties": {"name": null, "separation_level": "none", "street_classification": "residential", "maxspeed_int": null}, "geometry": {"type": "LineString", "coordinates": [[-71.042388, 42.402426], [-71.042412, 42.402389], [-71.042486, 42.402079], [-71.042502, 42.402011]]}}, {"type": "Feature", "properties": {"name": "Chelsea Street", "separation_level": "lane", "street_classification": "medium-capacity", "maxspeed_int": 30.0}, "geometry": {"type": "LineString", "coordinates": [[-71.045204, 42.402991], [-71.045377, 42.403012], [-71.045492, 42.403025]]}}, {"type": "Feature", "properties": {"name": "Baker Road", "separation_level": "none", "street_classification": "residential", "maxspeed_int": 20.0}, "geometry": {"type": "LineString", "coordinates": [[-71.043015, 42.40508], [-71.043035, 42.405085], [-71.04299, 42.405174], [-71.041691, 42.407742], [-71.041663, 42.407798]]}}, {"type": "Feature", "properties": {"name": "Union Street", "separation_level": "none", "street_classification": "medium-capacity", "maxspeed_int": null}, "geometry": {"type": "LineString", "coordinates": [[-71.043015, 42.40508], [-71.043035, 42.405085], [-71.043415, 42.405188], [-71.043647, 42.40525], [-71.043743, 42.405275]]}}, {"type": "Feature", "properties": {"name": "Luke Road", "separation_level": "none", "street_classification": "residential", "maxspeed_int": 20.0}, "geometry": {"type": "LineString", "coordinates": [[-71.043015, 42.40508], [-71.042996, 42.405075], [-71.043024, 42.405017], [-71.043558, 42.40393]]}}, {"type": "Feature", "properties": {"name": "Thurman Street", "separation_level": "none", "street_classification": "residential", "maxspeed_int": 20.0}, "geometry": {"type": "LineString", "coordinates": [[-71.044553, 42.418435], [-71.043941, 42.418903]]}}, {"type": "Feature", "properties": {"name": "Thurman Street", "separation_level": "none", "street_classification": "residential", "maxspeed_int": 20.0}, "geometry": {"type": "LineString", "coordinates": [[-71.044553, 42.418435], [-71.045058, 42.418054], [-71.045082, 42.418039], [-71.04513, 42.418006]]}}, {"type": "Feature", "properties": {"name": "Clifton Avenue", "separation_level": "none", "street_classification": "residential", "maxspeed_int": 20.0}, "geometry": {"type": "LineString", "coordinates": [[-71.044553, 42.418435], [-71.044495, 42.418394], [-71.044035, 42.418061], [-71.043777, 42.417875], [-71.043527, 42.417692]]}}, {"type": "Feature", "properties": {"name": "Thurman Street", "separation_level": "none", "street_classification": "residential", "maxspeed_int": 20.0}, "geometry": {"type": "LineString", "coordinates": [[-71.043941, 42.418903], [-71.043911, 42.418925], [-71.043596, 42.419168], [-71.04336, 42.419357]]}}, {"type": "Feature", "properties": {"name": "Glendale Avenue", "separation_level": "none", "street_classification": "residential", "maxspeed_int": 20.0}, "geometry": {"type": "LineString", "coordinates": [[-71.043941, 42.418903], [-71.043747, 42.418765], [-71.043449, 42.418545], [-71.043199, 42.418367], [-71.042918, 42.418163]]}}, {"type": "Feature", "properties": {"name": "Summit Avenue", "separation_level": "none", "street_classification": "residential", "maxspeed_int": 20.0}, "geometry": {"type": "LineString", "coordinates": [[-71.04513, 42.418006], [-71.044639, 42.417649], [-71.044172, 42.417304]]}}, {"type": "Feature", "properties": {"name": "Wilbur Street", "separation_level": "none", "street_classification": "residential", "maxspeed_int": 20.0}, "geometry": {"type": "LineString", "coordinates": [[-71.043527, 42.417692], [-71.043358, 42.417832], [-71.043175, 42.417971], [-71.042918, 42.418163]]}}, {"type": "Feature", "properties": {"name": "Wilbur Street", "separation_level": "none", "street_classification": "residential", "maxspeed_int": 20.0}, "geometry": {"type": "LineString", "coordinates": [[-71.043527, 42.417692], [-71.043855, 42.417488], [-71.044158, 42.417313], [-71.044172, 42.417304]]}}, {"type": "Feature", "properties": {"name": "Thurman Street", "separation_level": "none", "street_classification": "residential", "maxspeed_int": 20.0}, "geometry": {"type": "LineString", "coordinates": [[-71.04336, 42.419357], [-71.042945, 42.419671], [-71.042916, 42.419691], [-71.042868, 42.419723]]}}, {"type": "Feature", "properties": {"name": "Thurman Park", "separation_level": "none", "street_classification": "residential", "maxspeed_int": 20.0}, "geometry": {"type": "LineString", "coordinates": [[-71.04336, 42.419357], [-71.043318, 42.419308], [-71.043075, 42.419115], [-71.042776, 42.418904], [-71.042545, 42.418747], [-71.04228, 42.418576]]}}, {"type": "Feature", "properties": {"name": "Wilbur Street", "separation_level": "none", "street_classification": "residential", "maxspeed_int": 20.0}, "geometry": {"type": "LineString", "coordinates": [[-71.042918, 42.418163], [-71.042755, 42.418288], [-71.042563, 42.418415], [-71.04228, 42.418576]]}}, {"type": "Feature", "properties": {"name": "Wilbur Street", "separation_level": "none", "street_classification": "residential", "maxspeed_int": 20.0}, "geometry": {"type": "LineString", "coordinates": [[-71.044172, 42.417304], [-71.044448, 42.417115], [-71.044788, 42.4169]]}}, {"type": "Feature", "properties": {"name": "Ferry Street", "separation_level": "lane", "street_classification": "medium-capacity", "maxspeed_int": null}, "geometry": {"type": "LineString", "coordinates": [[-71.046478, 42.407752], [-71.046622, 42.407446]]}}, {"type": "Feature", "properties": {"name": "Hampshire Street", "separation_level": "none", "street_classification": "residential", "maxspeed_int": 20.0}, "geometry": {"type": "LineString", "coordinates": [[-71.050761, 42.408588], [-71.050859, 42.408671], [-71.051173, 42.408833], [-71.051677, 42.409085], [-71.052393, 42.409439], [-71.052877, 42.409725], [-71.05291, 42.409744], [-71.052956, 42.409769], [-71.05299, 42.409788]]}}, {"type": "Feature", "properties": {"name": "Orchard Street", "separation_level": "none", "street_classification": "residential", "maxspeed_int": 20.0}, "geometry": {"type": "LineString", "coordinates": [[-71.050761, 42.408588], [-71.050511, 42.408761], [-71.050021, 42.409101]]}}, {"type": "Feature", "properties": {"name": "Summer Street", "separation_level": "none", "street_classification": "medium-capacity", "maxspeed_int": null}, "geometry": {"type": "LineString", "coordinates": [[-71.051619, 42.408444], [-71.051854, 42.408475], [-71.052488, 42.408546]]}}, {"type": "Feature", "properties": {"name": null, "separation_level": "none", "street_classification": "dedicated_path", "maxspeed_int": null}, "geometry": {"type": "LineString", "coordinates": [[-71.045849, 42.414896], [-71.045901, 42.414854], [-71.046318, 42.414512]]}}, {"type": "Feature", "properties": {"name": null, "separation_level": "none", "street_classification": "residential", "maxspeed_int": null}, "geometry": {"type": "LineString", "coordinates": [[-71.045878, 42.414512], [-71.046049, 42.414376]]}}, {"type": "Feature", "properties": {"name": null, "separation_level": "none", "street_classification": "residential", "maxspeed_int": null}, "geometry": {"type": "LineString", "coordinates": [[-71.045878, 42.414512], [-71.045521, 42.414301], [-71.045662, 42.414187], [-71.04573, 42.414158], [-71.045769, 42.414171], [-71.045988, 42.414328], [-71.046049, 42.414376]]}}, {"type": "Feature", "properties": {"name": "Winthrop Street", "separation_level": "none", "street_classification": "residential", "maxspeed_int": 20.0}, "geometry": {"type": "LineString", "coordinates": [[-71.059826, 42.407308], [-71.058816, 42.407462]]}}, {"type": "Feature", "properties": {"name": "Winthrop Street", "separation_level": "none", "street_classification": "residential", "maxspeed_int": 20.0}, "geometry": {"type": "LineString", "coordinates": [[-71.059826, 42.407308], [-71.060761, 42.407152]]}}, {"type": "Feature", "properties": {"name": "Winthrop Street", "separation_level": "none", "street_classification": "residential", "maxspeed_int": 20.0}, "geometry": {"type": "LineString", "coordinates": [[-71.058816, 42.407462], [-71.058539, 42.407506], [-71.058507, 42.407512], [-71.058347, 42.40756]]}}, {"type": "Feature", "properties": {"name": "Tufts Avenue", "separation_level": "none", "street_classification": "residential", "maxspeed_int": 20.0}, "geometry": {"type": "LineString", "coordinates": [[-71.058816, 42.407462], [-71.058808, 42.407418], [-71.058566, 42.406594], [-71.058521, 42.406401], [-71.058494, 42.406257], [-71.058524, 42.406008], [-71.058519, 42.405779], [-71.058501, 42.405311], [-71.058506, 42.405277], [-71.058508, 42.405201], [-71.058516, 42.405177]]}}, {"type": "Feature", "properties": {"name": "Otis Street", "separation_level": "none", "street_classification": "residential", "maxspeed_int": 20.0}, "geometry": {"type": "LineString", "coordinates": [[-71.060761, 42.407152], [-71.060572, 42.406529], [-71.060445, 42.406064], [-71.060416, 42.405954]]}}, {"type": "Feature", "properties": {"name": "Winthrop Street", "separation_level": "none", "street_classification": "residential", "maxspeed_int": 20.0}, "geometry": {"type": "LineString", "coordinates": [[-71.060761, 42.407152], [-71.061579, 42.407025], [-71.061709, 42.407006]]}}, {"type": "Feature", "properties": {"name": "Bucknam Street", "separation_level": "none", "street_classification": "medium-capacity", "maxspeed_int": null}, "geometry": {"type": "LineString", "coordinates": [[-71.061247, 42.413524], [-71.06156, 42.413613], [-71.061865, 42.414348]]}}, {"type": "Feature", "properties": {"name": "Bradford Street", "separation_level": "none", "street_classification": "residential", "maxspeed_int": 20.0}, "geometry": {"type": "LineString", "coordinates": [[-71.061247, 42.413524], [-71.06156, 42.413613], [-71.062535, 42.413453]]}}, {"type": "Feature", "properties": {"name": "Park Road", "separation_level": "none", "street_classification": "residential", "maxspeed_int": 20.0}, "geometry": {"type": "LineString", "coordinates": [[-71.061247, 42.413524], [-71.060937, 42.413487], [-71.060872, 42.413517], [-71.060646, 42.413635], [-71.060505, 42.413782]]}}, {"type": "Feature", "properties": {"name": "Bucknam Street", "separation_level": "none", "street_classification": "medium-capacity", "maxspeed_int": null}, "geometry": {"type": "LineString", "coordinates": [[-71.061865, 42.414348], [-71.061937, 42.414552]]}}, {"type": "Feature", "properties": {"name": "Bradford Street", "separation_level": "none", "street_classification": "residential", "maxspeed_int": 20.0}, "geometry": {"type": "LineString", "coordinates": [[-71.062535, 42.413453], [-71.063476, 42.413303], [-71.063496, 42.413369]]}}, {"type": "Feature", "properties": {"name": "Kinsman Street", "separation_level": "none", "street_classification": "residential", "maxspeed_int": 20.0}, "geometry": {"type": "LineString", "coordinates": [[-71.05984, 42.413131], [-71.060094, 42.413359]]}}, {"type": "Feature", "properties": {"name": "Locust Street", "separation_level": "none", "street_classification": "residential", "maxspeed_int": 20.0}, "geometry": {"type": "LineString", "coordinates": [[-71.06194, 42.41242], [-71.063155, 42.41221]]}}, {"type": "Feature", "properties": {"name": "Foster Street", "separation_level": "none", "street_classification": "residential", "maxspeed_int": 20.0}, "geometry": {"type": "LineString", "coordinates": [[-71.049627, 42.40882], [-71.049535, 42.408762], [-71.049078, 42.409161]]}}, {"type": "Feature", "properties": {"name": "High Street", "separation_level": "none", "street_classification": "medium-capacity", "maxspeed_int": null}, "geometry": {"type": "LineString", "coordinates": [[-71.049627, 42.40882], [-71.049535, 42.408762], [-71.049232, 42.408534], [-71.048792, 42.408201]]}}, {"type": "Feature", "properties": {"name": "Foster Street", "separation_level": "none", "street_classification": "residential", "maxspeed_int": 20.0}, "geometry": {"type": "LineString", "coordinates": [[-71.049078, 42.409161], [-71.048457, 42.409679]]}}, {"type": "Feature", "properties": {"name": "Villa Avenue", "separation_level": "none", "street_classification": "residential", "maxspeed_int": 20.0}, "geometry": {"type": "LineString", "coordinates": [[-71.048457, 42.409679], [-71.045994, 42.408927], [-71.045962, 42.409005]]}}, {"type": "Feature", "properties": {"name": "Foster Street", "separation_level": "none", "street_classification": "residential", "maxspeed_int": 20.0}, "geometry": {"type": "LineString", "coordinates": [[-71.048457, 42.409679], [-71.048297, 42.409817], [-71.047951, 42.410115], [-71.047956, 42.410195]]}}, {"type": "Feature", "properties": {"name": "School Street", "separation_level": "none", "street_classification": "medium-capacity", "maxspeed_int": null}, "geometry": {"type": "LineString", "coordinates": [[-71.055893, 42.406652], [-71.055944, 42.406665], [-71.055992, 42.406677], [-71.056116, 42.406671], [-71.056224, 42.406647], [-71.056283, 42.40661]]}}, {"type": "Feature", "properties": {"name": "Broadway", "separation_level": "share_busway", "street_classification": "medium-capacity", "maxspeed_int": null}, "geometry": {"type": "LineString", "coordinates": [[-71.055893, 42.406652], [-71.055952, 42.406584], [-71.056186, 42.406337]]}}, {"type": "Feature", "properties": {"name": "Broadway", "separation_level": "share_busway", "street_classification": "medium-capacity", "maxspeed_int": null}, "geometry": {"type": "LineString", "coordinates": [[-71.056186, 42.406337], [-71.056293, 42.406222], [-71.056646, 42.40584], [-71.056617, 42.405767]]}}, {"type": "Feature", "properties": {"name": "Cottage Street", "separation_level": "none", "street_classification": "medium-capacity", "maxspeed_int": null}, "geometry": {"type": "LineString", "coordinates": [[-71.055138, 42.407458], [-71.055107, 42.407441], [-71.05504, 42.407405], [-71.055025, 42.407397], [-71.0547, 42.407235], [-71.054537, 42.407153]]}}, {"type": "Feature", "properties": {"name": "Broadway", "separation_level": "lane", "street_classification": "medium-capacity", "maxspeed_int": null}, "geometry": {"type": "LineString", "coordinates": [[-71.055138, 42.407458], [-71.054956, 42.407661], [-71.054842, 42.407782], [-71.054795, 42.407834], [-71.054772, 42.407859], [-71.054741, 42.407894]]}}, {"type": "Feature", "properties": {"name": null, "separation_level": "none", "street_classification": "residential", "maxspeed_int": null}, "geometry": {"type": "LineString", "coordinates": [[-71.056617, 42.405767], [-71.056757, 42.405721], [-71.056722, 42.405702], [-71.056678, 42.40568], [-71.056496, 42.405584], [-71.05624, 42.40545], [-71.056092, 42.40538]]}}, {"type": "Feature", "properties": {"name": "Broadway", "separation_level": "share_busway", "street_classification": "medium-capacity", "maxspeed_int": null}, "geometry": {"type": "LineString", "coordinates": [[-71.056617, 42.405767], [-71.056757, 42.405721], [-71.056865, 42.405597], [-71.056891, 42.405567], [-71.056985, 42.405467], [-71.05705, 42.4054]]}}, {"type": "Feature", "properties": {"name": null, "separation_level": "none", "street_classification": "residential", "maxspeed_int": null}, "geometry": {"type": "LineString", "coordinates": [[-71.056617, 42.405767], [-71.056457, 42.405741], [-71.056251, 42.405634]]}}, {"type": "Feature", "properties": {"name": null, "separation_level": "none", "street_classification": "residential", "maxspeed_int": null}, "geometry": {"type": "LineString", "coordinates": [[-71.056617, 42.405767], [-71.056457, 42.405741], [-71.05615, 42.406057], [-71.056075, 42.406145]]}}, {"type": "Feature", "properties": {"name": "Windsor Street", "separation_level": "none", "street_classification": "residential", "maxspeed_int": 20.0}, "geometry": {"type": "LineString", "coordinates": [[-71.049808, 42.420108], [-71.049719, 42.420169], [-71.048484, 42.421079], [-71.048458, 42.421098], [-71.048408, 42.421134]]}}, {"type": "Feature", "properties": {"name": "Edith Street", "separation_level": "none", "street_classification": "residential", "maxspeed_int": 20.0}, "geometry": {"type": "LineString", "coordinates": [[-71.049808, 42.420108], [-71.049614, 42.419958], [-71.049555, 42.419914]]}}, {"type": "Feature", "properties": {"name": "Edith Street", "separation_level": "none", "street_classification": "residential", "maxspeed_int": 20.0}, "geometry": {"type": "LineString", "coordinates": [[-71.049555, 42.419914], [-71.049229, 42.419666], [-71.049169, 42.419623]]}}, {"type": "Feature", "properties": {"name": "Sammet Street", "separation_level": "none", "street_classification": "residential", "maxspeed_int": 20.0}, "geometry": {"type": "LineString", "coordinates": [[-71.047097, 42.422091], [-71.047651, 42.422493]]}}, {"type": "Feature", "properties": {"name": "Ferry Street", "separation_level": "none", "street_classification": "medium-capacity", "maxspeed_int": null}, "geometry": {"type": "LineString", "coordinates": [[-71.052259, 42.418843], [-71.052411, 42.418914], [-71.052418, 42.418918], [-71.052521, 42.418966], [-71.052621, 42.419013], [-71.052646, 42.419024], [-71.052748, 42.419073], [-71.052801, 42.419095], [-71.052856, 42.419119]]}}, {"type": "Feature", "properties": {"name": "Newton Street", "separation_level": "none", "street_classification": "residential", "maxspeed_int": 20.0}, "geometry": {"type": "LineString", "coordinates": [[-71.049169, 42.419623], [-71.049229, 42.419666], [-71.049138, 42.419728], [-71.047955, 42.420602], [-71.047929, 42.42062], [-71.04784, 42.42068]]}}, {"type": "Feature", "properties": {"name": "Rock Valley Avenue", "separation_level": "none", "street_classification": "residential", "maxspeed_int": 20.0}, "geometry": {"type": "LineString", "coordinates": [[-71.049169, 42.419623], [-71.049109, 42.41958], [-71.049205, 42.419506], [-71.05021, 42.41875], [-71.050441, 42.418571], [-71.050625, 42.418429], [-71.050811, 42.41823], [-71.050857, 42.418179]]}}, {"type": "Feature", "properties": {"name": null, "separation_level": "none", "street_classification": "residential", "maxspeed_int": null}, "geometry": {"type": "LineString", "coordinates": [[-71.063954, 42.398111], [-71.063903, 42.398069], [-71.063798, 42.398018], [-71.063775, 42.398007], [-71.063771, 42.398005], [-71.063737, 42.397985], [-71.0637, 42.39796], [-71.063604, 42.397873]]}}, {"type": "Feature", "properties": {"name": "Broadway", "separation_level": "lane", "street_classification": "medium-capacity", "maxspeed_int": null}, "geometry": {"type": "LineString", "coordinates": [[-71.063954, 42.398111], [-71.063789, 42.398193], [-71.063647, 42.398347], [-71.06347, 42.398541]]}}, {"type": "Feature", "properties": {"name": "Broadway", "separation_level": "lane", "street_classification": "medium-capacity", "maxspeed_int": null}, "geometry": {"type": "LineString", "coordinates": [[-71.063954, 42.398111], [-71.064029, 42.397934], [-71.064393, 42.39754], [-71.064451, 42.397477], [-71.064546, 42.397374], [-71.064635, 42.397424]]}}, {"type": "Feature", "properties": {"name": "Broadway", "separation_level": "separate", "street_classification": "dedicated_path", "maxspeed_int": null}, "geometry": {"type": "LineString", "coordinates": [[-71.063954, 42.398111], [-71.064102, 42.397971], [-71.064619, 42.397415], [-71.064635, 42.397424]]}}, {"type": "Feature", "properties": {"name": "Charlton Street", "separation_level": "none", "street_classification": "residential", "maxspeed_int": 20.0}, "geometry": {"type": "LineString", "coordinates": [[-71.063954, 42.398111], [-71.064009, 42.398275], [-71.064459, 42.398506], [-71.064557, 42.398557]]}}, {"type": "Feature", "properties": {"name": null, "separation_level": "none", "street_classification": "residential", "maxspeed_int": null}, "geometry": {"type": "LineString", "coordinates": [[-71.063954, 42.398111], [-71.064009, 42.398275], [-71.063979, 42.3983], [-71.063955, 42.398337], [-71.063933, 42.398381], [-71.063885, 42.398433]]}}, {"type": "Feature", "properties": {"name": null, "separation_level": "none", "street_classification": "residential", "maxspeed_int": null}, "geometry": {"type": "LineString", "coordinates": [[-71.063954, 42.398111], [-71.064102, 42.397971], [-71.064122, 42.397981], [-71.064702, 42.398259]]}}, {"type": "Feature", "properties": {"name": null, "separation_level": "none", "street_classification": "residential", "maxspeed_int": null}, "geometry": {"type": "LineString", "coordinates": [[-71.063604, 42.397873], [-71.063469, 42.397753], [-71.063157, 42.397467], [-71.063125, 42.397438], [-71.06307, 42.397467]]}}, {"type": "Feature", "properties": {"name": "Jacobs Place", "separation_level": "none", "street_classification": "residential", "maxspeed_int": 20.0}, "geometry": {"type": "LineString", "coordinates": [[-71.06347, 42.398541], [-71.063364, 42.398487], [-71.06334, 42.398475], [-71.062922, 42.398262], [-71.062849, 42.398225]]}}, {"type": "Feature", "properties": {"name": "Broadway", "separation_level": "lane", "street_classification": "medium-capacity", "maxspeed_int": null}, "geometry": {"type": "LineString", "coordinates": [[-71.06347, 42.398541], [-71.063284, 42.398741], [-71.063028, 42.399016]]}}, {"type": "Feature", "properties": {"name": "Broadway", "separation_level": "none", "street_classification": "medium-capacity", "maxspeed_int": null}, "geometry": {"type": "LineString", "coordinates": [[-71.064635, 42.397424], [-71.064546, 42.397374], [-71.064712, 42.397267], [-71.065158, 42.396772], [-71.06519, 42.396742], [-71.065557, 42.396387], [-71.065654, 42.396289], [-71.065894, 42.396047], [-71.065985, 42.395958], [-71.066315, 42.395635], [-71.066339, 42.395612], [-71.066494, 42.395459], [-71.066357, 42.395427]]}}, {"type": "Feature", "properties": {"name": "Broadway", "separation_level": "separate", "street_classification": "dedicated_path", "maxspeed_int": null}, "geometry": {"type": "LineString", "coordinates": [[-71.064635, 42.397424], [-71.064619, 42.397415], [-71.064669, 42.397362], [-71.065085, 42.396912], [-71.065229, 42.39676], [-71.065346, 42.396635], [-71.065505, 42.396509], [-71.065613, 42.396419], [-71.065839, 42.396196], [-71.066194, 42.395838], [-71.066393, 42.39564], [-71.066416, 42.395617], [-71.066546, 42.395467], [-71.066357, 42.395427]]}}, {"type": "Feature", "properties": {"name": null, "separation_level": "none", "street_classification": "residential", "maxspeed_int": null}, "geometry": {"type": "LineString", "coordinates": [[-71.064635, 42.397424], [-71.064724, 42.397474], [-71.064947, 42.397251], [-71.065011, 42.397188]]}}, {"type": "Feature", "properties": {"name": null, "separation_level": "none", "street_classification": "residential", "maxspeed_int": null}, "geometry": {"type": "LineString", "coordinates": [[-71.064635, 42.397424], [-71.064724, 42.397474], [-71.064828, 42.397452], [-71.064908, 42.397442], [-71.06519, 42.397582], [-71.065276, 42.39743]]}}, {"type": "Feature", "properties": {"name": "Charlton Street", "separation_level": "none", "street_classification": "residential", "maxspeed_int": 20.0}, "geometry": {"type": "LineString", "coordinates": [[-71.064557, 42.398557], [-71.064655, 42.398608], [-71.064388, 42.398894]]}}, {"type": "Feature", "properties": {"name": null, "separation_level": "none", "street_classification": "residential", "maxspeed_int": null}, "geometry": {"type": "LineString", "coordinates": [[-71.064557, 42.398557], [-71.064655, 42.398608], [-71.065414, 42.397813], [-71.065679, 42.397248]]}}, {"type": "Feature", "properties": {"name": null, "separation_level": "none", "street_classification": "residential", "maxspeed_int": null}, "geometry": {"type": "LineString", "coordinates": [[-71.064557, 42.398557], [-71.064459, 42.398506], [-71.064527, 42.398443], [-71.064541, 42.398427], [-71.064702, 42.398259]]}}, {"type": "Feature", "properties": {"name": null, "separation_level": "none", "street_classification": "residential", "maxspeed_int": null}, "geometry": {"type": "LineString", "coordinates": [[-71.063885, 42.398433], [-71.06376, 42.398571], [-71.063955, 42.398672], [-71.064044, 42.398693]]}}, {"type": "Feature", "properties": {"name": null, "separation_level": "none", "street_classification": "residential", "maxspeed_int": null}, "geometry": {"type": "LineString", "coordinates": [[-71.064702, 42.398259], [-71.065194, 42.39774], [-71.06519, 42.397582], [-71.065276, 42.39743]]}}, {"type": "Feature", "properties": {"name": "Bow Street", "separation_level": "shared_lane", "street_classification": "medium-capacity", "maxspeed_int": null}, "geometry": {"type": "LineString", "coordinates": [[-71.06307, 42.397467], [-71.063015, 42.397496], [-71.062817, 42.3976], [-71.062784, 42.397617], [-71.062716, 42.397653]]}}, {"type": "Feature", "properties": {"name": "Bucknam Street", "separation_level": "none", "street_classification": "medium-capacity", "maxspeed_int": null}, "geometry": {"type": "LineString", "coordinates": [[-71.059107, 42.408163], [-71.059149, 42.408235], [-71.059303, 42.408897]]}}, {"type": "Feature", "properties": {"name": "Liberty Street", "separation_level": "none", "street_classification": "residential", "maxspeed_int": 20.0}, "geometry": {"type": "LineString", "coordinates": [[-71.059107, 42.408163], [-71.059066, 42.40809], [-71.058337, 42.408217], [-71.057224, 42.408384]]}}, {"type": "Feature", "properties": {"name": "Norwood Street", "separation_level": "none", "street_classification": "medium-capacity", "maxspeed_int": null}, "geometry": {"type": "LineString", "coordinates": [[-71.059107, 42.408163], [-71.059066, 42.40809], [-71.058854, 42.407877], [-71.058587, 42.407698], [-71.058514, 42.407651], [-71.058421, 42.4076], [-71.058347, 42.40756]]}}, {"type": "Feature", "properties": {"name": "Bucknam Street", "separation_level": "none", "street_classification": "medium-capacity", "maxspeed_int": null}, "geometry": {"type": "LineString", "coordinates": [[-71.059303, 42.408897], [-71.059386, 42.409184]]}}, {"type": "Feature", "properties": {"name": "Linden Street", "separation_level": "none", "street_classification": "residential", "maxspeed_int": 20.0}, "geometry": {"type": "LineString", "coordinates": [[-71.059303, 42.408897], [-71.060296, 42.408698], [-71.060835, 42.408619], [-71.061362, 42.408552], [-71.061766, 42.408518], [-71.062236, 42.40849], [-71.062225, 42.408413]]}}, {"type": "Feature", "properties": {"name": "Linden Street", "separation_level": "none", "street_classification": "medium-capacity", "maxspeed_int": null}, "geometry": {"type": "LineString", "coordinates": [[-71.059303, 42.408897], [-71.05921, 42.408914], [-71.058772, 42.408992]]}}, {"type": "Feature", "properties": {"name": "Union Avenue", "separation_level": "none", "street_classification": "residential", "maxspeed_int": 20.0}, "geometry": {"type": "LineString", "coordinates": [[-71.057224, 42.408384], [-71.05709, 42.407873]]}}, {"type": "Feature", "properties": {"name": "Liberty Street", "separation_level": "none", "street_classification": "residential", "maxspeed_int": 20.0}, "geometry": {"type": "LineString", "coordinates": [[-71.057224, 42.408384], [-71.056327, 42.408529], [-71.055931, 42.408589]]}}, {"type": "Feature", "properties": {"name": "Norwood Street", "separation_level": "none", "street_classification": "medium-capacity", "maxspeed_int": null}, "geometry": {"type": "LineString", "coordinates": [[-71.058347, 42.40756], [-71.058054, 42.407503]]}}, {"type": "Feature", "properties": {"name": "Bucknam Street", "separation_level": "none", "street_classification": "medium-capacity", "maxspeed_int": null}, "geometry": {"type": "LineString", "coordinates": [[-71.059386, 42.409184], [-71.059516, 42.409629]]}}, {"type": "Feature", "properties": {"name": "Linden Street", "separation_level": "none", "street_classification": "medium-capacity", "maxspeed_int": null}, "geometry": {"type": "LineString", "coordinates": [[-71.058772, 42.408992], [-71.058595, 42.409024], [-71.058087, 42.409123]]}}, {"type": "Feature", "properties": {"name": "Edith Avenue", "separation_level": "none", "street_classification": "residential", "maxspeed_int": 20.0}, "geometry": {"type": "LineString", "coordinates": [[-71.046443, 42.417283], [-71.046483, 42.417306], [-71.046532, 42.417334], [-71.046997, 42.417679], [-71.047342, 42.417944], [-71.047694, 42.4182], [-71.047847, 42.4183], [-71.047874, 42.418319], [-71.047922, 42.418369]]}}, {"type": "Feature", "properties": {"name": "Broadway", "separation_level": "lane", "street_classification": "medium-capacity", "maxspeed_int": null}, "geometry": {"type": "LineString", "coordinates": [[-71.046443, 42.417283], [-71.046367, 42.417382], [-71.046346, 42.417404], [-71.046151, 42.417634]]}}, {"type": "Feature", "properties": {"name": "Broadway", "separation_level": "lane", "street_classification": "medium-capacity", "maxspeed_int": null}, "geometry": {"type": "LineString", "coordinates": [[-71.046443, 42.417283], [-71.046517, 42.417197], [-71.046691, 42.416988]]}}, {"type": "Feature", "properties": {"name": "Shute Street", "separation_level": "none", "street_classification": "medium-capacity", "maxspeed_int": 25.0}, "geometry": {"type": "LineString", "coordinates": [[-71.047922, 42.418369], [-71.048203, 42.418236]]}}, {"type": "Feature", "properties": {"name": "Gledhill Avenue", "separation_level": "none", "street_classification": "medium-capacity", "maxspeed_int": null}, "geometry": {"type": "LineString", "coordinates": [[-71.046691, 42.416988], [-71.046652, 42.416971], [-71.046603, 42.416948], [-71.046574, 42.416932], [-71.046348, 42.416795], [-71.046331, 42.416785]]}}, {"type": "Feature", "properties": {"name": "Broadway", "separation_level": "lane", "street_classification": "medium-capacity", "maxspeed_int": null}, "geometry": {"type": "LineString", "coordinates": [[-71.046691, 42.416988], [-71.046784, 42.416877], [-71.046958, 42.416669]]}}, {"type": "Feature", "properties": {"name": "Shute Street", "separation_level": "none", "street_classification": "medium-capacity", "maxspeed_int": 25.0}, "geometry": {"type": "LineString", "coordinates": [[-71.048203, 42.418236], [-71.04832, 42.418174], [-71.048432, 42.418104], [-71.04847, 42.418076]]}}, {"type": "Feature", "properties": {"name": null, "separation_level": "none", "street_classification": "residential", "maxspeed_int": null}, "geometry": {"type": "LineString", "coordinates": [[-71.046331, 42.416785], [-71.046348, 42.416795], [-71.046164, 42.417018], [-71.046033, 42.417174], [-71.046013, 42.417195]]}}, {"type": "Feature", "properties": {"name": "Broadway", "separation_level": "lane", "street_classification": "medium-capacity", "maxspeed_int": null}, "geometry": {"type": "LineString", "coordinates": [[-71.046958, 42.416669], [-71.047085, 42.416516]]}}, {"type": "Feature", "properties": {"name": "Mystic Street", "separation_level": "none", "street_classification": "residential", "maxspeed_int": 20.0}, "geometry": {"type": "LineString", "coordinates": [[-71.066357, 42.395427], [-71.066149, 42.395365], [-71.066081, 42.395319], [-71.065359, 42.394869], [-71.065019, 42.394676]]}}, {"type": "Feature", "properties": {"name": "Bow Street", "separation_level": "lane", "street_classification": "medium-capacity", "maxspeed_int": null}, "geometry": {"type": "LineString", "coordinates": [[-71.066357, 42.395427], [-71.066149, 42.395365], [-71.066048, 42.395459], [-71.065423, 42.396036]]}}, {"type": "Feature", "properties": {"name": "Broadway", "separation_level": "lane", "street_classification": "medium-capacity", "maxspeed_int": null}, "geometry": {"type": "LineString", "coordinates": [[-71.066357, 42.395427], [-71.066262, 42.395425], [-71.066168, 42.395523], [-71.066088, 42.3956], [-71.065788, 42.395933], [-71.065581, 42.396154], [-71.065171, 42.396607], [-71.065081, 42.39669], [-71.064907, 42.396871]]}}, {"type": "Feature", "properties": {"name": "Broadway", "separation_level": "none", "street_classification": "medium-capacity", "maxspeed_int": null}, "geometry": {"type": "LineString", "coordinates": [[-71.066357, 42.395427], [-71.066494, 42.395459], [-71.066585, 42.395355], [-71.066672, 42.395245], [-71.066677, 42.395273]]}}, {"type": "Feature", "properties": {"name": "Broadway", "separation_level": "separate", "street_classification": "dedicated_path", "maxspeed_int": null}, "geometry": {"type": "LineString", "coordinates": [[-71.066357, 42.395427], [-71.066546, 42.395467], [-71.066598, 42.395405], [-71.066624, 42.395373], [-71.066682, 42.395302], [-71.066677, 42.395273]]}}, {"type": "Feature", "properties": {"name": "Horizon Way", "separation_level": "none", "street_classification": "residential", "maxspeed_int": null}, "geometry": {"type": "LineString", "coordinates": [[-71.066357, 42.395427], [-71.066575, 42.395471], [-71.066645, 42.395529], [-71.066927, 42.395571], [-71.067136, 42.395588], [-71.067233, 42.395577], [-71.067404, 42.395513], [-71.067531, 42.395411], [-71.067498, 42.395376]]}}, {"type": "Feature", "properties": {"name": "Mystic Street", "separation_level": "none", "street_classification": "residential", "maxspeed_int": 20.0}, "geometry": {"type": "LineString", "coordinates": [[-71.065019, 42.394676], [-71.064776, 42.394538], [-71.064606, 42.394442]]}}, {"type": "Feature", "properties": {"name": null, "separation_level": "none", "street_classification": "residential", "maxspeed_int": null}, "geometry": {"type": "LineString", "coordinates": [[-71.065019, 42.394676], [-71.064973, 42.39472], [-71.064731, 42.394955], [-71.064799, 42.395064]]}}, {"type": "Feature", "properties": {"name": "Lynde Street", "separation_level": "none", "street_classification": "residential", "maxspeed_int": 20.0}, "geometry": {"type": "LineString", "coordinates": [[-71.065423, 42.396036], [-71.065373, 42.396008], [-71.064942, 42.395762], [-71.064665, 42.395604], [-71.06463, 42.395789]]}}, {"type": "Feature", "properties": {"name": "Bow Street", "separation_level": "lane", "street_classification": "medium-capacity", "maxspeed_int": null}, "geometry": {"type": "LineString", "coordinates": [[-71.065423, 42.396036], [-71.065362, 42.39609], [-71.065304, 42.39614], [-71.065188, 42.396231], [-71.064819, 42.396505], [-71.064673, 42.396613], [-71.064663, 42.396619], [-71.064633, 42.396638], [-71.064601, 42.396657], [-71.064566, 42.396675]]}}, {"type": "Feature", "properties": {"name": "Thorndike Street", "separation_level": "none", "street_classification": "residential", "maxspeed_int": 20.0}, "geometry": {"type": "LineString", "coordinates": [[-71.064907, 42.396871], [-71.064878, 42.396849], [-71.064854, 42.396831], [-71.064614, 42.396699], [-71.064566, 42.396675]]}}, {"type": "Feature", "properties": {"name": "Broadway", "separation_level": "lane", "street_classification": "medium-capacity", "maxspeed_int": null}, "geometry": {"type": "LineString", "coordinates": [[-71.064907, 42.396871], [-71.06461, 42.397211], [-71.064546, 42.397374], [-71.064635, 42.397424]]}}, {"type": "Feature", "properties": {"name": null, "separation_level": "none", "street_classification": "residential", "maxspeed_int": null}, "geometry": {"type": "LineString", "coordinates": [[-71.067498, 42.395376], [-71.067531, 42.395411], [-71.067612, 42.395465], [-71.067743, 42.39554], [-71.068086, 42.395735], [-71.068077, 42.39703], [-71.068178, 42.397173]]}}, {"type": "Feature", "properties": {"name": null, "separation_level": "none", "street_classification": "residential", "maxspeed_int": null}, "geometry": {"type": "LineString", "coordinates": [[-71.067498, 42.395376], [-71.067442, 42.395344], [-71.067326, 42.395416], [-71.067229, 42.395447], [-71.067113, 42.395468], [-71.067031, 42.39547], [-71.066958, 42.39546]]}}, {"type": "Feature", "properties": {"name": "Horizon Way", "separation_level": "none", "street_classification": "residential", "maxspeed_int": null}, "geometry": {"type": "LineString", "coordinates": [[-71.067498, 42.395376], [-71.067554, 42.395393], [-71.067738, 42.395245], [-71.06769, 42.395212]]}}, {"type": "Feature", "properties": {"name": "Mystic Street", "separation_level": "none", "street_classification": "residential", "maxspeed_int": 20.0}, "geometry": {"type": "LineString", "coordinates": [[-71.064606, 42.394442], [-71.06443, 42.394342], [-71.06422, 42.394219], [-71.064169, 42.394193]]}}, {"type": "Feature", "properties": {"name": null, "separation_level": "none", "street_classification": "residential", "maxspeed_int": null}, "geometry": {"type": "LineString", "coordinates": [[-71.064799, 42.395064], [-71.064731, 42.394955], [-71.064326, 42.39535], [-71.064287, 42.395388]]}}, {"type": "Feature", "properties": {"name": null, "separation_level": "none", "street_classification": "residential", "maxspeed_int": null}, "geometry": {"type": "LineString", "coordinates": [[-71.064799, 42.395064], [-71.064901, 42.395052], [-71.065293, 42.395273], [-71.065696, 42.395501], [-71.065629, 42.395565]]}}, {"type": "Feature", "properties": {"name": null, "separation_level": "none", "street_classification": "residential", "maxspeed_int": null}, "geometry": {"type": "LineString", "coordinates": [[-71.064799, 42.395064], [-71.064901, 42.395052], [-71.065079, 42.394878], [-71.065471, 42.3951], [-71.065878, 42.395329], [-71.065696, 42.395501], [-71.065629, 42.395565]]}}, {"type": "Feature", "properties": {"name": null, "separation_level": "none", "street_classification": "residential", "maxspeed_int": null}, "geometry": {"type": "LineString", "coordinates": [[-71.064799, 42.395064], [-71.064767, 42.395183], [-71.064604, 42.395342], [-71.064996, 42.395565], [-71.065391, 42.395791], [-71.065562, 42.395629], [-71.065629, 42.395565]]}}, {"type": "Feature", "properties": {"name": null, "separation_level": "none", "street_classification": "residential", "maxspeed_int": null}, "geometry": {"type": "LineString", "coordinates": [[-71.064799, 42.395064], [-71.064767, 42.395183], [-71.06516, 42.395403], [-71.065562, 42.395629], [-71.065629, 42.395565]]}}, {"type": "Feature", "properties": {"name": "Lynde Street", "separation_level": "none", "street_classification": "residential", "maxspeed_int": 20.0}, "geometry": {"type": "LineString", "coordinates": [[-71.06463, 42.395789], [-71.064665, 42.395604], [-71.064364, 42.395432], [-71.064287, 42.395388]]}}, {"type": "Feature", "properties": {"name": null, "separation_level": "none", "street_classification": "residential", "maxspeed_int": null}, "geometry": {"type": "LineString", "coordinates": [[-71.06463, 42.395789], [-71.064385, 42.395864], [-71.064056, 42.39619], [-71.064252, 42.396295], [-71.064337, 42.39634]]}}, {"type": "Feature", "properties": {"name": null, "separation_level": "none", "street_classification": "residential", "maxspeed_int": null}, "geometry": {"type": "LineString", "coordinates": [[-71.06463, 42.395789], [-71.064704, 42.395832], [-71.064252, 42.396295], [-71.064337, 42.39634]]}}, {"type": "Feature", "properties": {"name": null, "separation_level": "none", "street_classification": "residential", "maxspeed_int": null}, "geometry": {"type": "LineString", "coordinates": [[-71.06463, 42.395789], [-71.064883, 42.395932], [-71.064422, 42.396386], [-71.064337, 42.39634]]}}, {"type": "Feature", "properties": {"name": null, "separation_level": "none", "street_classification": "residential", "maxspeed_int": null}, "geometry": {"type": "LineString", "coordinates": [[-71.06463, 42.395789], [-71.064883, 42.395932], [-71.065089, 42.39605], [-71.064577, 42.396468], [-71.064422, 42.396386], [-71.064337, 42.39634]]}}, {"type": "Feature", "properties": {"name": "Thorndike Street", "separation_level": "none", "street_classification": "residential", "maxspeed_int": 20.0}, "geometry": {"type": "LineString", "coordinates": [[-71.064566, 42.396675], [-71.064514, 42.396646], [-71.063423, 42.396022], [-71.063362, 42.395987]]}}, {"type": "Feature", "properties": {"name": "Bow Street", "separation_level": "shared_lane", "street_classification": "medium-capacity", "maxspeed_int": null}, "geometry": {"type": "LineString", "coordinates": [[-71.064566, 42.396675], [-71.064506, 42.396706], [-71.064268, 42.396832], [-71.063653, 42.397156]]}}, {"type": "Feature", "properties": {"name": "Clarence Street", "separation_level": "none", "street_classification": "residential", "maxspeed_int": 20.0}, "geometry": {"type": "LineString", "coordinates": [[-71.04092, 42.411973], [-71.040863, 42.411981], [-71.04015, 42.412082]]}}, {"type": "Feature", "properties": {"name": "Ferry Street", "separation_level": "lane", "street_classification": "medium-capacity", "maxspeed_int": null}, "geometry": {"type": "LineString", "coordinates": [[-71.045659, 42.411841], [-71.045656, 42.4122], [-71.04566, 42.41231], [-71.045673, 42.412395]]}}, {"type": "Feature", "properties": {"name": "Clarence Street", "separation_level": "none", "street_classification": "residential", "maxspeed_int": 20.0}, "geometry": {"type": "LineString", "coordinates": [[-71.04015, 42.412082], [-71.039354, 42.412193], [-71.039345, 42.412195], [-71.039336, 42.412197], [-71.039328, 42.4122], [-71.039321, 42.412204], [-71.039302, 42.412215], [-71.039255, 42.412244]]}}, {"type": "Feature", "properties": {"name": "Elm Street", "separation_level": "none", "street_classification": "residential", "maxspeed_int": 20.0}, "geometry": {"type": "LineString", "coordinates": [[-71.045673, 42.412395], [-71.045673, 42.412424], [-71.045773, 42.412369], [-71.045786, 42.412363], [-71.046077, 42.41222], [-71.046421, 42.412068], [-71.046602, 42.411969], [-71.046769, 42.411905], [-71.047087, 42.411761]]}}, {"type": "Feature", "properties": {"name": "Elm Street", "separation_level": "none", "street_classification": "medium-capacity", "maxspeed_int": null}, "geometry": {"type": "LineString", "coordinates": [[-71.045673, 42.412395], [-71.045673, 42.412424], [-71.045594, 42.412467], [-71.045531, 42.412495], [-71.04521, 42.412639]]}}, {"type": "Feature", "properties": {"name": null, "separation_level": "none", "street_classification": "residential", "maxspeed_int": null}, "geometry": {"type": "LineString", "coordinates": [[-71.045673, 42.412395], [-71.04566, 42.41231], [-71.045351, 42.412327], [-71.045258, 42.412313], [-71.045203, 42.412318], [-71.045056, 42.412324]]}}, {"type": "Feature", "properties": {"name": "Hancock Street", "separation_level": "none", "street_classification": "medium-capacity", "maxspeed_int": null}, "geometry": {"type": "LineString", "coordinates": [[-71.059321, 42.416006], [-71.058776, 42.415617]]}}, {"type": "Feature", "properties": {"name": "Bradford Street", "separation_level": "none", "street_classification": "residential", "maxspeed_int": 20.0}, "geometry": {"type": "LineString", "coordinates": [[-71.058776, 42.415617], [-71.05846, 42.415895], [-71.058146, 42.416141], [-71.058079, 42.416195]]}}, {"type": "Feature", "properties": {"name": "Henderson Street", "separation_level": "none", "street_classification": "residential", "maxspeed_int": 20.0}, "geometry": {"type": "LineString", "coordinates": [[-71.060416, 42.405954], [-71.060996, 42.405918], [-71.06174, 42.405875], [-71.061857, 42.405847], [-71.06194, 42.405913]]}}, {"type": "Feature", "properties": {"name": null, "separation_level": "none", "street_classification": "residential", "maxspeed_int": null}, "geometry": {"type": "LineString", "coordinates": [[-71.061709, 42.407006], [-71.061764, 42.407177], [-71.061782, 42.407198], [-71.061825, 42.407205], [-71.062106, 42.407189], [-71.062109, 42.407223]]}}, {"type": "Feature", "properties": {"name": "Main Street", "separation_level": "lane", "street_classification": "medium-capacity", "maxspeed_int": null}, "geometry": {"type": "LineString", "coordinates": [[-71.06194, 42.405913], [-71.061857, 42.405847], [-71.061767, 42.405654], [-71.061641, 42.405457], [-71.061588, 42.405349], [-71.061555, 42.405269]]}}, {"type": "Feature", "properties": {"name": "Main Street", "separation_level": "lane", "street_classification": "medium-capacity", "maxspeed_int": null}, "geometry": {"type": "LineString", "coordinates": [[-71.06194, 42.405913], [-71.061912, 42.405964], [-71.061949, 42.406063], [-71.061984, 42.406239], [-71.062003, 42.406358], [-71.062022, 42.406479], [-71.062029, 42.406529]]}}, {"type": "Feature", "properties": {"name": "Florence Street", "separation_level": "none", "street_classification": "residential", "maxspeed_int": 20.0}, "geometry": {"type": "LineString", "coordinates": [[-71.045492, 42.403025], [-71.045481, 42.403066], [-71.045468, 42.403099], [-71.045461, 42.403116], [-71.045142, 42.403787], [-71.044585, 42.405], [-71.044415, 42.40537], [-71.044403, 42.405395], [-71.044383, 42.40544]]}}, {"type": "Feature", "properties": {"name": null, "separation_level": "none", "street_classification": "dedicated_path", "maxspeed_int": null}, "geometry": {"type": "LineString", "coordinates": [[-71.045492, 42.403025], [-71.045396, 42.403073], [-71.045256, 42.403141]]}}, {"type": "Feature", "properties": {"name": "Chelsea Street", "separation_level": "lane", "street_classification": "medium-capacity", "maxspeed_int": 30.0}, "geometry": {"type": "LineString", "coordinates": [[-71.045492, 42.403025], [-71.045823, 42.403066], [-71.046498, 42.403147]]}}, {"type": "Feature", "properties": {"name": "Edmester Court", "separation_level": "none", "street_classification": "residential", "maxspeed_int": 20.0}, "geometry": {"type": "LineString", "coordinates": [[-71.051624, 42.405588], [-71.05179, 42.405251], [-71.051833, 42.405181]]}}, {"type": "Feature", "properties": {"name": "Spring Street", "separation_level": "none", "street_classification": "medium-capacity", "maxspeed_int": null}, "geometry": {"type": "LineString", "coordinates": [[-71.051932, 42.404239], [-71.051997, 42.403624]]}}, {"type": "Feature", "properties": {"name": null, "separation_level": "none", "street_classification": "residential", "maxspeed_int": null}, "geometry": {"type": "LineString", "coordinates": [[-71.051932, 42.404239], [-71.052153, 42.404251], [-71.052206, 42.403638], [-71.051997, 42.403624]]}}, {"type": "Feature", "properties": {"name": "Oakes Street", "separation_level": "none", "street_classification": "medium-capacity", "maxspeed_int": null}, "geometry": {"type": "LineString", "coordinates": [[-71.058516, 42.405177], [-71.058712, 42.405226], [-71.058802, 42.405239], [-71.059671, 42.405223]]}}, {"type": "Feature", "properties": {"name": "School Street", "separation_level": "none", "street_classification": "medium-capacity", "maxspeed_int": null}, "geometry": {"type": "LineString", "coordinates": [[-71.058516, 42.405177], [-71.05833, 42.405105], [-71.059003, 42.404599], [-71.059113, 42.404614]]}}, {"type": "Feature", "properties": {"name": "School Street", "separation_level": "none", "street_classification": "medium-capacity", "maxspeed_int": null}, "geometry": {"type": "LineString", "coordinates": [[-71.058516, 42.405177], [-71.05833, 42.405105], [-71.058269, 42.40515], [-71.058099, 42.405264], [-71.05803, 42.405317]]}}, {"type": "Feature", "properties": {"name": "Robin Street", "separation_level": "none", "street_classification": "medium-capacity", "maxspeed_int": null}, "geometry": {"type": "LineString", "coordinates": [[-71.063435, 42.394902], [-71.063256, 42.395075]]}}, {"type": "Feature", "properties": {"name": "Robin Street", "separation_level": "none", "street_classification": "medium-capacity", "maxspeed_int": null}, "geometry": {"type": "LineString", "coordinates": [[-71.063435, 42.394902], [-71.064121, 42.39424], [-71.064169, 42.394193]]}}, {"type": "Feature", "properties": {"name": "Robin Street", "separation_level": "none", "street_classification": "medium-capacity", "maxspeed_int": null}, "geometry": {"type": "LineString", "coordinates": [[-71.063256, 42.395075], [-71.062702, 42.39561], [-71.062645, 42.395665]]}}, {"type": "Feature", "properties": {"name": null, "separation_level": "none", "street_classification": "residential", "maxspeed_int": null}, "geometry": {"type": "LineString", "coordinates": [[-71.063256, 42.395075], [-71.063303, 42.395097], [-71.063553, 42.395233], [-71.063674, 42.395105], [-71.063717, 42.395063]]}}, {"type": "Feature", "properties": {"name": "Robin Street", "separation_level": "none", "street_classification": "medium-capacity", "maxspeed_int": null}, "geometry": {"type": "LineString", "coordinates": [[-71.064169, 42.394193], [-71.064206, 42.394155], [-71.064545, 42.393831]]}}, {"type": "Feature", "properties": {"name": "Thorndike Street", "separation_level": "none", "street_classification": "residential", "maxspeed_int": 20.0}, "geometry": {"type": "LineString", "coordinates": [[-71.062645, 42.395665], [-71.062702, 42.39561], [-71.062747, 42.395635], [-71.063017, 42.39579], [-71.063302, 42.395953], [-71.063362, 42.395987]]}}, {"type": "Feature", "properties": {"name": "Robin Street", "separation_level": "none", "street_classification": "medium-capacity", "maxspeed_int": null}, "geometry": {"type": "LineString", "coordinates": [[-71.062645, 42.395665], [-71.062587, 42.39572], [-71.062252, 42.396044]]}}, {"type": "Feature", "properties": {"name": "Lynde Street", "separation_level": "none", "street_classification": "residential", "maxspeed_int": 20.0}, "geometry": {"type": "LineString", "coordinates": [[-71.063717, 42.395063], [-71.06348, 42.394928], [-71.063435, 42.394902]]}}, {"type": "Feature", "properties": {"name": "Robin Street", "separation_level": "none", "street_classification": "medium-capacity", "maxspeed_int": null}, "geometry": {"type": "LineString", "coordinates": [[-71.064545, 42.393831], [-71.064717, 42.39367], [-71.064994, 42.393381], [-71.065029, 42.393345]]}}, {"type": "Feature", "properties": {"name": "Lynn Street", "separation_level": "none", "street_classification": "medium-capacity", "maxspeed_int": null}, "geometry": {"type": "LineString", "coordinates": [[-71.0436, 42.420524], [-71.043684, 42.420439], [-71.043709, 42.420422], [-71.043855, 42.420381], [-71.043916, 42.420364], [-71.043903, 42.420415]]}}, {"type": "Feature", "properties": {"name": null, "separation_level": "none", "street_classification": "medium-capacity", "maxspeed_int": null}, "geometry": {"type": "LineString", "coordinates": [[-71.0436, 42.420524], [-71.043678, 42.420516], [-71.043719, 42.42052], [-71.04374, 42.420526], [-71.043751, 42.420529], [-71.043797, 42.420573], [-71.043837, 42.420611], [-71.043903, 42.420415]]}}, {"type": "Feature", "properties": {"name": "McKinley Street", "separation_level": "none", "street_classification": "residential", "maxspeed_int": 20.0}, "geometry": {"type": "LineString", "coordinates": [[-71.043903, 42.420415], [-71.043916, 42.420364], [-71.043864, 42.420344], [-71.04368, 42.420273], [-71.043649, 42.420254], [-71.043498, 42.420147]]}}, {"type": "Feature", "properties": {"name": null, "separation_level": "none", "street_classification": "residential", "maxspeed_int": null}, "geometry": {"type": "LineString", "coordinates": [[-71.043903, 42.420415], [-71.043971, 42.420212], [-71.043913, 42.420193], [-71.043831, 42.420167], [-71.043817, 42.420162], [-71.043757, 42.420125]]}}, {"type": "Feature", "properties": {"name": "Broadway", "separation_level": "lane", "street_classification": "medium-capacity", "maxspeed_int": null}, "geometry": {"type": "LineString", "coordinates": [[-71.043903, 42.420415], [-71.043971, 42.420212], [-71.044001, 42.420152], [-71.044101, 42.420011]]}}, {"type": "Feature", "properties": {"name": "Whittier Drive", "separation_level": "none", "street_classification": "residential", "maxspeed_int": 20.0}, "geometry": {"type": "LineString", "coordinates": [[-71.04271, 42.420617], [-71.042747, 42.420573], [-71.043205, 42.420059], [-71.043227, 42.420038], [-71.043268, 42.419991], [-71.04329, 42.420005]]}}, {"type": "Feature", "properties": {"name": "McKinley Street", "separation_level": "none", "street_classification": "residential", "maxspeed_int": 20.0}, "geometry": {"type": "LineString", "coordinates": [[-71.043498, 42.420147], [-71.043312, 42.42002], [-71.04329, 42.420005]]}}, {"type": "Feature", "properties": {"name": null, "separation_level": "none", "street_classification": "residential", "maxspeed_int": null}, "geometry": {"type": "LineString", "coordinates": [[-71.043498, 42.420147], [-71.043548, 42.42011], [-71.0436, 42.420071], [-71.04371, 42.420097], [-71.043757, 42.420125]]}}, {"type": "Feature", "properties": {"name": null, "separation_level": "none", "street_classification": "residential", "maxspeed_int": null}, "geometry": {"type": "LineString", "coordinates": [[-71.043757, 42.420125], [-71.043897, 42.41998], [-71.04394, 42.41996], [-71.043994, 42.419964], [-71.044014, 42.419973], [-71.04406, 42.419993], [-71.044101, 42.420011]]}}, {"type": "Feature", "properties": {"name": "Broadway", "separation_level": "lane", "street_classification": "medium-capacity", "maxspeed_int": null}, "geometry": {"type": "LineString", "coordinates": [[-71.044101, 42.420011], [-71.044259, 42.419826], [-71.044332, 42.419733], [-71.044373, 42.419684], [-71.04449, 42.419543]]}}, {"type": "Feature", "properties": {"name": "Mystic View Road", "separation_level": "none", "street_classification": "residential", "maxspeed_int": null}, "geometry": {"type": "LineString", "coordinates": [[-71.069805, 42.402466], [-71.069823, 42.402296], [-71.069832, 42.402244], [-71.06984, 42.402205], [-71.06985, 42.402172], [-71.069864, 42.402139], [-71.069883, 42.402107], [-71.069909, 42.40207], [-71.069937, 42.402033], [-71.069968, 42.401999], [-71.070238, 42.401735]]}}, {"type": "Feature", "properties": {"name": "Santilli Circle", "separation_level": "none", "street_classification": "medium-capacity", "maxspeed_int": null}, "geometry": {"type": "LineString", "coordinates": [[-71.069805, 42.402466], [-71.069804, 42.402412], [-71.069798, 42.402356], [-71.069788, 42.402304], [-71.069771, 42.402249], [-71.069749, 42.402195], [-71.069726, 42.402146], [-71.069696, 42.402096], [-71.069664, 42.402048], [-71.069626, 42.402001], [-71.069586, 42.401958], [-71.06954, 42.401914], [-71.069493, 42.401873]]}}, {"type": "Feature", "properties": {"name": "Santilli Circle", "separation_level": "none", "street_classification": "medium-capacity", "maxspeed_int": null}, "geometry": {"type": "LineString", "coordinates": [[-71.069493, 42.401873], [-71.069446, 42.401838], [-71.069396, 42.401804], [-71.069343, 42.401773], [-71.069284, 42.401742], [-71.069232, 42.401718]]}}, {"type": "Feature", "properties": {"name": null, "separation_level": "none", "street_classification": "motorway", "maxspeed_int": null}, "geometry": {"type": "LineString", "coordinates": [[-71.068414, 42.401501], [-71.068275, 42.401493], [-71.068129, 42.401489], [-71.067986, 42.401487], [-71.067388, 42.401492], [-71.06693, 42.401537]]}}, {"type": "Feature", "properties": {"name": null, "separation_level": "none", "street_classification": "motorway", "maxspeed_int": null}, "geometry": {"type": "LineString", "coordinates": [[-71.069232, 42.401718], [-71.069176, 42.401688], [-71.069122, 42.401662], [-71.069069, 42.401638], [-71.069007, 42.401614], [-71.068945, 42.401593], [-71.068886, 42.401576], [-71.068826, 42.401564], [-71.068762, 42.401553], [-71.068414, 42.401501]]}}, {"type": "Feature", "properties": {"name": "Santilli Circle", "separation_level": "none", "street_classification": "medium-capacity", "maxspeed_int": null}, "geometry": {"type": "LineString", "coordinates": [[-71.069232, 42.401718], [-71.069169, 42.401694], [-71.069108, 42.401674], [-71.069048, 42.401658], [-71.068993, 42.401648], [-71.068947, 42.401642], [-71.068903, 42.40164], [-71.068839, 42.401641], [-71.06878, 42.401644], [-71.06872, 42.401652], [-71.068668, 42.401665], [-71.068618, 42.401679], [-71.068569, 42.401697], [-71.068525, 42.401715], [-71.068483, 42.401737], [-71.068444, 42.401762], [-71.068406, 42.401792], [-71.068374, 42.401824], [-71.068347, 42.401859], [-71.068275, 42.401989]]}}, {"type": "Feature", "properties": {"name": "Wellington Avenue", "separation_level": "none", "street_classification": "dedicated_path", "maxspeed_int": null}, "geometry": {"type": "LineString", "coordinates": [[-71.064261, 42.403783], [-71.064251, 42.403783], [-71.063381, 42.403761], [-71.063346, 42.40376], [-71.063321, 42.40376], [-71.063254, 42.403761], [-71.063249, 42.403722]]}}, {"type": "Feature", "properties": {"name": "Laurel Street", "separation_level": "none", "street_classification": "residential", "maxspeed_int": 20.0}, "geometry": {"type": "LineString", "coordinates": [[-71.063178, 42.405163], [-71.063189, 42.405215], [-71.063313, 42.405809], [-71.063367, 42.406071]]}}, {"type": "Feature", "properties": {"name": "Tileston Street", "separation_level": "none", "street_classification": "medium-capacity", "maxspeed_int": null}, "geometry": {"type": "LineString", "coordinates": [[-71.063178, 42.405163], [-71.06164, 42.405186], [-71.061521, 42.405188], [-71.061555, 42.405269]]}}, {"type": "Feature", "properties": {"name": "Revere Beach Parkway", "separation_level": "none", "street_classification": "motorway", "maxspeed_int": 35.0}, "geometry": {"type": "LineString", "coordinates": [[-71.052116, 42.402895], [-71.052068, 42.402938], [-71.051916, 42.402919], [-71.051421, 42.40286], [-71.051433, 42.402802]]}}, {"type": "Feature", "properties": {"name": "Revere Beach Parkway", "separation_level": "none", "street_classification": "motorway", "maxspeed_int": 35.0}, "geometry": {"type": "LineString", "coordinates": [[-71.052116, 42.402895], [-71.052051, 42.403094], [-71.052519, 42.403146], [-71.052619, 42.403155], [-71.05271, 42.403161], [-71.052782, 42.403166], [-71.052855, 42.40317], [-71.052937, 42.403173], [-71.053026, 42.403176], [-71.053593, 42.403182], [-71.053752, 42.403184], [-71.05384, 42.40309]]}}, {"type": "Feature", "properties": {"name": "Spring Street", "separation_level": "none", "street_classification": "medium-capacity", "maxspeed_int": null}, "geometry": {"type": "LineString", "coordinates": [[-71.052116, 42.402895], [-71.052051, 42.403094], [-71.052044, 42.403166], [-71.052042, 42.403185], [-71.052028, 42.403324]]}}, {"type": "Feature", "properties": {"name": "Spring Street", "separation_level": "none", "street_classification": "residential", "maxspeed_int": null}, "geometry": {"type": "LineString", "coordinates": [[-71.052116, 42.402895], [-71.052087, 42.402763], [-71.052104, 42.40257], [-71.052197, 42.402574]]}}, {"type": "Feature", "properties": {"name": null, "separation_level": "none", "street_classification": "residential", "maxspeed_int": null}, "geometry": {"type": "LineString", "coordinates": [[-71.052116, 42.402895], [-71.052273, 42.402785], [-71.05231, 42.402832], [-71.052348, 42.402853], [-71.052378, 42.402859], [-71.052415, 42.402868], [-71.052492, 42.402877], [-71.05262, 42.402892], [-71.052798, 42.402912], [-71.052796, 42.40288], [-71.052829, 42.402526], [-71.052768, 42.402505], [-71.052564, 42.402445], [-71.052447, 42.402414]]}}, {"type": "Feature", "properties": {"name": null, "separation_level": "none", "street_classification": "residential", "maxspeed_int": null}, "geometry": {"type": "LineString", "coordinates": [[-71.052116, 42.402895], [-71.052273, 42.402785], [-71.052499, 42.402795], [-71.052561, 42.402758]]}}, {"type": "Feature", "properties": {"name": "Revere Beach Parkway", "separation_level": "none", "street_classification": "motorway", "maxspeed_int": 35.0}, "geometry": {"type": "LineString", "coordinates": [[-71.051433, 42.402802], [-71.051421, 42.40286], [-71.051178, 42.40283]]}}, {"type": "Feature", "properties": {"name": null, "separation_level": "none", "street_classification": "residential", "maxspeed_int": null}, "geometry": {"type": "LineString", "coordinates": [[-71.051433, 42.402802], [-71.051444, 42.402745], [-71.051761, 42.402778], [-71.051884, 42.402799], [-71.05208, 42.402819], [-71.052116, 42.402895]]}}, {"type": "Feature", "properties": {"name": null, "separation_level": "none", "street_classification": "residential", "maxspeed_int": null}, "geometry": {"type": "LineString", "coordinates": [[-71.051433, 42.402802], [-71.051444, 42.402745], [-71.051447, 42.402724], [-71.051449, 42.402702], [-71.05145, 42.402644], [-71.051451, 42.402609], [-71.051467, 42.402305], [-71.051473, 42.402261], [-71.051502, 42.402128], [-71.05151, 42.402099], [-71.051522, 42.402064], [-71.051551, 42.401982], [-71.051533, 42.401978]]}}, {"type": "Feature", "properties": {"name": "Revere Beach Parkway", "separation_level": "none", "street_classification": "motorway", "maxspeed_int": 35.0}, "geometry": {"type": "LineString", "coordinates": [[-71.05384, 42.40309], [-71.053935, 42.403187], [-71.054878, 42.403197], [-71.054951, 42.403256]]}}, {"type": "Feature", "properties": {"name": "Second Street", "separation_level": "none", "street_classification": "medium-capacity", "maxspeed_int": null}, "geometry": {"type": "LineString", "coordinates": [[-71.05384, 42.40309], [-71.053935, 42.403187], [-71.054058, 42.403279], [-71.054201, 42.403386], [-71.05431, 42.403468], [-71.054363, 42.403507]]}}, {"type": "Feature", "properties": {"name": "Revere Beach Parkway", "separation_level": "none", "street_classification": "motorway", "maxspeed_int": 35.0}, "geometry": {"type": "LineString", "coordinates": [[-71.05384, 42.40309], [-71.053769, 42.403064], [-71.053528, 42.403061], [-71.053348, 42.403055], [-71.05319, 42.403048], [-71.05303, 42.403038], [-71.052898, 42.403028], [-71.052766, 42.403014], [-71.052197, 42.402952], [-71.052068, 42.402938], [-71.052116, 42.402895]]}}, {"type": "Feature", "properties": {"name": "Garvey Street", "separation_level": "none", "street_classification": "residential", "maxspeed_int": null}, "geometry": {"type": "LineString", "coordinates": [[-71.05384, 42.40309], [-71.054085, 42.403067], [-71.054089, 42.402983], [-71.054094, 42.402878]]}}, {"type": "Feature", "properties": {"name": null, "separation_level": "none", "street_classification": "residential", "maxspeed_int": null}, "geometry": {"type": "LineString", "coordinates": [[-71.05384, 42.40309], [-71.053633, 42.402962], [-71.053689, 42.402921], [-71.053716, 42.402908], [-71.053749, 42.402896], [-71.05379, 42.402888], [-71.053835, 42.402881], [-71.053889, 42.402877], [-71.053946, 42.402876], [-71.054094, 42.402878]]}}, {"type": "Feature", "properties": {"name": "Second Street", "separation_level": "none", "street_classification": "medium-capacity", "maxspeed_int": null}, "geometry": {"type": "LineString", "coordinates": [[-71.05384, 42.40309], [-71.053633, 42.402962], [-71.053547, 42.402898], [-71.053379, 42.402774], [-71.053323, 42.402733]]}}, {"type": "Feature", "properties": {"name": "Spring Street", "separation_level": "none", "street_classification": "medium-capacity", "maxspeed_int": null}, "geometry": {"type": "LineString", "coordinates": [[-71.052028, 42.403324], [-71.051997, 42.403624]]}}, {"type": "Feature", "properties": {"name": null, "separation_level": "none", "street_classification": "residential", "maxspeed_int": null}, "geometry": {"type": "LineString", "coordinates": [[-71.052197, 42.402574], [-71.052289, 42.402578], [-71.052281, 42.402708], [-71.052273, 42.402785], [-71.052116, 42.402895]]}}, {"type": "Feature", "properties": {"name": "Spring Street", "separation_level": "none", "street_classification": "residential", "maxspeed_int": null}, "geometry": {"type": "LineString", "coordinates": [[-71.052197, 42.402574], [-71.052104, 42.40257], [-71.052116, 42.402455], [-71.052135, 42.402186], [-71.052138, 42.402142]]}}, {"type": "Feature", "properties": {"name": null, "separation_level": "none", "street_classification": "residential", "maxspeed_int": null}, "geometry": {"type": "LineString", "coordinates": [[-71.052197, 42.402574], [-71.052289, 42.402578], [-71.052335, 42.402398], [-71.052447, 42.402414]]}}, {"type": "Feature", "properties": {"name": null, "separation_level": "none", "street_classification": "residential", "maxspeed_int": null}, "geometry": {"type": "LineString", "coordinates": [[-71.052447, 42.402414], [-71.052354, 42.40231], [-71.05227, 42.402215], [-71.052207, 42.402202], [-71.052135, 42.402186], [-71.052138, 42.402142]]}}, {"type": "Feature", "properties": {"name": null, "separation_level": "none", "street_classification": "residential", "maxspeed_int": null}, "geometry": {"type": "LineString", "coordinates": [[-71.052447, 42.402414], [-71.052354, 42.40231], [-71.052463, 42.402258], [-71.052525, 42.402212], [-71.052577, 42.402174], [-71.052656, 42.402233]]}}, {"type": "Feature", "properties": {"name": null, "separation_level": "none", "street_classification": "residential", "maxspeed_int": null}, "geometry": {"type": "LineString", "coordinates": [[-71.052447, 42.402414], [-71.052564, 42.402445], [-71.052611, 42.402377], [-71.052676, 42.402333], [-71.052735, 42.402292], [-71.052656, 42.402233]]}}, {"type": "Feature", "properties": {"name": null, "separation_level": "none", "street_classification": "residential", "maxspeed_int": null}, "geometry": {"type": "LineString", "coordinates": [[-71.052561, 42.402758], [-71.052574, 42.402666], [-71.052579, 42.402594], [-71.052555, 42.402513], [-71.052447, 42.402414]]}}, {"type": "Feature", "properties": {"name": null, "separation_level": "none", "street_classification": "residential", "maxspeed_int": null}, "geometry": {"type": "LineString", "coordinates": [[-71.052561, 42.402758], [-71.052491, 42.402712], [-71.052459, 42.402658], [-71.052471, 42.402586], [-71.052555, 42.402513], [-71.052447, 42.402414]]}}, {"type": "Feature", "properties": {"name": null, "separation_level": "none", "street_classification": "residential", "maxspeed_int": null}, "geometry": {"type": "LineString", "coordinates": [[-71.052561, 42.402758], [-71.052635, 42.402725], [-71.052657, 42.402672], [-71.052652, 42.402597], [-71.052555, 42.402513], [-71.052447, 42.402414]]}}, {"type": "Feature", "properties": {"name": "Revere Beach Parkway", "separation_level": "none", "street_classification": "motorway", "maxspeed_int": 35.0}, "geometry": {"type": "LineString", "coordinates": [[-71.051178, 42.40283], [-71.050927, 42.4028], [-71.050837, 42.402789]]}}, {"type": "Feature", "properties": {"name": null, "separation_level": "none", "street_classification": "residential", "maxspeed_int": null}, "geometry": {"type": "LineString", "coordinates": [[-71.051178, 42.40283], [-71.051191, 42.40277], [-71.051257, 42.402464], [-71.051002, 42.402433], [-71.050939, 42.402739], [-71.050927, 42.4028], [-71.050837, 42.402789]]}}, {"type": "Feature", "properties": {"name": "Terminal Street", "separation_level": "none", "street_classification": "residential", "maxspeed_int": null}, "geometry": {"type": "LineString", "coordinates": [[-71.051533, 42.401978], [-71.051551, 42.401982], [-71.052056, 42.402089], [-71.052085, 42.402093], [-71.052111, 42.402096], [-71.052141, 42.402098], [-71.052138, 42.402142]]}}, {"type": "Feature", "properties": {"name": "Kenilworth Street", "separation_level": "none", "street_classification": "residential", "maxspeed_int": 20.0}, "geometry": {"type": "LineString", "coordinates": [[-71.052921, 42.412063], [-71.053367, 42.412412], [-71.053444, 42.412473]]}}, {"type": "Feature", "properties": {"name": "Kenilworth Street", "separation_level": "none", "street_classification": "residential", "maxspeed_int": 20.0}, "geometry": {"type": "LineString", "coordinates": [[-71.052921, 42.412063], [-71.05245, 42.411738], [-71.051997, 42.412112], [-71.051485, 42.412502]]}}, {"type": "Feature", "properties": {"name": "Gilmore Street", "separation_level": "none", "street_classification": "residential", "maxspeed_int": 20.0}, "geometry": {"type": "LineString", "coordinates": [[-71.053444, 42.412473], [-71.053367, 42.412412], [-71.052393, 42.413173]]}}, {"type": "Feature", "properties": {"name": "Newbury Street", "separation_level": "none", "street_classification": "residential", "maxspeed_int": 20.0}, "geometry": {"type": "LineString", "coordinates": [[-71.053444, 42.412473], [-71.053521, 42.412533], [-71.053955, 42.412179], [-71.053876, 42.412122]]}}, {"type": "Feature", "properties": {"name": "Kenilworth Street", "separation_level": "none", "street_classification": "residential", "maxspeed_int": 20.0}, "geometry": {"type": "LineString", "coordinates": [[-71.053444, 42.412473], [-71.053521, 42.412533], [-71.053835, 42.412762]]}}, {"type": "Feature", "properties": {"name": "Hosmer Street", "separation_level": "none", "street_classification": "residential", "maxspeed_int": 20.0}, "geometry": {"type": "LineString", "coordinates": [[-71.051485, 42.412502], [-71.051941, 42.412832]]}}, {"type": "Feature", "properties": {"name": "Hosmer Street", "separation_level": "none", "street_classification": "residential", "maxspeed_int": 20.0}, "geometry": {"type": "LineString", "coordinates": [[-71.052393, 42.413173], [-71.052867, 42.413542]]}}, {"type": "Feature", "properties": {"name": "Gilmore Street", "separation_level": "none", "street_classification": "residential", "maxspeed_int": 20.0}, "geometry": {"type": "LineString", "coordinates": [[-71.053876, 42.412122], [-71.053798, 42.412065], [-71.053367, 42.412412], [-71.053444, 42.412473]]}}, {"type": "Feature", "properties": {"name": "Hancock Street", "separation_level": "none", "street_classification": "medium-capacity", "maxspeed_int": null}, "geometry": {"type": "LineString", "coordinates": [[-71.053876, 42.412122], [-71.053798, 42.412065], [-71.053599, 42.411921]]}}, {"type": "Feature", "properties": {"name": "Hancock Street", "separation_level": "none", "street_classification": "medium-capacity", "maxspeed_int": null}, "geometry": {"type": "LineString", "coordinates": [[-71.053876, 42.412122], [-71.053955, 42.412179], [-71.054281, 42.412415]]}}, {"type": "Feature", "properties": {"name": "Walnut Street", "separation_level": "none", "street_classification": "medium-capacity", "maxspeed_int": null}, "geometry": {"type": "LineString", "coordinates": [[-71.053835, 42.412762], [-71.054281, 42.412415]]}}, {"type": "Feature", "properties": {"name": "Sherman Street", "separation_level": "none", "street_classification": "residential", "maxspeed_int": 20.0}, "geometry": {"type": "LineString", "coordinates": [[-71.051941, 42.412832], [-71.052921, 42.412063]]}}, {"type": "Feature", "properties": {"name": "Hosmer Street", "separation_level": "none", "street_classification": "residential", "maxspeed_int": 20.0}, "geometry": {"type": "LineString", "coordinates": [[-71.051941, 42.412832], [-71.052393, 42.413173]]}}, {"type": "Feature", "properties": {"name": "Harding Avenue", "separation_level": "none", "street_classification": "residential", "maxspeed_int": 20.0}, "geometry": {"type": "LineString", "coordinates": [[-71.040602, 42.413397], [-71.040716, 42.413382], [-71.04074, 42.413433], [-71.040756, 42.413462], [-71.040772, 42.413487], [-71.040877, 42.413599], [-71.041014, 42.413743], [-71.041143, 42.413865], [-71.04115, 42.413871], [-71.041159, 42.413877], [-71.041169, 42.413882], [-71.04118, 42.413886], [-71.041191, 42.413889], [-71.041202, 42.413891], [-71.041214, 42.413892], [-71.041226, 42.413892], [-71.041238, 42.413891], [-71.041249, 42.413889], [-71.041271, 42.413881], [-71.041306, 42.413868], [-71.041341, 42.413856], [-71.041374, 42.413845], [-71.041414, 42.413835], [-71.041446, 42.413828], [-71.041477, 42.413824], [-71.041518, 42.41382], [-71.041558, 42.413818], [-71.041688, 42.413816], [-71.04188, 42.41382], [-71.04193, 42.413824], [-71.042071, 42.413835]]}}, {"type": "Feature", "properties": {"name": "Harvey Street", "separation_level": "none", "street_classification": "medium-capacity", "maxspeed_int": null}, "geometry": {"type": "LineString", "coordinates": [[-71.040602, 42.413397], [-71.040488, 42.413412], [-71.040472, 42.413352], [-71.040465, 42.413327], [-71.040372, 42.412973]]}}, {"type": "Feature", "properties": {"name": "Elm Street", "separation_level": "none", "street_classification": "medium-capacity", "maxspeed_int": null}, "geometry": {"type": "LineString", "coordinates": [[-71.040602, 42.413397], [-71.040488, 42.413412], [-71.039789, 42.41351], [-71.039772, 42.413512]]}}, {"type": "Feature", "properties": {"name": "Harvey Street", "separation_level": "none", "street_classification": "residential", "maxspeed_int": 20.0}, "geometry": {"type": "LineString", "coordinates": [[-71.040372, 42.412973], [-71.04015, 42.412082]]}}, {"type": "Feature", "properties": {"name": "Elm Street", "separation_level": "none", "street_classification": "medium-capacity", "maxspeed_int": null}, "geometry": {"type": "LineString", "coordinates": [[-71.039772, 42.413512], [-71.039613, 42.413534], [-71.039271, 42.413583]]}}, {"type": "Feature", "properties": {"name": "Jefferson Avenue", "separation_level": "none", "street_classification": "residential", "maxspeed_int": 20.0}, "geometry": {"type": "LineString", "coordinates": [[-71.039772, 42.413512], [-71.039647, 42.41342], [-71.0384, 42.412575], [-71.038335, 42.412531]]}}, {"type": "Feature", "properties": {"name": "Ashton Street", "separation_level": "none", "street_classification": "residential", "maxspeed_int": 20.0}, "geometry": {"type": "LineString", "coordinates": [[-71.052501, 42.42054], [-71.0526, 42.420468], [-71.052713, 42.420386], [-71.052766, 42.420347], [-71.052865, 42.420275], [-71.052943, 42.420218]]}}, {"type": "Feature", "properties": {"name": "Yarmouth Street", "separation_level": "none", "street_classification": "residential", "maxspeed_int": null}, "geometry": {"type": "LineString", "coordinates": [[-71.052501, 42.42054], [-71.052443, 42.420498], [-71.052315, 42.420399], [-71.0523, 42.420388], [-71.052124, 42.420254], [-71.052113, 42.420246], [-71.05173, 42.419952], [-71.052086, 42.419688]]}}, {"type": "Feature", "properties": {"name": "Ferry Street", "separation_level": "lane", "street_classification": "medium-capacity", "maxspeed_int": null}, "geometry": {"type": "LineString", "coordinates": [[-71.047892, 42.404737], [-71.047869, 42.404782], [-71.047772, 42.404985]]}}, {"type": "Feature", "properties": {"name": null, "separation_level": "none", "street_classification": "residential", "maxspeed_int": null}, "geometry": {"type": "LineString", "coordinates": [[-71.047892, 42.404737], [-71.047869, 42.404782], [-71.047806, 42.404764], [-71.047482, 42.404681], [-71.047475, 42.40468], [-71.047468, 42.404679], [-71.047462, 42.40468], [-71.047455, 42.404682], [-71.04745, 42.404685], [-71.047445, 42.404688], [-71.047441, 42.404692], [-71.047438, 42.404697], [-71.047367, 42.404854], [-71.047366, 42.404859], [-71.047366, 42.404864], [-71.047367, 42.404868], [-71.047369, 42.404873], [-71.047373, 42.404877], [-71.047377, 42.404881], [-71.047382, 42.404883], [-71.047388, 42.404886], [-71.047711, 42.404969], [-71.047772, 42.404985]]}}, {"type": "Feature", "properties": {"name": "Ferry Street", "separation_level": "lane", "street_classification": "medium-capacity", "maxspeed_int": null}, "geometry": {"type": "LineString", "coordinates": [[-71.047772, 42.404985], [-71.047619, 42.405313], [-71.04755, 42.405462]]}}, {"type": "Feature", "properties": {"name": "Summit Avenue", "separation_level": "none", "street_classification": "residential", "maxspeed_int": 20.0}, "geometry": {"type": "LineString", "coordinates": [[-71.045563, 42.418317], [-71.045529, 42.418297], [-71.045484, 42.41827], [-71.045452, 42.418251], [-71.045275, 42.418116], [-71.04513, 42.418006]]}}, {"type": "Feature", "properties": {"name": "Broadway", "separation_level": "lane", "street_classification": "medium-capacity", "maxspeed_int": null}, "geometry": {"type": "LineString", "coordinates": [[-71.045563, 42.418317], [-71.045473, 42.418417], [-71.0454, 42.418503]]}}, {"type": "Feature", "properties": {"name": "Kenwood Road", "separation_level": "none", "street_classification": "residential", "maxspeed_int": 20.0}, "geometry": {"type": "LineString", "coordinates": [[-71.0454, 42.418503], [-71.04544, 42.418522], [-71.045495, 42.418548], [-71.046819, 42.419176], [-71.046847, 42.419187], [-71.04693, 42.41921]]}}, {"type": "Feature", "properties": {"name": "Broadway", "separation_level": "lane", "street_classification": "medium-capacity", "maxspeed_int": null}, "geometry": {"type": "LineString", "coordinates": [[-71.0454, 42.418503], [-71.04532, 42.418589], [-71.04496, 42.418988], [-71.044938, 42.419014]]}}, {"type": "Feature", "properties": {"name": "Broadway", "separation_level": "lane", "street_classification": "medium-capacity", "maxspeed_int": null}, "geometry": {"type": "LineString", "coordinates": [[-71.044938, 42.419014], [-71.044845, 42.419116], [-71.044604, 42.419407], [-71.04449, 42.419543]]}}, {"type": "Feature", "properties": {"name": "Shute Street", "separation_level": "none", "street_classification": "medium-capacity", "maxspeed_int": 25.0}, "geometry": {"type": "LineString", "coordinates": [[-71.046453, 42.420467], [-71.046423, 42.420488], [-71.046241, 42.420621], [-71.046207, 42.420643]]}}, {"type": "Feature", "properties": {"name": "Garland Street", "separation_level": "none", "street_classification": "medium-capacity", "maxspeed_int": null}, "geometry": {"type": "LineString", "coordinates": [[-71.040598, 42.409864], [-71.040547, 42.40985], [-71.040495, 42.409837], [-71.040206, 42.409767], [-71.040049, 42.409729]]}}, {"type": "Feature", "properties": {"name": "Revere Beach Parkway", "separation_level": "none", "street_classification": "motorway", "maxspeed_int": 35.0}, "geometry": {"type": "LineString", "coordinates": [[-71.06693, 42.401537], [-71.066783, 42.401539], [-71.064154, 42.401578], [-71.063328, 42.40159], [-71.063133, 42.401592], [-71.062986, 42.401596], [-71.062836, 42.401602], [-71.062691, 42.401611], [-71.06254, 42.401624], [-71.062391, 42.401641], [-71.062243, 42.401662], [-71.062098, 42.401684], [-71.061953, 42.401712], [-71.06181, 42.401743], [-71.061668, 42.401778], [-71.061533, 42.401815], [-71.061394, 42.401857], [-71.06126, 42.401899], [-71.061042, 42.401969], [-71.060832, 42.402039], [-71.060712, 42.402079], [-71.059703, 42.402417], [-71.059623, 42.402444], [-71.059502, 42.402486], [-71.05884, 42.402712], [-71.058702, 42.402758], [-71.058569, 42.402802], [-71.058434, 42.402845], [-71.058297, 42.402886], [-71.058158, 42.402925], [-71.057984, 42.402967], [-71.057842, 42.402997], [-71.057701, 42.403022], [-71.05756, 42.403043], [-71.057492, 42.403052], [-71.057424, 42.403061], [-71.057298, 42.403075], [-71.057201, 42.403083]]}}, {"type": "Feature", "properties": {"name": "Revere Beach Parkway", "separation_level": "none", "street_classification": "motorway", "maxspeed_int": 35.0}, "geometry": {"type": "LineString", "coordinates": [[-71.069508, 42.402939], [-71.069441, 42.402981], [-71.069476, 42.403005], [-71.069512, 42.403028], [-71.069548, 42.40305], [-71.069603, 42.403081], [-71.069666, 42.403116], [-71.069728, 42.403147], [-71.069795, 42.403179], [-71.069859, 42.403207], [-71.069926, 42.403234], [-71.070003, 42.403263], [-71.070463, 42.403415], [-71.070599, 42.40346], [-71.070733, 42.403504], [-71.070954, 42.403573], [-71.071113, 42.40362]]}}, {"type": "Feature", "properties": {"name": "Santilli Circle", "separation_level": "none", "street_classification": "medium-capacity", "maxspeed_int": null}, "geometry": {"type": "LineString", "coordinates": [[-71.069508, 42.402939], [-71.069575, 42.402898], [-71.069623, 42.40286], [-71.069658, 42.402827], [-71.069696, 42.402784], [-71.069727, 42.402733], [-71.069755, 42.402679], [-71.069777, 42.402624], [-71.069792, 42.402572], [-71.069801, 42.402519], [-71.069805, 42.402466]]}}, {"type": "Feature", "properties": {"name": "Revere Beach Parkway", "separation_level": "none", "street_classification": "motorway", "maxspeed_int": 35.0}, "geometry": {"type": "LineString", "coordinates": [[-71.069508, 42.402939], [-71.069575, 42.402898], [-71.069501, 42.402844], [-71.069401, 42.402761], [-71.069308, 42.402677], [-71.069219, 42.402591], [-71.068862, 42.402237], [-71.068779, 42.402159], [-71.068711, 42.4021], [-71.068644, 42.402049], [-71.068564, 42.401989], [-71.068488, 42.40194], [-71.068432, 42.401907], [-71.068347, 42.401859], [-71.068275, 42.401989]]}}, {"type": "Feature", "properties": {"name": "Krystyl K. Poirier Memorial Roadway", "separation_level": "none", "street_classification": "residential", "maxspeed_int": null}, "geometry": {"type": "LineString", "coordinates": [[-71.067402, 42.402771], [-71.067461, 42.402777], [-71.067516, 42.402781], [-71.067565, 42.402783], [-71.067613, 42.402784], [-71.067654, 42.402783], [-71.067701, 42.402781], [-71.067746, 42.402777], [-71.067801, 42.402772], [-71.067858, 42.402766], [-71.068152, 42.402733], [-71.068198, 42.402729], [-71.068224, 42.402727], [-71.068243, 42.402727], [-71.068262, 42.402728], [-71.068285, 42.40273], [-71.068303, 42.402734], [-71.068322, 42.402739], [-71.068343, 42.402747], [-71.068364, 42.402756], [-71.068384, 42.402766], [-71.068401, 42.402776], [-71.06842, 42.402788], [-71.068463, 42.402811], [-71.068744, 42.403037]]}}, {"type": "Feature", "properties": {"name": "Krystyl K. Poirier Memorial Roadway", "separation_level": "none", "street_classification": "residential", "maxspeed_int": null}, "geometry": {"type": "LineString", "coordinates": [[-71.067402, 42.402771], [-71.067355, 42.402766], [-71.067313, 42.402762], [-71.067271, 42.402756], [-71.067229, 42.40275], [-71.067176, 42.402741], [-71.066758, 42.402663], [-71.066634, 42.402639], [-71.06658, 42.402748]]}}, {"type": "Feature", "properties": {"name": null, "separation_level": "lane", "street_classification": "motorway", "maxspeed_int": null}, "geometry": {"type": "LineString", "coordinates": [[-71.068744, 42.403037], [-71.069016, 42.403207], [-71.06905, 42.403199], [-71.069087, 42.403191], [-71.069121, 42.403186], [-71.069162, 42.403182], [-71.069203, 42.40318], [-71.069245, 42.40318], [-71.069287, 42.403182], [-71.06933, 42.403184], [-71.069372, 42.403187], [-71.069407, 42.403191], [-71.069447, 42.403197]]}}, {"type": "Feature", "properties": {"name": null, "separation_level": "none", "street_classification": "motorway", "maxspeed_int": null}, "geometry": {"type": "LineString", "coordinates": [[-71.068744, 42.403037], [-71.069017, 42.403061], [-71.069233, 42.403133], [-71.069447, 42.403197]]}}, {"type": "Feature", "properties": {"name": "Santilli Highway", "separation_level": "shared_lane", "street_classification": "medium-capacity", "maxspeed_int": null}, "geometry": {"type": "LineString", "coordinates": [[-71.068744, 42.403037], [-71.068659, 42.403091], [-71.068664, 42.403106], [-71.068667, 42.403149], [-71.068662, 42.40319], [-71.068574, 42.403525], [-71.068614, 42.403462]]}}, {"type": "Feature", "properties": {"name": "Santilli Circle", "separation_level": "none", "street_classification": "medium-capacity", "maxspeed_int": null}, "geometry": {"type": "LineString", "coordinates": [[-71.068744, 42.403037], [-71.069017, 42.403061], [-71.069048, 42.403062], [-71.069067, 42.403062], [-71.069106, 42.403061], [-71.069143, 42.403059], [-71.069174, 42.403056], [-71.069232, 42.403048], [-71.069267, 42.403042], [-71.069297, 42.403035], [-71.06933, 42.403026], [-71.069354, 42.403018], [-71.06939, 42.403004], [-71.069441, 42.402981], [-71.069508, 42.402939]]}}, {"type": "Feature", "properties": {"name": null, "separation_level": "separate", "street_classification": "dedicated_path", "maxspeed_int": null}, "geometry": {"type": "LineString", "coordinates": [[-71.068744, 42.403037], [-71.068568, 42.403073], [-71.068377, 42.403037], [-71.068341, 42.403029], [-71.068307, 42.403021], [-71.068272, 42.403013], [-71.068241, 42.403004], [-71.068214, 42.402995], [-71.068189, 42.402985], [-71.068168, 42.402976], [-71.068145, 42.402964], [-71.068025, 42.4029], [-71.067991, 42.402884], [-71.067959, 42.402872], [-71.067926, 42.402862], [-71.067887, 42.402854], [-71.067851, 42.402849], [-71.067814, 42.402848], [-71.067779, 42.402849], [-71.067738, 42.402852], [-71.067617, 42.402866], [-71.067562, 42.402871], [-71.067507, 42.402875], [-71.067455, 42.402878], [-71.067413, 42.40288], [-71.067358, 42.40288], [-71.067285, 42.402879], [-71.06723, 42.402876], [-71.06717, 42.402872], [-71.067109, 42.402867], [-71.067021, 42.402857], [-71.066986, 42.402851], [-71.066945, 42.402843], [-71.066914, 42.402835], [-71.066748, 42.402786], [-71.066722, 42.402778], [-71.066684, 42.402765], [-71.066616, 42.402727], [-71.06658, 42.402748]]}}, {"type": "Feature", "properties": {"name": "Revere Beach Parkway", "separation_level": "none", "street_classification": "motorway", "maxspeed_int": 35.0}, "geometry": {"type": "LineString", "coordinates": [[-71.057201, 42.403083], [-71.057133, 42.403088], [-71.056977, 42.403097], [-71.056876, 42.403099], [-71.056792, 42.403099], [-71.056762, 42.403099], [-71.056663, 42.4031], [-71.05666, 42.403159]]}}, {"type": "Feature", "properties": {"name": "Baldwin Avenue", "separation_level": "none", "street_classification": "residential", "maxspeed_int": 20.0}, "geometry": {"type": "LineString", "coordinates": [[-71.06057, 42.409436], [-71.060494, 42.409449], [-71.059516, 42.409629]]}}, {"type": "Feature", "properties": {"name": "Main Street", "separation_level": "lane", "street_classification": "medium-capacity", "maxspeed_int": null}, "geometry": {"type": "LineString", "coordinates": [[-71.063155, 42.41221], [-71.063329, 42.412771]]}}, {"type": "Feature", "properties": {"name": "Main Street", "separation_level": "lane", "street_classification": "medium-capacity", "maxspeed_int": null}, "geometry": {"type": "LineString", "coordinates": [[-71.063155, 42.41221], [-71.063109, 42.41208], [-71.063069, 42.411968]]}}, {"type": "Feature", "properties": {"name": null, "separation_level": "none", "street_classification": "residential", "maxspeed_int": null}, "geometry": {"type": "LineString", "coordinates": [[-71.041808, 42.420854], [-71.041289, 42.421276], [-71.041279, 42.421283]]}}, {"type": "Feature", "properties": {"name": "Shute Street", "separation_level": "none", "street_classification": "residential", "maxspeed_int": 25.0}, "geometry": {"type": "LineString", "coordinates": [[-71.041808, 42.420854], [-71.04176, 42.420818], [-71.041489, 42.420622]]}}, {"type": "Feature", "properties": {"name": null, "separation_level": "none", "street_classification": "residential", "maxspeed_int": null}, "geometry": {"type": "LineString", "coordinates": [[-71.041526, 42.42145], [-71.041374, 42.421549], [-71.041105, 42.421745], [-71.041039, 42.421775], [-71.040867, 42.421699]]}}, {"type": "Feature", "properties": {"name": "Fuller Street", "separation_level": "none", "street_classification": "medium-capacity", "maxspeed_int": null}, "geometry": {"type": "LineString", "coordinates": [[-71.041698, 42.422053], [-71.04078, 42.422015], [-71.040234, 42.421988], [-71.040117, 42.421987], [-71.040005, 42.421991], [-71.039781, 42.422012], [-71.039124, 42.422066], [-71.039022, 42.422074]]}}, {"type": "Feature", "properties": {"name": "Lynn Street", "separation_level": "none", "street_classification": "medium-capacity", "maxspeed_int": null}, "geometry": {"type": "LineString", "coordinates": [[-71.041618, 42.422719], [-71.041591, 42.422751], [-71.041553, 42.422792], [-71.041148, 42.423243], [-71.041094, 42.423304]]}}, {"type": "Feature", "properties": {"name": "Estes Street", "separation_level": "none", "street_classification": "residential", "maxspeed_int": 20.0}, "geometry": {"type": "LineString", "coordinates": [[-71.041618, 42.422719], [-71.041489, 42.422695], [-71.040949, 42.422581], [-71.04078, 42.422555], [-71.040216, 42.422588], [-71.039221, 42.422648], [-71.039194, 42.422651], [-71.039088, 42.422657]]}}, {"type": "Feature", "properties": {"name": "Estes Street", "separation_level": "none", "street_classification": "residential", "maxspeed_int": 20.0}, "geometry": {"type": "LineString", "coordinates": [[-71.041618, 42.422719], [-71.041712, 42.422744], [-71.042563, 42.422919]]}}, {"type": "Feature", "properties": {"name": "Lewis Street", "separation_level": "none", "street_classification": "residential", "maxspeed_int": 20.0}, "geometry": {"type": "LineString", "coordinates": [[-71.056596, 42.40425], [-71.056575, 42.404336], [-71.056556, 42.404374], [-71.056536, 42.40441], [-71.056515, 42.404443], [-71.05649, 42.404477], [-71.056463, 42.404509], [-71.056438, 42.404542]]}}, {"type": "Feature", "properties": {"name": "Lewis Street", "separation_level": "none", "street_classification": "residential", "maxspeed_int": 20.0}, "geometry": {"type": "LineString", "coordinates": [[-71.056596, 42.40425], [-71.056616, 42.404163], [-71.056653, 42.403323], [-71.056654, 42.403302], [-71.056657, 42.403218], [-71.05666, 42.403159]]}}, {"type": "Feature", "properties": {"name": "Revere Beach Parkway", "separation_level": "none", "street_classification": "motorway", "maxspeed_int": 35.0}, "geometry": {"type": "LineString", "coordinates": [[-71.05666, 42.403159], [-71.056657, 42.403218], [-71.056762, 42.403217], [-71.056893, 42.403216], [-71.057044, 42.403212], [-71.057197, 42.403203], [-71.057348, 42.403192], [-71.057376, 42.40319]]}}, {"type": "Feature", "properties": {"name": "Lewis Street", "separation_level": "none", "street_classification": "residential", "maxspeed_int": 20.0}, "geometry": {"type": "LineString", "coordinates": [[-71.05666, 42.403159], [-71.056663, 42.4031], [-71.056667, 42.403009], [-71.056668, 42.402987], [-71.056719, 42.401803]]}}, {"type": "Feature", "properties": {"name": "Revere Beach Parkway", "separation_level": "none", "street_classification": "motorway", "maxspeed_int": 35.0}, "geometry": {"type": "LineString", "coordinates": [[-71.05666, 42.403159], [-71.056663, 42.4031], [-71.056579, 42.403099], [-71.055988, 42.403092], [-71.055991, 42.403016]]}}, {"type": "Feature", "properties": {"name": "Chestnut Street", "separation_level": "none", "street_classification": "residential", "maxspeed_int": 20.0}, "geometry": {"type": "LineString", "coordinates": [[-71.046144, 42.410405], [-71.045772, 42.410184], [-71.045749, 42.410174], [-71.045725, 42.410166], [-71.045694, 42.410159], [-71.045662, 42.410154]]}}, {"type": "Feature", "properties": {"name": "Chestnut Street", "separation_level": "none", "street_classification": "residential", "maxspeed_int": 20.0}, "geometry": {"type": "LineString", "coordinates": [[-71.046144, 42.410405], [-71.046458, 42.410592], [-71.047004, 42.410933]]}}, {"type": "Feature", "properties": {"name": "Ferry Street", "separation_level": "lane", "street_classification": "medium-capacity", "maxspeed_int": null}, "geometry": {"type": "LineString", "coordinates": [[-71.045662, 42.410154], [-71.045659, 42.4102], [-71.045653, 42.410291], [-71.04565, 42.410391], [-71.045649, 42.410491], [-71.045651, 42.410805]]}}, {"type": "Feature", "properties": {"name": "Foster Street", "separation_level": "none", "street_classification": "residential", "maxspeed_int": 20.0}, "geometry": {"type": "LineString", "coordinates": [[-71.047004, 42.410933], [-71.0478, 42.410246], [-71.047956, 42.410195]]}}, {"type": "Feature", "properties": {"name": "Chestnut Street", "separation_level": "none", "street_classification": "residential", "maxspeed_int": 20.0}, "geometry": {"type": "LineString", "coordinates": [[-71.047004, 42.410933], [-71.047404, 42.411135], [-71.047861, 42.411365]]}}, {"type": "Feature", "properties": {"name": "Pleasant View Avenue", "separation_level": "none", "street_classification": "residential", "maxspeed_int": 20.0}, "geometry": {"type": "LineString", "coordinates": [[-71.047956, 42.410195], [-71.0478, 42.410246], [-71.04602, 42.409383], [-71.045932, 42.409351]]}}, {"type": "Feature", "properties": {"name": null, "separation_level": "none", "street_classification": "dedicated_path", "maxspeed_int": null}, "geometry": {"type": "LineString", "coordinates": [[-71.047956, 42.410195], [-71.048103, 42.410229], [-71.048352, 42.410014], [-71.048533, 42.410132]]}}, {"type": "Feature", "properties": {"name": null, "separation_level": "none", "street_classification": "dedicated_path", "maxspeed_int": null}, "geometry": {"type": "LineString", "coordinates": [[-71.047956, 42.410195], [-71.048103, 42.410229], [-71.048353, 42.410391], [-71.048525, 42.410262], [-71.048533, 42.410132]]}}, {"type": "Feature", "properties": {"name": "Coolidge Street", "separation_level": "none", "street_classification": "residential", "maxspeed_int": 20.0}, "geometry": {"type": "LineString", "coordinates": [[-71.052086, 42.419688], [-71.051625, 42.420032], [-71.051561, 42.42008], [-71.051457, 42.42016], [-71.05145, 42.420164], [-71.051137, 42.420397]]}}, {"type": "Feature", "properties": {"name": "Coolidge Street", "separation_level": "none", "street_classification": "residential", "maxspeed_int": 20.0}, "geometry": {"type": "LineString", "coordinates": [[-71.051137, 42.420397], [-71.050823, 42.420626], [-71.050686, 42.420725], [-71.050669, 42.420737], [-71.050606, 42.420781]]}}, {"type": "Feature", "properties": {"name": "Cedar Street", "separation_level": "none", "street_classification": "residential", "maxspeed_int": 20.0}, "geometry": {"type": "LineString", "coordinates": [[-71.05304, 42.416948], [-71.052998, 42.416976], [-71.053075, 42.417033], [-71.053096, 42.41705], [-71.053194, 42.417131], [-71.053205, 42.41714], [-71.053332, 42.417244], [-71.053346, 42.417256], [-71.053451, 42.417343], [-71.053583, 42.417452], [-71.053685, 42.417528]]}}, {"type": "Feature", "properties": {"name": "Central Avenue", "separation_level": "none", "street_classification": "medium-capacity", "maxspeed_int": null}, "geometry": {"type": "LineString", "coordinates": [[-71.05304, 42.416948], [-71.052998, 42.416976], [-71.052787, 42.417116], [-71.052653, 42.417202], [-71.052522, 42.417285], [-71.052374, 42.417381], [-71.052313, 42.41742], [-71.052105, 42.417581], [-71.051998, 42.417663], [-71.051804, 42.417814]]}}, {"type": "Feature", "properties": {"name": "Ferry Street", "separation_level": "none", "street_classification": "medium-capacity", "maxspeed_int": null}, "geometry": {"type": "LineString", "coordinates": [[-71.050857, 42.418179], [-71.050445, 42.417979], [-71.050296, 42.417903]]}}, {"type": "Feature", "properties": {"name": "Cottage Street", "separation_level": "none", "street_classification": "medium-capacity", "maxspeed_int": null}, "geometry": {"type": "LineString", "coordinates": [[-71.054537, 42.407153], [-71.054382, 42.407075], [-71.054131, 42.406953], [-71.053775, 42.406823], [-71.053491, 42.406726]]}}, {"type": "Feature", "properties": {"name": "Godwin Place", "separation_level": "none", "street_classification": "residential", "maxspeed_int": 20.0}, "geometry": {"type": "LineString", "coordinates": [[-71.054537, 42.407153], [-71.054382, 42.407075], [-71.054345, 42.407119], [-71.054177, 42.407321]]}}, {"type": "Feature", "properties": {"name": "Bucknam Street", "separation_level": "none", "street_classification": "medium-capacity", "maxspeed_int": null}, "geometry": {"type": "LineString", "coordinates": [[-71.059961, 42.410521], [-71.059862, 42.410303]]}}, {"type": "Feature", "properties": {"name": "Cleveland Avenue", "separation_level": "none", "street_classification": "residential", "maxspeed_int": 20.0}, "geometry": {"type": "LineString", "coordinates": [[-71.059961, 42.410521], [-71.059685, 42.41061], [-71.059258, 42.41074], [-71.058985, 42.410866], [-71.058766, 42.411017], [-71.058747, 42.41103]]}}, {"type": "Feature", "properties": {"name": "Winslow Street", "separation_level": "none", "street_classification": "residential", "maxspeed_int": 20.0}, "geometry": {"type": "LineString", "coordinates": [[-71.059862, 42.410303], [-71.060514, 42.410167], [-71.061309, 42.410022], [-71.061809, 42.409932], [-71.062413, 42.409833]]}}, {"type": "Feature", "properties": {"name": "Cleveland Avenue", "separation_level": "none", "street_classification": "residential", "maxspeed_int": 20.0}, "geometry": {"type": "LineString", "coordinates": [[-71.058747, 42.41103], [-71.058442, 42.411255]]}}, {"type": "Feature", "properties": {"name": "Cleveland Avenue", "separation_level": "none", "street_classification": "residential", "maxspeed_int": 20.0}, "geometry": {"type": "LineString", "coordinates": [[-71.058442, 42.411255], [-71.058171, 42.411466]]}}, {"type": "Feature", "properties": {"name": "Morgan Street", "separation_level": "none", "street_classification": "residential", "maxspeed_int": 20.0}, "geometry": {"type": "LineString", "coordinates": [[-71.058442, 42.411255], [-71.058889, 42.411726]]}}, {"type": "Feature", "properties": {"name": "Mansfield Street", "separation_level": "none", "street_classification": "residential", "maxspeed_int": 20.0}, "geometry": {"type": "LineString", "coordinates": [[-71.053424, 42.407645], [-71.053812, 42.40762], [-71.053879, 42.407638]]}}, {"type": "Feature", "properties": {"name": "Green Street", "separation_level": "none", "street_classification": "residential", "maxspeed_int": 20.0}, "geometry": {"type": "LineString", "coordinates": [[-71.053424, 42.407645], [-71.053468, 42.407056], [-71.053488, 42.406773], [-71.053491, 42.406726]]}}, {"type": "Feature", "properties": {"name": "Mansfield Street", "separation_level": "none", "street_classification": "residential", "maxspeed_int": 20.0}, "geometry": {"type": "LineString", "coordinates": [[-71.053879, 42.407638], [-71.054275, 42.407747], [-71.054575, 42.407856], [-71.054624, 42.407885], [-71.054689, 42.407891], [-71.054741, 42.407894]]}}, {"type": "Feature", "properties": {"name": "Dartmouth Street", "separation_level": "none", "street_classification": "medium-capacity", "maxspeed_int": null}, "geometry": {"type": "LineString", "coordinates": [[-71.039255, 42.412244], [-71.039567, 42.41247], [-71.040158, 42.412899], [-71.040179, 42.412912], [-71.040201, 42.412925], [-71.040225, 42.412935], [-71.04025, 42.412944], [-71.040276, 42.412951], [-71.040372, 42.412973]]}}, {"type": "Feature", "properties": {"name": "Bizzarro Lane", "separation_level": "none", "street_classification": "residential", "maxspeed_int": 20.0}, "geometry": {"type": "LineString", "coordinates": [[-71.065171, 42.402779], [-71.065647, 42.40277]]}}, {"type": "Feature", "properties": {"name": "Montrose Street", "separation_level": "none", "street_classification": "residential", "maxspeed_int": 20.0}, "geometry": {"type": "LineString", "coordinates": [[-71.065171, 42.402779], [-71.065216, 42.403806]]}}, {"type": "Feature", "properties": {"name": "Plymouth Street", "separation_level": "none", "street_classification": "residential", "maxspeed_int": 20.0}, "geometry": {"type": "LineString", "coordinates": [[-71.065171, 42.402779], [-71.06502, 42.40278], [-71.064693, 42.40278], [-71.064694, 42.402825], [-71.064402, 42.402844]]}}, {"type": "Feature", "properties": {"name": "Heath Street", "separation_level": "none", "street_classification": "residential", "maxspeed_int": 20.0}, "geometry": {"type": "LineString", "coordinates": [[-71.065647, 42.40277], [-71.0657, 42.403818]]}}, {"type": "Feature", "properties": {"name": "Bizzarro Lane", "separation_level": "none", "street_classification": "residential", "maxspeed_int": 20.0}, "geometry": {"type": "LineString", "coordinates": [[-71.065647, 42.40277], [-71.065836, 42.402767], [-71.065882, 42.402767], [-71.065932, 42.402769], [-71.066143, 42.402777]]}}, {"type": "Feature", "properties": {"name": "Wellington Avenue", "separation_level": "none", "street_classification": "residential", "maxspeed_int": 20.0}, "geometry": {"type": "LineString", "coordinates": [[-71.065216, 42.403806], [-71.0657, 42.403818]]}}, {"type": "Feature", "properties": {"name": null, "separation_level": "none", "street_classification": "residential", "maxspeed_int": null}, "geometry": {"type": "LineString", "coordinates": [[-71.064402, 42.402844], [-71.064101, 42.402864], [-71.064079, 42.403308]]}}, {"type": "Feature", "properties": {"name": null, "separation_level": "none", "street_classification": "residential", "maxspeed_int": null}, "geometry": {"type": "LineString", "coordinates": [[-71.064402, 42.402844], [-71.064318, 42.402849], [-71.064303, 42.40322]]}}, {"type": "Feature", "properties": {"name": "Bizzarro Lane", "separation_level": "none", "street_classification": "residential", "maxspeed_int": 20.0}, "geometry": {"type": "LineString", "coordinates": [[-71.066143, 42.402777], [-71.066191, 42.402779], [-71.066239, 42.402783], [-71.066292, 42.402788], [-71.066453, 42.402806], [-71.066493, 42.402809], [-71.06653, 42.402812], [-71.066571, 42.402812], [-71.066619, 42.402811], [-71.06658, 42.402748]]}}, {"type": "Feature", "properties": {"name": null, "separation_level": "none", "street_classification": "residential", "maxspeed_int": null}, "geometry": {"type": "LineString", "coordinates": [[-71.064079, 42.403308], [-71.064303, 42.40322]]}}, {"type": "Feature", "properties": {"name": null, "separation_level": "none", "street_classification": "residential", "maxspeed_int": null}, "geometry": {"type": "LineString", "coordinates": [[-71.064303, 42.40322], [-71.064536, 42.403138], [-71.064539, 42.402835], [-71.064402, 42.402844]]}}, {"type": "Feature", "properties": {"name": "Veterans Avenue", "separation_level": "none", "street_classification": "residential", "maxspeed_int": 20.0}, "geometry": {"type": "LineString", "coordinates": [[-71.041979, 42.415333], [-71.042049, 42.415427], [-71.042163, 42.415525], [-71.042249, 42.415603], [-71.042306, 42.415679], [-71.042351, 42.415783], [-71.042377, 42.415905], [-71.042377, 42.416011], [-71.042373, 42.41604], [-71.042351, 42.41611], [-71.042304, 42.416196], [-71.042224, 42.416295], [-71.042115, 42.416383], [-71.041975, 42.416487]]}}, {"type": "Feature", "properties": {"name": "Revere Beach Parkway", "separation_level": "none", "street_classification": "motorway", "maxspeed_int": 35.0}, "geometry": {"type": "LineString", "coordinates": [[-71.049483, 42.402984], [-71.049616, 42.402803], [-71.049918, 42.402839], [-71.05037, 42.402894]]}}, {"type": "Feature", "properties": {"name": null, "separation_level": "none", "street_classification": "residential", "maxspeed_int": null}, "geometry": {"type": "LineString", "coordinates": [[-71.049483, 42.402984], [-71.049373, 42.403115], [-71.049487, 42.403192], [-71.04951, 42.403204], [-71.049538, 42.403212], [-71.049567, 42.403217], [-71.049595, 42.40322]]}}, {"type": "Feature", "properties": {"name": "South Ferry Street", "separation_level": "shared_lane", "street_classification": "residential", "maxspeed_int": 20.0}, "geometry": {"type": "LineString", "coordinates": [[-71.049483, 42.402984], [-71.049354, 42.403102], [-71.049268, 42.403184], [-71.049012, 42.403406], [-71.04902, 42.403411]]}}, {"type": "Feature", "properties": {"name": null, "separation_level": "none", "street_classification": "residential", "maxspeed_int": null}, "geometry": {"type": "LineString", "coordinates": [[-71.049483, 42.402984], [-71.049459, 42.40303], [-71.049477, 42.40311], [-71.049483, 42.403127], [-71.049491, 42.403142], [-71.049502, 42.403155], [-71.049517, 42.403167], [-71.049533, 42.403176], [-71.049553, 42.403183], [-71.049575, 42.403189], [-71.049599, 42.403192], [-71.049901, 42.40323], [-71.049921, 42.403228], [-71.049938, 42.403223], [-71.049954, 42.403213], [-71.049966, 42.403202], [-71.049974, 42.403192], [-71.049977, 42.403182], [-71.050026, 42.402972]]}}, {"type": "Feature", "properties": {"name": "Revere Beach Parkway", "separation_level": "none", "street_classification": "motorway", "maxspeed_int": 35.0}, "geometry": {"type": "LineString", "coordinates": [[-71.05037, 42.402894], [-71.050719, 42.402936], [-71.05071, 42.402977]]}}, {"type": "Feature", "properties": {"name": null, "separation_level": "none", "street_classification": "residential", "maxspeed_int": null}, "geometry": {"type": "LineString", "coordinates": [[-71.049595, 42.40322], [-71.049908, 42.403258]]}}, {"type": "Feature", "properties": {"name": null, "separation_level": "none", "street_classification": "residential", "maxspeed_int": null}, "geometry": {"type": "LineString", "coordinates": [[-71.049595, 42.40322], [-71.049657, 42.403288], [-71.049671, 42.403311], [-71.049677, 42.403331], [-71.04968, 42.403367], [-71.049687, 42.403383], [-71.049702, 42.403398], [-71.04972, 42.40341], [-71.04974, 42.403417], [-71.049761, 42.403423], [-71.049858, 42.403435], [-71.04987, 42.403434], [-71.049875, 42.403426], [-71.049908, 42.403258]]}}, {"type": "Feature", "properties": {"name": "Revere Beach Parkway", "separation_level": "none", "street_classification": "motorway", "maxspeed_int": 35.0}, "geometry": {"type": "LineString", "coordinates": [[-71.05071, 42.402977], [-71.050719, 42.402936], [-71.051174, 42.40299], [-71.0519, 42.403076], [-71.052051, 42.403094], [-71.052116, 42.402895]]}}, {"type": "Feature", "properties": {"name": "Morris Street", "separation_level": "none", "street_classification": "residential", "maxspeed_int": 20.0}, "geometry": {"type": "LineString", "coordinates": [[-71.052935, 42.414442], [-71.052986, 42.414487], [-71.053014, 42.414508], [-71.053588, 42.414945], [-71.053613, 42.414961], [-71.053657, 42.41499]]}}, {"type": "Feature", "properties": {"name": "Morris Street", "separation_level": "none", "street_classification": "residential", "maxspeed_int": 20.0}, "geometry": {"type": "LineString", "coordinates": [[-71.052935, 42.414442], [-71.052892, 42.414404], [-71.052865, 42.414384], [-71.052627, 42.414197], [-71.052368, 42.413926]]}}, {"type": "Feature", "properties": {"name": "Glendale Street", "separation_level": "none", "street_classification": "medium-capacity", "maxspeed_int": null}, "geometry": {"type": "LineString", "coordinates": [[-71.052935, 42.414442], [-71.052871, 42.414494], [-71.052646, 42.414659], [-71.052521, 42.414745], [-71.052382, 42.414847], [-71.052125, 42.415035], [-71.051991, 42.415133], [-71.051635, 42.415403]]}}, {"type": "Feature", "properties": {"name": "Vernal Street", "separation_level": "none", "street_classification": "residential", "maxspeed_int": 20.0}, "geometry": {"type": "LineString", "coordinates": [[-71.053657, 42.41499], [-71.053943, 42.41478]]}}, {"type": "Feature", "properties": {"name": "Walnut Street", "separation_level": "none", "street_classification": "medium-capacity", "maxspeed_int": null}, "geometry": {"type": "LineString", "coordinates": [[-71.052368, 42.413926], [-71.052867, 42.413542]]}}, {"type": "Feature", "properties": {"name": "Morris Street", "separation_level": "none", "street_classification": "residential", "maxspeed_int": 20.0}, "geometry": {"type": "LineString", "coordinates": [[-71.052368, 42.413926], [-71.052215, 42.413805], [-71.051377, 42.413193], [-71.050517, 42.412603], [-71.050471, 42.41257], [-71.050436, 42.412544]]}}, {"type": "Feature", "properties": {"name": "Brown Street", "separation_level": "none", "street_classification": "residential", "maxspeed_int": 20.0}, "geometry": {"type": "LineString", "coordinates": [[-71.051635, 42.415403], [-71.052344, 42.415941]]}}, {"type": "Feature", "properties": {"name": "Glendale Street", "separation_level": "none", "street_classification": "medium-capacity", "maxspeed_int": null}, "geometry": {"type": "LineString", "coordinates": [[-71.051635, 42.415403], [-71.051239, 42.415701], [-71.050802, 42.416038], [-71.050457, 42.416292], [-71.050422, 42.416317], [-71.049961, 42.416654], [-71.049647, 42.416889], [-71.049454, 42.417018], [-71.049425, 42.417039], [-71.049342, 42.417107]]}}, {"type": "Feature", "properties": {"name": "Vernal Street", "separation_level": "none", "street_classification": "residential", "maxspeed_int": 20.0}, "geometry": {"type": "LineString", "coordinates": [[-71.053943, 42.41478], [-71.054219, 42.414588]]}}, {"type": "Feature", "properties": {"name": "Walnut Street", "separation_level": "none", "street_classification": "medium-capacity", "maxspeed_int": null}, "geometry": {"type": "LineString", "coordinates": [[-71.052867, 42.413542], [-71.05339, 42.413112], [-71.053835, 42.412762]]}}, {"type": "Feature", "properties": {"name": "Broadway", "separation_level": "lane", "street_classification": "medium-capacity", "maxspeed_int": null}, "geometry": {"type": "LineString", "coordinates": [[-71.050436, 42.412544], [-71.050244, 42.412766]]}}, {"type": "Feature", "properties": {"name": "Broadway", "separation_level": "lane", "street_classification": "medium-capacity", "maxspeed_int": null}, "geometry": {"type": "LineString", "coordinates": [[-71.050436, 42.412544], [-71.050802, 42.412145], [-71.050885, 42.412052]]}}, {"type": "Feature", "properties": {"name": "Vernal Street", "separation_level": "none", "street_classification": "residential", "maxspeed_int": 20.0}, "geometry": {"type": "LineString", "coordinates": [[-71.052344, 42.415941], [-71.052787, 42.415638], [-71.052836, 42.415602]]}}, {"type": "Feature", "properties": {"name": null, "separation_level": "none", "street_classification": "residential", "maxspeed_int": null}, "geometry": {"type": "LineString", "coordinates": [[-71.046013, 42.417195], [-71.045781, 42.41747]]}}, {"type": "Feature", "properties": {"name": "Wilbur Street", "separation_level": "none", "street_classification": "residential", "maxspeed_int": 20.0}, "geometry": {"type": "LineString", "coordinates": [[-71.046725, 42.415535], [-71.046677, 42.415572], [-71.046272, 42.415868], [-71.045689, 42.4163], [-71.045666, 42.416318], [-71.045625, 42.41635]]}}, {"type": "Feature", "properties": {"name": "Broadway", "separation_level": "lane", "street_classification": "medium-capacity", "maxspeed_int": null}, "geometry": {"type": "LineString", "coordinates": [[-71.047514, 42.416002], [-71.047476, 42.416047], [-71.047439, 42.416091], [-71.047423, 42.416109], [-71.047356, 42.416188]]}}, {"type": "Feature", "properties": {"name": "Broadway", "separation_level": "lane", "street_classification": "medium-capacity", "maxspeed_int": null}, "geometry": {"type": "LineString", "coordinates": [[-71.047514, 42.416002], [-71.047569, 42.415934], [-71.047639, 42.415849], [-71.047742, 42.415723], [-71.04775, 42.415713]]}}, {"type": "Feature", "properties": {"name": "Stevenson Avenue", "separation_level": "none", "street_classification": "residential", "maxspeed_int": 20.0}, "geometry": {"type": "LineString", "coordinates": [[-71.044788, 42.4169], [-71.045045, 42.417097], [-71.045205, 42.417216], [-71.045781, 42.41747]]}}, {"type": "Feature", "properties": {"name": "Revere Beach Parkway", "separation_level": "none", "street_classification": "motorway", "maxspeed_int": 35.0}, "geometry": {"type": "LineString", "coordinates": [[-71.045276, 42.402195], [-71.045292, 42.402118], [-71.044734, 42.402052], [-71.044523, 42.401933]]}}, {"type": "Feature", "properties": {"name": "Vale Street", "separation_level": "none", "street_classification": "residential", "maxspeed_int": null}, "geometry": {"type": "LineString", "coordinates": [[-71.045276, 42.402195], [-71.045292, 42.402118], [-71.045307, 42.40205], [-71.044914, 42.401672]]}}, {"type": "Feature", "properties": {"name": "Revere Beach Parkway", "separation_level": "none", "street_classification": "motorway", "maxspeed_int": 35.0}, "geometry": {"type": "LineString", "coordinates": [[-71.045276, 42.402195], [-71.045259, 42.402272], [-71.045664, 42.402322]]}}, {"type": "Feature", "properties": {"name": null, "separation_level": "none", "street_classification": "residential", "maxspeed_int": null}, "geometry": {"type": "LineString", "coordinates": [[-71.045276, 42.402195], [-71.045259, 42.402272], [-71.045248, 42.402354], [-71.04521, 42.402538], [-71.045307, 42.40255], [-71.045593, 42.402588], [-71.045628, 42.402583], [-71.04566, 42.402571], [-71.045685, 42.402552], [-71.045701, 42.402529], [-71.045706, 42.402502], [-71.045701, 42.402476], [-71.045682, 42.402455], [-71.045664, 42.402431], [-71.045656, 42.40241], [-71.045656, 42.402401], [-71.045654, 42.402378], [-71.045656, 42.402355], [-71.045664, 42.402322]]}}, {"type": "Feature", "properties": {"name": "Revere Beach Parkway", "separation_level": "none", "street_classification": "motorway", "maxspeed_int": 35.0}, "geometry": {"type": "LineString", "coordinates": [[-71.044523, 42.401933], [-71.044337, 42.402005], [-71.043614, 42.401919], [-71.043292, 42.402063]]}}, {"type": "Feature", "properties": {"name": "Vale Street", "separation_level": "none", "street_classification": "residential", "maxspeed_int": null}, "geometry": {"type": "LineString", "coordinates": [[-71.044914, 42.401672], [-71.044511, 42.401292], [-71.044462, 42.40135]]}}, {"type": "Feature", "properties": {"name": null, "separation_level": "none", "street_classification": "residential", "maxspeed_int": null}, "geometry": {"type": "LineString", "coordinates": [[-71.044914, 42.401672], [-71.044814, 42.401742], [-71.044681, 42.401731], [-71.044608, 42.401761], [-71.044523, 42.401933]]}}, {"type": "Feature", "properties": {"name": "Revere Beach Parkway", "separation_level": "none", "street_classification": "motorway", "maxspeed_int": 35.0}, "geometry": {"type": "LineString", "coordinates": [[-71.045664, 42.402322], [-71.045926, 42.402354]]}}, {"type": "Feature", "properties": {"name": "Boston Street", "separation_level": "none", "street_classification": "medium-capacity", "maxspeed_int": null}, "geometry": {"type": "LineString", "coordinates": [[-71.043292, 42.402063], [-71.043614, 42.401919], [-71.043623, 42.40188], [-71.043636, 42.401848], [-71.043649, 42.401824], [-71.043668, 42.401797], [-71.043692, 42.401772], [-71.043718, 42.40175], [-71.043747, 42.401729], [-71.043924, 42.401627], [-71.043973, 42.401672]]}}, {"type": "Feature", "properties": {"name": "Revere Beach Parkway", "separation_level": "none", "street_classification": "motorway", "maxspeed_int": 35.0}, "geometry": {"type": "LineString", "coordinates": [[-71.043292, 42.402063], [-71.043614, 42.401919], [-71.042681, 42.401804], [-71.042665, 42.401802]]}}, {"type": "Feature", "properties": {"name": "Revere Beach Parkway", "separation_level": "none", "street_classification": "motorway", "maxspeed_int": 35.0}, "geometry": {"type": "LineString", "coordinates": [[-71.043292, 42.402063], [-71.043581, 42.402071], [-71.044463, 42.402177], [-71.044609, 42.402195], [-71.044774, 42.402215], [-71.044762, 42.402271]]}}, {"type": "Feature", "properties": {"name": null, "separation_level": "none", "street_classification": "residential", "maxspeed_int": null}, "geometry": {"type": "LineString", "coordinates": [[-71.043292, 42.402063], [-71.043342, 42.402168], [-71.043351, 42.402188], [-71.043309, 42.402393], [-71.043295, 42.402412], [-71.043165, 42.4024], [-71.04311, 42.402375]]}}, {"type": "Feature", "properties": {"name": null, "separation_level": "none", "street_classification": "residential", "maxspeed_int": null}, "geometry": {"type": "LineString", "coordinates": [[-71.043292, 42.402063], [-71.043175, 42.402146], [-71.043126, 42.40236], [-71.04311, 42.402375]]}}, {"type": "Feature", "properties": {"name": null, "separation_level": "none", "street_classification": "residential", "maxspeed_int": null}, "geometry": {"type": "LineString", "coordinates": [[-71.043292, 42.402063], [-71.042948, 42.402118], [-71.042955, 42.402168], [-71.04291, 42.402356], [-71.04294, 42.402371], [-71.043095, 42.40239], [-71.04311, 42.402375]]}}, {"type": "Feature", "properties": {"name": "Vale Street", "separation_level": "none", "street_classification": "residential", "maxspeed_int": null}, "geometry": {"type": "LineString", "coordinates": [[-71.044462, 42.40135], [-71.044511, 42.401292], [-71.043849, 42.40067], [-71.043863, 42.400676]]}}, {"type": "Feature", "properties": {"name": null, "separation_level": "separate", "street_classification": "dedicated_path", "maxspeed_int": null}, "geometry": {"type": "LineString", "coordinates": [[-71.044462, 42.40135], [-71.044511, 42.401292], [-71.044342, 42.401245], [-71.043805, 42.400741], [-71.043863, 42.400676]]}}, {"type": "Feature", "properties": {"name": null, "separation_level": "separate", "street_classification": "dedicated_path", "maxspeed_int": null}, "geometry": {"type": "LineString", "coordinates": [[-71.044462, 42.40135], [-71.044581, 42.401252], [-71.043929, 42.400616], [-71.043863, 42.400676]]}}, {"type": "Feature", "properties": {"name": "Boston Street", "separation_level": "none", "street_classification": "medium-capacity", "maxspeed_int": null}, "geometry": {"type": "LineString", "coordinates": [[-71.044462, 42.40135], [-71.044346, 42.401384], [-71.04415, 42.401497], [-71.043924, 42.401627], [-71.043973, 42.401672]]}}, {"type": "Feature", "properties": {"name": null, "separation_level": "none", "street_classification": "residential", "maxspeed_int": null}, "geometry": {"type": "LineString", "coordinates": [[-71.044462, 42.40135], [-71.044424, 42.401455], [-71.044169, 42.401593], [-71.044119, 42.401635], [-71.044022, 42.401716], [-71.043973, 42.401672]]}}, {"type": "Feature", "properties": {"name": "Central Avenue", "separation_level": "none", "street_classification": "medium-capacity", "maxspeed_int": null}, "geometry": {"type": "LineString", "coordinates": [[-71.054518, 42.415957], [-71.054284, 42.416124], [-71.054217, 42.416175]]}}, {"type": "Feature", "properties": {"name": "Dowse Street", "separation_level": "none", "street_classification": "residential", "maxspeed_int": 20.0}, "geometry": {"type": "LineString", "coordinates": [[-71.054518, 42.415957], [-71.053952, 42.415528], [-71.053454, 42.415139]]}}, {"type": "Feature", "properties": {"name": "Myrtle Street", "separation_level": "none", "street_classification": "residential", "maxspeed_int": 20.0}, "geometry": {"type": "LineString", "coordinates": [[-71.054217, 42.416175], [-71.054284, 42.416124], [-71.054332, 42.416167], [-71.054607, 42.416357]]}}, {"type": "Feature", "properties": {"name": "Central Avenue", "separation_level": "none", "street_classification": "medium-capacity", "maxspeed_int": null}, "geometry": {"type": "LineString", "coordinates": [[-71.054217, 42.416175], [-71.054149, 42.416226], [-71.053742, 42.416481], [-71.053189, 42.416849], [-71.053081, 42.41692], [-71.05304, 42.416948]]}}, {"type": "Feature", "properties": {"name": "Vernal Street", "separation_level": "none", "street_classification": "residential", "maxspeed_int": 20.0}, "geometry": {"type": "LineString", "coordinates": [[-71.053454, 42.415139], [-71.053657, 42.41499]]}}, {"type": "Feature", "properties": {"name": "Myrtle Street", "separation_level": "none", "street_classification": "residential", "maxspeed_int": 20.0}, "geometry": {"type": "LineString", "coordinates": [[-71.054607, 42.416357], [-71.055042, 42.416644], [-71.055216, 42.416757]]}}, {"type": "Feature", "properties": {"name": "Broadway", "separation_level": "lane", "street_classification": "medium-capacity", "maxspeed_int": null}, "geometry": {"type": "LineString", "coordinates": [[-71.061164, 42.402203], [-71.061148, 42.40218], [-71.061104, 42.402115], [-71.061083, 42.402079], [-71.061064, 42.402049], [-71.061049, 42.402026], [-71.061028, 42.401987], [-71.061006, 42.401947], [-71.060991, 42.401913], [-71.060979, 42.401881], [-71.060964, 42.401841], [-71.060957, 42.40181], [-71.060953, 42.401787], [-71.060939, 42.40145], [-71.060945, 42.401395], [-71.060957, 42.401341], [-71.060974, 42.40129], [-71.060997, 42.401234], [-71.061021, 42.401188], [-71.061049, 42.401146], [-71.06108, 42.4011], [-71.061118, 42.401052], [-71.061156, 42.401008], [-71.061198, 42.400962], [-71.061436, 42.400712]]}}, {"type": "Feature", "properties": {"name": "Sweetser Circle", "separation_level": "none", "street_classification": "medium-capacity", "maxspeed_int": null}, "geometry": {"type": "LineString", "coordinates": [[-71.061164, 42.402203], [-71.061148, 42.40218], [-71.061125, 42.402152], [-71.061106, 42.402132], [-71.061081, 42.402107], [-71.061048, 42.402079], [-71.061015, 42.402055], [-71.060983, 42.402034], [-71.060952, 42.402015], [-71.060914, 42.401996], [-71.060878, 42.401979], [-71.060839, 42.401964], [-71.060789, 42.401947], [-71.060733, 42.401932], [-71.060684, 42.401922], [-71.06068, 42.401921], [-71.060621, 42.401913], [-71.060562, 42.401908], [-71.0605, 42.401907], [-71.060434, 42.40191], [-71.060367, 42.401918], [-71.060297, 42.401931], [-71.060237, 42.401947], [-71.060175, 42.401968], [-71.060128, 42.401988], [-71.06015, 42.401927]]}}, {"type": "Feature", "properties": {"name": null, "separation_level": "none", "street_classification": "residential", "maxspeed_int": null}, "geometry": {"type": "LineString", "coordinates": [[-71.06658, 42.402748], [-71.066626, 42.402947], [-71.066723, 42.402978], [-71.067033, 42.403072], [-71.067049, 42.403293]]}}, {"type": "Feature", "properties": {"name": "Kelvin Street", "separation_level": "none", "street_classification": "residential", "maxspeed_int": 20.0}, "geometry": {"type": "LineString", "coordinates": [[-71.06658, 42.402748], [-71.066626, 42.402947], [-71.066658, 42.403777], [-71.066656, 42.40381], [-71.066654, 42.403841]]}}, {"type": "Feature", "properties": {"name": "Webster Street", "separation_level": "none", "street_classification": "residential", "maxspeed_int": 20.0}, "geometry": {"type": "LineString", "coordinates": [[-71.055778, 42.409213], [-71.055716, 42.409281], [-71.055529, 42.409188], [-71.054901, 42.408857], [-71.054818, 42.408815]]}}, {"type": "Feature", "properties": {"name": "Linden Street", "separation_level": "none", "street_classification": "medium-capacity", "maxspeed_int": null}, "geometry": {"type": "LineString", "coordinates": [[-71.055647, 42.410054], [-71.055563, 42.410147], [-71.055212, 42.410512]]}}, {"type": "Feature", "properties": {"name": null, "separation_level": "none", "street_classification": "residential", "maxspeed_int": null}, "geometry": {"type": "LineString", "coordinates": [[-71.055647, 42.410054], [-71.055585, 42.410023], [-71.055237, 42.409849]]}}, {"type": "Feature", "properties": {"name": "Webster Street", "separation_level": "none", "street_classification": "residential", "maxspeed_int": 20.0}, "geometry": {"type": "LineString", "coordinates": [[-71.054818, 42.408815], [-71.054735, 42.408773], [-71.054256, 42.408565], [-71.054205, 42.408543], [-71.054162, 42.408525], [-71.054184, 42.408504]]}}, {"type": "Feature", "properties": {"name": "Paris Street", "separation_level": "none", "street_classification": "residential", "maxspeed_int": 20.0}, "geometry": {"type": "LineString", "coordinates": [[-71.056719, 42.401803], [-71.057421, 42.40195]]}}, {"type": "Feature", "properties": {"name": "Paris Street", "separation_level": "none", "street_classification": "residential", "maxspeed_int": null}, "geometry": {"type": "LineString", "coordinates": [[-71.056719, 42.401803], [-71.05624, 42.40171], [-71.055831, 42.401637]]}}, {"type": "Feature", "properties": {"name": "Revere Beach Parkway", "separation_level": "none", "street_classification": "motorway", "maxspeed_int": 35.0}, "geometry": {"type": "LineString", "coordinates": [[-71.055991, 42.403016], [-71.055988, 42.403092], [-71.055387, 42.403084]]}}, {"type": "Feature", "properties": {"name": null, "separation_level": "none", "street_classification": "residential", "maxspeed_int": null}, "geometry": {"type": "LineString", "coordinates": [[-71.055991, 42.403016], [-71.055994, 42.40294], [-71.056074, 42.402942], [-71.056093, 42.402621]]}}, {"type": "Feature", "properties": {"name": null, "separation_level": "none", "street_classification": "residential", "maxspeed_int": null}, "geometry": {"type": "LineString", "coordinates": [[-71.055991, 42.403016], [-71.055994, 42.40294], [-71.055922, 42.402938], [-71.055888, 42.402932], [-71.055857, 42.402922], [-71.055832, 42.402909], [-71.055817, 42.402892], [-71.055809, 42.402874], [-71.055808, 42.402856], [-71.055824, 42.402613]]}}, {"type": "Feature", "properties": {"name": "Walnut Street", "separation_level": "none", "street_classification": "medium-capacity", "maxspeed_int": null}, "geometry": {"type": "LineString", "coordinates": [[-71.050975, 42.414985], [-71.051474, 42.41461]]}}, {"type": "Feature", "properties": {"name": "Walnut Street", "separation_level": "none", "street_classification": "medium-capacity", "maxspeed_int": null}, "geometry": {"type": "LineString", "coordinates": [[-71.051474, 42.41461], [-71.051935, 42.414257]]}}, {"type": "Feature", "properties": {"name": "Walnut Street", "separation_level": "none", "street_classification": "medium-capacity", "maxspeed_int": null}, "geometry": {"type": "LineString", "coordinates": [[-71.051935, 42.414257], [-71.052368, 42.413926]]}}, {"type": "Feature", "properties": {"name": "Chestnut Street", "separation_level": "none", "street_classification": "residential", "maxspeed_int": 20.0}, "geometry": {"type": "LineString", "coordinates": [[-71.051935, 42.414257], [-71.051052, 42.413613], [-71.050479, 42.4132], [-71.050368, 42.413152]]}}, {"type": "Feature", "properties": {"name": null, "separation_level": "none", "street_classification": "residential", "maxspeed_int": null}, "geometry": {"type": "LineString", "coordinates": [[-71.067049, 42.403293], [-71.067063, 42.403522], [-71.067681, 42.403625], [-71.067723, 42.403612]]}}, {"type": "Feature", "properties": {"name": null, "separation_level": "none", "street_classification": "residential", "maxspeed_int": null}, "geometry": {"type": "LineString", "coordinates": [[-71.067049, 42.403293], [-71.067063, 42.403522], [-71.067072, 42.403696], [-71.067639, 42.403783], [-71.067723, 42.403612]]}}, {"type": "Feature", "properties": {"name": null, "separation_level": "none", "street_classification": "residential", "maxspeed_int": null}, "geometry": {"type": "LineString", "coordinates": [[-71.067049, 42.403293], [-71.067043, 42.403179], [-71.067766, 42.403301], [-71.067723, 42.403612]]}}, {"type": "Feature", "properties": {"name": null, "separation_level": "none", "street_classification": "residential", "maxspeed_int": null}, "geometry": {"type": "LineString", "coordinates": [[-71.067049, 42.403293], [-71.067033, 42.403072], [-71.067028, 42.403013], [-71.067807, 42.403146], [-71.067766, 42.403301], [-71.067723, 42.403612]]}}, {"type": "Feature", "properties": {"name": null, "separation_level": "none", "street_classification": "residential", "maxspeed_int": null}, "geometry": {"type": "LineString", "coordinates": [[-71.067049, 42.403293], [-71.067053, 42.403354], [-71.067722, 42.403468], [-71.067723, 42.403612]]}}, {"type": "Feature", "properties": {"name": "Kelvin Street", "separation_level": "none", "street_classification": "residential", "maxspeed_int": 20.0}, "geometry": {"type": "LineString", "coordinates": [[-71.066654, 42.403841], [-71.066654, 42.403873], [-71.066667, 42.404357], [-71.066702, 42.405053], [-71.066704, 42.405098]]}}, {"type": "Feature", "properties": {"name": "Revere Beach Parkway", "separation_level": "none", "street_classification": "motorway", "maxspeed_int": 35.0}, "geometry": {"type": "LineString", "coordinates": [[-71.041143, 42.401914], [-71.041125, 42.401849], [-71.041215, 42.40184], [-71.04129, 42.401835], [-71.041369, 42.401831], [-71.041405, 42.40183], [-71.041448, 42.401829], [-71.041515, 42.40183], [-71.041574, 42.401832], [-71.041686, 42.401571]]}}, {"type": "Feature", "properties": {"name": null, "separation_level": "none", "street_classification": "residential", "maxspeed_int": null}, "geometry": {"type": "LineString", "coordinates": [[-71.041143, 42.401914], [-71.041161, 42.401979], [-71.041256, 42.401964], [-71.041272, 42.401963], [-71.041288, 42.401964], [-71.041303, 42.401967], [-71.041317, 42.401972], [-71.04133, 42.40198], [-71.041341, 42.401988], [-71.041349, 42.401999], [-71.041355, 42.40201], [-71.041392, 42.402111]]}}, {"type": "Feature", "properties": {"name": null, "separation_level": "none", "street_classification": "residential", "maxspeed_int": null}, "geometry": {"type": "LineString", "coordinates": [[-71.041143, 42.401914], [-71.041161, 42.401979], [-71.041082, 42.401991], [-71.041064, 42.401996], [-71.041046, 42.402003], [-71.041031, 42.402012], [-71.041018, 42.402023], [-71.041008, 42.402035], [-71.041001, 42.402049], [-71.040997, 42.402063], [-71.040997, 42.402077], [-71.041001, 42.402092], [-71.041093, 42.402363], [-71.041101, 42.402375], [-71.041113, 42.402387], [-71.041131, 42.402397], [-71.041154, 42.402403], [-71.04134, 42.402434], [-71.041411, 42.40242], [-71.041444, 42.402379], [-71.041397, 42.402239], [-71.041416, 42.402182], [-71.041392, 42.402111]]}}, {"type": "Feature", "properties": {"name": "Everett Avenue", "separation_level": "none", "street_classification": "medium-capacity", "maxspeed_int": null}, "geometry": {"type": "LineString", "coordinates": [[-71.041686, 42.401571], [-71.041574, 42.401832], [-71.041609, 42.401941], [-71.041614, 42.401958], [-71.041648, 42.402063], [-71.041675, 42.402148]]}}, {"type": "Feature", "properties": {"name": "Revere Beach Parkway", "separation_level": "none", "street_classification": "motorway", "maxspeed_int": 35.0}, "geometry": {"type": "LineString", "coordinates": [[-71.041686, 42.401571], [-71.041574, 42.401832], [-71.041627, 42.401836], [-71.041687, 42.401842], [-71.042518, 42.401943], [-71.042502, 42.402011]]}}, {"type": "Feature", "properties": {"name": null, "separation_level": "none", "street_classification": "residential", "maxspeed_int": null}, "geometry": {"type": "LineString", "coordinates": [[-71.041686, 42.401571], [-71.042044, 42.401522], [-71.041808, 42.401288], [-71.041883, 42.401249], [-71.041898, 42.401238], [-71.041913, 42.401227], [-71.041927, 42.401212]]}}, {"type": "Feature", "properties": {"name": null, "separation_level": "none", "street_classification": "residential", "maxspeed_int": null}, "geometry": {"type": "LineString", "coordinates": [[-71.041392, 42.402111], [-71.041548, 42.402082], [-71.041648, 42.402063], [-71.041675, 42.402148]]}}, {"type": "Feature", "properties": {"name": "Everett Avenue", "separation_level": "none", "street_classification": "medium-capacity", "maxspeed_int": null}, "geometry": {"type": "LineString", "coordinates": [[-71.041675, 42.402148], [-71.041702, 42.402234], [-71.041801, 42.402543]]}}, {"type": "Feature", "properties": {"name": null, "separation_level": "none", "street_classification": "residential", "maxspeed_int": null}, "geometry": {"type": "LineString", "coordinates": [[-71.041675, 42.402148], [-71.041702, 42.402234], [-71.041896, 42.402223], [-71.041942, 42.402243], [-71.042114, 42.40233]]}}, {"type": "Feature", "properties": {"name": "Revere Beach Parkway", "separation_level": "none", "street_classification": "motorway", "maxspeed_int": 35.0}, "geometry": {"type": "LineString", "coordinates": [[-71.042502, 42.402011], [-71.042518, 42.401943], [-71.042818, 42.401979], [-71.042974, 42.401998], [-71.043292, 42.402063]]}}, {"type": "Feature", "properties": {"name": null, "separation_level": "none", "street_classification": "residential", "maxspeed_int": null}, "geometry": {"type": "LineString", "coordinates": [[-71.042502, 42.402011], [-71.042486, 42.402079], [-71.042393, 42.402077], [-71.042247, 42.402043], [-71.042179, 42.402065], [-71.042114, 42.40233]]}}, {"type": "Feature", "properties": {"name": "High Street", "separation_level": "none", "street_classification": "medium-capacity", "maxspeed_int": null}, "geometry": {"type": "LineString", "coordinates": [[-71.051786, 42.410401], [-71.051736, 42.410365], [-71.051614, 42.410267], [-71.051206, 42.409964]]}}, {"type": "Feature", "properties": {"name": null, "separation_level": "none", "street_classification": "residential", "maxspeed_int": null}, "geometry": {"type": "LineString", "coordinates": [[-71.051786, 42.410401], [-71.051835, 42.410437], [-71.051678, 42.410578], [-71.051671, 42.4106], [-71.051744, 42.410653], [-71.051977, 42.410829], [-71.052003, 42.410848], [-71.052008, 42.410842]]}}, {"type": "Feature", "properties": {"name": "High Street", "separation_level": "none", "street_classification": "medium-capacity", "maxspeed_int": null}, "geometry": {"type": "LineString", "coordinates": [[-71.051206, 42.409964], [-71.050811, 42.40967], [-71.050717, 42.409603]]}}, {"type": "Feature", "properties": {"name": "Hancock Street", "separation_level": "none", "street_classification": "medium-capacity", "maxspeed_int": null}, "geometry": {"type": "LineString", "coordinates": [[-71.052008, 42.410842], [-71.052014, 42.410836], [-71.052068, 42.41087], [-71.052104, 42.410892], [-71.052132, 42.410914], [-71.052295, 42.411014], [-71.052696, 42.411282], [-71.053118, 42.411594], [-71.053599, 42.411921]]}}, {"type": "Feature", "properties": {"name": "Broadway", "separation_level": "lane", "street_classification": "medium-capacity", "maxspeed_int": null}, "geometry": {"type": "LineString", "coordinates": [[-71.052008, 42.410842], [-71.052014, 42.410836], [-71.052092, 42.410749], [-71.052162, 42.410676]]}}, {"type": "Feature", "properties": {"name": "Broadway", "separation_level": "lane", "street_classification": "medium-capacity", "maxspeed_int": null}, "geometry": {"type": "LineString", "coordinates": [[-71.052008, 42.410842], [-71.052003, 42.410848], [-71.051932, 42.410925], [-71.051542, 42.411351], [-71.051472, 42.411427]]}}, {"type": "Feature", "properties": {"name": "High Street", "separation_level": "none", "street_classification": "medium-capacity", "maxspeed_int": null}, "geometry": {"type": "LineString", "coordinates": [[-71.050717, 42.409603], [-71.050506, 42.409453], [-71.0501, 42.409164], [-71.050021, 42.409101]]}}, {"type": "Feature", "properties": {"name": "Spring Street", "separation_level": "none", "street_classification": "residential", "maxspeed_int": null}, "geometry": {"type": "LineString", "coordinates": [[-71.052138, 42.402142], [-71.052141, 42.402098], [-71.05215, 42.401986], [-71.052157, 42.401943], [-71.052166, 42.401911], [-71.052178, 42.401875], [-71.052196, 42.401831]]}}, {"type": "Feature", "properties": {"name": "Floyd Street", "separation_level": "none", "street_classification": "residential", "maxspeed_int": 20.0}, "geometry": {"type": "LineString", "coordinates": [[-71.06677, 42.412916], [-71.066525, 42.412955]]}}, {"type": "Feature", "properties": {"name": "Tremont Street", "separation_level": "none", "street_classification": "medium-capacity", "maxspeed_int": null}, "geometry": {"type": "LineString", "coordinates": [[-71.067849, 42.412207], [-71.06777, 42.412102], [-71.067712, 42.412036]]}}, {"type": "Feature", "properties": {"name": "Floyd Street", "separation_level": "none", "street_classification": "residential", "maxspeed_int": 20.0}, "geometry": {"type": "LineString", "coordinates": [[-71.066525, 42.412955], [-71.066239, 42.413001]]}}, {"type": "Feature", "properties": {"name": null, "separation_level": "none", "street_classification": "residential", "maxspeed_int": null}, "geometry": {"type": "LineString", "coordinates": [[-71.066525, 42.412955], [-71.066514, 42.412916], [-71.066473, 42.412767], [-71.066364, 42.412784]]}}, {"type": "Feature", "properties": {"name": "Tremont Street", "separation_level": "none", "street_classification": "medium-capacity", "maxspeed_int": null}, "geometry": {"type": "LineString", "coordinates": [[-71.067712, 42.412036], [-71.067415, 42.411618], [-71.067472, 42.41159]]}}, {"type": "Feature", "properties": {"name": "Paris Street", "separation_level": "none", "street_classification": "residential", "maxspeed_int": 20.0}, "geometry": {"type": "LineString", "coordinates": [[-71.058809, 42.402346], [-71.05876, 42.402292], [-71.058744, 42.402276], [-71.058726, 42.402261], [-71.058709, 42.402247], [-71.058685, 42.402235], [-71.058658, 42.402224], [-71.058626, 42.402212]]}}, {"type": "Feature", "properties": {"name": "Paris Street", "separation_level": "none", "street_classification": "residential", "maxspeed_int": 20.0}, "geometry": {"type": "LineString", "coordinates": [[-71.058626, 42.402212], [-71.058585, 42.4022], [-71.058545, 42.402188], [-71.058502, 42.402178], [-71.057421, 42.40195]]}}, {"type": "Feature", "properties": {"name": "Bailey Street", "separation_level": "none", "street_classification": "residential", "maxspeed_int": 20.0}, "geometry": {"type": "LineString", "coordinates": [[-71.057421, 42.40195], [-71.057414, 42.401973], [-71.057413, 42.401996], [-71.057415, 42.402017], [-71.057549, 42.402819], [-71.057605, 42.402814], [-71.057645, 42.402809], [-71.057691, 42.402801], [-71.057862, 42.402767], [-71.057915, 42.402755], [-71.057968, 42.402743], [-71.058015, 42.40273], [-71.058057, 42.402716], [-71.058099, 42.402701], [-71.058141, 42.402682], [-71.05841, 42.402552]]}}, {"type": "Feature", "properties": {"name": "Cedar Street", "separation_level": "none", "street_classification": "residential", "maxspeed_int": 20.0}, "geometry": {"type": "LineString", "coordinates": [[-71.054054, 42.417825], [-71.053866, 42.417674], [-71.053685, 42.417528]]}}, {"type": "Feature", "properties": {"name": "Main Street", "separation_level": "lane", "street_classification": "medium-capacity", "maxspeed_int": null}, "geometry": {"type": "LineString", "coordinates": [[-71.063069, 42.411968], [-71.062884, 42.41147]]}}, {"type": "Feature", "properties": {"name": "Everett Street", "separation_level": "none", "street_classification": "residential", "maxspeed_int": 20.0}, "geometry": {"type": "LineString", "coordinates": [[-71.063069, 42.411968], [-71.067061, 42.411296], [-71.067165, 42.411279]]}}, {"type": "Feature", "properties": {"name": "Dyer Avenue", "separation_level": "none", "street_classification": "residential", "maxspeed_int": 20.0}, "geometry": {"type": "LineString", "coordinates": [[-71.062884, 42.41147], [-71.062147, 42.411592], [-71.061444, 42.411706], [-71.060783, 42.411823], [-71.060745, 42.411749]]}}, {"type": "Feature", "properties": {"name": "Tremont Street", "separation_level": "none", "street_classification": "medium-capacity", "maxspeed_int": null}, "geometry": {"type": "LineString", "coordinates": [[-71.067165, 42.411279], [-71.067415, 42.411618], [-71.067472, 42.41159]]}}, {"type": "Feature", "properties": {"name": null, "separation_level": "none", "street_classification": "residential", "maxspeed_int": null}, "geometry": {"type": "LineString", "coordinates": [[-71.067165, 42.411279], [-71.06722, 42.411264], [-71.067289, 42.411244], [-71.067529, 42.411563], [-71.067472, 42.41159]]}}, {"type": "Feature", "properties": {"name": "Tremont Street", "separation_level": "none", "street_classification": "medium-capacity", "maxspeed_int": null}, "geometry": {"type": "LineString", "coordinates": [[-71.067165, 42.411279], [-71.066866, 42.410879]]}}, {"type": "Feature", "properties": {"name": "Main Street", "separation_level": "lane", "street_classification": "medium-capacity", "maxspeed_int": null}, "geometry": {"type": "LineString", "coordinates": [[-71.063329, 42.412771], [-71.063476, 42.413303], [-71.063496, 42.413369]]}}, {"type": "Feature", "properties": {"name": "Pearl Street", "separation_level": "none", "street_classification": "residential", "maxspeed_int": 20.0}, "geometry": {"type": "LineString", "coordinates": [[-71.063329, 42.412771], [-71.063423, 42.412755], [-71.067615, 42.412052], [-71.067712, 42.412036]]}}, {"type": "Feature", "properties": {"name": null, "separation_level": "none", "street_classification": "residential", "maxspeed_int": null}, "geometry": {"type": "LineString", "coordinates": [[-71.061555, 42.405269], [-71.061588, 42.405349], [-71.061198, 42.405418], [-71.061165, 42.405408], [-71.061154, 42.405358], [-71.061144, 42.405252], [-71.061139, 42.405196]]}}, {"type": "Feature", "properties": {"name": "Main Street", "separation_level": "lane", "street_classification": "medium-capacity", "maxspeed_int": null}, "geometry": {"type": "LineString", "coordinates": [[-71.061555, 42.405269], [-71.061521, 42.405188], [-71.061497, 42.405111], [-71.061494, 42.405101], [-71.061484, 42.405068], [-71.061447, 42.404862], [-71.061444, 42.404836]]}}, {"type": "Feature", "properties": {"name": "Parlin Street", "separation_level": "none", "street_classification": "residential", "maxspeed_int": 20.0}, "geometry": {"type": "LineString", "coordinates": [[-71.062029, 42.406529], [-71.062036, 42.40658], [-71.062182, 42.406572], [-71.062245, 42.406568], [-71.062813, 42.406548], [-71.063417, 42.406523], [-71.064069, 42.406494]]}}, {"type": "Feature", "properties": {"name": "Oakes Street", "separation_level": "none", "street_classification": "medium-capacity", "maxspeed_int": null}, "geometry": {"type": "LineString", "coordinates": [[-71.061139, 42.405196], [-71.06139, 42.405191], [-71.061521, 42.405188], [-71.061555, 42.405269]]}}, {"type": "Feature", "properties": {"name": "Hawthorn Street", "separation_level": "none", "street_classification": "residential", "maxspeed_int": 20.0}, "geometry": {"type": "LineString", "coordinates": [[-71.061444, 42.404836], [-71.061442, 42.404809], [-71.061538, 42.404807], [-71.06296, 42.404764]]}}, {"type": "Feature", "properties": {"name": "Main Street", "separation_level": "lane", "street_classification": "medium-capacity", "maxspeed_int": null}, "geometry": {"type": "LineString", "coordinates": [[-71.061444, 42.404836], [-71.061442, 42.404809], [-71.061415, 42.404546], [-71.061411, 42.404508], [-71.061406, 42.404469], [-71.061401, 42.404433], [-71.061393, 42.404392], [-71.061384, 42.404348], [-71.061374, 42.404307], [-71.061352, 42.404236]]}}, {"type": "Feature", "properties": {"name": "Elm Way", "separation_level": "none", "street_classification": "residential", "maxspeed_int": 20.0}, "geometry": {"type": "LineString", "coordinates": [[-71.064454, 42.408205], [-71.064449, 42.40816], [-71.064405, 42.40773]]}}, {"type": "Feature", "properties": {"name": null, "separation_level": "none", "street_classification": "residential", "maxspeed_int": null}, "geometry": {"type": "LineString", "coordinates": [[-71.045932, 42.409351], [-71.04602, 42.409383], [-71.046167, 42.409107], [-71.046098, 42.409058], [-71.045957, 42.409019], [-71.045962, 42.409005]]}}, {"type": "Feature", "properties": {"name": "Ferry Street", "separation_level": "lane", "street_classification": "medium-capacity", "maxspeed_int": null}, "geometry": {"type": "LineString", "coordinates": [[-71.045932, 42.409351], [-71.045844, 42.40932], [-71.045915, 42.40912], [-71.045931, 42.409082], [-71.045962, 42.409005]]}}, {"type": "Feature", "properties": {"name": null, "separation_level": "none", "street_classification": "residential", "maxspeed_int": null}, "geometry": {"type": "LineString", "coordinates": [[-71.045932, 42.409351], [-71.045844, 42.40932], [-71.045589, 42.40928], [-71.045556, 42.409255], [-71.045615, 42.409126], [-71.045653, 42.409091], [-71.045731, 42.409056], [-71.045931, 42.409082], [-71.045962, 42.409005]]}}, {"type": "Feature", "properties": {"name": "Ferry Street", "separation_level": "lane", "street_classification": "medium-capacity", "maxspeed_int": null}, "geometry": {"type": "LineString", "coordinates": [[-71.045932, 42.409351], [-71.045844, 42.40932], [-71.045791, 42.409492], [-71.045771, 42.409567]]}}, {"type": "Feature", "properties": {"name": "Prospect Street", "separation_level": "none", "street_classification": "residential", "maxspeed_int": 20.0}, "geometry": {"type": "LineString", "coordinates": [[-71.048533, 42.410132], [-71.048604, 42.4103], [-71.048939, 42.41056], [-71.048954, 42.410571]]}}, {"type": "Feature", "properties": {"name": "Prospect Street", "separation_level": "none", "street_classification": "residential", "maxspeed_int": 20.0}, "geometry": {"type": "LineString", "coordinates": [[-71.048533, 42.410132], [-71.048681, 42.410233], [-71.049001, 42.409955], [-71.048935, 42.409918]]}}, {"type": "Feature", "properties": {"name": "Main Street", "separation_level": "lane", "street_classification": "medium-capacity", "maxspeed_int": null}, "geometry": {"type": "LineString", "coordinates": [[-71.063496, 42.413369], [-71.063515, 42.413435], [-71.063525, 42.413472], [-71.063541, 42.413528], [-71.063562, 42.413603], [-71.0636, 42.41373], [-71.063649, 42.413867], [-71.063672, 42.413925], [-71.063695, 42.41398], [-71.06375, 42.414092]]}}, {"type": "Feature", "properties": {"name": "Woodville Street", "separation_level": "none", "street_classification": "residential", "maxspeed_int": 20.0}, "geometry": {"type": "LineString", "coordinates": [[-71.06375, 42.414092], [-71.067988, 42.413467]]}}, {"type": "Feature", "properties": {"name": "Avon Street", "separation_level": "none", "street_classification": "residential", "maxspeed_int": 20.0}, "geometry": {"type": "LineString", "coordinates": [[-71.06375, 42.414092], [-71.061865, 42.414348]]}}, {"type": "Feature", "properties": {"name": "Shute Street", "separation_level": "none", "street_classification": "medium-capacity", "maxspeed_int": 25.0}, "geometry": {"type": "LineString", "coordinates": [[-71.046207, 42.420643], [-71.045902, 42.420863], [-71.045549, 42.421117]]}}, {"type": "Feature", "properties": {"name": "Shute Street", "separation_level": "none", "street_classification": "medium-capacity", "maxspeed_int": 25.0}, "geometry": {"type": "LineString", "coordinates": [[-71.045549, 42.421117], [-71.044973, 42.421534], [-71.044915, 42.421576]]}}, {"type": "Feature", "properties": {"name": "Cameron Street", "separation_level": "none", "street_classification": "residential", "maxspeed_int": 20.0}, "geometry": {"type": "LineString", "coordinates": [[-71.045549, 42.421117], [-71.045491, 42.421088], [-71.045118, 42.420903], [-71.045102, 42.420895]]}}, {"type": "Feature", "properties": {"name": "Pleasant Street", "separation_level": "none", "street_classification": "residential", "maxspeed_int": 20.0}, "geometry": {"type": "LineString", "coordinates": [[-71.055212, 42.410512], [-71.055118, 42.410462], [-71.054169, 42.409972]]}}, {"type": "Feature", "properties": {"name": "Linden Street", "separation_level": "none", "street_classification": "medium-capacity", "maxspeed_int": null}, "geometry": {"type": "LineString", "coordinates": [[-71.055212, 42.410512], [-71.05515, 42.410582], [-71.054947, 42.410806], [-71.054916, 42.410842]]}}, {"type": "Feature", "properties": {"name": "Pleasant Street", "separation_level": "none", "street_classification": "residential", "maxspeed_int": 20.0}, "geometry": {"type": "LineString", "coordinates": [[-71.054169, 42.409972], [-71.053657, 42.409715]]}}, {"type": "Feature", "properties": {"name": "Linden Street", "separation_level": "none", "street_classification": "medium-capacity", "maxspeed_int": null}, "geometry": {"type": "LineString", "coordinates": [[-71.054916, 42.410842], [-71.054789, 42.410992], [-71.054492, 42.411244], [-71.054099, 42.411537]]}}, {"type": "Feature", "properties": {"name": "Pleasant Street", "separation_level": "none", "street_classification": "residential", "maxspeed_int": 20.0}, "geometry": {"type": "LineString", "coordinates": [[-71.053657, 42.409715], [-71.053372, 42.409577], [-71.053344, 42.409564], [-71.053287, 42.409537], [-71.053245, 42.409516], [-71.053341, 42.409409]]}}, {"type": "Feature", "properties": {"name": "Linden Street", "separation_level": "none", "street_classification": "medium-capacity", "maxspeed_int": null}, "geometry": {"type": "LineString", "coordinates": [[-71.054099, 42.411537], [-71.053632, 42.411895], [-71.053599, 42.411921]]}}, {"type": "Feature", "properties": {"name": "Carter Street", "separation_level": "none", "street_classification": "residential", "maxspeed_int": 20.0}, "geometry": {"type": "LineString", "coordinates": [[-71.062901, 42.404356], [-71.062876, 42.404361], [-71.062851, 42.404365], [-71.062822, 42.404366], [-71.061486, 42.404301], [-71.061453, 42.404301], [-71.061425, 42.404301], [-71.0614, 42.404303], [-71.061374, 42.404307], [-71.061352, 42.404236]]}}, {"type": "Feature", "properties": {"name": null, "separation_level": "none", "street_classification": "residential", "maxspeed_int": null}, "geometry": {"type": "LineString", "coordinates": [[-71.062901, 42.404356], [-71.06291, 42.404379], [-71.062936, 42.404425], [-71.062944, 42.404448], [-71.062948, 42.404472], [-71.06296, 42.404764]]}}, {"type": "Feature", "properties": {"name": null, "separation_level": "none", "street_classification": "residential", "maxspeed_int": null}, "geometry": {"type": "LineString", "coordinates": [[-71.062901, 42.404356], [-71.062893, 42.404326], [-71.06289, 42.4043], [-71.062868, 42.403791], [-71.062866, 42.403715], [-71.0628, 42.403716]]}}, {"type": "Feature", "properties": {"name": "Main Street", "separation_level": "none", "street_classification": "residential", "maxspeed_int": 20.0}, "geometry": {"type": "LineString", "coordinates": [[-71.061352, 42.404236], [-71.061329, 42.404166], [-71.061376, 42.403885], [-71.061379, 42.403857], [-71.061382, 42.403824], [-71.061382, 42.403786], [-71.061381, 42.403756], [-71.061378, 42.403729], [-71.061374, 42.403706], [-71.061362, 42.403662]]}}, {"type": "Feature", "properties": {"name": "Main Street", "separation_level": "lane", "street_classification": "medium-capacity", "maxspeed_int": null}, "geometry": {"type": "LineString", "coordinates": [[-71.061352, 42.404236], [-71.061329, 42.404166], [-71.061315, 42.404132], [-71.061298, 42.404093], [-71.061278, 42.404053], [-71.061172, 42.403862], [-71.061129, 42.403784], [-71.061088, 42.40371]]}}, {"type": "Feature", "properties": {"name": "West Street", "separation_level": "none", "street_classification": "dedicated_path", "maxspeed_int": null}, "geometry": {"type": "LineString", "coordinates": [[-71.0628, 42.403716], [-71.062866, 42.403715], [-71.062918, 42.403712], [-71.063048, 42.403703], [-71.063096, 42.403699], [-71.063245, 42.403683], [-71.063249, 42.403722]]}}, {"type": "Feature", "properties": {"name": "Park Terrace", "separation_level": "none", "street_classification": "residential", "maxspeed_int": 20.0}, "geometry": {"type": "LineString", "coordinates": [[-71.0628, 42.403716], [-71.062735, 42.403718], [-71.06273, 42.403679], [-71.062662, 42.402993], [-71.062657, 42.402933]]}}, {"type": "Feature", "properties": {"name": "Spalding Street", "separation_level": "none", "street_classification": "residential", "maxspeed_int": 20.0}, "geometry": {"type": "LineString", "coordinates": [[-71.061362, 42.403662], [-71.061345, 42.403586], [-71.061329, 42.403516], [-71.061321, 42.40347], [-71.061315, 42.403424], [-71.061271, 42.402998], [-71.061271, 42.402988], [-71.061272, 42.402978], [-71.061276, 42.402969], [-71.061282, 42.402963], [-71.061292, 42.402958], [-71.061303, 42.402954], [-71.061317, 42.402951], [-71.061331, 42.40295], [-71.061473, 42.402942]]}}, {"type": "Feature", "properties": {"name": "West Street", "separation_level": "none", "street_classification": "residential", "maxspeed_int": 20.0}, "geometry": {"type": "LineString", "coordinates": [[-71.061362, 42.403662], [-71.061326, 42.403663], [-71.061294, 42.403666], [-71.061258, 42.40367], [-71.061229, 42.403674], [-71.061088, 42.40371]]}}, {"type": "Feature", "properties": {"name": "West Street", "separation_level": "none", "street_classification": "residential", "maxspeed_int": 20.0}, "geometry": {"type": "LineString", "coordinates": [[-71.061362, 42.403662], [-71.061394, 42.403661], [-71.061421, 42.403661], [-71.061453, 42.403661], [-71.061472, 42.403662], [-71.062109, 42.403689], [-71.06218, 42.403693], [-71.062243, 42.403697], [-71.062308, 42.4037], [-71.062372, 42.403704], [-71.062537, 42.403714], [-71.06258, 42.403716], [-71.062616, 42.403717], [-71.062654, 42.403718], [-71.062735, 42.403718], [-71.0628, 42.403716]]}}, {"type": "Feature", "properties": {"name": "Main Street", "separation_level": "none", "street_classification": "medium-capacity", "maxspeed_int": null}, "geometry": {"type": "LineString", "coordinates": [[-71.061088, 42.40371], [-71.061078, 42.403661], [-71.061065, 42.40362], [-71.061049, 42.403579], [-71.060907, 42.403273], [-71.060897, 42.403248], [-71.06089, 42.403224], [-71.060883, 42.403197], [-71.06088, 42.403171], [-71.060878, 42.403146], [-71.060878, 42.40312], [-71.060879, 42.403098], [-71.060882, 42.403075], [-71.060925, 42.40308]]}}, {"type": "Feature", "properties": {"name": null, "separation_level": "separate", "street_classification": "dedicated_path", "maxspeed_int": null}, "geometry": {"type": "LineString", "coordinates": [[-71.061088, 42.40371], [-71.061144, 42.403593], [-71.061021, 42.403363], [-71.060965, 42.40325], [-71.060955, 42.403222], [-71.06095, 42.403202], [-71.060945, 42.403178], [-71.060944, 42.403162], [-71.060947, 42.403121], [-71.060967, 42.403084], [-71.060925, 42.40308]]}}, {"type": "Feature", "properties": {"name": "Northern Strand Community Trail", "separation_level": "separate", "street_classification": "dedicated_path", "maxspeed_int": null}, "geometry": {"type": "LineString", "coordinates": [[-71.063249, 42.403722], [-71.063245, 42.403683], [-71.063235, 42.403595], [-71.063232, 42.403507], [-71.063256, 42.403165], [-71.063265, 42.403088], [-71.063279, 42.403014], [-71.063294, 42.40294], [-71.063315, 42.402864], [-71.063359, 42.402712], [-71.063415, 42.402541], [-71.063431, 42.402499], [-71.063451, 42.402456], [-71.063465, 42.402427], [-71.063479, 42.402406], [-71.063501, 42.402383], [-71.063537, 42.402349], [-71.063578, 42.402308], [-71.063606, 42.402269], [-71.06365, 42.402189], [-71.063807, 42.401937], [-71.063925, 42.401755], [-71.064105, 42.401517], [-71.06424, 42.401405], [-71.064274, 42.401382], [-71.06432, 42.401343], [-71.064671, 42.401047], [-71.064916, 42.400836], [-71.065114, 42.400677], [-71.065253, 42.400563], [-71.065354, 42.400482], [-71.065378, 42.400464], [-71.065401, 42.400452], [-71.065422, 42.400444], [-71.065446, 42.400433], [-71.065465, 42.400422], [-71.065487, 42.400402], [-71.065512, 42.400374], [-71.065541, 42.40034], [-71.065561, 42.400316], [-71.06558, 42.400298], [-71.065605, 42.400278], [-71.065634, 42.40026], [-71.065676, 42.400237], [-71.065714, 42.400226], [-71.065761, 42.400215], [-71.065801, 42.400212], [-71.065912, 42.400217], [-71.066006, 42.400224], [-71.066067, 42.400226], [-71.066098, 42.400224], [-71.066128, 42.400221], [-71.066154, 42.400217], [-71.066176, 42.40021], [-71.066203, 42.400201], [-71.066231, 42.40019], [-71.066266, 42.400173], [-71.066297, 42.400159], [-71.066333, 42.400141], [-71.066459, 42.400075], [-71.066532, 42.40004], [-71.066592, 42.400015], [-71.06664, 42.399997], [-71.066667, 42.399988], [-71.066709, 42.399977], [-71.066741, 42.39997], [-71.066766, 42.400024]]}}, {"type": "Feature", "properties": {"name": "Northern Strand Community Trail", "separation_level": "separate", "street_classification": "dedicated_path", "maxspeed_int": null}, "geometry": {"type": "LineString", "coordinates": [[-71.063249, 42.403722], [-71.063254, 42.403761], [-71.06326, 42.403798], [-71.063271, 42.403888], [-71.063277, 42.40393], [-71.063283, 42.403962], [-71.06329, 42.403999], [-71.063301, 42.404042], [-71.063316, 42.404093], [-71.063335, 42.404153], [-71.063374, 42.404283], [-71.063396, 42.404341], [-71.063462, 42.404503], [-71.063491, 42.404573], [-71.063515, 42.404635], [-71.063818, 42.405454], [-71.063857, 42.405564], [-71.063881, 42.405629], [-71.063894, 42.405666], [-71.063929, 42.405774], [-71.063937, 42.405799], [-71.063958, 42.405866], [-71.063982, 42.405933], [-71.063988, 42.40595], [-71.064021, 42.406038], [-71.064037, 42.406077]]}}, {"type": "Feature", "properties": {"name": "Spalding Street", "separation_level": "none", "street_classification": "residential", "maxspeed_int": 20.0}, "geometry": {"type": "LineString", "coordinates": [[-71.062657, 42.402933], [-71.062652, 42.402874], [-71.062297, 42.402895], [-71.062301, 42.402949]]}}, {"type": "Feature", "properties": {"name": "Rich Street", "separation_level": "none", "street_classification": "medium-capacity", "maxspeed_int": null}, "geometry": {"type": "LineString", "coordinates": [[-71.052759, 42.42113], [-71.052895, 42.421031], [-71.052994, 42.420958], [-71.053042, 42.420923], [-71.053095, 42.42088], [-71.053208, 42.420801], [-71.053305, 42.42073], [-71.053392, 42.420669], [-71.053485, 42.420599], [-71.053526, 42.420569]]}}, {"type": "Feature", "properties": {"name": "Robin Street", "separation_level": "none", "street_classification": "medium-capacity", "maxspeed_int": null}, "geometry": {"type": "LineString", "coordinates": [[-71.065029, 42.393345], [-71.065126, 42.393256], [-71.065229, 42.393187], [-71.06528, 42.393165], [-71.065332, 42.393159], [-71.065394, 42.39316], [-71.065456, 42.393168], [-71.065573, 42.393219], [-71.066209, 42.393582], [-71.066737, 42.393888]]}}, {"type": "Feature", "properties": {"name": "Rover Street", "separation_level": "none", "street_classification": "residential", "maxspeed_int": 20.0}, "geometry": {"type": "LineString", "coordinates": [[-71.065029, 42.393345], [-71.064923, 42.393282], [-71.063914, 42.392708], [-71.063547, 42.3925]]}}, {"type": "Feature", "properties": {"name": "Elm Road", "separation_level": "none", "street_classification": "residential", "maxspeed_int": 20.0}, "geometry": {"type": "LineString", "coordinates": [[-71.063085, 42.407821], [-71.06317, 42.407815], [-71.064296, 42.407738], [-71.064405, 42.40773]]}}, {"type": "Feature", "properties": {"name": "Appleton Terrace", "separation_level": "none", "street_classification": "residential", "maxspeed_int": 20.0}, "geometry": {"type": "LineString", "coordinates": [[-71.063085, 42.407821], [-71.063049, 42.40757], [-71.063007, 42.407221]]}}, {"type": "Feature", "properties": {"name": "Elm Way", "separation_level": "none", "street_classification": "residential", "maxspeed_int": 20.0}, "geometry": {"type": "LineString", "coordinates": [[-71.064405, 42.40773], [-71.064365, 42.407257], [-71.06436, 42.407208]]}}, {"type": "Feature", "properties": {"name": "Miller Street", "separation_level": "none", "street_classification": "residential", "maxspeed_int": 20.0}, "geometry": {"type": "LineString", "coordinates": [[-71.039022, 42.422074], [-71.039028, 42.422135], [-71.039031, 42.422159], [-71.039081, 42.422581], [-71.039088, 42.422657]]}}, {"type": "Feature", "properties": {"name": "Meadowview Road", "separation_level": "none", "street_classification": "residential", "maxspeed_int": 20.0}, "geometry": {"type": "LineString", "coordinates": [[-71.03538, 42.422945], [-71.035408, 42.423128], [-71.035408, 42.423152], [-71.035403, 42.42323]]}}, {"type": "Feature", "properties": {"name": "Estes Street", "separation_level": "none", "street_classification": "residential", "maxspeed_int": 20.0}, "geometry": {"type": "LineString", "coordinates": [[-71.03538, 42.422945], [-71.035493, 42.422935], [-71.03724, 42.42279], [-71.038039, 42.42272], [-71.038992, 42.42266], [-71.039088, 42.422657]]}}, {"type": "Feature", "properties": {"name": "Cemetery Road", "separation_level": "none", "street_classification": "residential", "maxspeed_int": null}, "geometry": {"type": "LineString", "coordinates": [[-71.030494, 42.422667], [-71.030126, 42.422956], [-71.029732, 42.423253], [-71.029607, 42.423378], [-71.029523, 42.423492], [-71.029458, 42.423599], [-71.029409, 42.423696], [-71.029407, 42.423729]]}}, {"type": "Feature", "properties": {"name": null, "separation_level": "none", "street_classification": "dedicated_path", "maxspeed_int": null}, "geometry": {"type": "LineString", "coordinates": [[-71.064069, 42.406494], [-71.064066, 42.406448], [-71.064012, 42.406142], [-71.063999, 42.406085], [-71.064037, 42.406077]]}}, {"type": "Feature", "properties": {"name": null, "separation_level": "none", "street_classification": "dedicated_path", "maxspeed_int": null}, "geometry": {"type": "LineString", "coordinates": [[-71.064069, 42.406494], [-71.06407, 42.406503], [-71.06412, 42.406508], [-71.064146, 42.406527], [-71.064281, 42.406796], [-71.064323, 42.40687], [-71.064373, 42.406864]]}}, {"type": "Feature", "properties": {"name": "Revere Beach Parkway", "separation_level": "none", "street_classification": "motorway", "maxspeed_int": 35.0}, "geometry": {"type": "LineString", "coordinates": [[-71.054951, 42.403256], [-71.055103, 42.4032], [-71.05655, 42.403216], [-71.056586, 42.403217], [-71.056657, 42.403218], [-71.05666, 42.403159]]}}, {"type": "Feature", "properties": {"name": null, "separation_level": "none", "street_classification": "residential", "maxspeed_int": null}, "geometry": {"type": "LineString", "coordinates": [[-71.054951, 42.403256], [-71.054873, 42.40337], [-71.054506, 42.403369], [-71.054388, 42.403399], [-71.05431, 42.403468], [-71.054363, 42.403507]]}}, {"type": "Feature", "properties": {"name": "Second Street", "separation_level": "none", "street_classification": "medium-capacity", "maxspeed_int": null}, "geometry": {"type": "LineString", "coordinates": [[-71.054363, 42.403507], [-71.054416, 42.403546], [-71.05466, 42.403729]]}}, {"type": "Feature", "properties": {"name": "Garvey Street", "separation_level": "none", "street_classification": "residential", "maxspeed_int": null}, "geometry": {"type": "LineString", "coordinates": [[-71.054094, 42.402878], [-71.054098, 42.402829], [-71.054104, 42.402779], [-71.054128, 42.402637], [-71.054132, 42.402617], [-71.054142, 42.402595], [-71.054161, 42.402572], [-71.054184, 42.402555], [-71.054212, 42.402542], [-71.054242, 42.402533], [-71.054503, 42.402482], [-71.054557, 42.40247], [-71.054617, 42.402452], [-71.054662, 42.402436], [-71.054699, 42.402421], [-71.054778, 42.402406]]}}, {"type": "Feature", "properties": {"name": null, "separation_level": "separate", "street_classification": "dedicated_path", "maxspeed_int": null}, "geometry": {"type": "LineString", "coordinates": [[-71.053323, 42.402733], [-71.053379, 42.402774], [-71.053312, 42.402587], [-71.052214, 42.401787], [-71.052196, 42.401831]]}}, {"type": "Feature", "properties": {"name": "Second Street", "separation_level": "share_busway", "street_classification": "medium-capacity", "maxspeed_int": null}, "geometry": {"type": "LineString", "coordinates": [[-71.053323, 42.402733], [-71.053267, 42.402691], [-71.052735, 42.402292], [-71.052656, 42.402233]]}}, {"type": "Feature", "properties": {"name": "Ferry Street", "separation_level": "lane", "street_classification": "medium-capacity", "maxspeed_int": null}, "geometry": {"type": "LineString", "coordinates": [[-71.047306, 42.405988], [-71.047477, 42.405621], [-71.04755, 42.405462]]}}, {"type": "Feature", "properties": {"name": "Ferry Street", "separation_level": "lane", "street_classification": "medium-capacity", "maxspeed_int": null}, "geometry": {"type": "LineString", "coordinates": [[-71.047306, 42.405988], [-71.04726, 42.406091], [-71.047224, 42.406166]]}}, {"type": "Feature", "properties": {"name": "Union Street", "separation_level": "none", "street_classification": "medium-capacity", "maxspeed_int": null}, "geometry": {"type": "LineString", "coordinates": [[-71.047224, 42.406166], [-71.047167, 42.406151], [-71.046337, 42.405938], [-71.046277, 42.405923]]}}, {"type": "Feature", "properties": {"name": "Ferry Street", "separation_level": "lane", "street_classification": "medium-capacity", "maxspeed_int": null}, "geometry": {"type": "LineString", "coordinates": [[-71.047224, 42.406166], [-71.047202, 42.406212], [-71.047036, 42.406571]]}}, {"type": "Feature", "properties": {"name": "Henry Street", "separation_level": "none", "street_classification": "residential", "maxspeed_int": 20.0}, "geometry": {"type": "LineString", "coordinates": [[-71.04847, 42.418076], [-71.048429, 42.418024], [-71.048272, 42.417874], [-71.048037, 42.41766], [-71.047828, 42.417474], [-71.047613, 42.417276], [-71.047389, 42.417076], [-71.047226, 42.416909], [-71.047143, 42.416825], [-71.047053, 42.416753], [-71.047032, 42.416731], [-71.046989, 42.416695], [-71.046958, 42.416669]]}}, {"type": "Feature", "properties": {"name": "Lexington Street", "separation_level": "none", "street_classification": "residential", "maxspeed_int": 20.0}, "geometry": {"type": "LineString", "coordinates": [[-71.050885, 42.412052], [-71.050866, 42.412029], [-71.050832, 42.411985], [-71.050412, 42.411661]]}}, {"type": "Feature", "properties": {"name": "Hosmer Street", "separation_level": "none", "street_classification": "residential", "maxspeed_int": 20.0}, "geometry": {"type": "LineString", "coordinates": [[-71.050885, 42.412052], [-71.050919, 42.412091], [-71.05095, 42.412128], [-71.051485, 42.412502]]}}, {"type": "Feature", "properties": {"name": "Broadway", "separation_level": "lane", "street_classification": "medium-capacity", "maxspeed_int": null}, "geometry": {"type": "LineString", "coordinates": [[-71.050885, 42.412052], [-71.050984, 42.411946], [-71.051163, 42.411752], [-71.051472, 42.411427]]}}, {"type": "Feature", "properties": {"name": "Lexington Street", "separation_level": "none", "street_classification": "residential", "maxspeed_int": 20.0}, "geometry": {"type": "LineString", "coordinates": [[-71.050412, 42.411661], [-71.049796, 42.411178]]}}, {"type": "Feature", "properties": {"name": "Lexington Street", "separation_level": "none", "street_classification": "residential", "maxspeed_int": 20.0}, "geometry": {"type": "LineString", "coordinates": [[-71.049796, 42.411178], [-71.049564, 42.410996], [-71.049323, 42.41083], [-71.04927, 42.410793]]}}, {"type": "Feature", "properties": {"name": "Broadway", "separation_level": "lane", "street_classification": "medium-capacity", "maxspeed_int": null}, "geometry": {"type": "LineString", "coordinates": [[-71.050244, 42.412766], [-71.05012, 42.412884], [-71.050064, 42.412939]]}}, {"type": "Feature", "properties": {"name": "Spring Street", "separation_level": "none", "street_classification": "residential", "maxspeed_int": null}, "geometry": {"type": "LineString", "coordinates": [[-71.052898, 42.400191], [-71.052776, 42.400469], [-71.052847, 42.400488]]}}, {"type": "Feature", "properties": {"name": "Spring Street", "separation_level": "none", "street_classification": "residential", "maxspeed_int": null}, "geometry": {"type": "LineString", "coordinates": [[-71.052847, 42.400488], [-71.052776, 42.400469], [-71.052544, 42.400998], [-71.052487, 42.401127], [-71.052479, 42.401146], [-71.052472, 42.401163], [-71.052449, 42.40122]]}}, {"type": "Feature", "properties": {"name": null, "separation_level": "none", "street_classification": "residential", "maxspeed_int": null}, "geometry": {"type": "LineString", "coordinates": [[-71.052847, 42.400488], [-71.052918, 42.400507], [-71.052949, 42.400557], [-71.053268, 42.400636], [-71.053526, 42.400683]]}}, {"type": "Feature", "properties": {"name": "Spring Street", "separation_level": "none", "street_classification": "residential", "maxspeed_int": null}, "geometry": {"type": "LineString", "coordinates": [[-71.052449, 42.40122], [-71.052287, 42.40161], [-71.052214, 42.401787], [-71.052196, 42.401831]]}}, {"type": "Feature", "properties": {"name": null, "separation_level": "none", "street_classification": "residential", "maxspeed_int": null}, "geometry": {"type": "LineString", "coordinates": [[-71.053526, 42.400683], [-71.053407, 42.400624], [-71.053186, 42.400524], [-71.052997, 42.400489], [-71.052918, 42.400507], [-71.052847, 42.400488]]}}, {"type": "Feature", "properties": {"name": null, "separation_level": "none", "street_classification": "residential", "maxspeed_int": null}, "geometry": {"type": "LineString", "coordinates": [[-71.053526, 42.400683], [-71.053782, 42.400763], [-71.053837, 42.400751], [-71.053913, 42.400588]]}}, {"type": "Feature", "properties": {"name": "Second Street", "separation_level": "none", "street_classification": "medium-capacity", "maxspeed_int": null}, "geometry": {"type": "LineString", "coordinates": [[-71.048632, 42.398916], [-71.048551, 42.398839], [-71.048476, 42.398767], [-71.048174, 42.398462], [-71.048125, 42.398415], [-71.048047, 42.398341], [-71.047635, 42.397956]]}}, {"type": "Feature", "properties": {"name": "Second Street", "separation_level": "share_busway", "street_classification": "medium-capacity", "maxspeed_int": null}, "geometry": {"type": "LineString", "coordinates": [[-71.048632, 42.398916], [-71.048931, 42.399195], [-71.049046, 42.399301], [-71.049218, 42.399463]]}}, {"type": "Feature", "properties": {"name": null, "separation_level": "none", "street_classification": "residential", "maxspeed_int": null}, "geometry": {"type": "LineString", "coordinates": [[-71.047635, 42.397956], [-71.048355, 42.39756], [-71.048693, 42.397368]]}}, {"type": "Feature", "properties": {"name": "Second Street", "separation_level": "none", "street_classification": "medium-capacity", "maxspeed_int": null}, "geometry": {"type": "LineString", "coordinates": [[-71.047635, 42.397956], [-71.047552, 42.397878], [-71.047193, 42.397526]]}}, {"type": "Feature", "properties": {"name": "Second Street", "separation_level": "share_busway", "street_classification": "medium-capacity", "maxspeed_int": null}, "geometry": {"type": "LineString", "coordinates": [[-71.049218, 42.399463], [-71.04943, 42.399663], [-71.04948, 42.39971]]}}, {"type": "Feature", "properties": {"name": null, "separation_level": "none", "street_classification": "dedicated_path", "maxspeed_int": null}, "geometry": {"type": "LineString", "coordinates": [[-71.06436, 42.407208], [-71.064365, 42.407257], [-71.06442, 42.407256], [-71.064458, 42.407255], [-71.064453, 42.407286], [-71.064626, 42.407261]]}}, {"type": "Feature", "properties": {"name": "Appleton Street", "separation_level": "none", "street_classification": "residential", "maxspeed_int": 20.0}, "geometry": {"type": "LineString", "coordinates": [[-71.06436, 42.407208], [-71.064356, 42.40716], [-71.063007, 42.407221]]}}, {"type": "Feature", "properties": {"name": "Northern Strand Community Trail", "separation_level": "separate", "street_classification": "dedicated_path", "maxspeed_int": null}, "geometry": {"type": "LineString", "coordinates": [[-71.064626, 42.407261], [-71.064576, 42.407191], [-71.064573, 42.407186], [-71.064512, 42.407096], [-71.064444, 42.406987], [-71.064381, 42.40688], [-71.064373, 42.406864]]}}, {"type": "Feature", "properties": {"name": "Northern Strand Community Trail", "separation_level": "separate", "street_classification": "dedicated_path", "maxspeed_int": null}, "geometry": {"type": "LineString", "coordinates": [[-71.064626, 42.407261], [-71.064646, 42.40729], [-71.064724, 42.407395], [-71.064798, 42.407495], [-71.064869, 42.407587], [-71.064939, 42.407673], [-71.065026, 42.407775], [-71.065109, 42.407876], [-71.065293, 42.408093], [-71.065367, 42.40818], [-71.065673, 42.408527], [-71.065746, 42.408607], [-71.065805, 42.408671], [-71.0659, 42.408777], [-71.066052, 42.408946], [-71.066138, 42.40904], [-71.066208, 42.40912], [-71.066354, 42.409296], [-71.06642, 42.40927]]}}, {"type": "Feature", "properties": {"name": "Stevenson Avenue", "separation_level": "none", "street_classification": "residential", "maxspeed_int": 20.0}, "geometry": {"type": "LineString", "coordinates": [[-71.045781, 42.41747], [-71.046029, 42.41758], [-71.046061, 42.417596], [-71.046112, 42.417617], [-71.046151, 42.417634]]}}, {"type": "Feature", "properties": {"name": "Garden Street", "separation_level": "none", "street_classification": "residential", "maxspeed_int": null}, "geometry": {"type": "LineString", "coordinates": [[-71.048493, 42.401224], [-71.049085, 42.400882]]}}, {"type": "Feature", "properties": {"name": "Garden Street", "separation_level": "none", "street_classification": "residential", "maxspeed_int": null}, "geometry": {"type": "LineString", "coordinates": [[-71.049085, 42.400882], [-71.050091, 42.4003]]}}, {"type": "Feature", "properties": {"name": "Second Street", "separation_level": "share_busway", "street_classification": "medium-capacity", "maxspeed_int": null}, "geometry": {"type": "LineString", "coordinates": [[-71.050091, 42.4003], [-71.050257, 42.400437], [-71.050272, 42.400448], [-71.050323, 42.400399]]}}, {"type": "Feature", "properties": {"name": null, "separation_level": "none", "street_classification": "residential", "maxspeed_int": null}, "geometry": {"type": "LineString", "coordinates": [[-71.050091, 42.4003], [-71.050818, 42.399878], [-71.050934, 42.399804], [-71.050937, 42.399737], [-71.050832, 42.399637], [-71.050794, 42.399601]]}}, {"type": "Feature", "properties": {"name": "Second Street", "separation_level": "share_busway", "street_classification": "medium-capacity", "maxspeed_int": null}, "geometry": {"type": "LineString", "coordinates": [[-71.050091, 42.4003], [-71.049614, 42.399836], [-71.04953, 42.399757], [-71.04948, 42.39971]]}}, {"type": "Feature", "properties": {"name": "Revere Beach Parkway", "separation_level": "none", "street_classification": "motorway", "maxspeed_int": 35.0}, "geometry": {"type": "LineString", "coordinates": [[-71.046924, 42.402315], [-71.046304, 42.40224]]}}, {"type": "Feature", "properties": {"name": "Revere Beach Parkway", "separation_level": "none", "street_classification": "motorway", "maxspeed_int": 35.0}, "geometry": {"type": "LineString", "coordinates": [[-71.047672, 42.40236], [-71.047592, 42.402559], [-71.048333, 42.402648]]}}, {"type": "Feature", "properties": {"name": "Vine Street", "separation_level": "none", "street_classification": "medium-capacity", "maxspeed_int": null}, "geometry": {"type": "LineString", "coordinates": [[-71.047672, 42.40236], [-71.047592, 42.402559], [-71.047576, 42.402631], [-71.047572, 42.402652], [-71.047497, 42.402997], [-71.047599, 42.403015]]}}, {"type": "Feature", "properties": {"name": "Revere Beach Parkway", "separation_level": "none", "street_classification": "motorway", "maxspeed_int": 35.0}, "geometry": {"type": "LineString", "coordinates": [[-71.047672, 42.40236], [-71.047626, 42.4024], [-71.047329, 42.402364]]}}, {"type": "Feature", "properties": {"name": null, "separation_level": "none", "street_classification": "residential", "maxspeed_int": null}, "geometry": {"type": "LineString", "coordinates": [[-71.047672, 42.40236], [-71.047665, 42.402217], [-71.047571, 42.402206], [-71.047537, 42.402204], [-71.0475, 42.402206], [-71.047466, 42.40221], [-71.047431, 42.402218], [-71.047405, 42.402226], [-71.047383, 42.402237], [-71.047365, 42.402255], [-71.047351, 42.402277], [-71.047345, 42.402294], [-71.047329, 42.402364]]}}, {"type": "Feature", "properties": {"name": null, "separation_level": "none", "street_classification": "residential", "maxspeed_int": null}, "geometry": {"type": "LineString", "coordinates": [[-71.047672, 42.40236], [-71.047825, 42.402252], [-71.047864, 42.402246], [-71.047897, 42.402239], [-71.047957, 42.402224], [-71.048183, 42.402167]]}}, {"type": "Feature", "properties": {"name": null, "separation_level": "none", "street_classification": "residential", "maxspeed_int": null}, "geometry": {"type": "LineString", "coordinates": [[-71.047672, 42.40236], [-71.047825, 42.402252], [-71.048112, 42.402292], [-71.048155, 42.402298], [-71.048182, 42.402291], [-71.04819, 42.40228], [-71.048183, 42.402167]]}}, {"type": "Feature", "properties": {"name": null, "separation_level": "none", "street_classification": "residential", "maxspeed_int": null}, "geometry": {"type": "LineString", "coordinates": [[-71.04755, 42.400706], [-71.047545, 42.400922]]}}, {"type": "Feature", "properties": {"name": null, "separation_level": "none", "street_classification": "residential", "maxspeed_int": null}, "geometry": {"type": "LineString", "coordinates": [[-71.04754, 42.401132], [-71.047545, 42.400922]]}}, {"type": "Feature", "properties": {"name": "Second Street", "separation_level": "share_busway", "street_classification": "medium-capacity", "maxspeed_int": null}, "geometry": {"type": "LineString", "coordinates": [[-71.052196, 42.401831], [-71.052178, 42.401875], [-71.05145, 42.401322], [-71.050999, 42.400987]]}}, {"type": "Feature", "properties": {"name": "Second Street", "separation_level": "share_busway", "street_classification": "medium-capacity", "maxspeed_int": null}, "geometry": {"type": "LineString", "coordinates": [[-71.052196, 42.401831], [-71.052178, 42.401875], [-71.052436, 42.402068], [-71.052518, 42.40213], [-71.052577, 42.402174], [-71.052656, 42.402233]]}}, {"type": "Feature", "properties": {"name": "Second Street", "separation_level": "share_busway", "street_classification": "medium-capacity", "maxspeed_int": null}, "geometry": {"type": "LineString", "coordinates": [[-71.050999, 42.400987], [-71.050734, 42.400789], [-71.050882, 42.400716]]}}, {"type": "Feature", "properties": {"name": "Terminal Street", "separation_level": "none", "street_classification": "residential", "maxspeed_int": null}, "geometry": {"type": "LineString", "coordinates": [[-71.050999, 42.400987], [-71.050918, 42.401049], [-71.050764, 42.401163], [-71.050712, 42.401233], [-71.050735, 42.4014], [-71.050858, 42.40157], [-71.050799, 42.40173], [-71.050661, 42.401767], [-71.050514, 42.401735], [-71.050476, 42.401731], [-71.050434, 42.401729], [-71.050249, 42.401736], [-71.050209, 42.401735], [-71.050171, 42.401731], [-71.050092, 42.401715], [-71.050059, 42.401708], [-71.05003, 42.401705], [-71.049998, 42.401704], [-71.049964, 42.401705], [-71.049934, 42.401708], [-71.049905, 42.401714], [-71.049876, 42.401725], [-71.049855, 42.401742], [-71.04984, 42.40176], [-71.049829, 42.401785], [-71.049821, 42.401812], [-71.04982, 42.401891]]}}, {"type": "Feature", "properties": {"name": "Second Street", "separation_level": "share_busway", "street_classification": "medium-capacity", "maxspeed_int": null}, "geometry": {"type": "LineString", "coordinates": [[-71.050882, 42.400716], [-71.050734, 42.400789], [-71.050568, 42.400667], [-71.050542, 42.400648], [-71.050272, 42.400448], [-71.050323, 42.400399]]}}, {"type": "Feature", "properties": {"name": null, "separation_level": "none", "street_classification": "residential", "maxspeed_int": null}, "geometry": {"type": "LineString", "coordinates": [[-71.050882, 42.400716], [-71.050844, 42.400727], [-71.050457, 42.400389], [-71.050374, 42.400351], [-71.050323, 42.400399]]}}, {"type": "Feature", "properties": {"name": null, "separation_level": "none", "street_classification": "residential", "maxspeed_int": null}, "geometry": {"type": "LineString", "coordinates": [[-71.050882, 42.400716], [-71.05104, 42.400645], [-71.050932, 42.400533], [-71.050633, 42.40025], [-71.050549, 42.400225], [-71.050396, 42.400314], [-71.050374, 42.400351], [-71.050323, 42.400399]]}}, {"type": "Feature", "properties": {"name": null, "separation_level": "none", "street_classification": "residential", "maxspeed_int": null}, "geometry": {"type": "LineString", "coordinates": [[-71.04982, 42.401891], [-71.049821, 42.401812], [-71.049432, 42.401764], [-71.049394, 42.401763], [-71.049352, 42.401763], [-71.049308, 42.401766], [-71.049266, 42.401773], [-71.049229, 42.401783], [-71.049195, 42.4018], [-71.049169, 42.401822], [-71.049149, 42.401845], [-71.049134, 42.401873], [-71.049032, 42.402126]]}}, {"type": "Feature", "properties": {"name": "Terminal Street", "separation_level": "none", "street_classification": "residential", "maxspeed_int": null}, "geometry": {"type": "LineString", "coordinates": [[-71.04982, 42.401891], [-71.049793, 42.401947], [-71.04968, 42.402484], [-71.049663, 42.402564]]}}, {"type": "Feature", "properties": {"name": null, "separation_level": "none", "street_classification": "residential", "maxspeed_int": null}, "geometry": {"type": "LineString", "coordinates": [[-71.04982, 42.401891], [-71.049845, 42.401955], [-71.049741, 42.402402], [-71.049737, 42.402421], [-71.04973, 42.40244], [-71.049719, 42.402456], [-71.049705, 42.402469], [-71.04968, 42.402484], [-71.049663, 42.402564]]}}, {"type": "Feature", "properties": {"name": "Grover Street", "separation_level": "none", "street_classification": "residential", "maxspeed_int": 20.0}, "geometry": {"type": "LineString", "coordinates": [[-71.035403, 42.42323], [-71.036077, 42.423294], [-71.036213, 42.423312], [-71.036656, 42.423349], [-71.036783, 42.42336], [-71.036986, 42.423372], [-71.037111, 42.423372], [-71.039039, 42.423264], [-71.03907, 42.423261], [-71.039149, 42.423258]]}}, {"type": "Feature", "properties": {"name": "Grover Street", "separation_level": "none", "street_classification": "residential", "maxspeed_int": 20.0}, "geometry": {"type": "LineString", "coordinates": [[-71.039149, 42.423258], [-71.03925, 42.423253], [-71.039951, 42.423212], [-71.040385, 42.423176], [-71.040533, 42.423188], [-71.040962, 42.423274], [-71.040993, 42.423281], [-71.041094, 42.423304]]}}, {"type": "Feature", "properties": {"name": "Miller Street", "separation_level": "none", "street_classification": "residential", "maxspeed_int": 20.0}, "geometry": {"type": "LineString", "coordinates": [[-71.039149, 42.423258], [-71.039143, 42.423183], [-71.039096, 42.422737], [-71.039088, 42.422657]]}}, {"type": "Feature", "properties": {"name": "Central Avenue", "separation_level": "none", "street_classification": "medium-capacity", "maxspeed_int": null}, "geometry": {"type": "LineString", "coordinates": [[-71.056852, 42.414254], [-71.056418, 42.414574]]}}, {"type": "Feature", "properties": {"name": "Hancock Street", "separation_level": "none", "street_classification": "medium-capacity", "maxspeed_int": null}, "geometry": {"type": "LineString", "coordinates": [[-71.056852, 42.414254], [-71.056241, 42.413814]]}}, {"type": "Feature", "properties": {"name": "Hancock Street", "separation_level": "none", "street_classification": "medium-capacity", "maxspeed_int": null}, "geometry": {"type": "LineString", "coordinates": [[-71.056852, 42.414254], [-71.056943, 42.414321], [-71.057007, 42.414368], [-71.057251, 42.414546]]}}, {"type": "Feature", "properties": {"name": "Central Avenue", "separation_level": "none", "street_classification": "medium-capacity", "maxspeed_int": null}, "geometry": {"type": "LineString", "coordinates": [[-71.056418, 42.414574], [-71.055936, 42.414926], [-71.055905, 42.41495]]}}, {"type": "Feature", "properties": {"name": "Staples Avenue", "separation_level": "none", "street_classification": "residential", "maxspeed_int": 20.0}, "geometry": {"type": "LineString", "coordinates": [[-71.056418, 42.414574], [-71.056867, 42.41491], [-71.057061, 42.415049]]}}, {"type": "Feature", "properties": {"name": "Staples Avenue", "separation_level": "none", "street_classification": "residential", "maxspeed_int": 20.0}, "geometry": {"type": "LineString", "coordinates": [[-71.056418, 42.414574], [-71.05597, 42.414266], [-71.055905, 42.414219], [-71.055611, 42.414006], [-71.05532, 42.413772]]}}, {"type": "Feature", "properties": {"name": "Hancock Street", "separation_level": "none", "street_classification": "medium-capacity", "maxspeed_int": null}, "geometry": {"type": "LineString", "coordinates": [[-71.056241, 42.413814], [-71.055742, 42.413475], [-71.055671, 42.413417]]}}, {"type": "Feature", "properties": {"name": "Swan Street", "separation_level": "none", "street_classification": "residential", "maxspeed_int": 20.0}, "geometry": {"type": "LineString", "coordinates": [[-71.056241, 42.413814], [-71.056956, 42.413271], [-71.05743, 42.412889], [-71.057901, 42.412501], [-71.05818, 42.412287], [-71.058306, 42.41219], [-71.058591, 42.411983]]}}, {"type": "Feature", "properties": {"name": null, "separation_level": "none", "street_classification": "residential", "maxspeed_int": null}, "geometry": {"type": "LineString", "coordinates": [[-71.055905, 42.41495], [-71.055936, 42.414926], [-71.055633, 42.414703], [-71.055451, 42.414553], [-71.055379, 42.414494], [-71.055289, 42.414469], [-71.055264, 42.414481], [-71.055219, 42.414584]]}}, {"type": "Feature", "properties": {"name": "Central Avenue", "separation_level": "none", "street_classification": "medium-capacity", "maxspeed_int": null}, "geometry": {"type": "LineString", "coordinates": [[-71.055905, 42.41495], [-71.055873, 42.414973], [-71.055774, 42.415045], [-71.055523, 42.41522]]}}, {"type": "Feature", "properties": {"name": "Vernal Street", "separation_level": "none", "street_classification": "residential", "maxspeed_int": 20.0}, "geometry": {"type": "LineString", "coordinates": [[-71.05532, 42.413772], [-71.055742, 42.413475], [-71.055671, 42.413417]]}}, {"type": "Feature", "properties": {"name": "Swan Street", "separation_level": "none", "street_classification": "residential", "maxspeed_int": 20.0}, "geometry": {"type": "LineString", "coordinates": [[-71.058591, 42.411983], [-71.058889, 42.411726]]}}, {"type": "Feature", "properties": {"name": "Kinsman Street", "separation_level": "none", "street_classification": "residential", "maxspeed_int": 20.0}, "geometry": {"type": "LineString", "coordinates": [[-71.058591, 42.411983], [-71.058639, 42.412024], [-71.058952, 42.41229]]}}, {"type": "Feature", "properties": {"name": "McKinley Street", "separation_level": "none", "street_classification": "residential", "maxspeed_int": 20.0}, "geometry": {"type": "LineString", "coordinates": [[-71.04329, 42.420005], [-71.043268, 42.419991], [-71.042868, 42.419723]]}}, {"type": "Feature", "properties": {"name": null, "separation_level": "none", "street_classification": "residential", "maxspeed_int": null}, "geometry": {"type": "LineString", "coordinates": [[-71.04329, 42.420005], [-71.043312, 42.42002], [-71.043541, 42.419797], [-71.043575, 42.419731], [-71.043531, 42.419691], [-71.04344, 42.419599], [-71.04351, 42.41952], [-71.043704, 42.419398], [-71.043781, 42.419402], [-71.043853, 42.419436]]}}, {"type": "Feature", "properties": {"name": "McKinley Street", "separation_level": "none", "street_classification": "residential", "maxspeed_int": 20.0}, "geometry": {"type": "LineString", "coordinates": [[-71.042868, 42.419723], [-71.042518, 42.419457], [-71.042289, 42.419292], [-71.042032, 42.419099], [-71.041894, 42.418778], [-71.04228, 42.418576]]}}, {"type": "Feature", "properties": {"name": null, "separation_level": "none", "street_classification": "residential", "maxspeed_int": null}, "geometry": {"type": "LineString", "coordinates": [[-71.043853, 42.419436], [-71.044289, 42.419644], [-71.044334, 42.419666], [-71.044373, 42.419684], [-71.04449, 42.419543]]}}, {"type": "Feature", "properties": {"name": "Golden Age Circle", "separation_level": "none", "street_classification": "residential", "maxspeed_int": 20.0}, "geometry": {"type": "LineString", "coordinates": [[-71.043977, 42.405006], [-71.043872, 42.405229], [-71.043862, 42.405251], [-71.043839, 42.405301], [-71.043743, 42.405275]]}}, {"type": "Feature", "properties": {"name": "Golden Age Circle", "separation_level": "none", "street_classification": "residential", "maxspeed_int": 20.0}, "geometry": {"type": "LineString", "coordinates": [[-71.043977, 42.405006], [-71.043988, 42.405008], [-71.043999, 42.405008], [-71.044011, 42.405007], [-71.044022, 42.405005], [-71.044031, 42.405001], [-71.04404, 42.404996], [-71.044048, 42.40499], [-71.044054, 42.404983], [-71.044059, 42.404975], [-71.044061, 42.404967], [-71.044062, 42.404959], [-71.044061, 42.404951], [-71.044057, 42.404943], [-71.044052, 42.404935], [-71.044045, 42.404929], [-71.044037, 42.404923], [-71.044028, 42.404918], [-71.044017, 42.404915], [-71.044006, 42.404913], [-71.043995, 42.404913], [-71.043984, 42.404914], [-71.043973, 42.404916], [-71.043963, 42.40492], [-71.043954, 42.404925], [-71.043947, 42.404931], [-71.04394, 42.404938], [-71.043936, 42.404946], [-71.043933, 42.404954], [-71.043933, 42.404962], [-71.043934, 42.40497], [-71.043937, 42.404978], [-71.043943, 42.404986], [-71.043949, 42.404992], [-71.043957, 42.404998], [-71.043967, 42.405002], [-71.043977, 42.405006]]}}, {"type": "Feature", "properties": {"name": "Golden Age Circle", "separation_level": "none", "street_classification": "residential", "maxspeed_int": 20.0}, "geometry": {"type": "LineString", "coordinates": [[-71.043977, 42.405006], [-71.043967, 42.405002], [-71.043957, 42.404998], [-71.043949, 42.404992], [-71.043943, 42.404986], [-71.043937, 42.404978], [-71.043934, 42.40497], [-71.043933, 42.404962], [-71.043933, 42.404954], [-71.043936, 42.404946], [-71.04394, 42.404938], [-71.043947, 42.404931], [-71.043954, 42.404925], [-71.043963, 42.40492], [-71.043973, 42.404916], [-71.043984, 42.404914], [-71.043995, 42.404913], [-71.044006, 42.404913], [-71.044017, 42.404915], [-71.044028, 42.404918], [-71.044037, 42.404923], [-71.044045, 42.404929], [-71.044052, 42.404935], [-71.044057, 42.404943], [-71.044061, 42.404951], [-71.044062, 42.404959], [-71.044061, 42.404967], [-71.044059, 42.404975], [-71.044054, 42.404983], [-71.044048, 42.40499], [-71.04404, 42.404996], [-71.044031, 42.405001], [-71.044022, 42.405005], [-71.044011, 42.405007], [-71.043999, 42.405008], [-71.043988, 42.405008], [-71.043977, 42.405006]]}}, {"type": "Feature", "properties": {"name": "Union Street", "separation_level": "none", "street_classification": "medium-capacity", "maxspeed_int": null}, "geometry": {"type": "LineString", "coordinates": [[-71.043743, 42.405275], [-71.043839, 42.405301], [-71.044319, 42.405424], [-71.044383, 42.40544]]}}, {"type": "Feature", "properties": {"name": "Union Street", "separation_level": "none", "street_classification": "medium-capacity", "maxspeed_int": null}, "geometry": {"type": "LineString", "coordinates": [[-71.044383, 42.40544], [-71.04446, 42.40546], [-71.045271, 42.405666], [-71.045331, 42.405682]]}}, {"type": "Feature", "properties": {"name": "Florence Street", "separation_level": "none", "street_classification": "residential", "maxspeed_int": 20.0}, "geometry": {"type": "LineString", "coordinates": [[-71.044383, 42.40544], [-71.044358, 42.405493], [-71.043132, 42.408149], [-71.043121, 42.408172], [-71.043091, 42.408238]]}}, {"type": "Feature", "properties": {"name": "Vine Street", "separation_level": "none", "street_classification": "residential", "maxspeed_int": 20.0}, "geometry": {"type": "LineString", "coordinates": [[-71.046277, 42.405923], [-71.046299, 42.405876], [-71.046778, 42.404845], [-71.047281, 42.403759]]}}, {"type": "Feature", "properties": {"name": "Union Street", "separation_level": "none", "street_classification": "medium-capacity", "maxspeed_int": null}, "geometry": {"type": "LineString", "coordinates": [[-71.046277, 42.405923], [-71.04622, 42.405908], [-71.045393, 42.405697], [-71.045331, 42.405682]]}}, {"type": "Feature", "properties": {"name": "Vine Street", "separation_level": "none", "street_classification": "residential", "maxspeed_int": 20.0}, "geometry": {"type": "LineString", "coordinates": [[-71.046277, 42.405923], [-71.046255, 42.405971], [-71.045175, 42.408304], [-71.045164, 42.408326], [-71.045139, 42.408382], [-71.045204, 42.408385]]}}, {"type": "Feature", "properties": {"name": "Vine Street", "separation_level": "none", "street_classification": "residential", "maxspeed_int": 20.0}, "geometry": {"type": "LineString", "coordinates": [[-71.047281, 42.403759], [-71.047404, 42.403494], [-71.04741, 42.403477], [-71.04742, 42.403459], [-71.047434, 42.403433], [-71.04745, 42.40341], [-71.047467, 42.403389], [-71.047488, 42.403367], [-71.047441, 42.403344]]}}, {"type": "Feature", "properties": {"name": null, "separation_level": "none", "street_classification": "residential", "maxspeed_int": null}, "geometry": {"type": "LineString", "coordinates": [[-71.047281, 42.403759], [-71.046882, 42.403655], [-71.046875, 42.403653], [-71.04687, 42.403649], [-71.046865, 42.403646], [-71.046861, 42.403641], [-71.046859, 42.403636], [-71.046858, 42.403631], [-71.046858, 42.403626], [-71.046859, 42.403621], [-71.046885, 42.403565], [-71.046887, 42.403558], [-71.046888, 42.40355], [-71.046888, 42.403543], [-71.046887, 42.403536], [-71.046865, 42.403467], [-71.046864, 42.40346], [-71.046864, 42.403453], [-71.046865, 42.403446], [-71.046867, 42.403439], [-71.046876, 42.403419], [-71.046877, 42.403415], [-71.046878, 42.403411], [-71.046879, 42.403406], [-71.046879, 42.403402], [-71.046879, 42.403357], [-71.046878, 42.403348], [-71.046874, 42.403339], [-71.046868, 42.403331], [-71.046859, 42.403324], [-71.046849, 42.403318], [-71.046838, 42.403314], [-71.046826, 42.40331], [-71.046815, 42.403304], [-71.046806, 42.403296], [-71.0468, 42.403287], [-71.046797, 42.403277], [-71.046797, 42.403267], [-71.046799, 42.403255], [-71.046811, 42.403184]]}}, {"type": "Feature", "properties": {"name": "Irving Street", "separation_level": "none", "street_classification": "residential", "maxspeed_int": 20.0}, "geometry": {"type": "LineString", "coordinates": [[-71.045331, 42.405682], [-71.045352, 42.405636], [-71.046152, 42.403917]]}}, {"type": "Feature", "properties": {"name": "Ferry Street", "separation_level": "lane", "street_classification": "medium-capacity", "maxspeed_int": null}, "geometry": {"type": "LineString", "coordinates": [[-71.047036, 42.406571], [-71.046806, 42.407053], [-71.04678, 42.407111]]}}, {"type": "Feature", "properties": {"name": "George Street", "separation_level": "none", "street_classification": "residential", "maxspeed_int": 20.0}, "geometry": {"type": "LineString", "coordinates": [[-71.047036, 42.406571], [-71.049006, 42.407034]]}}, {"type": "Feature", "properties": {"name": "Chelsea Street", "separation_level": "lane", "street_classification": "medium-capacity", "maxspeed_int": 30.0}, "geometry": {"type": "LineString", "coordinates": [[-71.046811, 42.403184], [-71.046498, 42.403147]]}}, {"type": "Feature", "properties": {"name": "Chelsea Street", "separation_level": "lane", "street_classification": "medium-capacity", "maxspeed_int": 30.0}, "geometry": {"type": "LineString", "coordinates": [[-71.046811, 42.403184], [-71.046909, 42.403196], [-71.046998, 42.403209], [-71.047078, 42.403223], [-71.047147, 42.403239]]}}, {"type": "Feature", "properties": {"name": "Irving Street", "separation_level": "none", "street_classification": "residential", "maxspeed_int": 20.0}, "geometry": {"type": "LineString", "coordinates": [[-71.046152, 42.403917], [-71.046246, 42.403716]]}}, {"type": "Feature", "properties": {"name": null, "separation_level": "none", "street_classification": "residential", "maxspeed_int": null}, "geometry": {"type": "LineString", "coordinates": [[-71.046152, 42.403917], [-71.046477, 42.403999], [-71.046484, 42.404], [-71.046491, 42.404001], [-71.046498, 42.404], [-71.046505, 42.403998], [-71.046511, 42.403995], [-71.046516, 42.403991], [-71.04652, 42.403987], [-71.046523, 42.403982], [-71.046591, 42.403833], [-71.046593, 42.403828], [-71.046593, 42.403823], [-71.046592, 42.403818], [-71.04659, 42.403813], [-71.046586, 42.403809], [-71.046581, 42.403805], [-71.046575, 42.403802], [-71.046569, 42.403799], [-71.046246, 42.403716]]}}, {"type": "Feature", "properties": {"name": "Broadway", "separation_level": "lane", "street_classification": "medium-capacity", "maxspeed_int": null}, "geometry": {"type": "LineString", "coordinates": [[-71.054184, 42.408504], [-71.054162, 42.408525], [-71.054113, 42.408578], [-71.054005, 42.408695], [-71.053998, 42.408702], [-71.053977, 42.408724]]}}, {"type": "Feature", "properties": {"name": "Broadway", "separation_level": "lane", "street_classification": "medium-capacity", "maxspeed_int": null}, "geometry": {"type": "LineString", "coordinates": [[-71.054184, 42.408504], [-71.054205, 42.408483], [-71.054249, 42.40844], [-71.054292, 42.408392], [-71.054577, 42.408082], [-71.054677, 42.40796], [-71.054741, 42.407894]]}}, {"type": "Feature", "properties": {"name": "Main Street", "separation_level": "none", "street_classification": "medium-capacity", "maxspeed_int": null}, "geometry": {"type": "LineString", "coordinates": [[-71.060561, 42.403131], [-71.060589, 42.403157], [-71.060618, 42.403183], [-71.060643, 42.403207], [-71.060668, 42.403233], [-71.060692, 42.403259], [-71.060717, 42.403285], [-71.060739, 42.403309]]}}, {"type": "Feature", "properties": {"name": null, "separation_level": "separate", "street_classification": "dedicated_path", "maxspeed_int": null}, "geometry": {"type": "LineString", "coordinates": [[-71.060561, 42.403131], [-71.060627, 42.403117], [-71.060828, 42.40307], [-71.060882, 42.403075], [-71.060925, 42.40308]]}}, {"type": "Feature", "properties": {"name": "Main Street", "separation_level": "none", "street_classification": "medium-capacity", "maxspeed_int": null}, "geometry": {"type": "LineString", "coordinates": [[-71.060739, 42.403309], [-71.060762, 42.403338], [-71.060994, 42.403629], [-71.061015, 42.403652], [-71.061045, 42.403679], [-71.061088, 42.40371]]}}, {"type": "Feature", "properties": {"name": "School Street", "separation_level": "none", "street_classification": "medium-capacity", "maxspeed_int": null}, "geometry": {"type": "LineString", "coordinates": [[-71.060739, 42.403309], [-71.060715, 42.403321], [-71.060691, 42.403334], [-71.060669, 42.403347], [-71.060644, 42.403363], [-71.059978, 42.403864]]}}, {"type": "Feature", "properties": {"name": "Main Street", "separation_level": "none", "street_classification": "medium-capacity", "maxspeed_int": null}, "geometry": {"type": "LineString", "coordinates": [[-71.060925, 42.40308], [-71.060882, 42.403075], [-71.060888, 42.403051], [-71.060895, 42.403025], [-71.060903, 42.403004], [-71.060915, 42.402978], [-71.060928, 42.402953], [-71.060944, 42.402928], [-71.060972, 42.402866], [-71.061005, 42.402843]]}}, {"type": "Feature", "properties": {"name": null, "separation_level": "separate", "street_classification": "dedicated_path", "maxspeed_int": null}, "geometry": {"type": "LineString", "coordinates": [[-71.060925, 42.40308], [-71.060967, 42.403084], [-71.060976, 42.403061], [-71.060988, 42.403039], [-71.061005, 42.403014], [-71.061038, 42.402976], [-71.061075, 42.402938], [-71.061107, 42.402908], [-71.061142, 42.402877], [-71.061173, 42.402852], [-71.061209, 42.402822], [-71.06125, 42.402795], [-71.061293, 42.402772], [-71.061335, 42.402752], [-71.061378, 42.402734], [-71.061412, 42.402719], [-71.061445, 42.402708], [-71.061484, 42.402698], [-71.06152, 42.402691], [-71.061551, 42.402688], [-71.06159, 42.402683], [-71.061711, 42.402653]]}}, {"type": "Feature", "properties": {"name": "School Street", "separation_level": "none", "street_classification": "medium-capacity", "maxspeed_int": null}, "geometry": {"type": "LineString", "coordinates": [[-71.059978, 42.403864], [-71.059437, 42.404272]]}}, {"type": "Feature", "properties": {"name": "Krystyl K. Poirier Memorial Roadway", "separation_level": "separate", "street_classification": "residential", "maxspeed_int": null}, "geometry": {"type": "LineString", "coordinates": [[-71.061005, 42.402843], [-71.061037, 42.402821], [-71.061131, 42.402777], [-71.061201, 42.402745], [-71.061249, 42.402724], [-71.061291, 42.402708], [-71.061334, 42.402694], [-71.06137, 42.402682], [-71.061404, 42.402672], [-71.061442, 42.402665], [-71.061482, 42.402659], [-71.061523, 42.402655], [-71.061565, 42.402652], [-71.061607, 42.402651], [-71.061652, 42.402652], [-71.061711, 42.402653]]}}, {"type": "Feature", "properties": {"name": "Sweetser Circle", "separation_level": "none", "street_classification": "medium-capacity", "maxspeed_int": null}, "geometry": {"type": "LineString", "coordinates": [[-71.061005, 42.402843], [-71.061037, 42.402821], [-71.061068, 42.402796], [-71.061091, 42.402775], [-71.061115, 42.402751], [-71.061131, 42.402733], [-71.061148, 42.402712], [-71.061165, 42.402688], [-71.061191, 42.402646], [-71.061212, 42.402602], [-71.061228, 42.402554], [-71.061239, 42.402505], [-71.061243, 42.402459], [-71.061242, 42.402415], [-71.061235, 42.402366], [-71.061222, 42.402316], [-71.061203, 42.40227], [-71.06118, 42.402226], [-71.061164, 42.402203]]}}, {"type": "Feature", "properties": {"name": "Krystyl K. Poirier Memorial Roadway", "separation_level": "track", "street_classification": "residential", "maxspeed_int": null}, "geometry": {"type": "LineString", "coordinates": [[-71.061711, 42.402653], [-71.0623, 42.402664], [-71.062207, 42.402652]]}}, {"type": "Feature", "properties": {"name": "Waverly Street", "separation_level": "none", "street_classification": "residential", "maxspeed_int": 20.0}, "geometry": {"type": "LineString", "coordinates": [[-71.054281, 42.412415], [-71.054746, 42.412081], [-71.055442, 42.41158], [-71.055948, 42.411209], [-71.056427, 42.410863], [-71.056747, 42.410652], [-71.057149, 42.410482]]}}, {"type": "Feature", "properties": {"name": "Upland Road", "separation_level": "none", "street_classification": "residential", "maxspeed_int": 20.0}, "geometry": {"type": "LineString", "coordinates": [[-71.054273, 42.413478], [-71.054987, 42.414005]]}}, {"type": "Feature", "properties": {"name": "Glendale Street", "separation_level": "none", "street_classification": "medium-capacity", "maxspeed_int": null}, "geometry": {"type": "LineString", "coordinates": [[-71.054273, 42.413478], [-71.053962, 42.413695], [-71.05343, 42.414099], [-71.053373, 42.414141]]}}, {"type": "Feature", "properties": {"name": "Vernal Street", "separation_level": "none", "street_classification": "residential", "maxspeed_int": 20.0}, "geometry": {"type": "LineString", "coordinates": [[-71.054987, 42.414005], [-71.05532, 42.413772]]}}, {"type": "Feature", "properties": {"name": "Glendale Street", "separation_level": "none", "street_classification": "medium-capacity", "maxspeed_int": null}, "geometry": {"type": "LineString", "coordinates": [[-71.053373, 42.414141], [-71.053315, 42.414183], [-71.05301, 42.414384], [-71.052935, 42.414442]]}}, {"type": "Feature", "properties": {"name": "Vale Street", "separation_level": "none", "street_classification": "residential", "maxspeed_int": null}, "geometry": {"type": "LineString", "coordinates": [[-71.043863, 42.400676], [-71.043849, 42.40067], [-71.043634, 42.400454], [-71.043618, 42.400438], [-71.04326, 42.400095]]}}, {"type": "Feature", "properties": {"name": null, "separation_level": "separate", "street_classification": "dedicated_path", "maxspeed_int": null}, "geometry": {"type": "LineString", "coordinates": [[-71.043863, 42.400676], [-71.043929, 42.400616], [-71.043392, 42.400094], [-71.04326, 42.400095]]}}, {"type": "Feature", "properties": {"name": "Spalding Street", "separation_level": "none", "street_classification": "residential", "maxspeed_int": 20.0}, "geometry": {"type": "LineString", "coordinates": [[-71.061473, 42.402942], [-71.062018, 42.40291]]}}, {"type": "Feature", "properties": {"name": null, "separation_level": "none", "street_classification": "residential", "maxspeed_int": null}, "geometry": {"type": "LineString", "coordinates": [[-71.061473, 42.402942], [-71.061477, 42.402982], [-71.061508, 42.403218], [-71.061775, 42.403209], [-71.061823, 42.403223], [-71.061842, 42.403249], [-71.06186, 42.403296], [-71.0622, 42.403282], [-71.062309, 42.403264], [-71.062321, 42.403224], [-71.062305, 42.403004], [-71.062301, 42.402949]]}}, {"type": "Feature", "properties": {"name": "Spalding Street", "separation_level": "none", "street_classification": "residential", "maxspeed_int": 20.0}, "geometry": {"type": "LineString", "coordinates": [[-71.062018, 42.40291], [-71.062297, 42.402895], [-71.062301, 42.402949]]}}, {"type": "Feature", "properties": {"name": null, "separation_level": "none", "street_classification": "residential", "maxspeed_int": null}, "geometry": {"type": "LineString", "coordinates": [[-71.062018, 42.40291], [-71.062022, 42.40295], [-71.062027, 42.402981], [-71.062051, 42.403008], [-71.062098, 42.403016], [-71.062305, 42.403004], [-71.062301, 42.402949]]}}, {"type": "Feature", "properties": {"name": "Norman Street", "separation_level": "none", "street_classification": "residential", "maxspeed_int": null}, "geometry": {"type": "LineString", "coordinates": [[-71.064351, 42.405835], [-71.064243, 42.405897], [-71.064215, 42.405927], [-71.064201, 42.405969], [-71.064198, 42.406048], [-71.064207, 42.406076]]}}, {"type": "Feature", "properties": {"name": null, "separation_level": "none", "street_classification": "dedicated_path", "maxspeed_int": null}, "geometry": {"type": "LineString", "coordinates": [[-71.064351, 42.405835], [-71.064031, 42.405886], [-71.064044, 42.405921], [-71.064082, 42.406008], [-71.064077, 42.406069], [-71.064037, 42.406077]]}}, {"type": "Feature", "properties": {"name": "Norman Street", "separation_level": "shared_lane", "street_classification": "residential", "maxspeed_int": 20.0}, "geometry": {"type": "LineString", "coordinates": [[-71.065156, 42.405895], [-71.065141, 42.405823], [-71.065585, 42.405816]]}}, {"type": "Feature", "properties": {"name": null, "separation_level": "none", "street_classification": "residential", "maxspeed_int": null}, "geometry": {"type": "LineString", "coordinates": [[-71.065156, 42.405895], [-71.065171, 42.405968], [-71.064207, 42.406076]]}}, {"type": "Feature", "properties": {"name": "Northern Strand Community Trail", "separation_level": "separate", "street_classification": "dedicated_path", "maxspeed_int": null}, "geometry": {"type": "LineString", "coordinates": [[-71.064037, 42.406077], [-71.064095, 42.406217], [-71.064116, 42.406265], [-71.06414, 42.406323], [-71.064181, 42.406423], [-71.064198, 42.406465], [-71.06426, 42.406615], [-71.064296, 42.406704], [-71.064337, 42.406795], [-71.064373, 42.406864]]}}, {"type": "Feature", "properties": {"name": "Norman Street", "separation_level": "lane", "street_classification": "residential", "maxspeed_int": 20.0}, "geometry": {"type": "LineString", "coordinates": [[-71.065585, 42.405816], [-71.066137, 42.405807], [-71.066671, 42.4058], [-71.066699, 42.405799]]}}, {"type": "Feature", "properties": {"name": "Air Force Road", "separation_level": "none", "street_classification": "residential", "maxspeed_int": null}, "geometry": {"type": "LineString", "coordinates": [[-71.065585, 42.405816], [-71.065613, 42.406315], [-71.06562, 42.406649], [-71.065611, 42.406718], [-71.065583, 42.40681], [-71.065549, 42.406881]]}}, {"type": "Feature", "properties": {"name": "Woodlawn Street", "separation_level": "none", "street_classification": "medium-capacity", "maxspeed_int": null}, "geometry": {"type": "LineString", "coordinates": [[-71.043414, 42.409], [-71.04365, 42.408572]]}}, {"type": "Feature", "properties": {"name": "Woodlawn Street", "separation_level": "none", "street_classification": "medium-capacity", "maxspeed_int": null}, "geometry": {"type": "LineString", "coordinates": [[-71.04365, 42.408572], [-71.043761, 42.408373], [-71.043764, 42.408366], [-71.043772, 42.408349], [-71.043782, 42.408324], [-71.043791, 42.40829]]}}, {"type": "Feature", "properties": {"name": "Nichols Street", "separation_level": "none", "street_classification": "medium-capacity", "maxspeed_int": null}, "geometry": {"type": "LineString", "coordinates": [[-71.043791, 42.40829], [-71.044116, 42.408312]]}}, {"type": "Feature", "properties": {"name": "Bucknam Street", "separation_level": "none", "street_classification": "medium-capacity", "maxspeed_int": null}, "geometry": {"type": "LineString", "coordinates": [[-71.061937, 42.414552], [-71.062086, 42.414969]]}}, {"type": "Feature", "properties": {"name": null, "separation_level": "none", "street_classification": "residential", "maxspeed_int": null}, "geometry": {"type": "LineString", "coordinates": [[-71.061937, 42.414552], [-71.061734, 42.414591], [-71.061537, 42.41454], [-71.061434, 42.414403], [-71.061314, 42.414379], [-71.061051, 42.414491]]}}, {"type": "Feature", "properties": {"name": null, "separation_level": "none", "street_classification": "residential", "maxspeed_int": null}, "geometry": {"type": "LineString", "coordinates": [[-71.062958, 42.398028], [-71.062775, 42.398187], [-71.062849, 42.398225]]}}, {"type": "Feature", "properties": {"name": "Westover Street", "separation_level": "none", "street_classification": "medium-capacity", "maxspeed_int": null}, "geometry": {"type": "LineString", "coordinates": [[-71.045418, 42.422054], [-71.04571, 42.422282], [-71.045978, 42.422491]]}}, {"type": "Feature", "properties": {"name": "Westover Street", "separation_level": "none", "street_classification": "medium-capacity", "maxspeed_int": null}, "geometry": {"type": "LineString", "coordinates": [[-71.045418, 42.422054], [-71.045107, 42.421817], [-71.044924, 42.421674], [-71.044905, 42.421658], [-71.044856, 42.421617], [-71.044915, 42.421576]]}}, {"type": "Feature", "properties": {"name": "Porter Street", "separation_level": "none", "street_classification": "residential", "maxspeed_int": 20.0}, "geometry": {"type": "LineString", "coordinates": [[-71.044915, 42.421576], [-71.044973, 42.421534], [-71.044914, 42.421505], [-71.04381, 42.420979], [-71.043759, 42.420954], [-71.043716, 42.420934]]}}, {"type": "Feature", "properties": {"name": "Harrison Avenue", "separation_level": "none", "street_classification": "residential", "maxspeed_int": 20.0}, "geometry": {"type": "LineString", "coordinates": [[-71.057234, 42.415498], [-71.058146, 42.416141], [-71.058079, 42.416195]]}}, {"type": "Feature", "properties": {"name": "Highland Avenue", "separation_level": "none", "street_classification": "residential", "maxspeed_int": 20.0}, "geometry": {"type": "LineString", "coordinates": [[-71.057234, 42.415498], [-71.057441, 42.415321]]}}, {"type": "Feature", "properties": {"name": "Bradford Street", "separation_level": "none", "street_classification": "residential", "maxspeed_int": 20.0}, "geometry": {"type": "LineString", "coordinates": [[-71.058079, 42.416195], [-71.058011, 42.416249], [-71.057783, 42.416432], [-71.057501, 42.416666]]}}, {"type": "Feature", "properties": {"name": "Bradford Street", "separation_level": "none", "street_classification": "residential", "maxspeed_int": 20.0}, "geometry": {"type": "LineString", "coordinates": [[-71.057501, 42.416666], [-71.057307, 42.416826], [-71.057067, 42.417027]]}}, {"type": "Feature", "properties": {"name": "Oliver Street", "separation_level": "none", "street_classification": "residential", "maxspeed_int": 20.0}, "geometry": {"type": "LineString", "coordinates": [[-71.049095, 42.406548], [-71.049006, 42.407034]]}}, {"type": "Feature", "properties": {"name": "Church Street", "separation_level": "none", "street_classification": "medium-capacity", "maxspeed_int": null}, "geometry": {"type": "LineString", "coordinates": [[-71.054741, 42.407894], [-71.054801, 42.407902], [-71.054851, 42.407909], [-71.054867, 42.407919], [-71.05493, 42.407959], [-71.055197, 42.408294], [-71.055229, 42.408335]]}}, {"type": "Feature", "properties": {"name": "Bolster Street", "separation_level": "none", "street_classification": "residential", "maxspeed_int": 20.0}, "geometry": {"type": "LineString", "coordinates": [[-71.050296, 42.417903], [-71.05024, 42.417966], [-71.049438, 42.418568], [-71.048674, 42.419142], [-71.048583, 42.419207], [-71.04861, 42.419225]]}}, {"type": "Feature", "properties": {"name": "Vernal Street", "separation_level": "none", "street_classification": "residential", "maxspeed_int": 20.0}, "geometry": {"type": "LineString", "coordinates": [[-71.050334, 42.417458], [-71.05045, 42.417367], [-71.050519, 42.417313]]}}, {"type": "Feature", "properties": {"name": "Vernal Street", "separation_level": "none", "street_classification": "residential", "maxspeed_int": 20.0}, "geometry": {"type": "LineString", "coordinates": [[-71.050519, 42.417313], [-71.052344, 42.415941]]}}, {"type": "Feature", "properties": {"name": "Malden Street", "separation_level": "none", "street_classification": "medium-capacity", "maxspeed_int": null}, "geometry": {"type": "LineString", "coordinates": [[-71.041439, 42.403918], [-71.041646, 42.403423]]}}, {"type": "Feature", "properties": {"name": "Revere Beach Parkway", "separation_level": "none", "street_classification": "motorway", "maxspeed_int": 35.0}, "geometry": {"type": "LineString", "coordinates": [[-71.049663, 42.402564], [-71.049647, 42.402644], [-71.048916, 42.402556]]}}, {"type": "Feature", "properties": {"name": "Revere Beach Parkway", "separation_level": "none", "street_classification": "motorway", "maxspeed_int": 35.0}, "geometry": {"type": "LineString", "coordinates": [[-71.048916, 42.402556], [-71.047775, 42.402418], [-71.047626, 42.4024], [-71.047672, 42.40236]]}}, {"type": "Feature", "properties": {"name": null, "separation_level": "none", "street_classification": "residential", "maxspeed_int": null}, "geometry": {"type": "LineString", "coordinates": [[-71.048916, 42.402556], [-71.04893, 42.402493], [-71.048964, 42.402346]]}}, {"type": "Feature", "properties": {"name": null, "separation_level": "none", "street_classification": "residential", "maxspeed_int": null}, "geometry": {"type": "LineString", "coordinates": [[-71.048964, 42.402346], [-71.048459, 42.402293], [-71.048441, 42.402283], [-71.048444, 42.40227], [-71.04845, 42.402256], [-71.048458, 42.402243], [-71.048471, 42.40223], [-71.048491, 42.402219], [-71.048513, 42.402209], [-71.048741, 42.402133], [-71.048775, 42.402123], [-71.048815, 42.402116], [-71.048854, 42.402112], [-71.048903, 42.40211], [-71.048948, 42.402111], [-71.048987, 42.402116], [-71.049032, 42.402126]]}}, {"type": "Feature", "properties": {"name": null, "separation_level": "none", "street_classification": "residential", "maxspeed_int": null}, "geometry": {"type": "LineString", "coordinates": [[-71.048964, 42.402346], [-71.048988, 42.402241], [-71.048996, 42.402215], [-71.049008, 42.402183], [-71.049032, 42.402126]]}}, {"type": "Feature", "properties": {"name": "Nichols Street", "separation_level": "none", "street_classification": "medium-capacity", "maxspeed_int": null}, "geometry": {"type": "LineString", "coordinates": [[-71.042245, 42.408015], [-71.042507, 42.40811]]}}, {"type": "Feature", "properties": {"name": "Chatham Road", "separation_level": "none", "street_classification": "residential", "maxspeed_int": 20.0}, "geometry": {"type": "LineString", "coordinates": [[-71.042245, 42.408015], [-71.042274, 42.407955], [-71.043603, 42.405337], [-71.043615, 42.405312], [-71.043647, 42.40525], [-71.043743, 42.405275]]}}, {"type": "Feature", "properties": {"name": "Nichols Street", "separation_level": "none", "street_classification": "medium-capacity", "maxspeed_int": null}, "geometry": {"type": "LineString", "coordinates": [[-71.043091, 42.408238], [-71.043442, 42.408266], [-71.043791, 42.40829]]}}, {"type": "Feature", "properties": {"name": "Winthrop Road", "separation_level": "none", "street_classification": "residential", "maxspeed_int": 20.0}, "geometry": {"type": "LineString", "coordinates": [[-71.034513, 42.413203], [-71.034144, 42.412952]]}}, {"type": "Feature", "properties": {"name": "Duncan Road", "separation_level": "none", "street_classification": "residential", "maxspeed_int": 20.0}, "geometry": {"type": "LineString", "coordinates": [[-71.034513, 42.413203], [-71.034444, 42.413258], [-71.03419, 42.413457]]}}, {"type": "Feature", "properties": {"name": null, "separation_level": "none", "street_classification": "dedicated_path", "maxspeed_int": null}, "geometry": {"type": "LineString", "coordinates": [[-71.045256, 42.403141], [-71.045254, 42.403162], [-71.04523, 42.403192], [-71.045203, 42.403212], [-71.045174, 42.403232], [-71.045139, 42.403248], [-71.045121, 42.403261], [-71.045111, 42.403273], [-71.045101, 42.40329], [-71.04509, 42.403306], [-71.045072, 42.403319], [-71.045049, 42.403328], [-71.045025, 42.403336], [-71.045004, 42.403338], [-71.044982, 42.403337], [-71.044955, 42.403332], [-71.044932, 42.403323], [-71.044903, 42.403307], [-71.044887, 42.403292], [-71.044765, 42.403205]]}}, {"type": "Feature", "properties": {"name": null, "separation_level": "none", "street_classification": "dedicated_path", "maxspeed_int": null}, "geometry": {"type": "LineString", "coordinates": [[-71.045256, 42.403141], [-71.045218, 42.40313], [-71.045138, 42.403144], [-71.045068, 42.403159], [-71.045047, 42.403165], [-71.04502, 42.403156], [-71.045005, 42.403154], [-71.044991, 42.403155], [-71.044975, 42.403157], [-71.044963, 42.40316], [-71.044765, 42.403205]]}}, {"type": "Feature", "properties": {"name": "Cabot Street", "separation_level": "none", "street_classification": "residential", "maxspeed_int": 20.0}, "geometry": {"type": "LineString", "coordinates": [[-71.054183, 42.40421], [-71.05466, 42.403729]]}}, {"type": "Feature", "properties": {"name": "Oliver Street", "separation_level": "none", "street_classification": "residential", "maxspeed_int": 20.0}, "geometry": {"type": "LineString", "coordinates": [[-71.049006, 42.407034], [-71.048907, 42.407574]]}}, {"type": "Feature", "properties": {"name": null, "separation_level": "none", "street_classification": "residential", "maxspeed_int": null}, "geometry": {"type": "LineString", "coordinates": [[-71.062579, 42.400809], [-71.062545, 42.400845], [-71.061927, 42.400542], [-71.061839, 42.400643], [-71.061811, 42.400671], [-71.06169, 42.400783], [-71.06164, 42.400829]]}}, {"type": "Feature", "properties": {"name": null, "separation_level": "none", "street_classification": "residential", "maxspeed_int": null}, "geometry": {"type": "LineString", "coordinates": [[-71.062579, 42.400809], [-71.062545, 42.400845], [-71.062523, 42.400866], [-71.062514, 42.400882], [-71.062502, 42.400897], [-71.062389, 42.401013], [-71.062369, 42.401028], [-71.062336, 42.401044], [-71.062317, 42.401058], [-71.062218, 42.401165], [-71.062202, 42.401178], [-71.062184, 42.401187], [-71.062159, 42.401195], [-71.061951, 42.401241], [-71.061925, 42.401243], [-71.061895, 42.401244], [-71.061861, 42.40124], [-71.061824, 42.40123], [-71.061645, 42.401145]]}}, {"type": "Feature", "properties": {"name": "Charlton Street", "separation_level": "none", "street_classification": "residential", "maxspeed_int": 20.0}, "geometry": {"type": "LineString", "coordinates": [[-71.062579, 42.400809], [-71.062614, 42.400773], [-71.062794, 42.400585]]}}, {"type": "Feature", "properties": {"name": null, "separation_level": "none", "street_classification": "residential", "maxspeed_int": null}, "geometry": {"type": "LineString", "coordinates": [[-71.06164, 42.400829], [-71.06167, 42.400851], [-71.061698, 42.400878], [-71.061714, 42.400908], [-71.061723, 42.400939], [-71.061727, 42.40097], [-71.061726, 42.401001], [-71.06172, 42.40103], [-71.061706, 42.40106], [-71.061684, 42.401091], [-71.061645, 42.401145]]}}, {"type": "Feature", "properties": {"name": null, "separation_level": "none", "street_classification": "residential", "maxspeed_int": null}, "geometry": {"type": "LineString", "coordinates": [[-71.06164, 42.400829], [-71.061496, 42.400746], [-71.061436, 42.400712]]}}, {"type": "Feature", "properties": {"name": "Charlton Street", "separation_level": "none", "street_classification": "residential", "maxspeed_int": 20.0}, "geometry": {"type": "LineString", "coordinates": [[-71.062794, 42.400585], [-71.063, 42.40036]]}}, {"type": "Feature", "properties": {"name": null, "separation_level": "none", "street_classification": "residential", "maxspeed_int": null}, "geometry": {"type": "LineString", "coordinates": [[-71.062794, 42.400585], [-71.063051, 42.400691], [-71.063248, 42.400638], [-71.063272, 42.400546], [-71.063215, 42.400444], [-71.063, 42.40036]]}}, {"type": "Feature", "properties": {"name": "Broadway", "separation_level": "lane", "street_classification": "medium-capacity", "maxspeed_int": null}, "geometry": {"type": "LineString", "coordinates": [[-71.061436, 42.400712], [-71.061492, 42.400652], [-71.061536, 42.400599], [-71.061572, 42.400549], [-71.061612, 42.400486]]}}, {"type": "Feature", "properties": {"name": "Broadway", "separation_level": "separate", "street_classification": "dedicated_path", "maxspeed_int": null}, "geometry": {"type": "LineString", "coordinates": [[-71.061436, 42.400712], [-71.061521, 42.400691], [-71.061672, 42.400541], [-71.061842, 42.400373], [-71.062063, 42.400162], [-71.06217, 42.400051], [-71.062243, 42.399974], [-71.062206, 42.399955]]}}, {"type": "Feature", "properties": {"name": "Derne Street", "separation_level": "none", "street_classification": "residential", "maxspeed_int": 20.0}, "geometry": {"type": "LineString", "coordinates": [[-71.049201, 42.409781], [-71.049895, 42.410315]]}}, {"type": "Feature", "properties": {"name": "Prospect Street", "separation_level": "none", "street_classification": "residential", "maxspeed_int": 20.0}, "geometry": {"type": "LineString", "coordinates": [[-71.049201, 42.409781], [-71.049253, 42.409736], [-71.049558, 42.409502], [-71.04965, 42.409403], [-71.049697, 42.409326], [-71.049698, 42.409232], [-71.0497, 42.409148], [-71.049701, 42.40904], [-71.049719, 42.408878], [-71.049627, 42.40882]]}}, {"type": "Feature", "properties": {"name": "Lexington Park", "separation_level": "none", "street_classification": "residential", "maxspeed_int": 20.0}, "geometry": {"type": "LineString", "coordinates": [[-71.049895, 42.410315], [-71.049218, 42.410757], [-71.04927, 42.410793]]}}, {"type": "Feature", "properties": {"name": "Derne Street", "separation_level": "none", "street_classification": "residential", "maxspeed_int": null}, "geometry": {"type": "LineString", "coordinates": [[-71.049895, 42.410315], [-71.050072, 42.410452], [-71.050135, 42.410453], [-71.050221, 42.410392], [-71.050244, 42.410372]]}}, {"type": "Feature", "properties": {"name": "Lexington Street", "separation_level": "none", "street_classification": "residential", "maxspeed_int": 20.0}, "geometry": {"type": "LineString", "coordinates": [[-71.04927, 42.410793], [-71.049218, 42.410757], [-71.048954, 42.410571]]}}, {"type": "Feature", "properties": {"name": "High Street", "separation_level": "none", "street_classification": "medium-capacity", "maxspeed_int": null}, "geometry": {"type": "LineString", "coordinates": [[-71.052162, 42.410676], [-71.052135, 42.410656], [-71.052082, 42.410619], [-71.051835, 42.410437], [-71.051786, 42.410401]]}}, {"type": "Feature", "properties": {"name": "Broadway", "separation_level": "lane", "street_classification": "medium-capacity", "maxspeed_int": null}, "geometry": {"type": "LineString", "coordinates": [[-71.052162, 42.410676], [-71.052232, 42.410604], [-71.052428, 42.410396]]}}, {"type": "Feature", "properties": {"name": "Lafayette Street", "separation_level": "none", "street_classification": "residential", "maxspeed_int": 20.0}, "geometry": {"type": "LineString", "coordinates": [[-71.04449, 42.419543], [-71.0445, 42.419531], [-71.044542, 42.419551], [-71.044596, 42.419577], [-71.045517, 42.420007], [-71.045787, 42.42014]]}}, {"type": "Feature", "properties": {"name": "Lafayette Street", "separation_level": "none", "street_classification": "residential", "maxspeed_int": 20.0}, "geometry": {"type": "LineString", "coordinates": [[-71.045787, 42.42014], [-71.046373, 42.420421], [-71.046405, 42.420441], [-71.046453, 42.420467]]}}, {"type": "Feature", "properties": {"name": null, "separation_level": "none", "street_classification": "residential", "maxspeed_int": null}, "geometry": {"type": "LineString", "coordinates": [[-71.045787, 42.42014], [-71.04568, 42.420254], [-71.045137, 42.420862], [-71.045102, 42.420895]]}}, {"type": "Feature", "properties": {"name": "Cameron Street", "separation_level": "none", "street_classification": "residential", "maxspeed_int": 20.0}, "geometry": {"type": "LineString", "coordinates": [[-71.045102, 42.420895], [-71.044747, 42.420728], [-71.044434, 42.420583], [-71.044267, 42.420504], [-71.044323, 42.42044]]}}, {"type": "Feature", "properties": {"name": "Broadway", "separation_level": "lane", "street_classification": "medium-capacity", "maxspeed_int": null}, "geometry": {"type": "LineString", "coordinates": [[-71.047085, 42.416516], [-71.047356, 42.416188]]}}, {"type": "Feature", "properties": {"name": "Marie Avenue", "separation_level": "none", "street_classification": "residential", "maxspeed_int": 20.0}, "geometry": {"type": "LineString", "coordinates": [[-71.047356, 42.416188], [-71.047391, 42.416216], [-71.047435, 42.416251], [-71.047525, 42.41634], [-71.047551, 42.416366], [-71.047606, 42.41642], [-71.047685, 42.416498], [-71.047749, 42.416561], [-71.047781, 42.416591], [-71.047874, 42.416682], [-71.047973, 42.416778], [-71.048023, 42.416825], [-71.048062, 42.416864], [-71.048156, 42.416958], [-71.048256, 42.417057], [-71.048432, 42.417236], [-71.048528, 42.417328], [-71.048636, 42.417431], [-71.048666, 42.41746], [-71.048797, 42.417581], [-71.048821, 42.417602], [-71.048878, 42.417641], [-71.048856, 42.417668]]}}, {"type": "Feature", "properties": {"name": "Bellingham Avenue", "separation_level": "none", "street_classification": "residential", "maxspeed_int": 20.0}, "geometry": {"type": "LineString", "coordinates": [[-71.062086, 42.414969], [-71.063982, 42.414696], [-71.063995, 42.414694], [-71.064008, 42.414691], [-71.064021, 42.414688], [-71.064111, 42.414664], [-71.064093, 42.414636]]}}, {"type": "Feature", "properties": {"name": "Revere Street", "separation_level": "none", "street_classification": "residential", "maxspeed_int": null}, "geometry": {"type": "LineString", "coordinates": [[-71.055831, 42.401637], [-71.055822, 42.401662], [-71.055816, 42.401686], [-71.055814, 42.401712], [-71.055749, 42.40261], [-71.055824, 42.402613]]}}, {"type": "Feature", "properties": {"name": "Paris Street", "separation_level": "none", "street_classification": "residential", "maxspeed_int": null}, "geometry": {"type": "LineString", "coordinates": [[-71.055831, 42.401637], [-71.055247, 42.401532], [-71.055199, 42.401523], [-71.054984, 42.402071], [-71.054967, 42.402105], [-71.054947, 42.402141], [-71.054925, 42.402173], [-71.05483, 42.402301], [-71.054778, 42.402406]]}}, {"type": "Feature", "properties": {"name": null, "separation_level": "none", "street_classification": "residential", "maxspeed_int": null}, "geometry": {"type": "LineString", "coordinates": [[-71.055824, 42.402613], [-71.056093, 42.402621]]}}, {"type": "Feature", "properties": {"name": null, "separation_level": "none", "street_classification": "residential", "maxspeed_int": null}, "geometry": {"type": "LineString", "coordinates": [[-71.054778, 42.402406], [-71.054795, 42.402508], [-71.054777, 42.402948], [-71.054885, 42.403035]]}}, {"type": "Feature", "properties": {"name": null, "separation_level": "none", "street_classification": "residential", "maxspeed_int": null}, "geometry": {"type": "LineString", "coordinates": [[-71.054885, 42.403035], [-71.055105, 42.403081], [-71.055052, 42.402997], [-71.055033, 42.402968], [-71.055022, 42.402947], [-71.055018, 42.402928], [-71.055033, 42.402509], [-71.054795, 42.402508], [-71.054778, 42.402406]]}}, {"type": "Feature", "properties": {"name": "Revere Beach Parkway", "separation_level": "none", "street_classification": "motorway", "maxspeed_int": 35.0}, "geometry": {"type": "LineString", "coordinates": [[-71.054885, 42.403035], [-71.054772, 42.403076], [-71.054262, 42.40307], [-71.054085, 42.403067], [-71.05384, 42.40309]]}}, {"type": "Feature", "properties": {"name": "Ferry Street", "separation_level": "lane", "street_classification": "medium-capacity", "maxspeed_int": null}, "geometry": {"type": "LineString", "coordinates": [[-71.046622, 42.407446], [-71.046753, 42.407169], [-71.04678, 42.407111]]}}, {"type": "Feature", "properties": {"name": null, "separation_level": "none", "street_classification": "residential", "maxspeed_int": null}, "geometry": {"type": "LineString", "coordinates": [[-71.046622, 42.407446], [-71.046268, 42.407353], [-71.046245, 42.407327], [-71.046403, 42.406975], [-71.046453, 42.406955], [-71.046806, 42.407053], [-71.04678, 42.407111]]}}, {"type": "Feature", "properties": {"name": "Bailey Street", "separation_level": "none", "street_classification": "residential", "maxspeed_int": 20.0}, "geometry": {"type": "LineString", "coordinates": [[-71.05841, 42.402552], [-71.058577, 42.402471], [-71.058624, 42.402448], [-71.058672, 42.402423], [-71.058809, 42.402346]]}}, {"type": "Feature", "properties": {"name": "Wyllis Avenue", "separation_level": "none", "street_classification": "residential", "maxspeed_int": 20.0}, "geometry": {"type": "LineString", "coordinates": [[-71.070351, 42.414968], [-71.070901, 42.414943], [-71.071, 42.414925]]}}, {"type": "Feature", "properties": {"name": "Wyllis Avenue", "separation_level": "none", "street_classification": "residential", "maxspeed_int": 20.0}, "geometry": {"type": "LineString", "coordinates": [[-71.070351, 42.414968], [-71.069726, 42.414998]]}}, {"type": "Feature", "properties": {"name": null, "separation_level": "none", "street_classification": "residential", "maxspeed_int": null}, "geometry": {"type": "LineString", "coordinates": [[-71.071, 42.414925], [-71.070901, 42.414943], [-71.070841, 42.414773], [-71.070738, 42.414626], [-71.070638, 42.414569]]}}, {"type": "Feature", "properties": {"name": "Northern Strand Community Trail", "separation_level": "separate", "street_classification": "dedicated_path", "maxspeed_int": null}, "geometry": {"type": "LineString", "coordinates": [[-71.071, 42.414925], [-71.071099, 42.414908], [-71.071007, 42.414785], [-71.070898, 42.414628], [-71.070426, 42.414077], [-71.070358, 42.41399], [-71.070296, 42.41391], [-71.070183, 42.413751], [-71.070107, 42.41365], [-71.070028, 42.413549], [-71.0699, 42.413397]]}}, {"type": "Feature", "properties": {"name": "Wyllis Avenue", "separation_level": "none", "street_classification": "residential", "maxspeed_int": 20.0}, "geometry": {"type": "LineString", "coordinates": [[-71.069726, 42.414998], [-71.069454, 42.415011], [-71.069447, 42.414935]]}}, {"type": "Feature", "properties": {"name": null, "separation_level": "none", "street_classification": "residential", "maxspeed_int": null}, "geometry": {"type": "LineString", "coordinates": [[-71.070638, 42.414569], [-71.070313, 42.414218], [-71.070162, 42.414228], [-71.070136, 42.414249], [-71.070141, 42.414311], [-71.070162, 42.414585], [-71.070638, 42.414569]]}}, {"type": "Feature", "properties": {"name": null, "separation_level": "none", "street_classification": "residential", "maxspeed_int": null}, "geometry": {"type": "LineString", "coordinates": [[-71.070638, 42.414569], [-71.070162, 42.414585], [-71.070141, 42.414311], [-71.070136, 42.414249], [-71.070162, 42.414228], [-71.070313, 42.414218], [-71.070638, 42.414569]]}}, {"type": "Feature", "properties": {"name": "Northern Strand Community Trail", "separation_level": "separate", "street_classification": "dedicated_path", "maxspeed_int": null}, "geometry": {"type": "LineString", "coordinates": [[-71.0699, 42.413397], [-71.069849, 42.413338], [-71.069754, 42.413227], [-71.069665, 42.413129], [-71.069574, 42.413036], [-71.069464, 42.412928], [-71.069372, 42.412833], [-71.06928, 42.412738], [-71.069199, 42.41265], [-71.069149, 42.412591], [-71.069107, 42.412463]]}}, {"type": "Feature", "properties": {"name": null, "separation_level": "separate", "street_classification": "dedicated_path", "maxspeed_int": null}, "geometry": {"type": "LineString", "coordinates": [[-71.0699, 42.413397], [-71.069806, 42.41337], [-71.069745, 42.413338], [-71.069483, 42.413113], [-71.06942, 42.413051], [-71.069262, 42.412869], [-71.069173, 42.412761], [-71.06914, 42.412671], [-71.069149, 42.412591], [-71.069107, 42.412463]]}}, {"type": "Feature", "properties": {"name": null, "separation_level": "none", "street_classification": "residential", "maxspeed_int": null}, "geometry": {"type": "LineString", "coordinates": [[-71.069447, 42.414935], [-71.069441, 42.414859], [-71.069006, 42.414881], [-71.069023, 42.415032]]}}, {"type": "Feature", "properties": {"name": "Fairmount Street", "separation_level": "none", "street_classification": "residential", "maxspeed_int": 20.0}, "geometry": {"type": "LineString", "coordinates": [[-71.048954, 42.410571], [-71.048659, 42.410797], [-71.048369, 42.410985], [-71.04808, 42.411194], [-71.047861, 42.411365]]}}, {"type": "Feature", "properties": {"name": "Tappan Street", "separation_level": "none", "street_classification": "residential", "maxspeed_int": 20.0}, "geometry": {"type": "LineString", "coordinates": [[-71.058131, 42.413466], [-71.057795, 42.413661], [-71.057672, 42.413733], [-71.057257, 42.414014], [-71.056852, 42.414254]]}}, {"type": "Feature", "properties": {"name": "Stuart Street", "separation_level": "none", "street_classification": "residential", "maxspeed_int": 20.0}, "geometry": {"type": "LineString", "coordinates": [[-71.058952, 42.41229], [-71.059671, 42.412036], [-71.060228, 42.411843], [-71.060708, 42.411674], [-71.060745, 42.411749]]}}, {"type": "Feature", "properties": {"name": "Church Street", "separation_level": "none", "street_classification": "medium-capacity", "maxspeed_int": null}, "geometry": {"type": "LineString", "coordinates": [[-71.055229, 42.408335], [-71.055261, 42.408376], [-71.055462, 42.408624], [-71.055488, 42.408655]]}}, {"type": "Feature", "properties": {"name": "Devens Street", "separation_level": "none", "street_classification": "residential", "maxspeed_int": 20.0}, "geometry": {"type": "LineString", "coordinates": [[-71.055229, 42.408335], [-71.055261, 42.408376], [-71.055344, 42.408341], [-71.055616, 42.408226], [-71.055577, 42.408141]]}}, {"type": "Feature", "properties": {"name": "Church Street", "separation_level": "none", "street_classification": "medium-capacity", "maxspeed_int": null}, "geometry": {"type": "LineString", "coordinates": [[-71.055488, 42.408655], [-71.055535, 42.408721], [-71.055839, 42.409144], [-71.055778, 42.409213]]}}, {"type": "Feature", "properties": {"name": "Devens Street", "separation_level": "none", "street_classification": "residential", "maxspeed_int": 20.0}, "geometry": {"type": "LineString", "coordinates": [[-71.055577, 42.408141], [-71.055616, 42.408226], [-71.055721, 42.40818], [-71.056091, 42.408041], [-71.056577, 42.407953], [-71.05709, 42.407873]]}}, {"type": "Feature", "properties": {"name": null, "separation_level": "none", "street_classification": "residential", "maxspeed_int": null}, "geometry": {"type": "LineString", "coordinates": [[-71.055577, 42.408141], [-71.055561, 42.408055], [-71.05579, 42.407813], [-71.055836, 42.407801], [-71.055857, 42.40782]]}}, {"type": "Feature", "properties": {"name": null, "separation_level": "none", "street_classification": "residential", "maxspeed_int": null}, "geometry": {"type": "LineString", "coordinates": [[-71.055577, 42.408141], [-71.055561, 42.408055], [-71.055629, 42.40809], [-71.055686, 42.408099], [-71.055715, 42.408087], [-71.055892, 42.407899], [-71.055878, 42.407839], [-71.055857, 42.40782]]}}, {"type": "Feature", "properties": {"name": null, "separation_level": "none", "street_classification": "residential", "maxspeed_int": null}, "geometry": {"type": "LineString", "coordinates": [[-71.055577, 42.408141], [-71.055542, 42.408132], [-71.055507, 42.408151], [-71.055462, 42.408189], [-71.055233, 42.408279], [-71.055197, 42.408294], [-71.055229, 42.408335]]}}, {"type": "Feature", "properties": {"name": "Union Avenue", "separation_level": "none", "street_classification": "residential", "maxspeed_int": 20.0}, "geometry": {"type": "LineString", "coordinates": [[-71.05709, 42.407873], [-71.057007, 42.407565], [-71.057026, 42.407503], [-71.057119, 42.407507]]}}, {"type": "Feature", "properties": {"name": "Revere Beach Parkway", "separation_level": "none", "street_classification": "motorway", "maxspeed_int": 35.0}, "geometry": {"type": "LineString", "coordinates": [[-71.046289, 42.40244], [-71.046399, 42.402412], [-71.047143, 42.402502], [-71.047462, 42.402542], [-71.047592, 42.402559], [-71.047672, 42.40236]]}}, {"type": "Feature", "properties": {"name": null, "separation_level": "none", "street_classification": "residential", "maxspeed_int": null}, "geometry": {"type": "LineString", "coordinates": [[-71.046289, 42.40244], [-71.046198, 42.402514], [-71.046122, 42.402488], [-71.045927, 42.402465], [-71.045907, 42.40243], [-71.045926, 42.402354]]}}, {"type": "Feature", "properties": {"name": "Revere Beach Parkway", "separation_level": "none", "street_classification": "motorway", "maxspeed_int": 35.0}, "geometry": {"type": "LineString", "coordinates": [[-71.045926, 42.402354], [-71.046271, 42.402396], [-71.046289, 42.40244]]}}, {"type": "Feature", "properties": {"name": "Revere Beach Parkway", "separation_level": "none", "street_classification": "motorway", "maxspeed_int": 35.0}, "geometry": {"type": "LineString", "coordinates": [[-71.048333, 42.402648], [-71.04888, 42.402714]]}}, {"type": "Feature", "properties": {"name": null, "separation_level": "none", "street_classification": "residential", "maxspeed_int": null}, "geometry": {"type": "LineString", "coordinates": [[-71.048333, 42.402648], [-71.048312, 42.402721], [-71.048332, 42.402759], [-71.048356, 42.402788], [-71.048389, 42.402806], [-71.048583, 42.402844], [-71.048795, 42.402862], [-71.048824, 42.402859], [-71.048845, 42.402844], [-71.048861, 42.402785], [-71.04888, 42.402714]]}}, {"type": "Feature", "properties": {"name": "Revere Beach Parkway", "separation_level": "none", "street_classification": "motorway", "maxspeed_int": 35.0}, "geometry": {"type": "LineString", "coordinates": [[-71.047329, 42.402364], [-71.046924, 42.402315]]}}, {"type": "Feature", "properties": {"name": null, "separation_level": "none", "street_classification": "residential", "maxspeed_int": null}, "geometry": {"type": "LineString", "coordinates": [[-71.048183, 42.402167], [-71.048269, 42.402145], [-71.048465, 42.402092], [-71.048523, 42.402074], [-71.048579, 42.402055], [-71.048646, 42.402028], [-71.048663, 42.402017], [-71.048678, 42.402003], [-71.048687, 42.401985], [-71.048692, 42.401961], [-71.048694, 42.401941], [-71.048692, 42.401912], [-71.048684, 42.401884], [-71.048674, 42.401861]]}}, {"type": "Feature", "properties": {"name": null, "separation_level": "lane", "street_classification": "motorway", "maxspeed_int": null}, "geometry": {"type": "LineString", "coordinates": [[-71.069447, 42.403197], [-71.069864, 42.403302], [-71.070049, 42.403354], [-71.070202, 42.403403], [-71.070472, 42.403492], [-71.070954, 42.403573], [-71.071113, 42.40362]]}}, {"type": "Feature", "properties": {"name": "Santilli Highway", "separation_level": "lane", "street_classification": "medium-capacity", "maxspeed_int": null}, "geometry": {"type": "LineString", "coordinates": [[-71.068614, 42.403462], [-71.068574, 42.403525], [-71.068527, 42.403656], [-71.068501, 42.40374], [-71.06848, 42.40382], [-71.068465, 42.403895], [-71.068453, 42.403964], [-71.068443, 42.404035]]}}, {"type": "Feature", "properties": {"name": "Santilli Highway", "separation_level": "lane", "street_classification": "medium-capacity", "maxspeed_int": null}, "geometry": {"type": "LineString", "coordinates": [[-71.068614, 42.403462], [-71.068653, 42.403399], [-71.068765, 42.403229], [-71.068785, 42.4032], [-71.068809, 42.403175], [-71.068826, 42.403163], [-71.068852, 42.403144], [-71.068744, 42.403037]]}}, {"type": "Feature", "properties": {"name": null, "separation_level": "lane", "street_classification": "motorway", "maxspeed_int": null}, "geometry": {"type": "LineString", "coordinates": [[-71.068614, 42.403462], [-71.068653, 42.403399], [-71.068685, 42.403368], [-71.068716, 42.403343], [-71.068753, 42.403319], [-71.068797, 42.403294], [-71.068836, 42.403274], [-71.068866, 42.403259], [-71.068896, 42.403246], [-71.068926, 42.403234], [-71.068955, 42.403224], [-71.068985, 42.403215], [-71.069016, 42.403207], [-71.068744, 42.403037]]}}, {"type": "Feature", "properties": {"name": null, "separation_level": "none", "street_classification": "residential", "maxspeed_int": null}, "geometry": {"type": "LineString", "coordinates": [[-71.048693, 42.397368], [-71.04882, 42.397295], [-71.049018, 42.397183]]}}, {"type": "Feature", "properties": {"name": "Oakes Street", "separation_level": "none", "street_classification": "medium-capacity", "maxspeed_int": null}, "geometry": {"type": "LineString", "coordinates": [[-71.059671, 42.405223], [-71.060275, 42.405211]]}}, {"type": "Feature", "properties": {"name": "School Street", "separation_level": "none", "street_classification": "medium-capacity", "maxspeed_int": null}, "geometry": {"type": "LineString", "coordinates": [[-71.059113, 42.404614], [-71.059081, 42.40454], [-71.059369, 42.404323], [-71.059437, 42.404272]]}}, {"type": "Feature", "properties": {"name": "Broadway", "separation_level": "lane", "street_classification": "medium-capacity", "maxspeed_int": null}, "geometry": {"type": "LineString", "coordinates": [[-71.05299, 42.409788], [-71.053194, 42.409571], [-71.053341, 42.409409]]}}, {"type": "Feature", "properties": {"name": "Broadway", "separation_level": "lane", "street_classification": "medium-capacity", "maxspeed_int": null}, "geometry": {"type": "LineString", "coordinates": [[-71.05299, 42.409788], [-71.052911, 42.409869], [-71.052428, 42.410396]]}}, {"type": "Feature", "properties": {"name": null, "separation_level": "none", "street_classification": "residential", "maxspeed_int": null}, "geometry": {"type": "LineString", "coordinates": [[-71.053341, 42.409409], [-71.05337, 42.409374], [-71.053417, 42.409398], [-71.05345, 42.409415], [-71.053726, 42.409558], [-71.053753, 42.409603], [-71.053657, 42.409715]]}}, {"type": "Feature", "properties": {"name": "Maple Avenue", "separation_level": "none", "street_classification": "residential", "maxspeed_int": 20.0}, "geometry": {"type": "LineString", "coordinates": [[-71.052428, 42.410396], [-71.052469, 42.410431], [-71.052496, 42.410455], [-71.053297, 42.410971], [-71.054061, 42.41151], [-71.054099, 42.411537]]}}, {"type": "Feature", "properties": {"name": "High Street", "separation_level": "none", "street_classification": "medium-capacity", "maxspeed_int": null}, "geometry": {"type": "LineString", "coordinates": [[-71.050021, 42.409101], [-71.049839, 42.408954], [-71.049719, 42.408878], [-71.049627, 42.40882]]}}, {"type": "Feature", "properties": {"name": "Irving Street", "separation_level": "none", "street_classification": "residential", "maxspeed_int": 20.0}, "geometry": {"type": "LineString", "coordinates": [[-71.046246, 42.403716], [-71.046465, 42.403246], [-71.046473, 42.403224], [-71.046485, 42.403196], [-71.046492, 42.403172], [-71.046498, 42.403147]]}}, {"type": "Feature", "properties": {"name": "Oliver Street", "separation_level": "none", "street_classification": "residential", "maxspeed_int": 20.0}, "geometry": {"type": "LineString", "coordinates": [[-71.048907, 42.407574], [-71.048792, 42.408201]]}}, {"type": "Feature", "properties": {"name": "Auburn Street", "separation_level": "none", "street_classification": "residential", "maxspeed_int": 20.0}, "geometry": {"type": "LineString", "coordinates": [[-71.048907, 42.407574], [-71.048235, 42.407511], [-71.046753, 42.407169], [-71.04678, 42.407111]]}}, {"type": "Feature", "properties": {"name": "Cemetery Road", "separation_level": "none", "street_classification": "residential", "maxspeed_int": null}, "geometry": {"type": "LineString", "coordinates": [[-71.029407, 42.423729], [-71.029314, 42.423998]]}}, {"type": "Feature", "properties": {"name": "Greenview Way", "separation_level": "none", "street_classification": "residential", "maxspeed_int": null}, "geometry": {"type": "LineString", "coordinates": [[-71.029407, 42.423729], [-71.029483, 42.423837], [-71.029513, 42.423893]]}}, {"type": "Feature", "properties": {"name": "Greenview Way", "separation_level": "none", "street_classification": "residential", "maxspeed_int": null}, "geometry": {"type": "LineString", "coordinates": [[-71.029314, 42.423998], [-71.029357, 42.42401], [-71.029397, 42.424006], [-71.029439, 42.423992], [-71.029468, 42.423974], [-71.029497, 42.423941], [-71.029513, 42.423893]]}}, {"type": "Feature", "properties": {"name": "Nichols Street", "separation_level": "none", "street_classification": "medium-capacity", "maxspeed_int": null}, "geometry": {"type": "LineString", "coordinates": [[-71.041663, 42.407798], [-71.042245, 42.408015]]}}, {"type": "Feature", "properties": {"name": "Luke Road", "separation_level": "none", "street_classification": "residential", "maxspeed_int": 20.0}, "geometry": {"type": "LineString", "coordinates": [[-71.043558, 42.40393], [-71.04404, 42.402957], [-71.044051, 42.402929], [-71.044058, 42.4029], [-71.044063, 42.402863]]}}, {"type": "Feature", "properties": {"name": null, "separation_level": "none", "street_classification": "dedicated_path", "maxspeed_int": null}, "geometry": {"type": "LineString", "coordinates": [[-71.043558, 42.40393], [-71.043665, 42.403967], [-71.04367, 42.404141], [-71.043714, 42.404342], [-71.043785, 42.404525], [-71.043969, 42.404578], [-71.04441, 42.404457], [-71.044439, 42.404444], [-71.044464, 42.404422], [-71.044493, 42.404394], [-71.044524, 42.404355], [-71.044819, 42.403794], [-71.044835, 42.403782]]}}, {"type": "Feature", "properties": {"name": null, "separation_level": "none", "street_classification": "residential", "maxspeed_int": null}, "geometry": {"type": "LineString", "coordinates": [[-71.066699, 42.405799], [-71.066671, 42.4058], [-71.066681, 42.405911], [-71.066967, 42.406182], [-71.067164, 42.406187]]}}, {"type": "Feature", "properties": {"name": "Norman Street", "separation_level": "lane", "street_classification": "residential", "maxspeed_int": 20.0}, "geometry": {"type": "LineString", "coordinates": [[-71.066699, 42.405799], [-71.066726, 42.405799], [-71.067169, 42.405788]]}}, {"type": "Feature", "properties": {"name": "Tileston Street", "separation_level": "none", "street_classification": "medium-capacity", "maxspeed_int": null}, "geometry": {"type": "LineString", "coordinates": [[-71.068177, 42.405069], [-71.068334, 42.405066], [-71.068435, 42.405064], [-71.068433, 42.405111]]}}, {"type": "Feature", "properties": {"name": null, "separation_level": "none", "street_classification": "dedicated_path", "maxspeed_int": null}, "geometry": {"type": "LineString", "coordinates": [[-71.068177, 42.405069], [-71.068176, 42.405028], [-71.068176, 42.40502], [-71.067965, 42.405001], [-71.067964, 42.404983]]}}, {"type": "Feature", "properties": {"name": "Summer Street", "separation_level": "none", "street_classification": "medium-capacity", "maxspeed_int": null}, "geometry": {"type": "LineString", "coordinates": [[-71.053285, 42.408714], [-71.053193, 42.408677], [-71.052978, 42.408617], [-71.052535, 42.408551], [-71.052488, 42.408546]]}}, {"type": "Feature", "properties": {"name": null, "separation_level": "none", "street_classification": "residential", "maxspeed_int": null}, "geometry": {"type": "LineString", "coordinates": [[-71.053285, 42.408714], [-71.053357, 42.408641], [-71.053421, 42.408568], [-71.053661, 42.408327], [-71.053589, 42.408243], [-71.053494, 42.408208]]}}, {"type": "Feature", "properties": {"name": null, "separation_level": "none", "street_classification": "residential", "maxspeed_int": null}, "geometry": {"type": "LineString", "coordinates": [[-71.053494, 42.408208], [-71.053181, 42.408149], [-71.052879, 42.408159], [-71.052594, 42.408185], [-71.05257, 42.408255], [-71.052488, 42.408546]]}}, {"type": "Feature", "properties": {"name": null, "separation_level": "separate", "street_classification": "dedicated_path", "maxspeed_int": null}, "geometry": {"type": "LineString", "coordinates": [[-71.06015, 42.401927], [-71.060196, 42.401839], [-71.060106, 42.401831], [-71.06013, 42.401801], [-71.060192, 42.401686], [-71.0603, 42.401468], [-71.06035, 42.401373], [-71.06041, 42.401294], [-71.060456, 42.40124], [-71.060543, 42.401156], [-71.060927, 42.400848], [-71.061, 42.400853]]}}, {"type": "Feature", "properties": {"name": null, "separation_level": "none", "street_classification": "motorway", "maxspeed_int": null}, "geometry": {"type": "LineString", "coordinates": [[-71.06015, 42.401927], [-71.060095, 42.402009], [-71.059993, 42.402025], [-71.059959, 42.402034], [-71.059906, 42.402049], [-71.059853, 42.40207], [-71.059804, 42.402092], [-71.059634, 42.402184], [-71.059189, 42.402384], [-71.058414, 42.402721], [-71.058307, 42.40277], [-71.058187, 42.402818], [-71.05807, 42.402858], [-71.057953, 42.402892], [-71.057821, 42.402925], [-71.057693, 42.402953], [-71.057201, 42.403083]]}}, {"type": "Feature", "properties": {"name": "Sweetser Circle", "separation_level": "none", "street_classification": "medium-capacity", "maxspeed_int": null}, "geometry": {"type": "LineString", "coordinates": [[-71.06015, 42.401927], [-71.060095, 42.402009], [-71.06002, 42.402058], [-71.059955, 42.402103], [-71.059916, 42.402137], [-71.059882, 42.402177], [-71.059851, 42.402221], [-71.059805, 42.402309]]}}, {"type": "Feature", "properties": {"name": "Broadway", "separation_level": "lane", "street_classification": "medium-capacity", "maxspeed_int": null}, "geometry": {"type": "LineString", "coordinates": [[-71.061612, 42.400486], [-71.061398, 42.400639]]}}, {"type": "Feature", "properties": {"name": "Broadway", "separation_level": "lane", "street_classification": "medium-capacity", "maxspeed_int": null}, "geometry": {"type": "LineString", "coordinates": [[-71.061612, 42.400486], [-71.06202, 42.400089], [-71.062074, 42.400035], [-71.062096, 42.400011], [-71.062168, 42.399936], [-71.062206, 42.399955]]}}, {"type": "Feature", "properties": {"name": "Broadway", "separation_level": "lane", "street_classification": "medium-capacity", "maxspeed_int": null}, "geometry": {"type": "LineString", "coordinates": [[-71.062206, 42.399955], [-71.062168, 42.399936], [-71.062254, 42.399844], [-71.062494, 42.399587], [-71.062633, 42.399438], [-71.062722, 42.399378]]}}, {"type": "Feature", "properties": {"name": "Broadway", "separation_level": "separate", "street_classification": "dedicated_path", "maxspeed_int": null}, "geometry": {"type": "LineString", "coordinates": [[-71.062206, 42.399955], [-71.062243, 42.399974], [-71.062365, 42.399848], [-71.06267, 42.399518], [-71.062819, 42.399357], [-71.062722, 42.399378]]}}, {"type": "Feature", "properties": {"name": "Bowdoin Street", "separation_level": "none", "street_classification": "residential", "maxspeed_int": 20.0}, "geometry": {"type": "LineString", "coordinates": [[-71.062206, 42.399955], [-71.062243, 42.399974], [-71.062298, 42.400002], [-71.062902, 42.40031], [-71.063, 42.40036]]}}, {"type": "Feature", "properties": {"name": "Broadway", "separation_level": "none", "street_classification": "medium-capacity", "maxspeed_int": null}, "geometry": {"type": "LineString", "coordinates": [[-71.061, 42.400853], [-71.06093, 42.400967], [-71.060823, 42.401037], [-71.060716, 42.401112], [-71.060667, 42.401148], [-71.06062, 42.401187], [-71.060574, 42.401231], [-71.060534, 42.401273], [-71.060496, 42.401318], [-71.060458, 42.401361], [-71.060431, 42.401395], [-71.060408, 42.401428], [-71.060374, 42.40148], [-71.060219, 42.401796], [-71.060196, 42.401839], [-71.06015, 42.401927]]}}, {"type": "Feature", "properties": {"name": "Sweetser Circle", "separation_level": "none", "street_classification": "medium-capacity", "maxspeed_int": null}, "geometry": {"type": "LineString", "coordinates": [[-71.059805, 42.402309], [-71.059794, 42.402356], [-71.059787, 42.402398], [-71.059785, 42.402431], [-71.059785, 42.402465], [-71.059788, 42.402498], [-71.059795, 42.402539], [-71.059808, 42.40258], [-71.059823, 42.402619], [-71.059844, 42.40266], [-71.059879, 42.402708], [-71.0599, 42.402737], [-71.059936, 42.402774], [-71.059972, 42.402806], [-71.060017, 42.40284], [-71.060066, 42.402871], [-71.060115, 42.402896], [-71.060173, 42.402922], [-71.06026, 42.40295], [-71.060322, 42.402963]]}}, {"type": "Feature", "properties": {"name": "Broadway", "separation_level": "none", "street_classification": "medium-capacity", "maxspeed_int": null}, "geometry": {"type": "LineString", "coordinates": [[-71.059805, 42.402309], [-71.059697, 42.402637], [-71.059686, 42.402671], [-71.059673, 42.402706], [-71.05966, 42.402735], [-71.059647, 42.402759], [-71.059627, 42.402791], [-71.059599, 42.402826], [-71.059571, 42.402854], [-71.059536, 42.402884], [-71.059497, 42.402915], [-71.059438, 42.40296], [-71.059351, 42.403024]]}}, {"type": "Feature", "properties": {"name": "Woodland Street", "separation_level": "none", "street_classification": "residential", "maxspeed_int": 20.0}, "geometry": {"type": "LineString", "coordinates": [[-71.054219, 42.414588], [-71.054659, 42.414927]]}}, {"type": "Feature", "properties": {"name": "Vernal Street", "separation_level": "none", "street_classification": "residential", "maxspeed_int": 20.0}, "geometry": {"type": "LineString", "coordinates": [[-71.054219, 42.414588], [-71.054987, 42.414005]]}}, {"type": "Feature", "properties": {"name": null, "separation_level": "none", "street_classification": "residential", "maxspeed_int": null}, "geometry": {"type": "LineString", "coordinates": [[-71.054659, 42.414927], [-71.05511, 42.414609], [-71.055219, 42.414584]]}}, {"type": "Feature", "properties": {"name": "Woodland Street", "separation_level": "none", "street_classification": "residential", "maxspeed_int": 20.0}, "geometry": {"type": "LineString", "coordinates": [[-71.054659, 42.414927], [-71.054764, 42.415008], [-71.055255, 42.415409]]}}, {"type": "Feature", "properties": {"name": "Herbert Street", "separation_level": "none", "street_classification": "residential", "maxspeed_int": 20.0}, "geometry": {"type": "LineString", "coordinates": [[-71.055906, 42.416566], [-71.054838, 42.415751]]}}, {"type": "Feature", "properties": {"name": "Highland Avenue", "separation_level": "none", "street_classification": "residential", "maxspeed_int": 20.0}, "geometry": {"type": "LineString", "coordinates": [[-71.055906, 42.416566], [-71.056088, 42.41642], [-71.056216, 42.416317], [-71.056285, 42.416262]]}}, {"type": "Feature", "properties": {"name": "Wyllis Avenue", "separation_level": "none", "street_classification": "residential", "maxspeed_int": 20.0}, "geometry": {"type": "LineString", "coordinates": [[-71.06529, 42.415212], [-71.06725, 42.415115]]}}, {"type": "Feature", "properties": {"name": "Behen Street", "separation_level": "none", "street_classification": "residential", "maxspeed_int": 20.0}, "geometry": {"type": "LineString", "coordinates": [[-71.054245, 42.39309], [-71.05416, 42.39317], [-71.055004, 42.393672], [-71.055274, 42.393828], [-71.055341, 42.39377]]}}, {"type": "Feature", "properties": {"name": null, "separation_level": "none", "street_classification": "residential", "maxspeed_int": null}, "geometry": {"type": "LineString", "coordinates": [[-71.054245, 42.39309], [-71.054329, 42.393011], [-71.054944, 42.393373], [-71.054972, 42.393394], [-71.054999, 42.393417], [-71.055211, 42.39359], [-71.055242, 42.393611], [-71.055408, 42.393712], [-71.055341, 42.39377]]}}, {"type": "Feature", "properties": {"name": "Behen Street", "separation_level": "none", "street_classification": "residential", "maxspeed_int": 20.0}, "geometry": {"type": "LineString", "coordinates": [[-71.054245, 42.39309], [-71.05416, 42.39317], [-71.053229, 42.392624], [-71.052802, 42.392377], [-71.052882, 42.392276]]}}, {"type": "Feature", "properties": {"name": null, "separation_level": "none", "street_classification": "residential", "maxspeed_int": null}, "geometry": {"type": "LineString", "coordinates": [[-71.054245, 42.39309], [-71.054264, 42.393072], [-71.053362, 42.392543], [-71.053267, 42.392488], [-71.053147, 42.3924], [-71.053049, 42.392271], [-71.052882, 42.392276]]}}, {"type": "Feature", "properties": {"name": "Commercial Street", "separation_level": "none", "street_classification": "residential", "maxspeed_int": 20.0}, "geometry": {"type": "LineString", "coordinates": [[-71.054245, 42.39309], [-71.054329, 42.393011], [-71.054603, 42.392753]]}}, {"type": "Feature", "properties": {"name": "Behen Street", "separation_level": "none", "street_classification": "residential", "maxspeed_int": 20.0}, "geometry": {"type": "LineString", "coordinates": [[-71.055341, 42.39377], [-71.055274, 42.393828], [-71.055319, 42.393858], [-71.055354, 42.393884], [-71.055384, 42.393913], [-71.055393, 42.393926], [-71.055404, 42.393943], [-71.055586, 42.394224], [-71.055601, 42.394252], [-71.055611, 42.394282], [-71.055616, 42.394311], [-71.055614, 42.39434], [-71.055608, 42.394371]]}}, {"type": "Feature", "properties": {"name": null, "separation_level": "none", "street_classification": "residential", "maxspeed_int": null}, "geometry": {"type": "LineString", "coordinates": [[-71.055341, 42.39377], [-71.055408, 42.393712], [-71.055762, 42.39339], [-71.055781, 42.393365], [-71.055797, 42.393337], [-71.055811, 42.393309], [-71.055947, 42.393106], [-71.056046, 42.392877], [-71.056016, 42.392696], [-71.05516, 42.392228], [-71.055196, 42.392194]]}}, {"type": "Feature", "properties": {"name": "Behen Street", "separation_level": "none", "street_classification": "residential", "maxspeed_int": 20.0}, "geometry": {"type": "LineString", "coordinates": [[-71.052882, 42.392276], [-71.052802, 42.392377], [-71.052678, 42.392304], [-71.052626, 42.392276], [-71.052581, 42.392257], [-71.05253, 42.392244], [-71.052479, 42.392237], [-71.052434, 42.392238], [-71.052378, 42.392245], [-71.052328, 42.392258], [-71.05229, 42.392276], [-71.052259, 42.392295]]}}, {"type": "Feature", "properties": {"name": null, "separation_level": "none", "street_classification": "residential", "maxspeed_int": null}, "geometry": {"type": "LineString", "coordinates": [[-71.052882, 42.392276], [-71.052784, 42.392167], [-71.052768, 42.392145], [-71.052717, 42.391892], [-71.052609, 42.391917], [-71.052561, 42.391942], [-71.052547, 42.391974], [-71.052601, 42.392155], [-71.052671, 42.392191], [-71.052784, 42.392167]]}}, {"type": "Feature", "properties": {"name": null, "separation_level": "none", "street_classification": "residential", "maxspeed_int": null}, "geometry": {"type": "LineString", "coordinates": [[-71.052882, 42.392276], [-71.052784, 42.392167], [-71.052671, 42.392191], [-71.052601, 42.392155], [-71.052547, 42.391974], [-71.052561, 42.391942], [-71.052609, 42.391917], [-71.052717, 42.391892], [-71.052768, 42.392145], [-71.052784, 42.392167]]}}, {"type": "Feature", "properties": {"name": "Commercial Street", "separation_level": "none", "street_classification": "residential", "maxspeed_int": 20.0}, "geometry": {"type": "LineString", "coordinates": [[-71.054603, 42.392753], [-71.055109, 42.392276], [-71.055196, 42.392194]]}}, {"type": "Feature", "properties": {"name": "Beacham Street", "separation_level": "lane", "street_classification": "medium-capacity", "maxspeed_int": null}, "geometry": {"type": "LineString", "coordinates": [[-71.055608, 42.394371], [-71.055733, 42.394388], [-71.055853, 42.394409], [-71.056458, 42.39453]]}}, {"type": "Feature", "properties": {"name": "Beacham Street", "separation_level": "lane", "street_classification": "medium-capacity", "maxspeed_int": null}, "geometry": {"type": "LineString", "coordinates": [[-71.055608, 42.394371], [-71.055423, 42.394351], [-71.055344, 42.394341], [-71.055251, 42.394332], [-71.054911, 42.394295], [-71.054837, 42.394294], [-71.054764, 42.394299], [-71.054687, 42.394311], [-71.054636, 42.394323], [-71.054588, 42.39434], [-71.054531, 42.39436], [-71.054074, 42.394595], [-71.053914, 42.394677], [-71.053746, 42.394764]]}}, {"type": "Feature", "properties": {"name": null, "separation_level": "none", "street_classification": "residential", "maxspeed_int": null}, "geometry": {"type": "LineString", "coordinates": [[-71.055196, 42.392194], [-71.055109, 42.392276], [-71.054186, 42.391733], [-71.054124, 42.39161], [-71.05431, 42.391421]]}}, {"type": "Feature", "properties": {"name": "Commercial Street", "separation_level": "none", "street_classification": "residential", "maxspeed_int": 20.0}, "geometry": {"type": "LineString", "coordinates": [[-71.055196, 42.392194], [-71.055285, 42.392111], [-71.055309, 42.392088], [-71.056363, 42.391096], [-71.056379, 42.391081], [-71.056422, 42.39104]]}}, {"type": "Feature", "properties": {"name": "Market Street", "separation_level": "none", "street_classification": "residential", "maxspeed_int": 20.0}, "geometry": {"type": "LineString", "coordinates": [[-71.052259, 42.392295], [-71.052219, 42.39233], [-71.051423, 42.393111], [-71.051184, 42.393345]]}}, {"type": "Feature", "properties": {"name": null, "separation_level": "none", "street_classification": "residential", "maxspeed_int": null}, "geometry": {"type": "LineString", "coordinates": [[-71.052259, 42.392295], [-71.052134, 42.392186], [-71.05209, 42.392149], [-71.05204, 42.392113], [-71.051708, 42.391898], [-71.05128, 42.39215], [-71.050973, 42.39244], [-71.050898, 42.392481]]}}, {"type": "Feature", "properties": {"name": "Santilli Highway", "separation_level": "lane", "street_classification": "medium-capacity", "maxspeed_int": null}, "geometry": {"type": "LineString", "coordinates": [[-71.068433, 42.405111], [-71.068435, 42.405064], [-71.068424, 42.404556], [-71.068422, 42.404425], [-71.068422, 42.404351], [-71.068426, 42.40427]]}}, {"type": "Feature", "properties": {"name": "Santilli Highway", "separation_level": "lane", "street_classification": "residential", "maxspeed_int": 20.0}, "geometry": {"type": "LineString", "coordinates": [[-71.068433, 42.405111], [-71.068431, 42.405158], [-71.068431, 42.405167], [-71.068402, 42.40532], [-71.068313, 42.405472], [-71.068225, 42.405563], [-71.068146, 42.405623]]}}, {"type": "Feature", "properties": {"name": null, "separation_level": "none", "street_classification": "residential", "maxspeed_int": null}, "geometry": {"type": "LineString", "coordinates": [[-71.068433, 42.405111], [-71.068431, 42.405158], [-71.068753, 42.405206], [-71.068896, 42.405228]]}}, {"type": "Feature", "properties": {"name": "Santilli Highway", "separation_level": "lane", "street_classification": "medium-capacity", "maxspeed_int": null}, "geometry": {"type": "LineString", "coordinates": [[-71.068426, 42.40427], [-71.06843, 42.404194], [-71.068436, 42.40411], [-71.068443, 42.404035]]}}, {"type": "Feature", "properties": {"name": null, "separation_level": "none", "street_classification": "residential", "maxspeed_int": null}, "geometry": {"type": "LineString", "coordinates": [[-71.068426, 42.40427], [-71.06848, 42.404271], [-71.068534, 42.404274], [-71.068583, 42.404279], [-71.068887, 42.404327], [-71.068919, 42.404217]]}}, {"type": "Feature", "properties": {"name": "Santilli Highway", "separation_level": "lane", "street_classification": "residential", "maxspeed_int": 20.0}, "geometry": {"type": "LineString", "coordinates": [[-71.068146, 42.405623], [-71.068119, 42.405643], [-71.068006, 42.405697], [-71.067881, 42.405743], [-71.067781, 42.40576], [-71.067654, 42.405775], [-71.067579, 42.405778], [-71.067169, 42.405788]]}}, {"type": "Feature", "properties": {"name": null, "separation_level": "none", "street_classification": "residential", "maxspeed_int": null}, "geometry": {"type": "LineString", "coordinates": [[-71.068896, 42.405228], [-71.06899, 42.404823], [-71.069319, 42.404877]]}}, {"type": "Feature", "properties": {"name": null, "separation_level": "none", "street_classification": "residential", "maxspeed_int": null}, "geometry": {"type": "LineString", "coordinates": [[-71.068896, 42.405228], [-71.068741, 42.405904], [-71.068739, 42.40594], [-71.068761, 42.405973], [-71.068796, 42.406002], [-71.06884, 42.406021], [-71.068891, 42.406031], [-71.068945, 42.406033], [-71.069172, 42.406012]]}}, {"type": "Feature", "properties": {"name": null, "separation_level": "none", "street_classification": "residential", "maxspeed_int": null}, "geometry": {"type": "LineString", "coordinates": [[-71.068443, 42.404035], [-71.068292, 42.404009], [-71.067927, 42.403945], [-71.067871, 42.403931], [-71.067831, 42.403912], [-71.067802, 42.403889], [-71.067723, 42.403612]]}}, {"type": "Feature", "properties": {"name": null, "separation_level": "none", "street_classification": "dedicated_path", "maxspeed_int": null}, "geometry": {"type": "LineString", "coordinates": [[-71.068443, 42.404035], [-71.068289, 42.404077], [-71.068266, 42.404084], [-71.068025, 42.404035], [-71.068024, 42.404077]]}}, {"type": "Feature", "properties": {"name": null, "separation_level": "none", "street_classification": "residential", "maxspeed_int": null}, "geometry": {"type": "LineString", "coordinates": [[-71.068919, 42.404217], [-71.068887, 42.404327], [-71.068872, 42.404377], [-71.068763, 42.404732], [-71.068761, 42.40475], [-71.06877, 42.404765], [-71.068782, 42.40478], [-71.068801, 42.404791], [-71.068829, 42.404797], [-71.068888, 42.404808], [-71.068951, 42.404817], [-71.06899, 42.404823], [-71.069319, 42.404877]]}}, {"type": "Feature", "properties": {"name": null, "separation_level": "none", "street_classification": "residential", "maxspeed_int": null}, "geometry": {"type": "LineString", "coordinates": [[-71.068919, 42.404217], [-71.068951, 42.404108], [-71.068443, 42.404035]]}}, {"type": "Feature", "properties": {"name": null, "separation_level": "none", "street_classification": "residential", "maxspeed_int": null}, "geometry": {"type": "LineString", "coordinates": [[-71.068919, 42.404217], [-71.068951, 42.404108], [-71.06897, 42.404043], [-71.069067, 42.403698], [-71.069084, 42.403669], [-71.069112, 42.403648], [-71.069137, 42.403634], [-71.069174, 42.403625], [-71.069209, 42.403627], [-71.07066, 42.403869], [-71.070689, 42.40388]]}}, {"type": "Feature", "properties": {"name": null, "separation_level": "none", "street_classification": "dedicated_path", "maxspeed_int": null}, "geometry": {"type": "LineString", "coordinates": [[-71.067964, 42.404983], [-71.068173, 42.404979], [-71.06824, 42.404977], [-71.068268, 42.404954], [-71.068258, 42.404559], [-71.068252, 42.404342], [-71.06828, 42.404338], [-71.06828, 42.404156], [-71.06824, 42.404101], [-71.068041, 42.404077], [-71.068024, 42.404077]]}}, {"type": "Feature", "properties": {"name": null, "separation_level": "none", "street_classification": "dedicated_path", "maxspeed_int": null}, "geometry": {"type": "LineString", "coordinates": [[-71.067964, 42.404983], [-71.067673, 42.40499], [-71.06757, 42.405013], [-71.067343, 42.405017], [-71.067276, 42.405001], [-71.06723, 42.404964], [-71.067159, 42.40474]]}}, {"type": "Feature", "properties": {"name": "Lynde Street", "separation_level": "none", "street_classification": "residential", "maxspeed_int": 20.0}, "geometry": {"type": "LineString", "coordinates": [[-71.064048, 42.395252], [-71.063717, 42.395063]]}}, {"type": "Feature", "properties": {"name": "Central Avenue", "separation_level": "none", "street_classification": "medium-capacity", "maxspeed_int": null}, "geometry": {"type": "LineString", "coordinates": [[-71.054838, 42.415751], [-71.054518, 42.415957]]}}, {"type": "Feature", "properties": {"name": "Highland Avenue", "separation_level": "none", "street_classification": "residential", "maxspeed_int": 20.0}, "geometry": {"type": "LineString", "coordinates": [[-71.056285, 42.416262], [-71.056354, 42.416207], [-71.056566, 42.416036], [-71.056783, 42.415861]]}}, {"type": "Feature", "properties": {"name": "Swan Street", "separation_level": "none", "street_classification": "residential", "maxspeed_int": 20.0}, "geometry": {"type": "LineString", "coordinates": [[-71.058889, 42.411726], [-71.05946, 42.411453], [-71.059955, 42.411216], [-71.060326, 42.411056]]}}, {"type": "Feature", "properties": {"name": "Cameron Street", "separation_level": "none", "street_classification": "residential", "maxspeed_int": 20.0}, "geometry": {"type": "LineString", "coordinates": [[-71.044323, 42.42044], [-71.044267, 42.420504], [-71.04412, 42.42043], [-71.044089, 42.420415], [-71.043971, 42.42038], [-71.043916, 42.420364], [-71.043903, 42.420415]]}}, {"type": "Feature", "properties": {"name": null, "separation_level": "none", "street_classification": "residential", "maxspeed_int": null}, "geometry": {"type": "LineString", "coordinates": [[-71.044323, 42.42044], [-71.044378, 42.420376], [-71.044392, 42.42036], [-71.044619, 42.420117], [-71.044619, 42.420072], [-71.044492, 42.420011], [-71.044448, 42.420027], [-71.044235, 42.420284], [-71.044235, 42.420304], [-71.044378, 42.420376]]}}, {"type": "Feature", "properties": {"name": "Gladstone Street", "separation_level": "none", "street_classification": "residential", "maxspeed_int": 20.0}, "geometry": {"type": "LineString", "coordinates": [[-71.059437, 42.404272], [-71.059397, 42.404244], [-71.059095, 42.404038], [-71.059045, 42.404011], [-71.058873, 42.403929]]}}, {"type": "Feature", "properties": {"name": "Norwood Street", "separation_level": "none", "street_classification": "medium-capacity", "maxspeed_int": null}, "geometry": {"type": "LineString", "coordinates": [[-71.058054, 42.407503], [-71.057861, 42.407481], [-71.057632, 42.407481], [-71.057389, 42.407505], [-71.057212, 42.407512], [-71.057119, 42.407507]]}}, {"type": "Feature", "properties": {"name": "Tremont Street", "separation_level": "none", "street_classification": "medium-capacity", "maxspeed_int": null}, "geometry": {"type": "LineString", "coordinates": [[-71.068325, 42.412809], [-71.068243, 42.412701], [-71.068183, 42.41262], [-71.06802, 42.412404], [-71.067934, 42.412301], [-71.067849, 42.412207]]}}, {"type": "Feature", "properties": {"name": "Tremont Street", "separation_level": "none", "street_classification": "medium-capacity", "maxspeed_int": null}, "geometry": {"type": "LineString", "coordinates": [[-71.068325, 42.412809], [-71.068265, 42.412755], [-71.068235, 42.412735], [-71.068207, 42.41272], [-71.068175, 42.412708], [-71.068144, 42.412701], [-71.068105, 42.412701], [-71.068058, 42.412707], [-71.067999, 42.412717], [-71.067917, 42.412731]]}}, {"type": "Feature", "properties": {"name": "Chestnut Street", "separation_level": "none", "street_classification": "residential", "maxspeed_int": 20.0}, "geometry": {"type": "LineString", "coordinates": [[-71.050064, 42.412939], [-71.050107, 42.412968], [-71.050155, 42.413001], [-71.050368, 42.413152]]}}, {"type": "Feature", "properties": {"name": null, "separation_level": "none", "street_classification": "residential", "maxspeed_int": null}, "geometry": {"type": "LineString", "coordinates": [[-71.069463, 42.39872], [-71.069205, 42.398971], [-71.069049, 42.399119], [-71.068764, 42.399388]]}}, {"type": "Feature", "properties": {"name": null, "separation_level": "none", "street_classification": "residential", "maxspeed_int": null}, "geometry": {"type": "LineString", "coordinates": [[-71.069463, 42.39872], [-71.069726, 42.398463], [-71.069765, 42.398425], [-71.069924, 42.398411], [-71.069973, 42.39837], [-71.070045, 42.398312]]}}, {"type": "Feature", "properties": {"name": null, "separation_level": "none", "street_classification": "residential", "maxspeed_int": null}, "geometry": {"type": "LineString", "coordinates": [[-71.068997, 42.400376], [-71.069849, 42.399657], [-71.070229, 42.399897], [-71.07016, 42.39996]]}}, {"type": "Feature", "properties": {"name": null, "separation_level": "none", "street_classification": "residential", "maxspeed_int": null}, "geometry": {"type": "LineString", "coordinates": [[-71.068997, 42.400376], [-71.069711, 42.399775], [-71.070091, 42.400022], [-71.07016, 42.39996]]}}, {"type": "Feature", "properties": {"name": null, "separation_level": "none", "street_classification": "residential", "maxspeed_int": null}, "geometry": {"type": "LineString", "coordinates": [[-71.068997, 42.400376], [-71.069849, 42.399657], [-71.069049, 42.399119], [-71.068764, 42.399388]]}}, {"type": "Feature", "properties": {"name": null, "separation_level": "none", "street_classification": "residential", "maxspeed_int": null}, "geometry": {"type": "LineString", "coordinates": [[-71.068997, 42.400376], [-71.069711, 42.399775], [-71.068899, 42.39926], [-71.068764, 42.399388]]}}, {"type": "Feature", "properties": {"name": null, "separation_level": "none", "street_classification": "residential", "maxspeed_int": null}, "geometry": {"type": "LineString", "coordinates": [[-71.068997, 42.400376], [-71.069562, 42.399901], [-71.068763, 42.399388], [-71.068764, 42.399388]]}}, {"type": "Feature", "properties": {"name": null, "separation_level": "none", "street_classification": "residential", "maxspeed_int": null}, "geometry": {"type": "LineString", "coordinates": [[-71.068997, 42.400376], [-71.069267, 42.400151], [-71.068481, 42.399654], [-71.068764, 42.399388]]}}, {"type": "Feature", "properties": {"name": null, "separation_level": "none", "street_classification": "residential", "maxspeed_int": null}, "geometry": {"type": "LineString", "coordinates": [[-71.068997, 42.400376], [-71.069426, 42.400016], [-71.068625, 42.399519], [-71.068764, 42.399388]]}}, {"type": "Feature", "properties": {"name": null, "separation_level": "none", "street_classification": "residential", "maxspeed_int": null}, "geometry": {"type": "LineString", "coordinates": [[-71.068997, 42.400376], [-71.068128, 42.401034], [-71.067472, 42.400606], [-71.067756, 42.400338]]}}, {"type": "Feature", "properties": {"name": null, "separation_level": "none", "street_classification": "residential", "maxspeed_int": null}, "geometry": {"type": "LineString", "coordinates": [[-71.068997, 42.400376], [-71.068353, 42.400927], [-71.06762, 42.400467], [-71.067756, 42.400338]]}}, {"type": "Feature", "properties": {"name": null, "separation_level": "none", "street_classification": "residential", "maxspeed_int": null}, "geometry": {"type": "LineString", "coordinates": [[-71.068997, 42.400376], [-71.068802, 42.400546], [-71.068039, 42.400071], [-71.067756, 42.400338]]}}, {"type": "Feature", "properties": {"name": null, "separation_level": "none", "street_classification": "residential", "maxspeed_int": null}, "geometry": {"type": "LineString", "coordinates": [[-71.068997, 42.400376], [-71.068643, 42.40068], [-71.067894, 42.400208], [-71.067756, 42.400338]]}}, {"type": "Feature", "properties": {"name": null, "separation_level": "none", "street_classification": "residential", "maxspeed_int": null}, "geometry": {"type": "LineString", "coordinates": [[-71.068997, 42.400376], [-71.068495, 42.400807], [-71.067754, 42.40034], [-71.067756, 42.400338]]}}, {"type": "Feature", "properties": {"name": null, "separation_level": "none", "street_classification": "residential", "maxspeed_int": null}, "geometry": {"type": "LineString", "coordinates": [[-71.068997, 42.400376], [-71.068128, 42.401034], [-71.067749, 42.401012], [-71.067298, 42.40077]]}}, {"type": "Feature", "properties": {"name": null, "separation_level": "none", "street_classification": "residential", "maxspeed_int": null}, "geometry": {"type": "LineString", "coordinates": [[-71.068997, 42.400376], [-71.068221, 42.401039], [-71.068912, 42.401062]]}}, {"type": "Feature", "properties": {"name": null, "separation_level": "none", "street_classification": "residential", "maxspeed_int": null}, "geometry": {"type": "LineString", "coordinates": [[-71.068997, 42.400376], [-71.069267, 42.400151], [-71.069651, 42.40041], [-71.069571, 42.40048]]}}, {"type": "Feature", "properties": {"name": null, "separation_level": "none", "street_classification": "residential", "maxspeed_int": null}, "geometry": {"type": "LineString", "coordinates": [[-71.068997, 42.400376], [-71.069108, 42.400286], [-71.0695, 42.400544], [-71.069571, 42.40048]]}}, {"type": "Feature", "properties": {"name": null, "separation_level": "none", "street_classification": "residential", "maxspeed_int": null}, "geometry": {"type": "LineString", "coordinates": [[-71.068997, 42.400376], [-71.068957, 42.400414], [-71.069357, 42.400669], [-71.069571, 42.40048]]}}, {"type": "Feature", "properties": {"name": null, "separation_level": "none", "street_classification": "residential", "maxspeed_int": null}, "geometry": {"type": "LineString", "coordinates": [[-71.068997, 42.400376], [-71.068802, 42.400546], [-71.069211, 42.400798], [-71.069571, 42.40048]]}}, {"type": "Feature", "properties": {"name": null, "separation_level": "none", "street_classification": "residential", "maxspeed_int": null}, "geometry": {"type": "LineString", "coordinates": [[-71.068997, 42.400376], [-71.069108, 42.400286], [-71.06833, 42.399796], [-71.068264, 42.399859]]}}, {"type": "Feature", "properties": {"name": null, "separation_level": "none", "street_classification": "residential", "maxspeed_int": null}, "geometry": {"type": "LineString", "coordinates": [[-71.068997, 42.400376], [-71.068957, 42.400414], [-71.068198, 42.399921], [-71.068264, 42.399859]]}}, {"type": "Feature", "properties": {"name": null, "separation_level": "none", "street_classification": "residential", "maxspeed_int": null}, "geometry": {"type": "LineString", "coordinates": [[-71.070785, 42.39888], [-71.069973, 42.39837], [-71.070045, 42.398312]]}}, {"type": "Feature", "properties": {"name": null, "separation_level": "none", "street_classification": "residential", "maxspeed_int": null}, "geometry": {"type": "LineString", "coordinates": [[-71.070785, 42.39888], [-71.070946, 42.398739], [-71.071243, 42.398511]]}}, {"type": "Feature", "properties": {"name": null, "separation_level": "none", "street_classification": "residential", "maxspeed_int": null}, "geometry": {"type": "LineString", "coordinates": [[-71.071919, 42.399036], [-71.071492, 42.398756], [-71.071304, 42.398632], [-71.071243, 42.398511]]}}, {"type": "Feature", "properties": {"name": null, "separation_level": "none", "street_classification": "residential", "maxspeed_int": null}, "geometry": {"type": "LineString", "coordinates": [[-71.071243, 42.398511], [-71.070946, 42.398739], [-71.070117, 42.398253], [-71.070045, 42.398312]]}}, {"type": "Feature", "properties": {"name": null, "separation_level": "none", "street_classification": "residential", "maxspeed_int": null}, "geometry": {"type": "LineString", "coordinates": [[-71.071243, 42.398511], [-71.071232, 42.39849], [-71.070353, 42.397929], [-71.070432, 42.397864]]}}, {"type": "Feature", "properties": {"name": null, "separation_level": "none", "street_classification": "residential", "maxspeed_int": null}, "geometry": {"type": "LineString", "coordinates": [[-71.071243, 42.398511], [-71.071094, 42.398611], [-71.070213, 42.398055], [-71.070432, 42.397864]]}}, {"type": "Feature", "properties": {"name": null, "separation_level": "none", "street_classification": "residential", "maxspeed_int": null}, "geometry": {"type": "LineString", "coordinates": [[-71.071243, 42.398511], [-71.071517, 42.398233], [-71.070656, 42.397673], [-71.070432, 42.397864]]}}, {"type": "Feature", "properties": {"name": null, "separation_level": "none", "street_classification": "residential", "maxspeed_int": null}, "geometry": {"type": "LineString", "coordinates": [[-71.071243, 42.398511], [-71.07137, 42.39837], [-71.0705, 42.397804], [-71.070432, 42.397864]]}}, {"type": "Feature", "properties": {"name": null, "separation_level": "none", "street_classification": "residential", "maxspeed_int": null}, "geometry": {"type": "LineString", "coordinates": [[-71.071243, 42.398511], [-71.071517, 42.398233], [-71.071687, 42.398094], [-71.071762, 42.398029]]}}, {"type": "Feature", "properties": {"name": "Calhoun Avenue", "separation_level": "none", "street_classification": "residential", "maxspeed_int": 20.0}, "geometry": {"type": "LineString", "coordinates": [[-71.039067, 42.413795], [-71.03985, 42.414508], [-71.040161, 42.414792]]}}, {"type": "Feature", "properties": {"name": null, "separation_level": "none", "street_classification": "residential", "maxspeed_int": null}, "geometry": {"type": "LineString", "coordinates": [[-71.039067, 42.413795], [-71.039189, 42.41372], [-71.039238, 42.413672], [-71.039271, 42.413583]]}}, {"type": "Feature", "properties": {"name": null, "separation_level": "none", "street_classification": "dedicated_path", "maxspeed_int": null}, "geometry": {"type": "LineString", "coordinates": [[-71.068024, 42.404077], [-71.06773, 42.404074], [-71.067676, 42.404103], [-71.0672, 42.404112]]}}, {"type": "Feature", "properties": {"name": "Nichols Street", "separation_level": "none", "street_classification": "medium-capacity", "maxspeed_int": null}, "geometry": {"type": "LineString", "coordinates": [[-71.044116, 42.408312], [-71.044219, 42.40832], [-71.044571, 42.408343]]}}, {"type": "Feature", "properties": {"name": "Irving Street", "separation_level": "none", "street_classification": "residential", "maxspeed_int": 20.0}, "geometry": {"type": "LineString", "coordinates": [[-71.044116, 42.408312], [-71.044148, 42.408241], [-71.044289, 42.407935], [-71.045304, 42.40574], [-71.045331, 42.405682]]}}, {"type": "Feature", "properties": {"name": "Main Street", "separation_level": "none", "street_classification": "medium-capacity", "maxspeed_int": null}, "geometry": {"type": "LineString", "coordinates": [[-71.060322, 42.402963], [-71.060383, 42.402975], [-71.060498, 42.403078], [-71.06053, 42.403107], [-71.060561, 42.403131]]}}, {"type": "Feature", "properties": {"name": "Sweetser Circle", "separation_level": "none", "street_classification": "medium-capacity", "maxspeed_int": null}, "geometry": {"type": "LineString", "coordinates": [[-71.060322, 42.402963], [-71.060383, 42.402975], [-71.060424, 42.40298], [-71.060483, 42.402984], [-71.060542, 42.402984], [-71.060598, 42.402981], [-71.06066, 42.402973], [-71.060724, 42.402961], [-71.060783, 42.402946], [-71.060839, 42.402928], [-71.060892, 42.402907], [-71.060943, 42.402882], [-71.060972, 42.402866], [-71.061005, 42.402843]]}}, {"type": "Feature", "properties": {"name": "Broadway", "separation_level": "share_busway", "street_classification": "medium-capacity", "maxspeed_int": null}, "geometry": {"type": "LineString", "coordinates": [[-71.05705, 42.4054], [-71.057116, 42.405334], [-71.05724, 42.4052], [-71.057263, 42.405175], [-71.057381, 42.405047]]}}, {"type": "Feature", "properties": {"name": "Raymond Street", "separation_level": "none", "street_classification": "residential", "maxspeed_int": 20.0}, "geometry": {"type": "LineString", "coordinates": [[-71.04992, 42.413487], [-71.050474, 42.41387], [-71.050635, 42.413981], [-71.051474, 42.41461]]}}, {"type": "Feature", "properties": {"name": null, "separation_level": "none", "street_classification": "residential", "maxspeed_int": null}, "geometry": {"type": "LineString", "coordinates": [[-71.04992, 42.413487], [-71.049976, 42.413445], [-71.050368, 42.413152]]}}, {"type": "Feature", "properties": {"name": "Broadway", "separation_level": "share_busway", "street_classification": "medium-capacity", "maxspeed_int": null}, "geometry": {"type": "LineString", "coordinates": [[-71.057381, 42.405047], [-71.057587, 42.404825], [-71.057776, 42.404621]]}}, {"type": "Feature", "properties": {"name": null, "separation_level": "none", "street_classification": "residential", "maxspeed_int": null}, "geometry": {"type": "LineString", "coordinates": [[-71.057381, 42.405047], [-71.057422, 42.40507], [-71.057467, 42.405095], [-71.057484, 42.405105], [-71.0579, 42.405334], [-71.057919, 42.405345], [-71.057961, 42.405371], [-71.05803, 42.405317]]}}, {"type": "Feature", "properties": {"name": "Broadway", "separation_level": "none", "street_classification": "medium-capacity", "maxspeed_int": null}, "geometry": {"type": "LineString", "coordinates": [[-71.059351, 42.403024], [-71.059444, 42.402994], [-71.059528, 42.402968], [-71.059596, 42.402949], [-71.059656, 42.402934], [-71.059718, 42.402922], [-71.059776, 42.402915], [-71.059821, 42.402911], [-71.059862, 42.402908], [-71.059906, 42.402905], [-71.059946, 42.402905], [-71.059988, 42.402905], [-71.060035, 42.402908], [-71.060082, 42.402913], [-71.060124, 42.402919], [-71.060174, 42.402929], [-71.06026, 42.40295], [-71.060322, 42.402963]]}}, {"type": "Feature", "properties": {"name": "Broadway", "separation_level": "share_busway", "street_classification": "medium-capacity", "maxspeed_int": null}, "geometry": {"type": "LineString", "coordinates": [[-71.059351, 42.403024], [-71.059308, 42.403047], [-71.059266, 42.403072], [-71.059233, 42.403095], [-71.0592, 42.403119], [-71.059157, 42.403152], [-71.059121, 42.403182], [-71.059087, 42.403213], [-71.058932, 42.403376]]}}, {"type": "Feature", "properties": {"name": "Broadway", "separation_level": "share_busway", "street_classification": "medium-capacity", "maxspeed_int": null}, "geometry": {"type": "LineString", "coordinates": [[-71.058932, 42.403376], [-71.058777, 42.403542], [-71.058555, 42.403781]]}}, {"type": "Feature", "properties": {"name": null, "separation_level": "none", "street_classification": "residential", "maxspeed_int": null}, "geometry": {"type": "LineString", "coordinates": [[-71.058932, 42.403376], [-71.058777, 42.403542], [-71.058821, 42.403566], [-71.058858, 42.403585], [-71.059047, 42.403686], [-71.059055, 42.40372], [-71.058873, 42.403929]]}}, {"type": "Feature", "properties": {"name": null, "separation_level": "none", "street_classification": "residential", "maxspeed_int": null}, "geometry": {"type": "LineString", "coordinates": [[-71.058932, 42.403376], [-71.058831, 42.403483], [-71.058875, 42.403506], [-71.058914, 42.403526], [-71.059029, 42.403585], [-71.059249, 42.4037], [-71.059317, 42.403627]]}}, {"type": "Feature", "properties": {"name": "Highland Avenue", "separation_level": "none", "street_classification": "residential", "maxspeed_int": 20.0}, "geometry": {"type": "LineString", "coordinates": [[-71.056783, 42.415861], [-71.057234, 42.415498]]}}, {"type": "Feature", "properties": {"name": "Vernal Street", "separation_level": "none", "street_classification": "residential", "maxspeed_int": 20.0}, "geometry": {"type": "LineString", "coordinates": [[-71.052836, 42.415602], [-71.052885, 42.415565], [-71.053279, 42.415269]]}}, {"type": "Feature", "properties": {"name": null, "separation_level": "none", "street_classification": "residential", "maxspeed_int": null}, "geometry": {"type": "LineString", "coordinates": [[-71.052836, 42.415602], [-71.052885, 42.415565], [-71.052749, 42.415462], [-71.052968, 42.415297], [-71.053145, 42.41517], [-71.053279, 42.415269]]}}, {"type": "Feature", "properties": {"name": "Vernal Street", "separation_level": "none", "street_classification": "residential", "maxspeed_int": 20.0}, "geometry": {"type": "LineString", "coordinates": [[-71.053279, 42.415269], [-71.053344, 42.415221], [-71.053454, 42.415139]]}}, {"type": "Feature", "properties": {"name": "Coolidge Street", "separation_level": "none", "street_classification": "residential", "maxspeed_int": 20.0}, "geometry": {"type": "LineString", "coordinates": [[-71.052856, 42.419119], [-71.052801, 42.419169], [-71.052561, 42.419352], [-71.052557, 42.419355], [-71.052086, 42.419688]]}}, {"type": "Feature", "properties": {"name": "Air Force Road", "separation_level": "none", "street_classification": "residential", "maxspeed_int": null}, "geometry": {"type": "LineString", "coordinates": [[-71.065549, 42.406881], [-71.065482, 42.406967], [-71.065406, 42.407042], [-71.065325, 42.407111], [-71.065258, 42.40718], [-71.065235, 42.407213]]}}, {"type": "Feature", "properties": {"name": null, "separation_level": "none", "street_classification": "residential", "maxspeed_int": null}, "geometry": {"type": "LineString", "coordinates": [[-71.065549, 42.406881], [-71.065676, 42.406922], [-71.065806, 42.406969], [-71.065843, 42.407], [-71.065829, 42.407044], [-71.065746, 42.40716], [-71.065671, 42.407235], [-71.06559, 42.407277], [-71.065501, 42.407292], [-71.065428, 42.40728], [-71.065235, 42.407213]]}}, {"type": "Feature", "properties": {"name": null, "separation_level": "none", "street_classification": "residential", "maxspeed_int": null}, "geometry": {"type": "LineString", "coordinates": [[-71.067164, 42.406187], [-71.067169, 42.405788]]}}, {"type": "Feature", "properties": {"name": null, "separation_level": "none", "street_classification": "residential", "maxspeed_int": null}, "geometry": {"type": "LineString", "coordinates": [[-71.067164, 42.406187], [-71.067287, 42.406352], [-71.067431, 42.406408]]}}, {"type": "Feature", "properties": {"name": "Air Force Road", "separation_level": "none", "street_classification": "residential", "maxspeed_int": null}, "geometry": {"type": "LineString", "coordinates": [[-71.065235, 42.407213], [-71.065208, 42.407252], [-71.065174, 42.407321], [-71.065146, 42.407406], [-71.065134, 42.407496], [-71.065138, 42.407561], [-71.06515, 42.407628], [-71.065166, 42.40768], [-71.065182, 42.407726], [-71.065214, 42.407785], [-71.06525, 42.407837], [-71.06537, 42.407978]]}}, {"type": "Feature", "properties": {"name": null, "separation_level": "none", "street_classification": "residential", "maxspeed_int": null}, "geometry": {"type": "LineString", "coordinates": [[-71.048935, 42.409918], [-71.048868, 42.409881], [-71.048977, 42.409785], [-71.048977, 42.409752], [-71.048963, 42.409715], [-71.048862, 42.409651], [-71.048817, 42.409654], [-71.048696, 42.409754], [-71.048586, 42.409847], [-71.048583, 42.409878], [-71.048706, 42.409959], [-71.048762, 42.409957], [-71.048868, 42.409881]]}}, {"type": "Feature", "properties": {"name": "Prospect Street", "separation_level": "none", "street_classification": "residential", "maxspeed_int": 20.0}, "geometry": {"type": "LineString", "coordinates": [[-71.048935, 42.409918], [-71.049001, 42.409955], [-71.049201, 42.409781]]}}, {"type": "Feature", "properties": {"name": null, "separation_level": "none", "street_classification": "residential", "maxspeed_int": null}, "geometry": {"type": "LineString", "coordinates": [[-71.066766, 42.400024], [-71.06679, 42.400078], [-71.066598, 42.400247], [-71.066571, 42.400281], [-71.066563, 42.400334], [-71.06659, 42.400396], [-71.066783, 42.400544], [-71.067243, 42.400824], [-71.067298, 42.40077]]}}, {"type": "Feature", "properties": {"name": null, "separation_level": "none", "street_classification": "dedicated_path", "maxspeed_int": null}, "geometry": {"type": "LineString", "coordinates": [[-71.044765, 42.403205], [-71.044708, 42.403286], [-71.04469, 42.403294], [-71.044675, 42.403303], [-71.044662, 42.403315], [-71.044647, 42.403339], [-71.0446, 42.403447], [-71.044512, 42.40342]]}}, {"type": "Feature", "properties": {"name": null, "separation_level": "none", "street_classification": "dedicated_path", "maxspeed_int": null}, "geometry": {"type": "LineString", "coordinates": [[-71.044765, 42.403205], [-71.04457, 42.403101], [-71.044562, 42.403104], [-71.044534, 42.403119], [-71.044507, 42.403136], [-71.044487, 42.403153], [-71.044468, 42.403172], [-71.044454, 42.403193], [-71.044446, 42.403214], [-71.04444, 42.403237], [-71.044438, 42.403286], [-71.044436, 42.403333], [-71.044431, 42.403381], [-71.044512, 42.40342]]}}, {"type": "Feature", "properties": {"name": "Courtland Street", "separation_level": "none", "street_classification": "residential", "maxspeed_int": 20.0}, "geometry": {"type": "LineString", "coordinates": [[-71.06303, 42.39679], [-71.063577, 42.397101], [-71.063609, 42.397123], [-71.063626, 42.397136], [-71.063653, 42.397156]]}}, {"type": "Feature", "properties": {"name": "Bow Street", "separation_level": "shared_lane", "street_classification": "medium-capacity", "maxspeed_int": null}, "geometry": {"type": "LineString", "coordinates": [[-71.063653, 42.397156], [-71.063586, 42.397191], [-71.063125, 42.397438], [-71.06307, 42.397467]]}}, {"type": "Feature", "properties": {"name": "Dane Street", "separation_level": "none", "street_classification": "residential", "maxspeed_int": 20.0}, "geometry": {"type": "LineString", "coordinates": [[-71.062722, 42.399378], [-71.062633, 42.399438], [-71.062529, 42.399385], [-71.062502, 42.399372], [-71.061839, 42.399035], [-71.061798, 42.399015], [-71.061768, 42.399001], [-71.061738, 42.398991], [-71.061779, 42.398922]]}}, {"type": "Feature", "properties": {"name": "Broadway", "separation_level": "lane", "street_classification": "medium-capacity", "maxspeed_int": null}, "geometry": {"type": "LineString", "coordinates": [[-71.062722, 42.399378], [-71.062744, 42.399318], [-71.063028, 42.399016]]}}, {"type": "Feature", "properties": {"name": null, "separation_level": "none", "street_classification": "residential", "maxspeed_int": null}, "geometry": {"type": "LineString", "coordinates": [[-71.062722, 42.399378], [-71.062819, 42.399357], [-71.062834, 42.399365], [-71.063501, 42.399721], [-71.063515, 42.399728], [-71.06358, 42.399759]]}}, {"type": "Feature", "properties": {"name": "Broadway", "separation_level": "separate", "street_classification": "dedicated_path", "maxspeed_int": null}, "geometry": {"type": "LineString", "coordinates": [[-71.062722, 42.399378], [-71.062819, 42.399357], [-71.062993, 42.399169], [-71.063381, 42.398752], [-71.063722, 42.398382], [-71.063772, 42.398327], [-71.063869, 42.398223], [-71.063954, 42.398111]]}}, {"type": "Feature", "properties": {"name": "Langdon Street", "separation_level": "none", "street_classification": "residential", "maxspeed_int": 20.0}, "geometry": {"type": "LineString", "coordinates": [[-71.063028, 42.399016], [-71.062921, 42.398961], [-71.062899, 42.39895], [-71.06209, 42.398535], [-71.062057, 42.398522], [-71.062021, 42.398511]]}}, {"type": "Feature", "properties": {"name": "Charlton Street", "separation_level": "none", "street_classification": "residential", "maxspeed_int": 20.0}, "geometry": {"type": "LineString", "coordinates": [[-71.06358, 42.399759], [-71.06391, 42.399407]]}}, {"type": "Feature", "properties": {"name": "Charlton Street", "separation_level": "none", "street_classification": "residential", "maxspeed_int": 20.0}, "geometry": {"type": "LineString", "coordinates": [[-71.06358, 42.399759], [-71.063441, 42.399904], [-71.063047, 42.400306], [-71.063, 42.40036]]}}, {"type": "Feature", "properties": {"name": "Everett Avenue", "separation_level": "none", "street_classification": "medium-capacity", "maxspeed_int": null}, "geometry": {"type": "LineString", "coordinates": [[-71.041801, 42.402543], [-71.041853, 42.402714], [-71.041862, 42.402754], [-71.041867, 42.402791], [-71.041869, 42.402831], [-71.041869, 42.402863], [-71.041868, 42.402894]]}}, {"type": "Feature", "properties": {"name": "Malden Street", "separation_level": "none", "street_classification": "medium-capacity", "maxspeed_int": null}, "geometry": {"type": "LineString", "coordinates": [[-71.041868, 42.402894], [-71.041859, 42.402935], [-71.041846, 42.402971], [-71.041838, 42.402996], [-71.041646, 42.403423]]}}, {"type": "Feature", "properties": {"name": "Charlton Street", "separation_level": "none", "street_classification": "residential", "maxspeed_int": 20.0}, "geometry": {"type": "LineString", "coordinates": [[-71.06391, 42.399407], [-71.064388, 42.398894]]}}, {"type": "Feature", "properties": {"name": null, "separation_level": "none", "street_classification": "residential", "maxspeed_int": null}, "geometry": {"type": "LineString", "coordinates": [[-71.06391, 42.399407], [-71.064087, 42.399506], [-71.064157, 42.39954], [-71.06424, 42.399572], [-71.064317, 42.399586]]}}, {"type": "Feature", "properties": {"name": null, "separation_level": "none", "street_classification": "residential", "maxspeed_int": null}, "geometry": {"type": "LineString", "coordinates": [[-71.069319, 42.404877], [-71.069431, 42.404895], [-71.069172, 42.406012]]}}, {"type": "Feature", "properties": {"name": null, "separation_level": "none", "street_classification": "residential", "maxspeed_int": null}, "geometry": {"type": "LineString", "coordinates": [[-71.069319, 42.404877], [-71.069648, 42.40493], [-71.069398, 42.405991], [-71.069172, 42.406012]]}}, {"type": "Feature", "properties": {"name": null, "separation_level": "none", "street_classification": "residential", "maxspeed_int": null}, "geometry": {"type": "LineString", "coordinates": [[-71.069319, 42.404877], [-71.069208, 42.404859], [-71.068945, 42.406033], [-71.069172, 42.406012]]}}, {"type": "Feature", "properties": {"name": null, "separation_level": "none", "street_classification": "residential", "maxspeed_int": null}, "geometry": {"type": "LineString", "coordinates": [[-71.069319, 42.404877], [-71.069648, 42.40493], [-71.069903, 42.404972]]}}, {"type": "Feature", "properties": {"name": null, "separation_level": "none", "street_classification": "residential", "maxspeed_int": null}, "geometry": {"type": "LineString", "coordinates": [[-71.070689, 42.40388], [-71.070703, 42.403895], [-71.070709, 42.403913], [-71.070711, 42.403931], [-71.070369, 42.405048], [-71.070263, 42.40503]]}}, {"type": "Feature", "properties": {"name": null, "separation_level": "none", "street_classification": "residential", "maxspeed_int": null}, "geometry": {"type": "LineString", "coordinates": [[-71.070689, 42.40388], [-71.070712, 42.403861], [-71.070744, 42.403852], [-71.070795, 42.403849], [-71.070849, 42.403859], [-71.070915, 42.403884], [-71.070984, 42.40391]]}}, {"type": "Feature", "properties": {"name": "Liberty Street", "separation_level": "none", "street_classification": "residential", "maxspeed_int": 20.0}, "geometry": {"type": "LineString", "coordinates": [[-71.055931, 42.408589], [-71.055582, 42.40864], [-71.055525, 42.408649], [-71.055488, 42.408655]]}}, {"type": "Feature", "properties": {"name": null, "separation_level": "none", "street_classification": "residential", "maxspeed_int": null}, "geometry": {"type": "LineString", "coordinates": [[-71.066737, 42.393888], [-71.066699, 42.393927], [-71.066497, 42.394122]]}}, {"type": "Feature", "properties": {"name": null, "separation_level": "none", "street_classification": "residential", "maxspeed_int": null}, "geometry": {"type": "LineString", "coordinates": [[-71.063547, 42.3925], [-71.063497, 42.392538], [-71.062899, 42.393109]]}}, {"type": "Feature", "properties": {"name": "Rover Street", "separation_level": "none", "street_classification": "residential", "maxspeed_int": null}, "geometry": {"type": "LineString", "coordinates": [[-71.063547, 42.3925], [-71.063465, 42.392453], [-71.063422, 42.392431], [-71.063373, 42.39241], [-71.063317, 42.392393], [-71.063209, 42.392366], [-71.06318, 42.392395], [-71.063094, 42.392489], [-71.062861, 42.392738]]}}, {"type": "Feature", "properties": {"name": "Northern Strand Community Trail", "separation_level": "separate", "street_classification": "dedicated_path", "maxspeed_int": null}, "geometry": {"type": "LineString", "coordinates": [[-71.067193, 42.410128], [-71.067154, 42.410147], [-71.067194, 42.410195], [-71.067221, 42.410257], [-71.067221, 42.410334], [-71.067339, 42.410453], [-71.067399, 42.410514], [-71.067554, 42.410678], [-71.067614, 42.410744], [-71.067686, 42.410827], [-71.067841, 42.411018], [-71.068092, 42.411314], [-71.068114, 42.411341], [-71.068167, 42.411404], [-71.068225, 42.411476], [-71.068785, 42.41212], [-71.068838, 42.412198], [-71.06894, 42.412318], [-71.069005, 42.412402], [-71.069107, 42.412463]]}}, {"type": "Feature", "properties": {"name": "Northern Strand Community Trail", "separation_level": "separate", "street_classification": "dedicated_path", "maxspeed_int": null}, "geometry": {"type": "LineString", "coordinates": [[-71.067193, 42.410128], [-71.067154, 42.410147], [-71.067079, 42.410091], [-71.067012, 42.410041], [-71.066983, 42.410005], [-71.066893, 42.409903], [-71.066647, 42.409631], [-71.066354, 42.409296], [-71.06642, 42.40927]]}}, {"type": "Feature", "properties": {"name": "Air Force Road", "separation_level": "none", "street_classification": "residential", "maxspeed_int": null}, "geometry": {"type": "LineString", "coordinates": [[-71.067193, 42.410128], [-71.067233, 42.410109], [-71.067174, 42.410045], [-71.066944, 42.409777], [-71.066697, 42.409491], [-71.066485, 42.409245], [-71.06642, 42.40927]]}}, {"type": "Feature", "properties": {"name": "Air Force Road", "separation_level": "none", "street_classification": "residential", "maxspeed_int": null}, "geometry": {"type": "LineString", "coordinates": [[-71.067193, 42.410128], [-71.067233, 42.410109], [-71.067378, 42.410273], [-71.067432, 42.410301], [-71.067522, 42.410319], [-71.067618, 42.410318], [-71.06769, 42.410304], [-71.067737, 42.410286], [-71.067765, 42.41027], [-71.067901, 42.410157]]}}, {"type": "Feature", "properties": {"name": null, "separation_level": "none", "street_classification": "residential", "maxspeed_int": null}, "geometry": {"type": "LineString", "coordinates": [[-71.04521, 42.412639], [-71.044992, 42.412353], [-71.045056, 42.412324]]}}, {"type": "Feature", "properties": {"name": null, "separation_level": "none", "street_classification": "residential", "maxspeed_int": null}, "geometry": {"type": "LineString", "coordinates": [[-71.045056, 42.412324], [-71.044923, 42.412305], [-71.04486, 42.41227], [-71.044693, 42.412257], [-71.044445, 42.412289], [-71.044279, 42.41235], [-71.044267, 42.412362]]}}, {"type": "Feature", "properties": {"name": null, "separation_level": "none", "street_classification": "residential", "maxspeed_int": null}, "geometry": {"type": "LineString", "coordinates": [[-71.043973, 42.401672], [-71.044022, 42.401716], [-71.044052, 42.401743], [-71.044131, 42.401787], [-71.044217, 42.401809], [-71.044342, 42.40179], [-71.044563, 42.401656], [-71.044561, 42.401579], [-71.044424, 42.401455], [-71.044462, 42.40135]]}}, {"type": "Feature", "properties": {"name": "Oakes Street", "separation_level": "none", "street_classification": "medium-capacity", "maxspeed_int": null}, "geometry": {"type": "LineString", "coordinates": [[-71.060801, 42.405204], [-71.061139, 42.405196]]}}, {"type": "Feature", "properties": {"name": "Lynde Street", "separation_level": "none", "street_classification": "residential", "maxspeed_int": 20.0}, "geometry": {"type": "LineString", "coordinates": [[-71.064287, 42.395388], [-71.064104, 42.395284], [-71.064048, 42.395252]]}}, {"type": "Feature", "properties": {"name": "Gladstone Street", "separation_level": "none", "street_classification": "residential", "maxspeed_int": 20.0}, "geometry": {"type": "LineString", "coordinates": [[-71.058555, 42.403781], [-71.058518, 42.403764], [-71.05841, 42.403715], [-71.058352, 42.403687], [-71.058138, 42.403579], [-71.05812, 42.403656]]}}, {"type": "Feature", "properties": {"name": "Broadway", "separation_level": "share_busway", "street_classification": "medium-capacity", "maxspeed_int": null}, "geometry": {"type": "LineString", "coordinates": [[-71.058555, 42.403781], [-71.058494, 42.403847], [-71.05847, 42.403871], [-71.058161, 42.404206]]}}, {"type": "Feature", "properties": {"name": "Gladstone Street", "separation_level": "none", "street_classification": "residential", "maxspeed_int": 20.0}, "geometry": {"type": "LineString", "coordinates": [[-71.058873, 42.403929], [-71.058678, 42.403839], [-71.0586, 42.403802], [-71.058555, 42.403781]]}}, {"type": "Feature", "properties": {"name": null, "separation_level": "none", "street_classification": "residential", "maxspeed_int": null}, "geometry": {"type": "LineString", "coordinates": [[-71.059317, 42.403627], [-71.059384, 42.403555], [-71.059044, 42.403378], [-71.059009, 42.40336], [-71.058966, 42.403338], [-71.058932, 42.403376]]}}, {"type": "Feature", "properties": {"name": "Harley Avenue", "separation_level": "none", "street_classification": "residential", "maxspeed_int": 20.0}, "geometry": {"type": "LineString", "coordinates": [[-71.058127, 42.414513], [-71.058448, 42.414286], [-71.05892, 42.414042], [-71.059314, 42.413817], [-71.05974, 42.413555], [-71.060094, 42.413359]]}}, {"type": "Feature", "properties": {"name": "Norwood Street", "separation_level": "none", "street_classification": "medium-capacity", "maxspeed_int": null}, "geometry": {"type": "LineString", "coordinates": [[-71.056398, 42.40731], [-71.056079, 42.407206], [-71.055996, 42.407182]]}}, {"type": "Feature", "properties": {"name": null, "separation_level": "none", "street_classification": "residential", "maxspeed_int": null}, "geometry": {"type": "LineString", "coordinates": [[-71.040622, 42.421324], [-71.040947, 42.421061], [-71.040963, 42.421048]]}}, {"type": "Feature", "properties": {"name": null, "separation_level": "none", "street_classification": "residential", "maxspeed_int": null}, "geometry": {"type": "LineString", "coordinates": [[-71.040622, 42.421324], [-71.040367, 42.421309], [-71.040296, 42.421327], [-71.040236, 42.42137], [-71.040223, 42.421415], [-71.040769, 42.421684], [-71.040867, 42.421699]]}}, {"type": "Feature", "properties": {"name": null, "separation_level": "none", "street_classification": "residential", "maxspeed_int": null}, "geometry": {"type": "LineString", "coordinates": [[-71.040622, 42.421324], [-71.040948, 42.421513], [-71.040982, 42.421525]]}}, {"type": "Feature", "properties": {"name": null, "separation_level": "none", "street_classification": "residential", "maxspeed_int": null}, "geometry": {"type": "LineString", "coordinates": [[-71.040963, 42.421048], [-71.040947, 42.421061], [-71.04127, 42.421291], [-71.041279, 42.421283]]}}, {"type": "Feature", "properties": {"name": null, "separation_level": "none", "street_classification": "residential", "maxspeed_int": null}, "geometry": {"type": "LineString", "coordinates": [[-71.040963, 42.421048], [-71.040978, 42.421036], [-71.04138, 42.420711], [-71.041489, 42.420622]]}}, {"type": "Feature", "properties": {"name": null, "separation_level": "none", "street_classification": "residential", "maxspeed_int": null}, "geometry": {"type": "LineString", "coordinates": [[-71.040867, 42.421699], [-71.040932, 42.421598], [-71.040982, 42.421525]]}}, {"type": "Feature", "properties": {"name": null, "separation_level": "none", "street_classification": "residential", "maxspeed_int": null}, "geometry": {"type": "LineString", "coordinates": [[-71.040982, 42.421525], [-71.040993, 42.421508], [-71.04127, 42.421291], [-71.041279, 42.421283]]}}, {"type": "Feature", "properties": {"name": null, "separation_level": "none", "street_classification": "residential", "maxspeed_int": null}, "geometry": {"type": "LineString", "coordinates": [[-71.041279, 42.421283], [-71.041289, 42.421276], [-71.041526, 42.42145]]}}, {"type": "Feature", "properties": {"name": null, "separation_level": "separate", "street_classification": "dedicated_path", "maxspeed_int": null}, "geometry": {"type": "LineString", "coordinates": [[-71.061398, 42.400639], [-71.061126, 42.400758], [-71.061, 42.400853]]}}, {"type": "Feature", "properties": {"name": "Broadway", "separation_level": "none", "street_classification": "medium-capacity", "maxspeed_int": null}, "geometry": {"type": "LineString", "coordinates": [[-71.061398, 42.400639], [-71.061143, 42.400824], [-71.061038, 42.400897], [-71.06093, 42.400967], [-71.061, 42.400853]]}}, {"type": "Feature", "properties": {"name": "Beacham Street", "separation_level": "lane", "street_classification": "medium-capacity", "maxspeed_int": null}, "geometry": {"type": "LineString", "coordinates": [[-71.056458, 42.39453], [-71.056571, 42.394552], [-71.056686, 42.394578], [-71.056792, 42.394605], [-71.056892, 42.394634], [-71.057015, 42.39468], [-71.057144, 42.394734], [-71.057258, 42.394787], [-71.057377, 42.394846], [-71.057926, 42.395132], [-71.0593, 42.395849], [-71.059417, 42.395906], [-71.059525, 42.395956], [-71.059626, 42.396001], [-71.059746, 42.396052], [-71.060033, 42.396174], [-71.060112, 42.396209], [-71.060186, 42.396241], [-71.060656, 42.39645]]}}, {"type": "Feature", "properties": {"name": "Beacham Street", "separation_level": "lane", "street_classification": "medium-capacity", "maxspeed_int": null}, "geometry": {"type": "LineString", "coordinates": [[-71.053746, 42.394764], [-71.053224, 42.395032], [-71.053163, 42.395065]]}}, {"type": "Feature", "properties": {"name": "Beacham Street", "separation_level": "lane", "street_classification": "medium-capacity", "maxspeed_int": null}, "geometry": {"type": "LineString", "coordinates": [[-71.053163, 42.395065], [-71.053102, 42.395098], [-71.052845, 42.395236]]}}, {"type": "Feature", "properties": {"name": "Gladstone Street", "separation_level": "none", "street_classification": "residential", "maxspeed_int": 20.0}, "geometry": {"type": "LineString", "coordinates": [[-71.05812, 42.403656], [-71.058138, 42.403579], [-71.057499, 42.403252], [-71.057376, 42.40319]]}}, {"type": "Feature", "properties": {"name": "Broadway", "separation_level": "share_busway", "street_classification": "medium-capacity", "maxspeed_int": null}, "geometry": {"type": "LineString", "coordinates": [[-71.058161, 42.404206], [-71.057963, 42.40442], [-71.057776, 42.404621]]}}, {"type": "Feature", "properties": {"name": null, "separation_level": "none", "street_classification": "residential", "maxspeed_int": null}, "geometry": {"type": "LineString", "coordinates": [[-71.058161, 42.404206], [-71.058206, 42.40423], [-71.058246, 42.404251], [-71.058427, 42.404348], [-71.058493, 42.404405], [-71.058495, 42.40447]]}}, {"type": "Feature", "properties": {"name": null, "separation_level": "none", "street_classification": "residential", "maxspeed_int": null}, "geometry": {"type": "LineString", "coordinates": [[-71.057776, 42.404621], [-71.057587, 42.404825], [-71.057554, 42.404806], [-71.057513, 42.404782], [-71.057326, 42.404675]]}}, {"type": "Feature", "properties": {"name": null, "separation_level": "none", "street_classification": "residential", "maxspeed_int": null}, "geometry": {"type": "LineString", "coordinates": [[-71.057776, 42.404621], [-71.057899, 42.404489], [-71.057943, 42.404512], [-71.057988, 42.404535], [-71.058261, 42.404675], [-71.058316, 42.404657], [-71.058495, 42.40447]]}}, {"type": "Feature", "properties": {"name": null, "separation_level": "none", "street_classification": "residential", "maxspeed_int": null}, "geometry": {"type": "LineString", "coordinates": [[-71.06537, 42.407978], [-71.065726, 42.407873]]}}, {"type": "Feature", "properties": {"name": "Air Force Road", "separation_level": "none", "street_classification": "residential", "maxspeed_int": null}, "geometry": {"type": "LineString", "coordinates": [[-71.06537, 42.407978], [-71.065565, 42.408201], [-71.065858, 42.408536], [-71.066106, 42.408825], [-71.066218, 42.408795]]}}, {"type": "Feature", "properties": {"name": null, "separation_level": "none", "street_classification": "residential", "maxspeed_int": null}, "geometry": {"type": "LineString", "coordinates": [[-71.056251, 42.405634], [-71.055909, 42.406018], [-71.055928, 42.40606], [-71.056027, 42.406112], [-71.056075, 42.406145]]}}, {"type": "Feature", "properties": {"name": null, "separation_level": "none", "street_classification": "residential", "maxspeed_int": null}, "geometry": {"type": "LineString", "coordinates": [[-71.056075, 42.406145], [-71.056141, 42.406259], [-71.056169, 42.406306], [-71.056186, 42.406337]]}}, {"type": "Feature", "properties": {"name": null, "separation_level": "none", "street_classification": "residential", "maxspeed_int": null}, "geometry": {"type": "LineString", "coordinates": [[-71.068764, 42.399388], [-71.068481, 42.399654], [-71.06833, 42.399796], [-71.068264, 42.399859]]}}, {"type": "Feature", "properties": {"name": null, "separation_level": "none", "street_classification": "residential", "maxspeed_int": null}, "geometry": {"type": "LineString", "coordinates": [[-71.070045, 42.398312], [-71.070117, 42.398253], [-71.070176, 42.398084], [-71.070213, 42.398055], [-71.070432, 42.397864]]}}, {"type": "Feature", "properties": {"name": "Nichols Street", "separation_level": "none", "street_classification": "medium-capacity", "maxspeed_int": null}, "geometry": {"type": "LineString", "coordinates": [[-71.044571, 42.408343], [-71.044672, 42.40835], [-71.044751, 42.408356], [-71.045064, 42.408377], [-71.045139, 42.408382], [-71.045204, 42.408385]]}}, {"type": "Feature", "properties": {"name": null, "separation_level": "none", "street_classification": "residential", "maxspeed_int": null}, "geometry": {"type": "LineString", "coordinates": [[-71.044571, 42.408343], [-71.044548, 42.408552], [-71.044548, 42.40856], [-71.044549, 42.408567], [-71.044551, 42.408574], [-71.044554, 42.408581], [-71.044559, 42.408588], [-71.044563, 42.408595], [-71.044569, 42.408601], [-71.044576, 42.408606], [-71.044583, 42.408611], [-71.044591, 42.408616], [-71.044599, 42.40862], [-71.044608, 42.408623], [-71.044618, 42.408625], [-71.044627, 42.408627], [-71.044703, 42.408635], [-71.045015, 42.408665], [-71.045199, 42.408682], [-71.045269, 42.408389], [-71.045204, 42.408385]]}}, {"type": "Feature", "properties": {"name": null, "separation_level": "none", "street_classification": "residential", "maxspeed_int": null}, "geometry": {"type": "LineString", "coordinates": [[-71.062899, 42.393109], [-71.062821, 42.393042], [-71.062844, 42.392967], [-71.062886, 42.392866], [-71.062947, 42.392784], [-71.062861, 42.392738]]}}, {"type": "Feature", "properties": {"name": "Revere Beach Parkway", "separation_level": "none", "street_classification": "motorway", "maxspeed_int": 35.0}, "geometry": {"type": "LineString", "coordinates": [[-71.042665, 42.401802], [-71.042356, 42.40177]]}}, {"type": "Feature", "properties": {"name": "Mill Road", "separation_level": "none", "street_classification": "residential", "maxspeed_int": 20.0}, "geometry": {"type": "LineString", "coordinates": [[-71.042665, 42.401802], [-71.04268, 42.401734], [-71.042774, 42.401316], [-71.043805, 42.400741], [-71.043863, 42.400676]]}}, {"type": "Feature", "properties": {"name": "Revere Beach Parkway", "separation_level": "none", "street_classification": "motorway", "maxspeed_int": 35.0}, "geometry": {"type": "LineString", "coordinates": [[-71.044762, 42.402271], [-71.044774, 42.402215], [-71.045066, 42.40225], [-71.045259, 42.402272], [-71.045276, 42.402195]]}}, {"type": "Feature", "properties": {"name": null, "separation_level": "none", "street_classification": "residential", "maxspeed_int": null}, "geometry": {"type": "LineString", "coordinates": [[-71.044762, 42.402271], [-71.04475, 42.402327], [-71.044746, 42.402349], [-71.044706, 42.402514]]}}, {"type": "Feature", "properties": {"name": "Revere Beach Parkway", "separation_level": "none", "street_classification": "motorway", "maxspeed_int": 35.0}, "geometry": {"type": "LineString", "coordinates": [[-71.042356, 42.40177], [-71.041898, 42.401714], [-71.041686, 42.401571]]}}, {"type": "Feature", "properties": {"name": "Corey Street", "separation_level": "none", "street_classification": "residential", "maxspeed_int": 20.0}, "geometry": {"type": "LineString", "coordinates": [[-71.057671, 42.405878], [-71.057745, 42.406166], [-71.057934, 42.406844]]}}, {"type": "Feature", "properties": {"name": "Revere Beach Parkway", "separation_level": "none", "street_classification": "motorway", "maxspeed_int": 35.0}, "geometry": {"type": "LineString", "coordinates": [[-71.071086, 42.403439], [-71.070837, 42.403417], [-71.070533, 42.403319], [-71.070392, 42.403271], [-71.070249, 42.403221], [-71.070129, 42.403175], [-71.070048, 42.403144], [-71.069969, 42.40311], [-71.069898, 42.403079], [-71.069834, 42.403049], [-71.069771, 42.403017], [-71.069712, 42.402984], [-71.06968, 42.402966], [-71.069651, 42.402949], [-71.069611, 42.402924], [-71.069575, 42.402898], [-71.069508, 42.402939]]}}, {"type": "Feature", "properties": {"name": null, "separation_level": "none", "street_classification": "motorway", "maxspeed_int": null}, "geometry": {"type": "LineString", "coordinates": [[-71.071086, 42.403439], [-71.070837, 42.403417], [-71.07053, 42.403243], [-71.07034, 42.403153], [-71.070242, 42.403104], [-71.070199, 42.403078], [-71.07016, 42.403053], [-71.070122, 42.403026], [-71.070086, 42.402996], [-71.070056, 42.40297], [-71.070028, 42.402942], [-71.070006, 42.402915], [-71.069985, 42.402886], [-71.069963, 42.402852], [-71.069945, 42.402818], [-71.069933, 42.402789], [-71.069922, 42.402761], [-71.069911, 42.402721], [-71.069904, 42.402684], [-71.069901, 42.402645], [-71.069901, 42.402601], [-71.069901, 42.402549], [-71.069909, 42.402368], [-71.069911, 42.402323], [-71.069916, 42.402281], [-71.069924, 42.402239], [-71.069934, 42.402198], [-71.06995, 42.402154], [-71.069968, 42.402115], [-71.069991, 42.402075], [-71.070015, 42.402038], [-71.070238, 42.401735]]}}, {"type": "Feature", "properties": {"name": null, "separation_level": "separate", "street_classification": "dedicated_path", "maxspeed_int": null}, "geometry": {"type": "LineString", "coordinates": [[-71.071086, 42.403439], [-71.07106, 42.403376], [-71.070941, 42.40334], [-71.070849, 42.40331], [-71.070776, 42.403285], [-71.070697, 42.403254], [-71.070617, 42.403223], [-71.070514, 42.403182], [-71.070416, 42.403141], [-71.070332, 42.403103], [-71.070269, 42.403074], [-71.070205, 42.403039], [-71.070168, 42.403013], [-71.070121, 42.402978], [-71.070079, 42.402939], [-71.070047, 42.402902], [-71.070023, 42.402869], [-71.07, 42.402833], [-71.069983, 42.4028], [-71.069971, 42.402772], [-71.069962, 42.402743], [-71.069954, 42.402715], [-71.069947, 42.402677], [-71.069945, 42.40264], [-71.069944, 42.4026], [-71.069956, 42.402324], [-71.069964, 42.402272], [-71.069974, 42.402227], [-71.069986, 42.402186], [-71.070002, 42.402145], [-71.070024, 42.402099], [-71.070049, 42.402055], [-71.070079, 42.402014], [-71.070129, 42.401942], [-71.070142, 42.401927], [-71.070263, 42.401825], [-71.070298, 42.40183], [-71.070343, 42.401831], [-71.070392, 42.401828], [-71.070405, 42.401826], [-71.070465, 42.401817], [-71.070502, 42.401808], [-71.070549, 42.401797], [-71.070588, 42.401786], [-71.070658, 42.40176], [-71.070768, 42.401713], [-71.070803, 42.401701], [-71.070844, 42.40169], [-71.070882, 42.401682], [-71.070977, 42.401663], [-71.071044, 42.401649], [-71.071139, 42.401626], [-71.071224, 42.401601], [-71.071269, 42.401587], [-71.071304, 42.401574], [-71.07135, 42.401553], [-71.071379, 42.401537], [-71.071431, 42.401501], [-71.07149, 42.401452], [-71.071541, 42.401406], [-71.071595, 42.401352], [-71.071623, 42.40132], [-71.071646, 42.401289], [-71.071727, 42.40116], [-71.071856, 42.400936], [-71.071927, 42.400807], [-71.071957, 42.400749]]}}, {"type": "Feature", "properties": {"name": null, "separation_level": "none", "street_classification": "dedicated_path", "maxspeed_int": null}, "geometry": {"type": "LineString", "coordinates": [[-71.046318, 42.414512], [-71.046302, 42.4145], [-71.046217, 42.414441], [-71.046152, 42.414406], [-71.046049, 42.414376]]}}, {"type": "Feature", "properties": {"name": "Revere Beach Parkway", "separation_level": "none", "street_classification": "motorway", "maxspeed_int": 35.0}, "geometry": {"type": "LineString", "coordinates": [[-71.055387, 42.403084], [-71.055105, 42.403081], [-71.054885, 42.403035]]}}, {"type": "Feature", "properties": {"name": "Revere Beach Parkway", "separation_level": "none", "street_classification": "motorway", "maxspeed_int": 35.0}, "geometry": {"type": "LineString", "coordinates": [[-71.04888, 42.402714], [-71.049482, 42.402787], [-71.049616, 42.402803], [-71.049483, 42.402984]]}}, {"type": "Feature", "properties": {"name": "Oakes Street", "separation_level": "none", "street_classification": "medium-capacity", "maxspeed_int": null}, "geometry": {"type": "LineString", "coordinates": [[-71.060275, 42.405211], [-71.060801, 42.405204]]}}, {"type": "Feature", "properties": {"name": "Hazel Park", "separation_level": "none", "street_classification": "residential", "maxspeed_int": 20.0}, "geometry": {"type": "LineString", "coordinates": [[-71.060275, 42.405211], [-71.060273, 42.405178], [-71.060219, 42.404034], [-71.060043, 42.40391], [-71.059978, 42.403864]]}}, {"type": "Feature", "properties": {"name": null, "separation_level": "none", "street_classification": "residential", "maxspeed_int": null}, "geometry": {"type": "LineString", "coordinates": [[-71.07016, 42.39996], [-71.070091, 42.400022], [-71.069928, 42.400166], [-71.069571, 42.40048]]}}, {"type": "Feature", "properties": {"name": null, "separation_level": "none", "street_classification": "residential", "maxspeed_int": null}, "geometry": {"type": "LineString", "coordinates": [[-71.07016, 42.39996], [-71.070091, 42.400022], [-71.07113, 42.4007], [-71.071002, 42.400808]]}}, {"type": "Feature", "properties": {"name": null, "separation_level": "none", "street_classification": "residential", "maxspeed_int": null}, "geometry": {"type": "LineString", "coordinates": [[-71.07016, 42.39996], [-71.070229, 42.399897], [-71.071272, 42.400557], [-71.07113, 42.4007], [-71.071002, 42.400808]]}}, {"type": "Feature", "properties": {"name": null, "separation_level": "none", "street_classification": "residential", "maxspeed_int": null}, "geometry": {"type": "LineString", "coordinates": [[-71.067756, 42.400338], [-71.067472, 42.400606], [-71.067298, 42.40077]]}}, {"type": "Feature", "properties": {"name": null, "separation_level": "none", "street_classification": "residential", "maxspeed_int": null}, "geometry": {"type": "LineString", "coordinates": [[-71.067756, 42.400338], [-71.068039, 42.400071], [-71.068198, 42.399921], [-71.068264, 42.399859]]}}, {"type": "Feature", "properties": {"name": null, "separation_level": "none", "street_classification": "residential", "maxspeed_int": null}, "geometry": {"type": "LineString", "coordinates": [[-71.068912, 42.401062], [-71.069211, 42.400798], [-71.069571, 42.40048]]}}, {"type": "Feature", "properties": {"name": null, "separation_level": "none", "street_classification": "residential", "maxspeed_int": null}, "geometry": {"type": "LineString", "coordinates": [[-71.068912, 42.401062], [-71.069316, 42.401068], [-71.069588, 42.401255], [-71.070029, 42.40087]]}}, {"type": "Feature", "properties": {"name": null, "separation_level": "none", "street_classification": "residential", "maxspeed_int": null}, "geometry": {"type": "LineString", "coordinates": [[-71.069571, 42.40048], [-71.069928, 42.400166], [-71.070457, 42.400496], [-71.070029, 42.40087]]}}, {"type": "Feature", "properties": {"name": null, "separation_level": "none", "street_classification": "residential", "maxspeed_int": null}, "geometry": {"type": "LineString", "coordinates": [[-71.069571, 42.40048], [-71.069211, 42.400798], [-71.06973, 42.401131], [-71.070029, 42.40087]]}}, {"type": "Feature", "properties": {"name": null, "separation_level": "none", "street_classification": "residential", "maxspeed_int": null}, "geometry": {"type": "LineString", "coordinates": [[-71.069571, 42.40048], [-71.069793, 42.400284], [-71.070317, 42.400619], [-71.070029, 42.40087]]}}, {"type": "Feature", "properties": {"name": null, "separation_level": "none", "street_classification": "residential", "maxspeed_int": null}, "geometry": {"type": "LineString", "coordinates": [[-71.069571, 42.40048], [-71.069651, 42.40041], [-71.070166, 42.400751], [-71.070029, 42.40087]]}}, {"type": "Feature", "properties": {"name": null, "separation_level": "none", "street_classification": "residential", "maxspeed_int": null}, "geometry": {"type": "LineString", "coordinates": [[-71.069571, 42.40048], [-71.0695, 42.400544], [-71.070017, 42.40088], [-71.070029, 42.40087]]}}, {"type": "Feature", "properties": {"name": null, "separation_level": "none", "street_classification": "residential", "maxspeed_int": null}, "geometry": {"type": "LineString", "coordinates": [[-71.069571, 42.40048], [-71.069357, 42.400669], [-71.069881, 42.400999], [-71.070029, 42.40087]]}}, {"type": "Feature", "properties": {"name": null, "separation_level": "none", "street_classification": "residential", "maxspeed_int": null}, "geometry": {"type": "LineString", "coordinates": [[-71.071946, 42.397786], [-71.072024, 42.397804], [-71.072114, 42.397829], [-71.072286, 42.397936], [-71.072541, 42.398099], [-71.072764, 42.39791]]}}, {"type": "Feature", "properties": {"name": null, "separation_level": "none", "street_classification": "residential", "maxspeed_int": null}, "geometry": {"type": "LineString", "coordinates": [[-71.071946, 42.397786], [-71.072024, 42.397804], [-71.07193, 42.397882], [-71.071837, 42.397964], [-71.071762, 42.398029]]}}, {"type": "Feature", "properties": {"name": null, "separation_level": "none", "street_classification": "residential", "maxspeed_int": null}, "geometry": {"type": "LineString", "coordinates": [[-71.071946, 42.397786], [-71.071868, 42.397768], [-71.071693, 42.397732], [-71.071588, 42.397707], [-71.071486, 42.397661], [-71.071015, 42.397357], [-71.070994, 42.397376]]}}, {"type": "Feature", "properties": {"name": null, "separation_level": "none", "street_classification": "residential", "maxspeed_int": null}, "geometry": {"type": "LineString", "coordinates": [[-71.071946, 42.397786], [-71.071868, 42.397768], [-71.071839, 42.397741], [-71.071815, 42.397714], [-71.071797, 42.397681], [-71.071793, 42.397643], [-71.071801, 42.397598], [-71.071831, 42.397553], [-71.071932, 42.397461], [-71.071993, 42.397405]]}}, {"type": "Feature", "properties": {"name": null, "separation_level": "none", "street_classification": "residential", "maxspeed_int": null}, "geometry": {"type": "LineString", "coordinates": [[-71.072764, 42.39791], [-71.072696, 42.397968], [-71.071932, 42.397461], [-71.071993, 42.397405]]}}, {"type": "Feature", "properties": {"name": null, "separation_level": "none", "street_classification": "residential", "maxspeed_int": null}, "geometry": {"type": "LineString", "coordinates": [[-71.072764, 42.39791], [-71.072835, 42.39785], [-71.072053, 42.397349], [-71.071993, 42.397405]]}}, {"type": "Feature", "properties": {"name": null, "separation_level": "none", "street_classification": "residential", "maxspeed_int": null}, "geometry": {"type": "LineString", "coordinates": [[-71.072764, 42.39791], [-71.072984, 42.397723], [-71.073145, 42.397586], [-71.073413, 42.397359]]}}, {"type": "Feature", "properties": {"name": null, "separation_level": "none", "street_classification": "residential", "maxspeed_int": null}, "geometry": {"type": "LineString", "coordinates": [[-71.072764, 42.39791], [-71.072984, 42.397723], [-71.072207, 42.397209], [-71.072355, 42.39708]]}}, {"type": "Feature", "properties": {"name": null, "separation_level": "none", "street_classification": "residential", "maxspeed_int": null}, "geometry": {"type": "LineString", "coordinates": [[-71.071762, 42.398029], [-71.071837, 42.397964], [-71.070972, 42.397394], [-71.070994, 42.397376]]}}, {"type": "Feature", "properties": {"name": null, "separation_level": "none", "street_classification": "residential", "maxspeed_int": null}, "geometry": {"type": "LineString", "coordinates": [[-71.071762, 42.398029], [-71.071687, 42.398094], [-71.070813, 42.397532]]}}, {"type": "Feature", "properties": {"name": null, "separation_level": "none", "street_classification": "residential", "maxspeed_int": null}, "geometry": {"type": "LineString", "coordinates": [[-71.070994, 42.397376], [-71.071015, 42.397357], [-71.070727, 42.397156], [-71.070051, 42.396724]]}}, {"type": "Feature", "properties": {"name": null, "separation_level": "none", "street_classification": "residential", "maxspeed_int": null}, "geometry": {"type": "LineString", "coordinates": [[-71.070994, 42.397376], [-71.070972, 42.397394], [-71.070813, 42.397532]]}}, {"type": "Feature", "properties": {"name": null, "separation_level": "none", "street_classification": "residential", "maxspeed_int": null}, "geometry": {"type": "LineString", "coordinates": [[-71.071993, 42.397405], [-71.072053, 42.397349], [-71.072207, 42.397209], [-71.072355, 42.39708]]}}, {"type": "Feature", "properties": {"name": null, "separation_level": "none", "street_classification": "residential", "maxspeed_int": null}, "geometry": {"type": "LineString", "coordinates": [[-71.073413, 42.397359], [-71.073674, 42.397136], [-71.073726, 42.397485]]}}, {"type": "Feature", "properties": {"name": null, "separation_level": "none", "street_classification": "residential", "maxspeed_int": null}, "geometry": {"type": "LineString", "coordinates": [[-71.073413, 42.397359], [-71.07345, 42.397327], [-71.073726, 42.397485]]}}, {"type": "Feature", "properties": {"name": null, "separation_level": "none", "street_classification": "residential", "maxspeed_int": null}, "geometry": {"type": "LineString", "coordinates": [[-71.073413, 42.397359], [-71.073674, 42.397136], [-71.073648, 42.396995], [-71.072897, 42.396493], [-71.072644, 42.396627]]}}, {"type": "Feature", "properties": {"name": null, "separation_level": "none", "street_classification": "residential", "maxspeed_int": null}, "geometry": {"type": "LineString", "coordinates": [[-71.073413, 42.397359], [-71.073608, 42.397193], [-71.072742, 42.39662], [-71.072644, 42.396627]]}}, {"type": "Feature", "properties": {"name": null, "separation_level": "none", "street_classification": "residential", "maxspeed_int": null}, "geometry": {"type": "LineString", "coordinates": [[-71.073413, 42.397359], [-71.07345, 42.397327], [-71.07258, 42.396752], [-71.072644, 42.396627]]}}, {"type": "Feature", "properties": {"name": null, "separation_level": "none", "street_classification": "residential", "maxspeed_int": null}, "geometry": {"type": "LineString", "coordinates": [[-71.073413, 42.397359], [-71.073294, 42.397459], [-71.072502, 42.396954], [-71.072355, 42.39708]]}}, {"type": "Feature", "properties": {"name": null, "separation_level": "none", "street_classification": "residential", "maxspeed_int": null}, "geometry": {"type": "LineString", "coordinates": [[-71.073413, 42.397359], [-71.073145, 42.397586], [-71.07236, 42.397076], [-71.072355, 42.39708]]}}, {"type": "Feature", "properties": {"name": null, "separation_level": "none", "street_classification": "residential", "maxspeed_int": null}, "geometry": {"type": "LineString", "coordinates": [[-71.073413, 42.397359], [-71.073294, 42.397459], [-71.073739, 42.397731]]}}, {"type": "Feature", "properties": {"name": null, "separation_level": "none", "street_classification": "residential", "maxspeed_int": null}, "geometry": {"type": "LineString", "coordinates": [[-71.073413, 42.397359], [-71.073145, 42.397586], [-71.073733, 42.397969]]}}, {"type": "Feature", "properties": {"name": null, "separation_level": "none", "street_classification": "residential", "maxspeed_int": null}, "geometry": {"type": "LineString", "coordinates": [[-71.072355, 42.39708], [-71.072502, 42.396954], [-71.072491, 42.39669], [-71.072644, 42.396627]]}}, {"type": "Feature", "properties": {"name": null, "separation_level": "none", "street_classification": "residential", "maxspeed_int": null}, "geometry": {"type": "LineString", "coordinates": [[-71.070813, 42.397532], [-71.070656, 42.397673], [-71.070432, 42.397864]]}}, {"type": "Feature", "properties": {"name": null, "separation_level": "none", "street_classification": "residential", "maxspeed_int": null}, "geometry": {"type": "LineString", "coordinates": [[-71.073733, 42.397969], [-71.073739, 42.397731]]}}, {"type": "Feature", "properties": {"name": null, "separation_level": "none", "street_classification": "residential", "maxspeed_int": null}, "geometry": {"type": "LineString", "coordinates": [[-71.070051, 42.396724], [-71.070518, 42.396327], [-71.07097, 42.396009], [-71.071235, 42.395974], [-71.071413, 42.396151], [-71.0717, 42.396334], [-71.071805, 42.396347], [-71.072052, 42.396396], [-71.072134, 42.396449]]}}, {"type": "Feature", "properties": {"name": null, "separation_level": "none", "street_classification": "residential", "maxspeed_int": null}, "geometry": {"type": "LineString", "coordinates": [[-71.072134, 42.396449], [-71.072052, 42.396396], [-71.072377, 42.396142], [-71.072524, 42.396244]]}}, {"type": "Feature", "properties": {"name": null, "separation_level": "none", "street_classification": "residential", "maxspeed_int": null}, "geometry": {"type": "LineString", "coordinates": [[-71.072134, 42.396449], [-71.072215, 42.396502], [-71.072524, 42.396244]]}}, {"type": "Feature", "properties": {"name": null, "separation_level": "none", "street_classification": "residential", "maxspeed_int": null}, "geometry": {"type": "LineString", "coordinates": [[-71.072134, 42.396449], [-71.072215, 42.396502], [-71.072397, 42.396627], [-71.072644, 42.396627]]}}, {"type": "Feature", "properties": {"name": null, "separation_level": "none", "street_classification": "residential", "maxspeed_int": null}, "geometry": {"type": "LineString", "coordinates": [[-71.069445, 42.396592], [-71.072199, 42.39419], [-71.072321, 42.394078], [-71.072446, 42.39397], [-71.072648, 42.393732]]}}, {"type": "Feature", "properties": {"name": null, "separation_level": "none", "street_classification": "residential", "maxspeed_int": null}, "geometry": {"type": "LineString", "coordinates": [[-71.069445, 42.396592], [-71.068734, 42.397189], [-71.068538, 42.397318], [-71.068178, 42.397173]]}}, {"type": "Feature", "properties": {"name": null, "separation_level": "none", "street_classification": "residential", "maxspeed_int": null}, "geometry": {"type": "LineString", "coordinates": [[-71.072524, 42.396244], [-71.072705, 42.396365]]}}, {"type": "Feature", "properties": {"name": null, "separation_level": "none", "street_classification": "residential", "maxspeed_int": null}, "geometry": {"type": "LineString", "coordinates": [[-71.072644, 42.396627], [-71.072897, 42.396493], [-71.072705, 42.396365]]}}, {"type": "Feature", "properties": {"name": null, "separation_level": "none", "street_classification": "residential", "maxspeed_int": null}, "geometry": {"type": "LineString", "coordinates": [[-71.072644, 42.396627], [-71.072397, 42.396627], [-71.072705, 42.396365]]}}, {"type": "Feature", "properties": {"name": "Everett Riverwalk", "separation_level": "none", "street_classification": "dedicated_path", "maxspeed_int": null}, "geometry": {"type": "LineString", "coordinates": [[-71.069107, 42.412463], [-71.069175, 42.412366], [-71.069218, 42.412357], [-71.069354, 42.412283], [-71.06962, 42.412035], [-71.069872, 42.411877], [-71.070096, 42.411693], [-71.070434, 42.41152]]}}, {"type": "Feature", "properties": {"name": "Everett Riverwalk", "separation_level": "none", "street_classification": "dedicated_path", "maxspeed_int": null}, "geometry": {"type": "LineString", "coordinates": [[-71.070434, 42.41152], [-71.070752, 42.4113], [-71.071047, 42.41114], [-71.071119, 42.411039], [-71.0712, 42.41079], [-71.071259, 42.410647], [-71.071361, 42.410507]]}}, {"type": "Feature", "properties": {"name": "Everett Riverwalk", "separation_level": "none", "street_classification": "dedicated_path", "maxspeed_int": null}, "geometry": {"type": "LineString", "coordinates": [[-71.070434, 42.41152], [-71.069365, 42.410241], [-71.069373, 42.410199], [-71.069458, 42.410229], [-71.069577, 42.410232], [-71.069643, 42.410205], [-71.069619, 42.410168]]}}, {"type": "Feature", "properties": {"name": "Air Force Road", "separation_level": "none", "street_classification": "residential", "maxspeed_int": null}, "geometry": {"type": "LineString", "coordinates": [[-71.06642, 42.40927], [-71.066485, 42.409245], [-71.066352, 42.409094]]}}, {"type": "Feature", "properties": {"name": null, "separation_level": "none", "street_classification": "residential", "maxspeed_int": null}, "geometry": {"type": "LineString", "coordinates": [[-71.067901, 42.410157], [-71.068093, 42.410035], [-71.068065, 42.410002], [-71.067294, 42.409115], [-71.067105, 42.409202], [-71.067013, 42.409244]]}}, {"type": "Feature", "properties": {"name": null, "separation_level": "none", "street_classification": "residential", "maxspeed_int": null}, "geometry": {"type": "LineString", "coordinates": [[-71.067901, 42.410157], [-71.067723, 42.410222], [-71.06692, 42.409286], [-71.067013, 42.409244]]}}, {"type": "Feature", "properties": {"name": null, "separation_level": "none", "street_classification": "residential", "maxspeed_int": null}, "geometry": {"type": "LineString", "coordinates": [[-71.067901, 42.410157], [-71.068093, 42.410035], [-71.068453, 42.409779], [-71.068626, 42.409754], [-71.068769, 42.409799], [-71.068874, 42.409886], [-71.068972, 42.409933], [-71.069255, 42.409969], [-71.069378, 42.409984], [-71.069561, 42.409878]]}}, {"type": "Feature", "properties": {"name": null, "separation_level": "none", "street_classification": "residential", "maxspeed_int": null}, "geometry": {"type": "LineString", "coordinates": [[-71.070347, 42.406829], [-71.070359, 42.406908], [-71.070344, 42.406979], [-71.070273, 42.407119], [-71.070224, 42.407183]]}}, {"type": "Feature", "properties": {"name": null, "separation_level": "none", "street_classification": "residential", "maxspeed_int": null}, "geometry": {"type": "LineString", "coordinates": [[-71.070347, 42.406829], [-71.070334, 42.406745], [-71.070274, 42.406588], [-71.07021, 42.406478]]}}, {"type": "Feature", "properties": {"name": null, "separation_level": "none", "street_classification": "residential", "maxspeed_int": null}, "geometry": {"type": "LineString", "coordinates": [[-71.070224, 42.407183], [-71.070169, 42.407256], [-71.070035, 42.407388], [-71.069876, 42.407526]]}}, {"type": "Feature", "properties": {"name": null, "separation_level": "none", "street_classification": "residential", "maxspeed_int": null}, "geometry": {"type": "LineString", "coordinates": [[-71.07021, 42.406478], [-71.070198, 42.406453], [-71.070149, 42.406419], [-71.070078, 42.406408], [-71.070005, 42.406421], [-71.068482, 42.406904]]}}, {"type": "Feature", "properties": {"name": null, "separation_level": "none", "street_classification": "residential", "maxspeed_int": null}, "geometry": {"type": "LineString", "coordinates": [[-71.069876, 42.407526], [-71.06978, 42.407618], [-71.069706, 42.40765], [-71.069561, 42.407696], [-71.069313, 42.407778]]}}, {"type": "Feature", "properties": {"name": null, "separation_level": "none", "street_classification": "residential", "maxspeed_int": null}, "geometry": {"type": "LineString", "coordinates": [[-71.069876, 42.407526], [-71.069711, 42.407192], [-71.069084, 42.40735], [-71.069313, 42.407778]]}}, {"type": "Feature", "properties": {"name": null, "separation_level": "none", "street_classification": "residential", "maxspeed_int": null}, "geometry": {"type": "LineString", "coordinates": [[-71.068482, 42.406904], [-71.068377, 42.40672], [-71.068331, 42.406665], [-71.068213, 42.406633], [-71.067925, 42.406565], [-71.067665, 42.406487], [-71.067431, 42.406408]]}}, {"type": "Feature", "properties": {"name": null, "separation_level": "none", "street_classification": "residential", "maxspeed_int": null}, "geometry": {"type": "LineString", "coordinates": [[-71.068482, 42.406904], [-71.068404, 42.407018], [-71.066948, 42.407456], [-71.066873, 42.407554]]}}, {"type": "Feature", "properties": {"name": null, "separation_level": "none", "street_classification": "residential", "maxspeed_int": null}, "geometry": {"type": "LineString", "coordinates": [[-71.069172, 42.406012], [-71.069398, 42.405991], [-71.06964, 42.405968], [-71.069862, 42.405988]]}}, {"type": "Feature", "properties": {"name": null, "separation_level": "none", "street_classification": "residential", "maxspeed_int": null}, "geometry": {"type": "LineString", "coordinates": [[-71.069903, 42.404972], [-71.070156, 42.405013], [-71.070263, 42.40503]]}}, {"type": "Feature", "properties": {"name": null, "separation_level": "none", "street_classification": "residential", "maxspeed_int": null}, "geometry": {"type": "LineString", "coordinates": [[-71.069903, 42.404972], [-71.06964, 42.405968], [-71.069862, 42.405988]]}}, {"type": "Feature", "properties": {"name": null, "separation_level": "none", "street_classification": "residential", "maxspeed_int": null}, "geometry": {"type": "LineString", "coordinates": [[-71.069862, 42.405988], [-71.069879, 42.405945], [-71.070156, 42.405013], [-71.070263, 42.40503]]}}, {"type": "Feature", "properties": {"name": null, "separation_level": "none", "street_classification": "residential", "maxspeed_int": null}, "geometry": {"type": "LineString", "coordinates": [[-71.069862, 42.405988], [-71.070068, 42.406052], [-71.070369, 42.405048], [-71.070263, 42.40503]]}}, {"type": "Feature", "properties": {"name": null, "separation_level": "none", "street_classification": "residential", "maxspeed_int": null}, "geometry": {"type": "LineString", "coordinates": [[-71.069862, 42.405988], [-71.070068, 42.406052], [-71.070131, 42.406083], [-71.070157, 42.406093], [-71.070191, 42.406092], [-71.070313, 42.406085]]}}, {"type": "Feature", "properties": {"name": null, "separation_level": "none", "street_classification": "residential", "maxspeed_int": null}, "geometry": {"type": "LineString", "coordinates": [[-71.069313, 42.407778], [-71.069047, 42.407867], [-71.068454, 42.408073], [-71.067838, 42.408301], [-71.067374, 42.408444]]}}, {"type": "Feature", "properties": {"name": null, "separation_level": "none", "street_classification": "residential", "maxspeed_int": null}, "geometry": {"type": "LineString", "coordinates": [[-71.067374, 42.408444], [-71.066873, 42.407554]]}}, {"type": "Feature", "properties": {"name": null, "separation_level": "none", "street_classification": "residential", "maxspeed_int": null}, "geometry": {"type": "LineString", "coordinates": [[-71.067374, 42.408444], [-71.067128, 42.40852], [-71.066958, 42.408575], [-71.06657, 42.408701], [-71.066329, 42.408765], [-71.066218, 42.408795]]}}, {"type": "Feature", "properties": {"name": null, "separation_level": "none", "street_classification": "residential", "maxspeed_int": null}, "geometry": {"type": "LineString", "coordinates": [[-71.065726, 42.407873], [-71.066435, 42.407676]]}}, {"type": "Feature", "properties": {"name": null, "separation_level": "none", "street_classification": "residential", "maxspeed_int": null}, "geometry": {"type": "LineString", "coordinates": [[-71.065726, 42.407873], [-71.066329, 42.408765], [-71.066218, 42.408795]]}}, {"type": "Feature", "properties": {"name": "Air Force Road", "separation_level": "none", "street_classification": "residential", "maxspeed_int": null}, "geometry": {"type": "LineString", "coordinates": [[-71.066218, 42.408795], [-71.066106, 42.408825], [-71.066247, 42.408982], [-71.066352, 42.409094]]}}, {"type": "Feature", "properties": {"name": null, "separation_level": "none", "street_classification": "residential", "maxspeed_int": null}, "geometry": {"type": "LineString", "coordinates": [[-71.066435, 42.407676], [-71.066873, 42.407554]]}}, {"type": "Feature", "properties": {"name": null, "separation_level": "none", "street_classification": "residential", "maxspeed_int": null}, "geometry": {"type": "LineString", "coordinates": [[-71.066435, 42.407676], [-71.066324, 42.407489], [-71.066272, 42.407388], [-71.066255, 42.407331], [-71.066266, 42.407246], [-71.066312, 42.407164], [-71.066394, 42.407073], [-71.066462, 42.407025], [-71.066535, 42.406987], [-71.066688, 42.406945], [-71.067389, 42.406735], [-71.067449, 42.406698], [-71.06748, 42.406659], [-71.067476, 42.406578], [-71.067431, 42.406408]]}}, {"type": "Feature", "properties": {"name": "Rivergreen Drive", "separation_level": "none", "street_classification": "residential", "maxspeed_int": null}, "geometry": {"type": "LineString", "coordinates": [[-71.066352, 42.409094], [-71.066508, 42.409119], [-71.066594, 42.409126], [-71.06665, 42.409122], [-71.066702, 42.409114], [-71.066759, 42.409097]]}}, {"type": "Feature", "properties": {"name": null, "separation_level": "none", "street_classification": "residential", "maxspeed_int": null}, "geometry": {"type": "LineString", "coordinates": [[-71.070313, 42.406085], [-71.070643, 42.405016]]}}, {"type": "Feature", "properties": {"name": null, "separation_level": "none", "street_classification": "residential", "maxspeed_int": null}, "geometry": {"type": "LineString", "coordinates": [[-71.070313, 42.406085], [-71.07049, 42.406089], [-71.070547, 42.406088], [-71.070571, 42.406076], [-71.070598, 42.406045], [-71.070659, 42.405842], [-71.070896, 42.405059]]}}, {"type": "Feature", "properties": {"name": null, "separation_level": "none", "street_classification": "dedicated_path", "maxspeed_int": null}, "geometry": {"type": "LineString", "coordinates": [[-71.0672, 42.404112], [-71.066956, 42.404117]]}}, {"type": "Feature", "properties": {"name": null, "separation_level": "none", "street_classification": "dedicated_path", "maxspeed_int": null}, "geometry": {"type": "LineString", "coordinates": [[-71.0672, 42.404112], [-71.067194, 42.403916], [-71.066887, 42.403911], [-71.066956, 42.404117]]}}, {"type": "Feature", "properties": {"name": null, "separation_level": "none", "street_classification": "dedicated_path", "maxspeed_int": null}, "geometry": {"type": "LineString", "coordinates": [[-71.0672, 42.404112], [-71.067211, 42.404442], [-71.067138, 42.404444]]}}, {"type": "Feature", "properties": {"name": null, "separation_level": "none", "street_classification": "residential", "maxspeed_int": null}, "geometry": {"type": "LineString", "coordinates": [[-71.070984, 42.40391], [-71.070643, 42.405016]]}}, {"type": "Feature", "properties": {"name": null, "separation_level": "none", "street_classification": "residential", "maxspeed_int": null}, "geometry": {"type": "LineString", "coordinates": [[-71.070984, 42.40391], [-71.071216, 42.403997], [-71.071064, 42.404502], [-71.070896, 42.405059]]}}, {"type": "Feature", "properties": {"name": null, "separation_level": "none", "street_classification": "residential", "maxspeed_int": null}, "geometry": {"type": "LineString", "coordinates": [[-71.070643, 42.405016], [-71.070896, 42.405059]]}}, {"type": "Feature", "properties": {"name": null, "separation_level": "none", "street_classification": "residential", "maxspeed_int": null}, "geometry": {"type": "LineString", "coordinates": [[-71.066759, 42.409097], [-71.06692, 42.409286], [-71.067013, 42.409244]]}}, {"type": "Feature", "properties": {"name": "Rivergreen Drive", "separation_level": "none", "street_classification": "residential", "maxspeed_int": null}, "geometry": {"type": "LineString", "coordinates": [[-71.066759, 42.409097], [-71.066836, 42.40907], [-71.067144, 42.408958], [-71.067216, 42.408937], [-71.067262, 42.408926], [-71.067298, 42.408922], [-71.067523, 42.408915], [-71.067778, 42.408916], [-71.068677, 42.409007], [-71.068666, 42.409069]]}}, {"type": "Feature", "properties": {"name": null, "separation_level": "none", "street_classification": "dedicated_path", "maxspeed_int": null}, "geometry": {"type": "LineString", "coordinates": [[-71.044835, 42.403782], [-71.044806, 42.403719], [-71.044516, 42.403642], [-71.0446, 42.403447], [-71.044512, 42.40342]]}}, {"type": "Feature", "properties": {"name": null, "separation_level": "none", "street_classification": "residential", "maxspeed_int": null}, "geometry": {"type": "LineString", "coordinates": [[-71.070029, 42.40087], [-71.069588, 42.401255], [-71.070073, 42.401572], [-71.070125, 42.401578], [-71.07019, 42.401559], [-71.070366, 42.401419], [-71.070385, 42.401373], [-71.070406, 42.401336], [-71.070675, 42.401108], [-71.070771, 42.401054], [-71.070856, 42.400987], [-71.07088, 42.400915], [-71.071002, 42.400808]]}}, {"type": "Feature", "properties": {"name": null, "separation_level": "none", "street_classification": "residential", "maxspeed_int": null}, "geometry": {"type": "LineString", "coordinates": [[-71.070029, 42.40087], [-71.070457, 42.400496], [-71.07098, 42.400823], [-71.071002, 42.400808]]}}, {"type": "Feature", "properties": {"name": null, "separation_level": "none", "street_classification": "residential", "maxspeed_int": null}, "geometry": {"type": "LineString", "coordinates": [[-71.070029, 42.40087], [-71.070359, 42.400582], [-71.07088, 42.400915], [-71.071002, 42.400808]]}}, {"type": "Feature", "properties": {"name": "Revere Beach Parkway", "separation_level": "none", "street_classification": "motorway", "maxspeed_int": 35.0}, "geometry": {"type": "LineString", "coordinates": [[-71.050043, 42.40266], [-71.050002, 42.402687], [-71.04992, 42.402678], [-71.049647, 42.402644], [-71.049663, 42.402564]]}}, {"type": "Feature", "properties": {"name": null, "separation_level": "none", "street_classification": "residential", "maxspeed_int": null}, "geometry": {"type": "LineString", "coordinates": [[-71.050043, 42.40266], [-71.050025, 42.402603], [-71.050026, 42.402577], [-71.050022, 42.402559], [-71.050013, 42.402546], [-71.050001, 42.402535], [-71.049983, 42.402527], [-71.049961, 42.402521], [-71.04968, 42.402484], [-71.049663, 42.402564]]}}, {"type": "Feature", "properties": {"name": null, "separation_level": "none", "street_classification": "residential", "maxspeed_int": null}, "geometry": {"type": "LineString", "coordinates": [[-71.050043, 42.40266], [-71.050025, 42.402603], [-71.050034, 42.402583], [-71.050043, 42.402566], [-71.050135, 42.40239], [-71.050149, 42.402366], [-71.05017, 42.402343], [-71.050192, 42.402328], [-71.050219, 42.402316]]}}, {"type": "Feature", "properties": {"name": null, "separation_level": "none", "street_classification": "residential", "maxspeed_int": null}, "geometry": {"type": "LineString", "coordinates": [[-71.050043, 42.40266], [-71.050097, 42.402699], [-71.050211, 42.402649], [-71.050258, 42.402629], [-71.050282, 42.402617], [-71.050304, 42.402602], [-71.050321, 42.402586], [-71.050424, 42.402467], [-71.05066, 42.402494], [-71.050646, 42.402562], [-71.050643, 42.402588], [-71.050645, 42.402611], [-71.05065, 42.402632], [-71.050659, 42.402651], [-71.050671, 42.40267], [-71.050699, 42.402709], [-71.050748, 42.402778], [-71.050837, 42.402789]]}}, {"type": "Feature", "properties": {"name": null, "separation_level": "none", "street_classification": "residential", "maxspeed_int": 20.0}, "geometry": {"type": "LineString", "coordinates": [[-71.050043, 42.40266], [-71.050097, 42.402699], [-71.049849, 42.402726], [-71.04981, 42.402731], [-71.049764, 42.402738], [-71.049729, 42.402745], [-71.049696, 42.402755], [-71.049665, 42.402768], [-71.049639, 42.402784], [-71.049616, 42.402803], [-71.049483, 42.402984]]}}, {"type": "Feature", "properties": {"name": null, "separation_level": "none", "street_classification": "residential", "maxspeed_int": null}, "geometry": {"type": "LineString", "coordinates": [[-71.050219, 42.402316], [-71.050478, 42.402347], [-71.05058, 42.401903], [-71.050383, 42.401877], [-71.050365, 42.401948]]}}, {"type": "Feature", "properties": {"name": null, "separation_level": "none", "street_classification": "residential", "maxspeed_int": null}, "geometry": {"type": "LineString", "coordinates": [[-71.050219, 42.402316], [-71.050246, 42.402303], [-71.050266, 42.402289], [-71.050284, 42.40227], [-71.050294, 42.402248], [-71.050347, 42.40202], [-71.050365, 42.401948]]}}, {"type": "Feature", "properties": {"name": "Revere Beach Parkway", "separation_level": "none", "street_classification": "motorway", "maxspeed_int": 35.0}, "geometry": {"type": "LineString", "coordinates": [[-71.050837, 42.402789], [-71.050748, 42.402778], [-71.050097, 42.402699], [-71.050043, 42.40266]]}}, {"type": "Feature", "properties": {"name": null, "separation_level": "none", "street_classification": "residential", "maxspeed_int": null}, "geometry": {"type": "LineString", "coordinates": [[-71.050365, 42.401948], [-71.050347, 42.40202], [-71.049845, 42.401955], [-71.04982, 42.401891]]}}, {"type": "Feature", "properties": {"name": null, "separation_level": "none", "street_classification": "residential", "maxspeed_int": null}, "geometry": {"type": "LineString", "coordinates": [[-71.050365, 42.401948], [-71.050383, 42.401877], [-71.05001, 42.401829], [-71.049986, 42.401829], [-71.049967, 42.401836], [-71.049948, 42.401848], [-71.049845, 42.401955], [-71.04982, 42.401891]]}}, {"type": "Feature", "properties": {"name": null, "separation_level": "none", "street_classification": "residential", "maxspeed_int": null}, "geometry": {"type": "LineString", "coordinates": [[-71.050896, 42.421633], [-71.051095, 42.421486], [-71.051158, 42.42144], [-71.051171, 42.42143], [-71.051197, 42.421412], [-71.051264, 42.421383]]}}, {"type": "Feature", "properties": {"name": null, "separation_level": "none", "street_classification": "residential", "maxspeed_int": null}, "geometry": {"type": "LineString", "coordinates": [[-71.044706, 42.402514], [-71.044978, 42.402547], [-71.04501, 42.402551], [-71.045043, 42.402548], [-71.045073, 42.402538], [-71.045098, 42.402523], [-71.045115, 42.402502], [-71.045124, 42.402479], [-71.045126, 42.402448], [-71.045115, 42.402418], [-71.045092, 42.402392], [-71.04506, 42.402372], [-71.045021, 42.402361], [-71.04475, 42.402327], [-71.044762, 42.402271]]}}, {"type": "Feature", "properties": {"name": null, "separation_level": "none", "street_classification": "residential", "maxspeed_int": null}, "geometry": {"type": "LineString", "coordinates": [[-71.073726, 42.397485], [-71.073739, 42.397731]]}}, {"type": "Feature", "properties": {"name": "Rivergreen Drive", "separation_level": "none", "street_classification": "residential", "maxspeed_int": null}, "geometry": {"type": "LineString", "coordinates": [[-71.068666, 42.409069], [-71.068677, 42.409007], [-71.06903, 42.409044]]}}, {"type": "Feature", "properties": {"name": "Everett Riverwalk", "separation_level": "none", "street_classification": "dedicated_path", "maxspeed_int": null}, "geometry": {"type": "LineString", "coordinates": [[-71.068666, 42.409069], [-71.068565, 42.408837], [-71.068669, 42.408333], [-71.068724, 42.408293], [-71.068906, 42.408222], [-71.069175, 42.408164], [-71.069415, 42.408135], [-71.06968, 42.408126], [-71.069892, 42.408066], [-71.070057, 42.407968], [-71.070224, 42.407828], [-71.070351, 42.407794], [-71.070485, 42.40783], [-71.070672, 42.407928], [-71.070836, 42.407983], [-71.07104, 42.408001], [-71.071587, 42.407963], [-71.071753, 42.408004], [-71.071837, 42.408065], [-71.071894, 42.408152], [-71.071915, 42.408283], [-71.071864, 42.408495], [-71.071781, 42.408721], [-71.07165, 42.40899], [-71.071666, 42.409101], [-71.071712, 42.409216], [-71.071652, 42.409374]]}}, {"type": "Feature", "properties": {"name": null, "separation_level": "none", "street_classification": "residential", "maxspeed_int": null}, "geometry": {"type": "LineString", "coordinates": [[-71.068666, 42.409069], [-71.068655, 42.409178], [-71.068578, 42.409597], [-71.068573, 42.409626]]}}, {"type": "Feature", "properties": {"name": null, "separation_level": "none", "street_classification": "residential", "maxspeed_int": null}, "geometry": {"type": "LineString", "coordinates": [[-71.068666, 42.409069], [-71.068436, 42.409155], [-71.068353, 42.409646], [-71.068573, 42.409626]]}}, {"type": "Feature", "properties": {"name": null, "separation_level": "none", "street_classification": "residential", "maxspeed_int": null}, "geometry": {"type": "LineString", "coordinates": [[-71.068666, 42.409069], [-71.068436, 42.409155], [-71.06822, 42.409132], [-71.068149, 42.409552], [-71.068201, 42.409627], [-71.068353, 42.409646], [-71.068573, 42.409626]]}}, {"type": "Feature", "properties": {"name": null, "separation_level": "none", "street_classification": "residential", "maxspeed_int": null}, "geometry": {"type": "LineString", "coordinates": [[-71.068666, 42.409069], [-71.06888, 42.409201], [-71.068792, 42.409634], [-71.068573, 42.409626]]}}, {"type": "Feature", "properties": {"name": null, "separation_level": "none", "street_classification": "residential", "maxspeed_int": null}, "geometry": {"type": "LineString", "coordinates": [[-71.068666, 42.409069], [-71.069105, 42.409225], [-71.069005, 42.409789], [-71.069114, 42.409804]]}}, {"type": "Feature", "properties": {"name": null, "separation_level": "none", "street_classification": "residential", "maxspeed_int": null}, "geometry": {"type": "LineString", "coordinates": [[-71.068666, 42.409069], [-71.069105, 42.409225], [-71.06932, 42.409248], [-71.069224, 42.40982], [-71.069114, 42.409804]]}}, {"type": "Feature", "properties": {"name": "Rivergreen Drive", "separation_level": "none", "street_classification": "residential", "maxspeed_int": null}, "geometry": {"type": "LineString", "coordinates": [[-71.06903, 42.409044], [-71.070114, 42.409156], [-71.070184, 42.4093]]}}, {"type": "Feature", "properties": {"name": null, "separation_level": "none", "street_classification": "residential", "maxspeed_int": null}, "geometry": {"type": "LineString", "coordinates": [[-71.06903, 42.409044], [-71.069036, 42.409004], [-71.069072, 42.408786]]}}, {"type": "Feature", "properties": {"name": "Rivergreen Drive", "separation_level": "none", "street_classification": "residential", "maxspeed_int": null}, "geometry": {"type": "LineString", "coordinates": [[-71.071652, 42.409374], [-71.071373, 42.4093], [-71.070732, 42.409224]]}}, {"type": "Feature", "properties": {"name": "Rivergreen Drive", "separation_level": "none", "street_classification": "residential", "maxspeed_int": null}, "geometry": {"type": "LineString", "coordinates": [[-71.071652, 42.409374], [-71.071489, 42.409434], [-71.071492, 42.409462], [-71.071464, 42.40956], [-71.071359, 42.409629], [-71.071409, 42.409706]]}}, {"type": "Feature", "properties": {"name": "Everett Riverwalk", "separation_level": "none", "street_classification": "dedicated_path", "maxspeed_int": null}, "geometry": {"type": "LineString", "coordinates": [[-71.071652, 42.409374], [-71.071714, 42.409437], [-71.071459, 42.409783], [-71.071409, 42.409706]]}}, {"type": "Feature", "properties": {"name": "Everett Riverwalk", "separation_level": "none", "street_classification": "dedicated_path", "maxspeed_int": null}, "geometry": {"type": "LineString", "coordinates": [[-71.071652, 42.409374], [-71.071902, 42.409519], [-71.071957, 42.409603], [-71.071975, 42.409697], [-71.071906, 42.409799], [-71.071761, 42.409858]]}}, {"type": "Feature", "properties": {"name": null, "separation_level": "none", "street_classification": "residential", "maxspeed_int": null}, "geometry": {"type": "LineString", "coordinates": [[-71.068573, 42.409626], [-71.068792, 42.409634], [-71.069005, 42.409789], [-71.069114, 42.409804]]}}, {"type": "Feature", "properties": {"name": null, "separation_level": "none", "street_classification": "residential", "maxspeed_int": null}, "geometry": {"type": "LineString", "coordinates": [[-71.069114, 42.409804], [-71.069224, 42.40982], [-71.069304, 42.409828], [-71.06943, 42.409804], [-71.069551, 42.40978], [-71.069561, 42.409878]]}}, {"type": "Feature", "properties": {"name": null, "separation_level": "none", "street_classification": "residential", "maxspeed_int": null}, "geometry": {"type": "LineString", "coordinates": [[-71.067013, 42.409244], [-71.067105, 42.409202], [-71.067895, 42.410117], [-71.067929, 42.410156], [-71.067901, 42.410157]]}}, {"type": "Feature", "properties": {"name": "Rivergreen Drive", "separation_level": "none", "street_classification": "residential", "maxspeed_int": null}, "geometry": {"type": "LineString", "coordinates": [[-71.070732, 42.409224], [-71.070611, 42.409211], [-71.070114, 42.409156], [-71.070184, 42.4093]]}}, {"type": "Feature", "properties": {"name": "Rivergreen Drive", "separation_level": "none", "street_classification": "residential", "maxspeed_int": null}, "geometry": {"type": "LineString", "coordinates": [[-71.070732, 42.409224], [-71.071071, 42.409598], [-71.071205, 42.409644], [-71.071359, 42.409629], [-71.071409, 42.409706]]}}, {"type": "Feature", "properties": {"name": null, "separation_level": "none", "street_classification": "residential", "maxspeed_int": null}, "geometry": {"type": "LineString", "coordinates": [[-71.070184, 42.4093], [-71.070114, 42.409156], [-71.070129, 42.409116], [-71.070217, 42.408882]]}}, {"type": "Feature", "properties": {"name": null, "separation_level": "none", "street_classification": "residential", "maxspeed_int": null}, "geometry": {"type": "LineString", "coordinates": [[-71.070184, 42.4093], [-71.070089, 42.409325], [-71.069967, 42.410026], [-71.070402, 42.410071]]}}, {"type": "Feature", "properties": {"name": null, "separation_level": "none", "street_classification": "residential", "maxspeed_int": null}, "geometry": {"type": "LineString", "coordinates": [[-71.070184, 42.4093], [-71.070312, 42.409346], [-71.070178, 42.410048], [-71.070402, 42.410071]]}}, {"type": "Feature", "properties": {"name": null, "separation_level": "none", "street_classification": "residential", "maxspeed_int": null}, "geometry": {"type": "LineString", "coordinates": [[-71.070184, 42.4093], [-71.070536, 42.409368], [-71.070403, 42.410071], [-71.070402, 42.410071]]}}, {"type": "Feature", "properties": {"name": null, "separation_level": "none", "street_classification": "residential", "maxspeed_int": null}, "geometry": {"type": "LineString", "coordinates": [[-71.070184, 42.4093], [-71.069867, 42.409304], [-71.069764, 42.409831], [-71.069561, 42.409878]]}}, {"type": "Feature", "properties": {"name": null, "separation_level": "none", "street_classification": "residential", "maxspeed_int": null}, "geometry": {"type": "LineString", "coordinates": [[-71.070184, 42.4093], [-71.069867, 42.409304], [-71.069648, 42.409284], [-71.069551, 42.40978], [-71.069561, 42.409878]]}}, {"type": "Feature", "properties": {"name": null, "separation_level": "none", "street_classification": "residential", "maxspeed_int": null}, "geometry": {"type": "LineString", "coordinates": [[-71.070184, 42.4093], [-71.070536, 42.409368], [-71.070727, 42.409555]]}}, {"type": "Feature", "properties": {"name": "Everett Riverwalk", "separation_level": "none", "street_classification": "dedicated_path", "maxspeed_int": null}, "geometry": {"type": "LineString", "coordinates": [[-71.071409, 42.409706], [-71.071459, 42.409783], [-71.07153, 42.409825], [-71.071639, 42.40985], [-71.071761, 42.409858]]}}, {"type": "Feature", "properties": {"name": "Everett Riverwalk", "separation_level": "none", "street_classification": "dedicated_path", "maxspeed_int": null}, "geometry": {"type": "LineString", "coordinates": [[-71.071409, 42.409706], [-71.071459, 42.409783], [-71.071457, 42.409851], [-71.071515, 42.410078]]}}, {"type": "Feature", "properties": {"name": "Everett Riverwalk", "separation_level": "none", "street_classification": "dedicated_path", "maxspeed_int": null}, "geometry": {"type": "LineString", "coordinates": [[-71.071761, 42.409858], [-71.071613, 42.409961], [-71.071515, 42.410078]]}}, {"type": "Feature", "properties": {"name": null, "separation_level": "none", "street_classification": "residential", "maxspeed_int": null}, "geometry": {"type": "LineString", "coordinates": [[-71.070217, 42.408882], [-71.069072, 42.408786]]}}, {"type": "Feature", "properties": {"name": null, "separation_level": "none", "street_classification": "residential", "maxspeed_int": null}, "geometry": {"type": "LineString", "coordinates": [[-71.070217, 42.408882], [-71.07036, 42.408443], [-71.069165, 42.408309], [-71.069072, 42.408786]]}}, {"type": "Feature", "properties": {"name": null, "separation_level": "none", "street_classification": "residential", "maxspeed_int": null}, "geometry": {"type": "LineString", "coordinates": [[-71.070402, 42.410071], [-71.069967, 42.410026], [-71.069868, 42.409988], [-71.069764, 42.409831], [-71.069561, 42.409878]]}}, {"type": "Feature", "properties": {"name": null, "separation_level": "none", "street_classification": "residential", "maxspeed_int": null}, "geometry": {"type": "LineString", "coordinates": [[-71.070402, 42.410071], [-71.070841, 42.410116], [-71.070911, 42.409736]]}}, {"type": "Feature", "properties": {"name": null, "separation_level": "none", "street_classification": "residential", "maxspeed_int": null}, "geometry": {"type": "LineString", "coordinates": [[-71.070402, 42.410071], [-71.070841, 42.410116], [-71.071054, 42.410138], [-71.071104, 42.409815], [-71.070911, 42.409736]]}}, {"type": "Feature", "properties": {"name": null, "separation_level": "none", "street_classification": "residential", "maxspeed_int": null}, "geometry": {"type": "LineString", "coordinates": [[-71.070402, 42.410071], [-71.070621, 42.410093], [-71.070727, 42.409555]]}}, {"type": "Feature", "properties": {"name": null, "separation_level": "none", "street_classification": "residential", "maxspeed_int": null}, "geometry": {"type": "LineString", "coordinates": [[-71.069561, 42.409878], [-71.069378, 42.409984], [-71.069362, 42.410018], [-71.069361, 42.410055], [-71.069376, 42.410089], [-71.069406, 42.410119], [-71.069444, 42.410139], [-71.069488, 42.410149], [-71.069535, 42.410149], [-71.06958, 42.410138], [-71.069595, 42.41013], [-71.069619, 42.410168]]}}, {"type": "Feature", "properties": {"name": null, "separation_level": "none", "street_classification": "residential", "maxspeed_int": null}, "geometry": {"type": "LineString", "coordinates": [[-71.070727, 42.409555], [-71.070911, 42.409736]]}}, {"type": "Feature", "properties": {"name": "Everett Riverwalk", "separation_level": "none", "street_classification": "dedicated_path", "maxspeed_int": null}, "geometry": {"type": "LineString", "coordinates": [[-71.071515, 42.410078], [-71.071476, 42.41026], [-71.071361, 42.410507]]}}, {"type": "Feature", "properties": {"name": null, "separation_level": "none", "street_classification": "residential", "maxspeed_int": null}, "geometry": {"type": "LineString", "coordinates": [[-71.069619, 42.410168], [-71.069595, 42.41013], [-71.069618, 42.410118], [-71.069646, 42.41009], [-71.069662, 42.410057], [-71.069662, 42.410021], [-71.069648, 42.409988], [-71.06962, 42.409959], [-71.069581, 42.409938], [-71.069535, 42.409927], [-71.069561, 42.409878]]}}, {"type": "Feature", "properties": {"name": "Everett Riverwalk", "separation_level": "none", "street_classification": "dedicated_path", "maxspeed_int": null}, "geometry": {"type": "LineString", "coordinates": [[-71.069619, 42.410168], [-71.069643, 42.410205], [-71.069774, 42.410152], [-71.069865, 42.410155], [-71.070028, 42.410188], [-71.07021, 42.410178], [-71.07029, 42.41019], [-71.070452, 42.410245]]}}, {"type": "Feature", "properties": {"name": "Everett Riverwalk", "separation_level": "none", "street_classification": "dedicated_path", "maxspeed_int": null}, "geometry": {"type": "LineString", "coordinates": [[-71.070452, 42.410245], [-71.070655, 42.410228], [-71.070794, 42.410255], [-71.070981, 42.410258], [-71.071122, 42.410293], [-71.071242, 42.410359], [-71.071361, 42.410507]]}}, {"type": "Feature", "properties": {"name": null, "separation_level": "none", "street_classification": "residential", "maxspeed_int": null}, "geometry": {"type": "LineString", "coordinates": [[-71.053913, 42.400588], [-71.053784, 42.400526], [-71.053013, 42.400223], [-71.052898, 42.400191]]}}, {"type": "Feature", "properties": {"name": "Commercial Street", "separation_level": "none", "street_classification": "residential", "maxspeed_int": 20.0}, "geometry": {"type": "LineString", "coordinates": [[-71.056422, 42.39104], [-71.056607, 42.390866]]}}, {"type": "Feature", "properties": {"name": null, "separation_level": "none", "street_classification": "residential", "maxspeed_int": null}, "geometry": {"type": "LineString", "coordinates": [[-71.056422, 42.39104], [-71.055851, 42.390693]]}}, {"type": "Feature", "properties": {"name": null, "separation_level": "none", "street_classification": "residential", "maxspeed_int": null}, "geometry": {"type": "LineString", "coordinates": [[-71.049018, 42.397183], [-71.049304, 42.397352]]}}, {"type": "Feature", "properties": {"name": null, "separation_level": "none", "street_classification": "residential", "maxspeed_int": null}, "geometry": {"type": "LineString", "coordinates": [[-71.049304, 42.397352], [-71.049326, 42.39752], [-71.049569, 42.398003]]}}, {"type": "Feature", "properties": {"name": null, "separation_level": "none", "street_classification": "residential", "maxspeed_int": null}, "geometry": {"type": "LineString", "coordinates": [[-71.049304, 42.397352], [-71.049799, 42.397665], [-71.049569, 42.398003]]}}, {"type": "Feature", "properties": {"name": null, "separation_level": "none", "street_classification": "residential", "maxspeed_int": null}, "geometry": {"type": "LineString", "coordinates": [[-71.049304, 42.397352], [-71.049828, 42.397477], [-71.050063, 42.397549], [-71.050927, 42.397822], [-71.054495, 42.399182], [-71.054716, 42.399337], [-71.054665, 42.399407]]}}, {"type": "Feature", "properties": {"name": null, "separation_level": "none", "street_classification": "residential", "maxspeed_int": null}, "geometry": {"type": "LineString", "coordinates": [[-71.049569, 42.398003], [-71.049646, 42.398174], [-71.049784, 42.398315]]}}, {"type": "Feature", "properties": {"name": null, "separation_level": "none", "street_classification": "residential", "maxspeed_int": null}, "geometry": {"type": "LineString", "coordinates": [[-71.054665, 42.399407], [-71.054716, 42.399337], [-71.055013, 42.399634]]}}, {"type": "Feature", "properties": {"name": null, "separation_level": "none", "street_classification": "residential", "maxspeed_int": null}, "geometry": {"type": "LineString", "coordinates": [[-71.054665, 42.399407], [-71.054615, 42.399477], [-71.055013, 42.399634]]}}, {"type": "Feature", "properties": {"name": null, "separation_level": "none", "street_classification": "residential", "maxspeed_int": null}, "geometry": {"type": "LineString", "coordinates": [[-71.054665, 42.399407], [-71.054615, 42.399477], [-71.054461, 42.39969]]}}, {"type": "Feature", "properties": {"name": null, "separation_level": "none", "street_classification": "residential", "maxspeed_int": null}, "geometry": {"type": "LineString", "coordinates": [[-71.049784, 42.398315], [-71.049875, 42.398417], [-71.050731, 42.398735], [-71.052337, 42.399369], [-71.052569, 42.399454], [-71.052704, 42.399475], [-71.052788, 42.399489]]}}, {"type": "Feature", "properties": {"name": null, "separation_level": "none", "street_classification": "residential", "maxspeed_int": null}, "geometry": {"type": "LineString", "coordinates": [[-71.052788, 42.399489], [-71.052704, 42.399475], [-71.052601, 42.399403], [-71.051352, 42.398927], [-71.050535, 42.398608], [-71.049965, 42.398374], [-71.049784, 42.398315]]}}, {"type": "Feature", "properties": {"name": null, "separation_level": "none", "street_classification": "residential", "maxspeed_int": null}, "geometry": {"type": "LineString", "coordinates": [[-71.052788, 42.399489], [-71.052873, 42.399503], [-71.053203, 42.399558], [-71.054051, 42.39989], [-71.054164, 42.399933], [-71.054259, 42.399969], [-71.054282, 42.399936]]}}, {"type": "Feature", "properties": {"name": null, "separation_level": "none", "street_classification": "residential", "maxspeed_int": null}, "geometry": {"type": "LineString", "coordinates": [[-71.055013, 42.399634], [-71.055424, 42.400045]]}}, {"type": "Feature", "properties": {"name": null, "separation_level": "none", "street_classification": "residential", "maxspeed_int": null}, "geometry": {"type": "LineString", "coordinates": [[-71.054461, 42.39969], [-71.054306, 42.399903], [-71.054282, 42.399936]]}}, {"type": "Feature", "properties": {"name": null, "separation_level": "none", "street_classification": "residential", "maxspeed_int": null}, "geometry": {"type": "LineString", "coordinates": [[-71.054461, 42.39969], [-71.055424, 42.400045]]}}, {"type": "Feature", "properties": {"name": null, "separation_level": "none", "street_classification": "residential", "maxspeed_int": null}, "geometry": {"type": "LineString", "coordinates": [[-71.055424, 42.400045], [-71.055509, 42.400127], [-71.055606, 42.400399]]}}, {"type": "Feature", "properties": {"name": null, "separation_level": "none", "street_classification": "residential", "maxspeed_int": null}, "geometry": {"type": "LineString", "coordinates": [[-71.054282, 42.399936], [-71.054259, 42.399969], [-71.054182, 42.400112], [-71.055643, 42.400689], [-71.055714, 42.40057], [-71.055606, 42.400399]]}}, {"type": "Feature", "properties": {"name": null, "separation_level": "none", "street_classification": "residential", "maxspeed_int": null}, "geometry": {"type": "LineString", "coordinates": [[-71.054282, 42.399936], [-71.054306, 42.399903], [-71.055606, 42.400399]]}}, {"type": "Feature", "properties": {"name": null, "separation_level": "none", "street_classification": "residential", "maxspeed_int": null}, "geometry": {"type": "LineString", "coordinates": [[-71.048125, 42.415606], [-71.048215, 42.415553], [-71.048302, 42.415512], [-71.048372, 42.415475], [-71.048413, 42.415454], [-71.048442, 42.41544], [-71.048505, 42.415406], [-71.048522, 42.415418]]}}, {"type": "Feature", "properties": {"name": "Revere Beach Parkway", "separation_level": "none", "street_classification": "motorway", "maxspeed_int": 35.0}, "geometry": {"type": "LineString", "coordinates": [[-71.046304, 42.40224], [-71.045665, 42.402163]]}}, {"type": "Feature", "properties": {"name": null, "separation_level": "none", "street_classification": "residential", "maxspeed_int": null}, "geometry": {"type": "LineString", "coordinates": [[-71.046304, 42.40224], [-71.046217, 42.402161], [-71.046039, 42.401999]]}}, {"type": "Feature", "properties": {"name": "Commercial Street", "separation_level": "none", "street_classification": "residential", "maxspeed_int": 20.0}, "geometry": {"type": "LineString", "coordinates": [[-71.057079, 42.390422], [-71.056607, 42.390866]]}}, {"type": "Feature", "properties": {"name": null, "separation_level": "none", "street_classification": "residential", "maxspeed_int": null}, "geometry": {"type": "LineString", "coordinates": [[-71.056607, 42.390866], [-71.055998, 42.390594], [-71.055863, 42.390688], [-71.055851, 42.390693]]}}, {"type": "Feature", "properties": {"name": null, "separation_level": "none", "street_classification": "residential", "maxspeed_int": null}, "geometry": {"type": "LineString", "coordinates": [[-71.064823, 42.408545], [-71.065303, 42.409049]]}}, {"type": "Feature", "properties": {"name": null, "separation_level": "none", "street_classification": "residential", "maxspeed_int": null}, "geometry": {"type": "LineString", "coordinates": [[-71.064823, 42.408545], [-71.065097, 42.408527], [-71.065467, 42.408975], [-71.065303, 42.409049]]}}, {"type": "Feature", "properties": {"name": null, "separation_level": "none", "street_classification": "residential", "maxspeed_int": null}, "geometry": {"type": "LineString", "coordinates": [[-71.051184, 42.393345], [-71.051023, 42.393263], [-71.050796, 42.393258], [-71.050651, 42.393174], [-71.050568, 42.393033], [-71.050789, 42.392541], [-71.050898, 42.392481]]}}, {"type": "Feature", "properties": {"name": null, "separation_level": "none", "street_classification": "residential", "maxspeed_int": null}, "geometry": {"type": "LineString", "coordinates": [[-71.064044, 42.398693], [-71.063955, 42.398672], [-71.064091, 42.398743], [-71.064325, 42.398864], [-71.064388, 42.398894]]}}, {"type": "Feature", "properties": {"name": null, "separation_level": "none", "street_classification": "residential", "maxspeed_int": null}, "geometry": {"type": "LineString", "coordinates": [[-71.064044, 42.398693], [-71.064132, 42.398713], [-71.064257, 42.398718], [-71.064343, 42.398708], [-71.064382, 42.39869]]}}, {"type": "Feature", "properties": {"name": null, "separation_level": "none", "street_classification": "residential", "maxspeed_int": null}, "geometry": {"type": "LineString", "coordinates": [[-71.064044, 42.398693], [-71.064132, 42.398713], [-71.064253, 42.398767], [-71.064278, 42.398776], [-71.064309, 42.398776], [-71.064332, 42.398765], [-71.064368, 42.398731], [-71.064382, 42.39869]]}}, {"type": "Feature", "properties": {"name": null, "separation_level": "none", "street_classification": "residential", "maxspeed_int": null}, "geometry": {"type": "LineString", "coordinates": [[-71.064317, 42.399586], [-71.064391, 42.39959], [-71.064468, 42.399582], [-71.065593, 42.399422], [-71.066085, 42.399316], [-71.066265, 42.399213], [-71.067866, 42.397853], [-71.068134, 42.397592], [-71.068218, 42.397412], [-71.068178, 42.397173]]}}, {"type": "Feature", "properties": {"name": null, "separation_level": "none", "street_classification": "residential", "maxspeed_int": null}, "geometry": {"type": "LineString", "coordinates": [[-71.064317, 42.399586], [-71.064329, 42.399719], [-71.064305, 42.399785]]}}, {"type": "Feature", "properties": {"name": null, "separation_level": "none", "street_classification": "residential", "maxspeed_int": null}, "geometry": {"type": "LineString", "coordinates": [[-71.064382, 42.39869], [-71.064392, 42.398671], [-71.06439, 42.398639], [-71.064385, 42.398602], [-71.064298, 42.398556], [-71.064106, 42.398456], [-71.064014, 42.398412], [-71.063974, 42.398408], [-71.063885, 42.398433]]}}, {"type": "Feature", "properties": {"name": null, "separation_level": "none", "street_classification": "residential", "maxspeed_int": null}, "geometry": {"type": "LineString", "coordinates": [[-71.064305, 42.399785], [-71.064296, 42.399811], [-71.064339, 42.399976]]}}, {"type": "Feature", "properties": {"name": null, "separation_level": "none", "street_classification": "residential", "maxspeed_int": null}, "geometry": {"type": "LineString", "coordinates": [[-71.072648, 42.393732], [-71.072701, 42.39373], [-71.07275, 42.393715], [-71.072789, 42.393689], [-71.072815, 42.393655], [-71.072823, 42.393616], [-71.072814, 42.393578], [-71.072788, 42.393544], [-71.072748, 42.393518], [-71.072698, 42.393504], [-71.072645, 42.393502], [-71.072595, 42.393514], [-71.072552, 42.393537], [-71.072523, 42.39357], [-71.07251, 42.393608], [-71.072513, 42.393643], [-71.072531, 42.393676], [-71.072561, 42.393704], [-71.072602, 42.393723], [-71.072648, 42.393732]]}}, {"type": "Feature", "properties": {"name": null, "separation_level": "none", "street_classification": "residential", "maxspeed_int": null}, "geometry": {"type": "LineString", "coordinates": [[-71.072648, 42.393732], [-71.072602, 42.393723], [-71.072561, 42.393704], [-71.072531, 42.393676], [-71.072513, 42.393643], [-71.07251, 42.393608], [-71.072523, 42.39357], [-71.072552, 42.393537], [-71.072595, 42.393514], [-71.072645, 42.393502], [-71.072698, 42.393504], [-71.072748, 42.393518], [-71.072788, 42.393544], [-71.072814, 42.393578], [-71.072823, 42.393616], [-71.072815, 42.393655], [-71.072789, 42.393689], [-71.07275, 42.393715], [-71.072701, 42.39373], [-71.072648, 42.393732]]}}, {"type": "Feature", "properties": {"name": null, "separation_level": "none", "street_classification": "residential", "maxspeed_int": null}, "geometry": {"type": "LineString", "coordinates": [[-71.066958, 42.39546], [-71.066813, 42.395407], [-71.066776, 42.395382], [-71.066745, 42.395357], [-71.066711, 42.395328], [-71.066682, 42.395302], [-71.066677, 42.395273]]}}, {"type": "Feature", "properties": {"name": null, "separation_level": "none", "street_classification": "residential", "maxspeed_int": null}, "geometry": {"type": "LineString", "coordinates": [[-71.066958, 42.39546], [-71.066713, 42.395443], [-71.066575, 42.395471], [-71.066357, 42.395427]]}}, {"type": "Feature", "properties": {"name": null, "separation_level": "none", "street_classification": "residential", "maxspeed_int": null}, "geometry": {"type": "LineString", "coordinates": [[-71.06769, 42.395212], [-71.067738, 42.395245], [-71.067769, 42.395218], [-71.068087, 42.39494], [-71.068139, 42.394895], [-71.068093, 42.394866]]}}, {"type": "Feature", "properties": {"name": null, "separation_level": "none", "street_classification": "residential", "maxspeed_int": null}, "geometry": {"type": "LineString", "coordinates": [[-71.06769, 42.395212], [-71.067641, 42.395178], [-71.067464, 42.39533], [-71.067442, 42.395344], [-71.067498, 42.395376]]}}, {"type": "Feature", "properties": {"name": null, "separation_level": "none", "street_classification": "residential", "maxspeed_int": null}, "geometry": {"type": "LineString", "coordinates": [[-71.065011, 42.397188], [-71.064947, 42.397251], [-71.065277, 42.397428], [-71.065276, 42.39743]]}}, {"type": "Feature", "properties": {"name": null, "separation_level": "none", "street_classification": "residential", "maxspeed_int": null}, "geometry": {"type": "LineString", "coordinates": [[-71.065011, 42.397188], [-71.065075, 42.397125], [-71.065361, 42.397278], [-71.065276, 42.39743]]}}, {"type": "Feature", "properties": {"name": null, "separation_level": "none", "street_classification": "residential", "maxspeed_int": null}, "geometry": {"type": "LineString", "coordinates": [[-71.065011, 42.397188], [-71.065075, 42.397125], [-71.065119, 42.397082], [-71.065536, 42.396686], [-71.065782, 42.396407], [-71.06597, 42.396506], [-71.065524, 42.396988], [-71.065361, 42.397278], [-71.065276, 42.39743]]}}, {"type": "Feature", "properties": {"name": null, "separation_level": "none", "street_classification": "residential", "maxspeed_int": null}, "geometry": {"type": "LineString", "coordinates": [[-71.049471, 42.401486], [-71.049317, 42.401575], [-71.048955, 42.401763], [-71.048674, 42.401861]]}}, {"type": "Feature", "properties": {"name": null, "separation_level": "none", "street_classification": "residential", "maxspeed_int": null}, "geometry": {"type": "LineString", "coordinates": [[-71.048674, 42.401861], [-71.048658, 42.401845], [-71.048636, 42.401836], [-71.048602, 42.401827], [-71.048558, 42.401823], [-71.048517, 42.401821], [-71.048478, 42.401822], [-71.048437, 42.401827], [-71.048215, 42.401876], [-71.048171, 42.401773], [-71.048161, 42.401757], [-71.048147, 42.401742], [-71.048128, 42.401734], [-71.048103, 42.401728], [-71.04791, 42.401696], [-71.04787, 42.40169], [-71.047815, 42.401686], [-71.047749, 42.401683], [-71.04726, 42.401296]]}}, {"type": "Feature", "properties": {"name": null, "separation_level": "none", "street_classification": "dedicated_path", "maxspeed_int": null}, "geometry": {"type": "LineString", "coordinates": [[-71.067159, 42.40474], [-71.067066, 42.404447], [-71.067138, 42.404444]]}}, {"type": "Feature", "properties": {"name": null, "separation_level": "none", "street_classification": "dedicated_path", "maxspeed_int": null}, "geometry": {"type": "LineString", "coordinates": [[-71.067159, 42.40474], [-71.067221, 42.404737], [-71.067211, 42.404442], [-71.067138, 42.404444]]}}, {"type": "Feature", "properties": {"name": null, "separation_level": "none", "street_classification": "dedicated_path", "maxspeed_int": null}, "geometry": {"type": "LineString", "coordinates": [[-71.067138, 42.404444], [-71.067066, 42.404447], [-71.066956, 42.404117]]}}, {"type": "Feature", "properties": {"name": null, "separation_level": "none", "street_classification": "residential", "maxspeed_int": null}, "geometry": {"type": "LineString", "coordinates": [[-71.049908, 42.403258], [-71.04993, 42.403259], [-71.049949, 42.403258], [-71.049964, 42.403254], [-71.049981, 42.403244], [-71.049995, 42.403229], [-71.050006, 42.403208], [-71.050015, 42.403183], [-71.050049, 42.40303], [-71.05005, 42.403017], [-71.050047, 42.403003], [-71.050039, 42.402988], [-71.050026, 42.402972]]}}, {"type": "Feature", "properties": {"name": null, "separation_level": "none", "street_classification": "residential", "maxspeed_int": null}, "geometry": {"type": "LineString", "coordinates": [[-71.068093, 42.394866], [-71.068047, 42.394838], [-71.067778, 42.395061], [-71.067641, 42.395178], [-71.06769, 42.395212]]}}, {"type": "Feature", "properties": {"name": "Revere Beach Parkway", "separation_level": "none", "street_classification": "motorway", "maxspeed_int": 35.0}, "geometry": {"type": "LineString", "coordinates": [[-71.045665, 42.402163], [-71.045513, 42.402145], [-71.045292, 42.402118], [-71.045276, 42.402195]]}}, {"type": "Feature", "properties": {"name": null, "separation_level": "none", "street_classification": "residential", "maxspeed_int": null}, "geometry": {"type": "LineString", "coordinates": [[-71.046039, 42.401999], [-71.046024, 42.401987], [-71.046001, 42.401979], [-71.045979, 42.401979], [-71.045956, 42.401986], [-71.04594, 42.401993], [-71.045752, 42.402109], [-71.045665, 42.402163]]}}, {"type": "Feature", "properties": {"name": null, "separation_level": "none", "street_classification": "residential", "maxspeed_int": null}, "geometry": {"type": "LineString", "coordinates": [[-71.046588, 42.398886], [-71.04635, 42.399026], [-71.046242, 42.399093]]}}, {"type": "Feature", "properties": {"name": "Floyd Street", "separation_level": "none", "street_classification": "residential", "maxspeed_int": 20.0}, "geometry": {"type": "LineString", "coordinates": [[-71.066239, 42.413001], [-71.066201, 42.413007], [-71.063515, 42.413435], [-71.063496, 42.413369]]}}, {"type": "Feature", "properties": {"name": null, "separation_level": "none", "street_classification": "residential", "maxspeed_int": null}, "geometry": {"type": "LineString", "coordinates": [[-71.066239, 42.413001], [-71.066227, 42.412961], [-71.066224, 42.412951], [-71.06622, 42.412927], [-71.066228, 42.412909], [-71.066255, 42.412895], [-71.066271, 42.412879], [-71.06627, 42.412857], [-71.066255, 42.412802], [-71.066364, 42.412784]]}}]}