{"type":"FeatureCollection","features":[{"type":"Feature","properties":{"name":"Munroe Street","separation_level":"none","street_classification":"residential","maxspeed_int":20.0,"lanes_int":2.0},"geometry":{"type":"LineString","coordinates":[[-71.093904,42.382206],[-71.093538,42.381966],[-71.0934,42.381875],[-71.093316,42.381811]]}},{"type":"Feature","properties":{"name":"Munroe Street","separation_level":"none","street_classification":"residential","maxspeed_int":20.0,"lanes_int":2.0},"geometry":{"type":"LineString","coordinates":[[-71.093904,42.382206],[-71.093955,42.382236],[-71.094352,42.382467],[-71.09438,42.382484],[-71.094625,42.382632]]}},{"type":"Feature","properties":{"name":"Bigelow Street","separation_level":"none","street_classification":"residential","maxspeed_int":20.0,"lanes_int":null},"geometry":{"type":"LineString","coordinates":[[-71.093904,42.382206],[-71.093866,42.382259],[-71.093494,42.38277],[-71.093463,42.382812],[-71.093569,42.382847]]}},{"type":"Feature","properties":{"name":"Munroe Street","separation_level":"none","street_classification":"residential","maxspeed_int":20.0,"lanes_int":2.0},"geometry":{"type":"LineString","coordinates":[[-71.093316,42.381811],[-71.093238,42.38172],[-71.092824,42.381263],[-71.092711,42.381151]]}},{"type":"Feature","properties":{"name":"Greenville Street","separation_level":"none","street_classification":"residential","maxspeed_int":20.0,"lanes_int":2.0},"geometry":{"type":"LineString","coordinates":[[-71.093316,42.381811],[-71.093271,42.381859],[-71.092719,42.382495],[-71.092685,42.382534]]}},{"type":"Feature","properties":{"name":"Munroe Street","separation_level":"none","street_classification":"residential","maxspeed_int":20.0,"lanes_int":2.0},"geometry":{"type":"LineString","coordinates":[[-71.094625,42.382632],[-71.094818,42.382748]]}},{"type":"Feature","properties":{"name":"Boston Street","separation_level":"none","street_classification":"residential","maxspeed_int":20.0,"lanes_int":2.0},"geometry":{"type":"LineString","coordinates":[[-71.093569,42.382847],[-71.093463,42.382812],[-71.093073,42.382681],[-71.092741,42.382557],[-71.092685,42.382534]]}},{"type":"Feature","properties":{"name":"Boston Street","separation_level":"none","street_classification":"residential","maxspeed_int":20.0,"lanes_int":2.0},"geometry":{"type":"LineString","coordinates":[[-71.093569,42.382847],[-71.093674,42.382883],[-71.094133,42.383049],[-71.095193,42.383498],[-71.09522,42.383512],[-71.095237,42.383525],[-71.095252,42.383543],[-71.095263,42.38356]]}},{"type":"Feature","properties":{"name":"Hamlet Street","separation_level":"none","street_classification":"residential","maxspeed_int":20.0,"lanes_int":2.0},"geometry":{"type":"LineString","coordinates":[[-71.093569,42.382847],[-71.093674,42.382883],[-71.09365,42.382934],[-71.093494,42.383271],[-71.093416,42.383409],[-71.092694,42.384479],[-71.092648,42.384547]]}},{"type":"Feature","properties":{"name":"Munroe Street","separation_level":"none","street_classification":"residential","maxspeed_int":20.0,"lanes_int":2.0},"geometry":{"type":"LineString","coordinates":[[-71.092711,42.381151],[-71.092647,42.381089],[-71.092457,42.380919],[-71.092377,42.380859],[-71.092268,42.380808],[-71.092174,42.380774],[-71.092037,42.380739],[-71.091895,42.380724],[-71.091773,42.380726],[-71.091654,42.380736],[-71.091551,42.380758],[-71.091453,42.380787],[-71.091146,42.380902],[-71.09101,42.380964],[-71.090932,42.381]]}},{"type":"Feature","properties":{"name":"Prospect Hill Parkway","separation_level":"none","street_classification":"residential","maxspeed_int":20.0,"lanes_int":2.0},"geometry":{"type":"LineString","coordinates":[[-71.092711,42.381151],[-71.092802,42.381122],[-71.092832,42.381114],[-71.092861,42.381108],[-71.092918,42.381098],[-71.093021,42.381105],[-71.093069,42.381112],[-71.093126,42.381125],[-71.093194,42.381146],[-71.093261,42.381176],[-71.093386,42.381237],[-71.093454,42.381272],[-71.093522,42.381312],[-71.093589,42.381353],[-71.093651,42.381396],[-71.093906,42.381582],[-71.093938,42.381609],[-71.093966,42.38162],[-71.093984,42.381622],[-71.094011,42.381621],[-71.09404,42.38161],[-71.094072,42.381587],[-71.09431,42.381393],[-71.094364,42.381348]]}},{"type":"Feature","properties":{"name":"Prospect Hill Avenue","separation_level":"none","street_classification":"residential","maxspeed_int":20.0,"lanes_int":2.0},"geometry":{"type":"LineString","coordinates":[[-71.092711,42.381151],[-71.092634,42.381175],[-71.0926,42.381189],[-71.092168,42.381348]]}},{"type":"Feature","properties":{"name":"Greenville Street","separation_level":"none","street_classification":"residential","maxspeed_int":20.0,"lanes_int":2.0},"geometry":{"type":"LineString","coordinates":[[-71.092685,42.382534],[-71.09265,42.382574],[-71.092462,42.382785]]}},{"type":"Feature","properties":{"name":"Boston Street","separation_level":"none","street_classification":"residential","maxspeed_int":20.0,"lanes_int":2.0},"geometry":{"type":"LineString","coordinates":[[-71.092685,42.382534],[-71.09263,42.38251],[-71.092357,42.382375],[-71.092111,42.382233],[-71.091942,42.382124],[-71.091762,42.381985],[-71.091553,42.381811],[-71.091452,42.381716],[-71.091408,42.381657]]}},{"type":"Feature","properties":{"name":"Munroe Street","separation_level":"none","street_classification":"residential","maxspeed_int":20.0,"lanes_int":2.0},"geometry":{"type":"LineString","coordinates":[[-71.094818,42.382748],[-71.095474,42.383145],[-71.095521,42.383176]]}},{"type":"Feature","properties":{"name":"Walnut Street","separation_level":"none","street_classification":"residential","maxspeed_int":20.0,"lanes_int":1.0},"geometry":{"type":"LineString","coordinates":[[-71.095263,42.38356],[-71.094904,42.384083]]}},{"type":"Feature","properties":{"name":"Summit Avenue","separation_level":"none","street_classification":"residential","maxspeed_int":20.0,"lanes_int":2.0},"geometry":{"type":"LineString","coordinates":[[-71.095263,42.38356],[-71.095278,42.383579],[-71.095296,42.383594],[-71.095317,42.383607],[-71.09534,42.383618],[-71.095369,42.38363],[-71.09631,42.38399],[-71.097071,42.384275],[-71.097136,42.384299]]}},{"type":"Feature","properties":{"name":"Medford Street","separation_level":"none","street_classification":"medium-capacity","maxspeed_int":25.0,"lanes_int":2.0},"geometry":{"type":"LineString","coordinates":[[-71.092648,42.384547],[-71.092585,42.384502],[-71.092482,42.384432],[-71.092398,42.384374],[-71.092319,42.384314],[-71.092252,42.384254],[-71.09219,42.384193],[-71.092166,42.384167],[-71.092134,42.384322]]}},{"type":"Feature","properties":{"name":"Highland Avenue","separation_level":"shared_lane","street_classification":"medium-capacity","maxspeed_int":20.0,"lanes_int":2.0},"geometry":{"type":"LineString","coordinates":[[-71.092648,42.384547],[-71.092763,42.384593],[-71.0935,42.384883]]}},{"type":"Feature","properties":{"name":"Boston Street","separation_level":"none","street_classification":"residential","maxspeed_int":20.0,"lanes_int":1.0},"geometry":{"type":"LineString","coordinates":[[-71.090932,42.381],[-71.090814,42.380583],[-71.090697,42.380054],[-71.090691,42.380036],[-71.090683,42.380018],[-71.090614,42.379918],[-71.090587,42.379902]]}},{"type":"Feature","properties":{"name":"Columbus Avenue","separation_level":"none","street_classification":"residential","maxspeed_int":20.0,"lanes_int":2.0},"geometry":{"type":"LineString","coordinates":[[-71.094364,42.381348],[-71.094877,42.381723]]}},{"type":"Feature","properties":{"name":"Columbus Avenue","separation_level":"none","street_classification":"residential","maxspeed_int":20.0,"lanes_int":1.0},"geometry":{"type":"LineString","coordinates":[[-71.094364,42.381348],[-71.093963,42.381013],[-71.093593,42.380704]]}},{"type":"Feature","properties":{"name":"Prospect Hill Avenue","separation_level":"none","street_classification":"residential","maxspeed_int":20.0,"lanes_int":2.0},"geometry":{"type":"LineString","coordinates":[[-71.092168,42.381348],[-71.092011,42.381406],[-71.091471,42.381631],[-71.091408,42.381657]]}},{"type":"Feature","properties":{"name":"Greenville Street","separation_level":"none","street_classification":"residential","maxspeed_int":20.0,"lanes_int":2.0},"geometry":{"type":"LineString","coordinates":[[-71.092462,42.382785],[-71.092439,42.382811],[-71.092299,42.382959],[-71.092258,42.382996],[-71.092235,42.383014],[-71.092209,42.383032]]}},{"type":"Feature","properties":{"name":"Boston Street","separation_level":"none","street_classification":"residential","maxspeed_int":20.0,"lanes_int":1.0},"geometry":{"type":"LineString","coordinates":[[-71.091408,42.381657],[-71.091377,42.381615],[-71.091085,42.381247],[-71.090932,42.381]]}},{"type":"Feature","properties":{"name":"Prospect Hill Avenue","separation_level":"none","street_classification":"residential","maxspeed_int":20.0,"lanes_int":2.0},"geometry":{"type":"LineString","coordinates":[[-71.091408,42.381657],[-71.091336,42.381685],[-71.090667,42.381958],[-71.090643,42.381968],[-71.090587,42.381987]]}},{"type":"Feature","properties":{"name":"Wheatland Street","separation_level":"none","street_classification":"residential","maxspeed_int":20.0,"lanes_int":1.0},"geometry":{"type":"LineString","coordinates":[[-71.088698,42.39296],[-71.087253,42.394021],[-71.087132,42.394112],[-71.087082,42.394148]]}},{"type":"Feature","properties":{"name":"Derby Street","separation_level":"none","street_classification":"residential","maxspeed_int":20.0,"lanes_int":1.0},"geometry":{"type":"LineString","coordinates":[[-71.088698,42.39296],[-71.088735,42.392988],[-71.089248,42.393368],[-71.089319,42.393422]]}},{"type":"Feature","properties":{"name":"Mystic Avenue","separation_level":"none","street_classification":"medium-capacity","maxspeed_int":null,"lanes_int":2.0},"geometry":{"type":"LineString","coordinates":[[-71.087082,42.394148],[-71.087132,42.394112],[-71.086837,42.393892]]}},{"type":"Feature","properties":{"name":null,"separation_level":"none","street_classification":"motorway","maxspeed_int":null,"lanes_int":2.0},"geometry":{"type":"LineString","coordinates":[[-71.087082,42.394148],[-71.087032,42.394185],[-71.08713,42.394249],[-71.087151,42.394263],[-71.08724,42.39432],[-71.08733,42.39438],[-71.087472,42.39447],[-71.088189,42.394952]]}},{"type":"Feature","properties":{"name":"Grant Street","separation_level":"none","street_classification":"residential","maxspeed_int":20.0,"lanes_int":1.0},"geometry":{"type":"LineString","coordinates":[[-71.089319,42.393422],[-71.089227,42.39349],[-71.088703,42.393875]]}},{"type":"Feature","properties":{"name":"Derby Street","separation_level":"none","street_classification":"residential","maxspeed_int":20.0,"lanes_int":1.0},"geometry":{"type":"LineString","coordinates":[[-71.089319,42.393422],[-71.089383,42.393469],[-71.091408,42.394984],[-71.091528,42.39507]]}},{"type":"Feature","properties":{"name":"Mystic Avenue","separation_level":"none","street_classification":"medium-capacity","maxspeed_int":null,"lanes_int":2.0},"geometry":{"type":"LineString","coordinates":[[-71.086837,42.393892],[-71.086654,42.393756],[-71.086553,42.39368],[-71.086459,42.393607]]}},{"type":"Feature","properties":{"name":null,"separation_level":"none","street_classification":"residential","maxspeed_int":null,"lanes_int":null},"geometry":{"type":"LineString","coordinates":[[-71.086837,42.393892],[-71.086908,42.393842],[-71.087205,42.39363],[-71.087228,42.393548],[-71.087436,42.393389],[-71.087172,42.393185],[-71.087103,42.393134]]}},{"type":"Feature","properties":{"name":"Mystic Avenue","separation_level":"none","street_classification":"medium-capacity","maxspeed_int":null,"lanes_int":4.0},"geometry":{"type":"LineString","coordinates":[[-71.088189,42.394952],[-71.088487,42.39516]]}},{"type":"Feature","properties":{"name":"Mystic Avenue","separation_level":"none","street_classification":"medium-capacity","maxspeed_int":null,"lanes_int":2.0},"geometry":{"type":"LineString","coordinates":[[-71.088189,42.394952],[-71.087732,42.394582]]}},{"type":"Feature","properties":{"name":"Grant Street","separation_level":"none","street_classification":"residential","maxspeed_int":20.0,"lanes_int":1.0},"geometry":{"type":"LineString","coordinates":[[-71.088703,42.393875],[-71.087821,42.394518],[-71.087732,42.394582]]}},{"type":"Feature","properties":{"name":"Sydney Street","separation_level":"none","street_classification":"residential","maxspeed_int":20.0,"lanes_int":2.0},"geometry":{"type":"LineString","coordinates":[[-71.088703,42.393875],[-71.088748,42.393933],[-71.089442,42.39444]]}},{"type":"Feature","properties":{"name":"Temple Street","separation_level":"lane","street_classification":"medium-capacity","maxspeed_int":25.0,"lanes_int":2.0},"geometry":{"type":"LineString","coordinates":[[-71.091528,42.39507],[-71.091485,42.395119],[-71.091444,42.395151],[-71.091409,42.395173],[-71.091374,42.39519],[-71.091342,42.3952],[-71.091307,42.395209],[-71.091256,42.395218]]}},{"type":"Feature","properties":{"name":"Temple Street","separation_level":"lane","street_classification":"medium-capacity","maxspeed_int":25.0,"lanes_int":2.0},"geometry":{"type":"LineString","coordinates":[[-71.091528,42.39507],[-71.091669,42.394849],[-71.091689,42.394821],[-71.091841,42.394603]]}},{"type":"Feature","properties":{"name":"Washington Street","separation_level":"lane","street_classification":"medium-capacity","maxspeed_int":null,"lanes_int":3.0},"geometry":{"type":"LineString","coordinates":[[-71.090587,42.379902],[-71.090464,42.379906],[-71.090043,42.379893],[-71.090006,42.379893],[-71.089984,42.379894],[-71.089868,42.379892]]}},{"type":"Feature","properties":{"name":null,"separation_level":"none","street_classification":"residential","maxspeed_int":null,"lanes_int":null},"geometry":{"type":"LineString","coordinates":[[-71.090587,42.379902],[-71.090464,42.379906],[-71.090455,42.379835],[-71.090453,42.379819],[-71.090452,42.379808],[-71.090438,42.379697],[-71.090436,42.379685],[-71.090424,42.379616],[-71.090417,42.379595],[-71.090539,42.379574],[-71.090604,42.379563]]}},{"type":"Feature","properties":{"name":"Washington Street","separation_level":"lane_buffered","street_classification":"medium-capacity","maxspeed_int":null,"lanes_int":2.0},"geometry":{"type":"LineString","coordinates":[[-71.090587,42.379902],[-71.090706,42.379884],[-71.091098,42.379738],[-71.091183,42.379709]]}},{"type":"Feature","properties":{"name":"Warren Avenue","separation_level":"none","street_classification":"residential","maxspeed_int":20.0,"lanes_int":2.0},"geometry":{"type":"LineString","coordinates":[[-71.094877,42.381723],[-71.094918,42.381693],[-71.095599,42.381192]]}},{"type":"Feature","properties":{"name":"Columbus Avenue","separation_level":"none","street_classification":"residential","maxspeed_int":20.0,"lanes_int":2.0},"geometry":{"type":"LineString","coordinates":[[-71.094877,42.381723],[-71.095083,42.381839],[-71.095473,42.382044],[-71.096115,42.38228],[-71.096171,42.382302],[-71.096208,42.382252]]}},{"type":"Feature","properties":{"name":"Columbus Avenue","separation_level":"none","street_classification":"residential","maxspeed_int":20.0,"lanes_int":2.0},"geometry":{"type":"LineString","coordinates":[[-71.093593,42.380704],[-71.093123,42.380342],[-71.092798,42.380271],[-71.093039,42.379587],[-71.093049,42.379504]]}},{"type":"Feature","properties":{"name":"Bonner Avenue","separation_level":"none","street_classification":"residential","maxspeed_int":20.0,"lanes_int":2.0},"geometry":{"type":"LineString","coordinates":[[-71.093593,42.380704],[-71.093607,42.380663],[-71.093775,42.380184],[-71.093801,42.380111]]}},{"type":"Feature","properties":{"name":"Pearl Street","separation_level":"none","street_classification":"medium-capacity","maxspeed_int":20.0,"lanes_int":2.0},"geometry":{"type":"LineString","coordinates":[[-71.092092,42.387031],[-71.092185,42.387059],[-71.092488,42.387159]]}},{"type":"Feature","properties":{"name":"Jasper Street","separation_level":"none","street_classification":"residential","maxspeed_int":20.0,"lanes_int":2.0},"geometry":{"type":"LineString","coordinates":[[-71.092092,42.387031],[-71.092185,42.387059],[-71.092229,42.386982],[-71.092413,42.38666],[-71.092435,42.386622]]}},{"type":"Feature","properties":{"name":"Pearl Street","separation_level":"none","street_classification":"medium-capacity","maxspeed_int":20.0,"lanes_int":2.0},"geometry":{"type":"LineString","coordinates":[[-71.092092,42.387031],[-71.091998,42.387003],[-71.091416,42.386822]]}},{"type":"Feature","properties":{"name":"Pearl Street","separation_level":"none","street_classification":"medium-capacity","maxspeed_int":20.0,"lanes_int":2.0},"geometry":{"type":"LineString","coordinates":[[-71.092488,42.387159],[-71.093063,42.387338],[-71.093191,42.387378]]}},{"type":"Feature","properties":{"name":"Virginia Street","separation_level":"none","street_classification":"residential","maxspeed_int":20.0,"lanes_int":2.0},"geometry":{"type":"LineString","coordinates":[[-71.092435,42.386622],[-71.092456,42.386583],[-71.092353,42.386552],[-71.091075,42.386163],[-71.090973,42.386132],[-71.090875,42.38615]]}},{"type":"Feature","properties":{"name":"Jasper Street","separation_level":"none","street_classification":"residential","maxspeed_int":20.0,"lanes_int":2.0},"geometry":{"type":"LineString","coordinates":[[-71.092435,42.386622],[-71.092456,42.386583],[-71.092633,42.386276],[-71.092669,42.386234]]}},{"type":"Feature","properties":{"name":"Pearl Street","separation_level":"none","street_classification":"medium-capacity","maxspeed_int":20.0,"lanes_int":2.0},"geometry":{"type":"LineString","coordinates":[[-71.091416,42.386822],[-71.091035,42.386702],[-71.090757,42.386615]]}},{"type":"Feature","properties":{"name":"Wesley Street","separation_level":"none","street_classification":"residential","maxspeed_int":20.0,"lanes_int":1.0},"geometry":{"type":"LineString","coordinates":[[-71.091416,42.386822],[-71.091382,42.386881],[-71.090626,42.388177],[-71.090598,42.388225]]}},{"type":"Feature","properties":{"name":"Pearl Street","separation_level":"none","street_classification":"medium-capacity","maxspeed_int":20.0,"lanes_int":2.0},"geometry":{"type":"LineString","coordinates":[[-71.093191,42.387378],[-71.093295,42.387408],[-71.093768,42.387551]]}},{"type":"Feature","properties":{"name":"Walnut Street","separation_level":"none","street_classification":"residential","maxspeed_int":20.0,"lanes_int":2.0},"geometry":{"type":"LineString","coordinates":[[-71.093191,42.387378],[-71.093156,42.387454],[-71.093045,42.387701],[-71.092921,42.387963],[-71.092782,42.388187]]}},{"type":"Feature","properties":{"name":"McGrath Highway","separation_level":"track","street_classification":"motorway","maxspeed_int":40.0,"lanes_int":2.0},"geometry":{"type":"LineString","coordinates":[[-71.090875,42.38615],[-71.090778,42.386168],[-71.09084,42.386008],[-71.09088,42.385903],[-71.090917,42.385798],[-71.090954,42.385692],[-71.090991,42.385586],[-71.09103,42.385481],[-71.091069,42.385372],[-71.091107,42.38527],[-71.091146,42.385164],[-71.091185,42.385057],[-71.091262,42.384849],[-71.091279,42.3848],[-71.091295,42.384754],[-71.091308,42.384713],[-71.091321,42.384672],[-71.091336,42.384617],[-71.091467,42.384112],[-71.0915,42.383973],[-71.091505,42.383945],[-71.091518,42.383866],[-71.091525,42.383802],[-71.091433,42.383748]]}},{"type":"Feature","properties":{"name":"Aldrich Street","separation_level":"none","street_classification":"residential","maxspeed_int":20.0,"lanes_int":1.0},"geometry":{"type":"LineString","coordinates":[[-71.090875,42.38615],[-71.090973,42.386132],[-71.091001,42.386082],[-71.091093,42.385917],[-71.09141,42.385467],[-71.091446,42.38542]]}},{"type":"Feature","properties":{"name":"Gilman Street","separation_level":"shared_lane","street_classification":"residential","maxspeed_int":20.0,"lanes_int":1.0},"geometry":{"type":"LineString","coordinates":[[-71.092669,42.386234],[-71.093161,42.386559],[-71.093301,42.38664]]}},{"type":"Feature","properties":{"name":"Pearl Street","separation_level":"none","street_classification":"medium-capacity","maxspeed_int":20.0,"lanes_int":2.0},"geometry":{"type":"LineString","coordinates":[[-71.093768,42.387551],[-71.093996,42.387621]]}},{"type":"Feature","properties":{"name":"Skilton Avenue","separation_level":"none","street_classification":"residential","maxspeed_int":25.0,"lanes_int":2.0},"geometry":{"type":"LineString","coordinates":[[-71.093768,42.387551],[-71.093806,42.387482],[-71.093991,42.387142],[-71.094026,42.387078],[-71.094091,42.387102],[-71.094852,42.387351],[-71.094646,42.38772],[-71.094664,42.387789]]}},{"type":"Feature","properties":{"name":"Walnut Street","separation_level":"none","street_classification":"residential","maxspeed_int":20.0,"lanes_int":2.0},"geometry":{"type":"LineString","coordinates":[[-71.092782,42.388187],[-71.092458,42.388641]]}},{"type":"Feature","properties":{"name":"Radcliffe Road","separation_level":"none","street_classification":"residential","maxspeed_int":20.0,"lanes_int":2.0},"geometry":{"type":"LineString","coordinates":[[-71.092782,42.388187],[-71.09284,42.388218],[-71.092874,42.388236],[-71.093407,42.388521],[-71.093433,42.388535]]}},{"type":"Feature","properties":{"name":"Broadway","separation_level":"lane","street_classification":"medium-capacity","maxspeed_int":25.0,"lanes_int":1.0},"geometry":{"type":"LineString","coordinates":[[-71.08136,42.38697],[-71.08141,42.38704],[-71.081675,42.387115],[-71.081706,42.387068]]}},{"type":"Feature","properties":{"name":"Broadway","separation_level":"lane","street_classification":"medium-capacity","maxspeed_int":25.0,"lanes_int":1.0},"geometry":{"type":"LineString","coordinates":[[-71.08136,42.38697],[-71.081309,42.386899],[-71.08087,42.386775],[-71.080784,42.38675],[-71.08067,42.386773]]}},{"type":"Feature","properties":{"name":"Broadway","separation_level":"lane","street_classification":"medium-capacity","maxspeed_int":25.0,"lanes_int":1.0},"geometry":{"type":"LineString","coordinates":[[-71.081706,42.387068],[-71.081675,42.387115],[-71.082219,42.387269],[-71.082328,42.3873],[-71.082331,42.387246]]}},{"type":"Feature","properties":{"name":"Broadway","separation_level":"lane","street_classification":"medium-capacity","maxspeed_int":25.0,"lanes_int":1.0},"geometry":{"type":"LineString","coordinates":[[-71.081706,42.387068],[-71.081737,42.387021],[-71.081309,42.386899],[-71.08136,42.38697]]}},{"type":"Feature","properties":{"name":"Hathorn Street","separation_level":"none","street_classification":"residential","maxspeed_int":20.0,"lanes_int":1.0},"geometry":{"type":"LineString","coordinates":[[-71.081706,42.387068],[-71.081737,42.387021],[-71.081777,42.386963],[-71.082057,42.386543],[-71.082333,42.38612],[-71.082369,42.386065]]}},{"type":"Feature","properties":{"name":"Austin Street","separation_level":"none","street_classification":"residential","maxspeed_int":20.0,"lanes_int":2.0},"geometry":{"type":"LineString","coordinates":[[-71.08067,42.386773],[-71.080569,42.386803],[-71.080557,42.386875],[-71.080464,42.387433]]}},{"type":"Feature","properties":{"name":"Broadway","separation_level":"lane","street_classification":"medium-capacity","maxspeed_int":25.0,"lanes_int":1.0},"geometry":{"type":"LineString","coordinates":[[-71.08067,42.386773],[-71.08059,42.386696],[-71.08029,42.386612],[-71.08016,42.386576]]}},{"type":"Feature","properties":{"name":"Broadway","separation_level":"lane","street_classification":"medium-capacity","maxspeed_int":25.0,"lanes_int":1.0},"geometry":{"type":"LineString","coordinates":[[-71.08067,42.386773],[-71.080734,42.386849],[-71.08081,42.386871],[-71.08141,42.38704],[-71.08136,42.38697]]}},{"type":"Feature","properties":{"name":"Lincoln Street","separation_level":"none","street_classification":"residential","maxspeed_int":25.0,"lanes_int":1.0},"geometry":{"type":"LineString","coordinates":[[-71.08067,42.386773],[-71.080784,42.38675],[-71.080814,42.386691],[-71.081028,42.386261],[-71.081195,42.385947]]}},{"type":"Feature","properties":{"name":"Broadway","separation_level":"lane","street_classification":"medium-capacity","maxspeed_int":25.0,"lanes_int":1.0},"geometry":{"type":"LineString","coordinates":[[-71.082331,42.387246],[-71.082328,42.3873],[-71.082664,42.387399]]}},{"type":"Feature","properties":{"name":"Broadway","separation_level":"lane","street_classification":"medium-capacity","maxspeed_int":25.0,"lanes_int":1.0},"geometry":{"type":"LineString","coordinates":[[-71.082331,42.387246],[-71.082335,42.387193],[-71.082264,42.387172],[-71.081737,42.387021],[-71.081706,42.387068]]}},{"type":"Feature","properties":{"name":"Arlington Street","separation_level":"none","street_classification":"residential","maxspeed_int":20.0,"lanes_int":1.0},"geometry":{"type":"LineString","coordinates":[[-71.082369,42.386065],[-71.082938,42.386216],[-71.083004,42.386233]]}},{"type":"Feature","properties":{"name":"Somerville Avenue","separation_level":"track","street_classification":"medium-capacity","maxspeed_int":25.0,"lanes_int":2.0},"geometry":{"type":"LineString","coordinates":[[-71.116736,42.387235],[-71.116858,42.387303],[-71.116886,42.387319],[-71.117153,42.387468]]}},{"type":"Feature","properties":{"name":"Somerville Avenue","separation_level":"track","street_classification":"medium-capacity","maxspeed_int":20.0,"lanes_int":4.0},"geometry":{"type":"LineString","coordinates":[[-71.116736,42.387235],[-71.116609,42.387164],[-71.116356,42.387024],[-71.116325,42.387007],[-71.116143,42.386907]]}},{"type":"Feature","properties":{"name":"Somerville Avenue","separation_level":"track","street_classification":"medium-capacity","maxspeed_int":25.0,"lanes_int":2.0},"geometry":{"type":"LineString","coordinates":[[-71.117153,42.387468],[-71.117572,42.387703],[-71.117785,42.387822]]}},{"type":"Feature","properties":{"name":"Adelaide Road","separation_level":"none","street_classification":"residential","maxspeed_int":25.0,"lanes_int":2.0},"geometry":{"type":"LineString","coordinates":[[-71.116143,42.386907],[-71.116064,42.386969],[-71.116049,42.38698],[-71.116036,42.386989],[-71.116024,42.386996],[-71.116011,42.387002],[-71.115793,42.3871]]}},{"type":"Feature","properties":{"name":"Beacon Street","separation_level":"track","street_classification":"medium-capacity","maxspeed_int":20.0,"lanes_int":3.0},"geometry":{"type":"LineString","coordinates":[[-71.116143,42.386907],[-71.116202,42.386848],[-71.11621,42.38684],[-71.116216,42.386832],[-71.116219,42.386828],[-71.116226,42.386815],[-71.116232,42.3868],[-71.116256,42.386734],[-71.116261,42.386718],[-71.116265,42.386702],[-71.116269,42.386682],[-71.116272,42.386664],[-71.116272,42.386661]]}},{"type":"Feature","properties":{"name":"Somerville Avenue","separation_level":"track","street_classification":"medium-capacity","maxspeed_int":20.0,"lanes_int":3.0},"geometry":{"type":"LineString","coordinates":[[-71.116143,42.386907],[-71.115938,42.386793],[-71.115911,42.386778],[-71.115874,42.386758],[-71.115543,42.386575],[-71.11463,42.386061],[-71.114585,42.386115]]}},{"type":"Feature","properties":{"name":"Beacon Street","separation_level":"track","street_classification":"medium-capacity","maxspeed_int":20.0,"lanes_int":2.0},"geometry":{"type":"LineString","coordinates":[[-71.116272,42.386661],[-71.116274,42.386646],[-71.116275,42.386632],[-71.116275,42.386617],[-71.116273,42.386606],[-71.116269,42.386594],[-71.11617,42.386307],[-71.116058,42.386166]]}},{"type":"Feature","properties":{"name":"Somerville Avenue","separation_level":"track","street_classification":"medium-capacity","maxspeed_int":20.0,"lanes_int":2.0},"geometry":{"type":"LineString","coordinates":[[-71.114585,42.386115],[-71.11463,42.386061],[-71.114349,42.385905],[-71.11409,42.385957]]}},{"type":"Feature","properties":{"name":null,"separation_level":"none","street_classification":"residential","maxspeed_int":null,"lanes_int":null},"geometry":{"type":"LineString","coordinates":[[-71.114585,42.386115],[-71.11454,42.386169],[-71.114252,42.386],[-71.11409,42.385957]]}},{"type":"Feature","properties":{"name":null,"separation_level":"none","street_classification":"residential","maxspeed_int":null,"lanes_int":null},"geometry":{"type":"LineString","coordinates":[[-71.114585,42.386115],[-71.11454,42.386169],[-71.114504,42.386213],[-71.114417,42.38629],[-71.114238,42.386356],[-71.114158,42.386378]]}},{"type":"Feature","properties":{"name":"Mossland Street","separation_level":"none","street_classification":"medium-capacity","maxspeed_int":20.0,"lanes_int":1.0},"geometry":{"type":"LineString","coordinates":[[-71.115422,42.387949],[-71.115476,42.387875],[-71.115496,42.387851],[-71.115519,42.387831],[-71.115545,42.387814],[-71.115579,42.387795],[-71.115609,42.387779],[-71.116597,42.387346],[-71.116618,42.387336],[-71.116634,42.387328],[-71.116647,42.387319],[-71.116661,42.387308],[-71.116736,42.387235]]}},{"type":"Feature","properties":{"name":"Elm Street","separation_level":"track","street_classification":"medium-capacity","maxspeed_int":25.0,"lanes_int":2.0},"geometry":{"type":"LineString","coordinates":[[-71.115422,42.387949],[-71.115384,42.387898],[-71.11534,42.387851],[-71.114634,42.387044]]}},{"type":"Feature","properties":{"name":"Elm Street","separation_level":"track","street_classification":"medium-capacity","maxspeed_int":20.0,"lanes_int":2.0},"geometry":{"type":"LineString","coordinates":[[-71.115422,42.387949],[-71.115476,42.38801],[-71.115787,42.388348]]}},{"type":"Feature","properties":{"name":"Elm Street","separation_level":"track","street_classification":"medium-capacity","maxspeed_int":20.0,"lanes_int":2.0},"geometry":{"type":"LineString","coordinates":[[-71.114634,42.387044],[-71.114343,42.386707]]}},{"type":"Feature","properties":{"name":"Linden Avenue","separation_level":"none","street_classification":"residential","maxspeed_int":20.0,"lanes_int":2.0},"geometry":{"type":"LineString","coordinates":[[-71.114634,42.387044],[-71.114582,42.38712],[-71.114542,42.387176],[-71.114266,42.387573]]}},{"type":"Feature","properties":{"name":"Holyoke Road","separation_level":"none","street_classification":"residential","maxspeed_int":25.0,"lanes_int":2.0},"geometry":{"type":"LineString","coordinates":[[-71.115787,42.388348],[-71.115865,42.388309],[-71.115887,42.388299],[-71.11642,42.388034],[-71.117033,42.388715],[-71.116513,42.388973],[-71.116491,42.388984],[-71.116415,42.389022]]}},{"type":"Feature","properties":{"name":"Elm Street","separation_level":"track","street_classification":"medium-capacity","maxspeed_int":20.0,"lanes_int":2.0},"geometry":{"type":"LineString","coordinates":[[-71.115787,42.388348],[-71.116152,42.388743],[-71.116199,42.388794]]}},{"type":"Feature","properties":{"name":"Elm Street","separation_level":"track","street_classification":"medium-capacity","maxspeed_int":20.0,"lanes_int":2.0},"geometry":{"type":"LineString","coordinates":[[-71.114343,42.386707],[-71.114078,42.386401],[-71.114158,42.386378]]}},{"type":"Feature","properties":{"name":"Linden Avenue","separation_level":"none","street_classification":"residential","maxspeed_int":20.0,"lanes_int":2.0},"geometry":{"type":"LineString","coordinates":[[-71.114266,42.387573],[-71.113933,42.388051]]}},{"type":"Feature","properties":{"name":"Elm Street","separation_level":"track","street_classification":"medium-capacity","maxspeed_int":20.0,"lanes_int":2.0},"geometry":{"type":"LineString","coordinates":[[-71.116415,42.389022],[-71.116199,42.388794]]}},{"type":"Feature","properties":{"name":"Elm Street","separation_level":"track","street_classification":"medium-capacity","maxspeed_int":20.0,"lanes_int":2.0},"geometry":{"type":"LineString","coordinates":[[-71.116415,42.389022],[-71.116598,42.389215],[-71.116624,42.389244],[-71.116739,42.389273]]}},{"type":"Feature","properties":{"name":null,"separation_level":"none","street_classification":"residential","maxspeed_int":null,"lanes_int":null},"geometry":{"type":"LineString","coordinates":[[-71.116199,42.388794],[-71.116145,42.38887],[-71.116065,42.388981],[-71.11601,42.389058]]}},{"type":"Feature","properties":{"name":"Grove Street","separation_level":"none","street_classification":"residential","maxspeed_int":20.0,"lanes_int":2.0},"geometry":{"type":"LineString","coordinates":[[-71.1204,42.395666],[-71.120475,42.395697],[-71.12051,42.395636],[-71.120525,42.395613],[-71.120602,42.395489],[-71.120655,42.395432]]}},{"type":"Feature","properties":{"name":"Grove Street","separation_level":"none","street_classification":"residential","maxspeed_int":20.0,"lanes_int":1.0},"geometry":{"type":"LineString","coordinates":[[-71.1204,42.395666],[-71.120475,42.395697],[-71.120432,42.395771],[-71.120197,42.396181],[-71.120107,42.396232]]}},{"type":"Feature","properties":{"name":"Highland Avenue","separation_level":"lane","street_classification":"medium-capacity","maxspeed_int":20.0,"lanes_int":2.0},"geometry":{"type":"LineString","coordinates":[[-71.1204,42.395666],[-71.120475,42.395697],[-71.120583,42.395742],[-71.121044,42.395941],[-71.121083,42.395996]]}},{"type":"Feature","properties":{"name":"Grove Street","separation_level":"none","street_classification":"residential","maxspeed_int":20.0,"lanes_int":2.0},"geometry":{"type":"LineString","coordinates":[[-71.120655,42.395432],[-71.120852,42.395241],[-71.120905,42.395192]]}},{"type":"Feature","properties":{"name":null,"separation_level":"none","street_classification":"residential","maxspeed_int":null,"lanes_int":null},"geometry":{"type":"LineString","coordinates":[[-71.120107,42.396232],[-71.120197,42.396181],[-71.120266,42.396204],[-71.120443,42.396251],[-71.120606,42.396293],[-71.120758,42.396333],[-71.120825,42.39631],[-71.120841,42.396291],[-71.121077,42.396061],[-71.121083,42.395996]]}},{"type":"Feature","properties":{"name":"Somerville Community Path","separation_level":"separate","street_classification":"dedicated_path","maxspeed_int":null,"lanes_int":null},"geometry":{"type":"LineString","coordinates":[[-71.120107,42.396232],[-71.120111,42.396326],[-71.120055,42.396309],[-71.119249,42.396103],[-71.119228,42.396088],[-71.119221,42.396075],[-71.119233,42.396018]]}},{"type":"Feature","properties":{"name":null,"separation_level":"none","street_classification":"dedicated_path","maxspeed_int":null,"lanes_int":null},"geometry":{"type":"LineString","coordinates":[[-71.120107,42.396232],[-71.120004,42.396182],[-71.119283,42.396011],[-71.119233,42.396018]]}},{"type":"Feature","properties":{"name":"Grove Street","separation_level":"none","street_classification":"dedicated_path","maxspeed_int":null,"lanes_int":2.0},"geometry":{"type":"LineString","coordinates":[[-71.120107,42.396232],[-71.120111,42.396326],[-71.120034,42.396452],[-71.120028,42.396462],[-71.120014,42.396485],[-71.119843,42.396761]]}},{"type":"Feature","properties":{"name":"Davis Square Busway","separation_level":"none","street_classification":"motorway","maxspeed_int":null,"lanes_int":null},"geometry":{"type":"LineString","coordinates":[[-71.120107,42.396232],[-71.120149,42.396264],[-71.121041,42.39649],[-71.12148,42.396527],[-71.122035,42.396667],[-71.122076,42.396676],[-71.122104,42.396684],[-71.122178,42.396706]]}},{"type":"Feature","properties":{"name":null,"separation_level":"none","street_classification":"residential","maxspeed_int":null,"lanes_int":null},"geometry":{"type":"LineString","coordinates":[[-71.120107,42.396232],[-71.120004,42.396182],[-71.120281,42.395707],[-71.120326,42.395634],[-71.1204,42.395666]]}},{"type":"Feature","properties":{"name":"Highland Avenue","separation_level":"lane","street_classification":"medium-capacity","maxspeed_int":20.0,"lanes_int":2.0},"geometry":{"type":"LineString","coordinates":[[-71.121083,42.395996],[-71.121136,42.395982],[-71.1213,42.396055],[-71.121686,42.39622]]}},{"type":"Feature","properties":{"name":null,"separation_level":"none","street_classification":"residential","maxspeed_int":null,"lanes_int":null},"geometry":{"type":"LineString","coordinates":[[-71.120905,42.395192],[-71.120852,42.395241],[-71.120905,42.395274],[-71.121164,42.395427],[-71.121002,42.395593],[-71.120711,42.395458],[-71.120655,42.395432]]}},{"type":"Feature","properties":{"name":"Grove Street","separation_level":"none","street_classification":"residential","maxspeed_int":20.0,"lanes_int":2.0},"geometry":{"type":"LineString","coordinates":[[-71.120905,42.395192],[-71.120957,42.395143],[-71.121128,42.394981]]}},{"type":"Feature","properties":{"name":null,"separation_level":"none","street_classification":"residential","maxspeed_int":null,"lanes_int":null},"geometry":{"type":"LineString","coordinates":[[-71.120905,42.395192],[-71.120957,42.395143],[-71.121006,42.395177],[-71.121152,42.395278]]}},{"type":"Feature","properties":{"name":"Somerville Community Path","separation_level":"separate","street_classification":"dedicated_path","maxspeed_int":null,"lanes_int":null},"geometry":{"type":"LineString","coordinates":[[-71.119233,42.396018],[-71.118814,42.395905],[-71.118531,42.395847],[-71.118097,42.395734],[-71.118014,42.395737]]}},{"type":"Feature","properties":{"name":"Winslow Avenue","separation_level":"none","street_classification":"residential","maxspeed_int":20.0,"lanes_int":2.0},"geometry":{"type":"LineString","coordinates":[[-71.119843,42.396761],[-71.119782,42.396736],[-71.117852,42.395963],[-71.117801,42.396032]]}},{"type":"Feature","properties":{"name":"Winslow Avenue","separation_level":"none","street_classification":"residential","maxspeed_int":20.0,"lanes_int":1.0},"geometry":{"type":"LineString","coordinates":[[-71.119843,42.396761],[-71.119901,42.396784],[-71.120501,42.397025],[-71.120731,42.397118]]}},{"type":"Feature","properties":{"name":"College Avenue","separation_level":"track","street_classification":"medium-capacity","maxspeed_int":20.0,"lanes_int":3.0},"geometry":{"type":"LineString","coordinates":[[-71.122178,42.396706],[-71.122202,42.396663],[-71.122223,42.396627],[-71.12224,42.396603],[-71.122288,42.396537],[-71.122325,42.396486]]}},{"type":"Feature","properties":{"name":"College Avenue","separation_level":"track","street_classification":"medium-capacity","maxspeed_int":20.0,"lanes_int":3.0},"geometry":{"type":"LineString","coordinates":[[-71.122178,42.396706],[-71.122126,42.396796],[-71.122108,42.396831],[-71.12209,42.39686],[-71.122051,42.396928],[-71.121989,42.397036]]}},{"type":"Feature","properties":{"name":"Highland Avenue","separation_level":"track","street_classification":"medium-capacity","maxspeed_int":20.0,"lanes_int":2.0},"geometry":{"type":"LineString","coordinates":[[-71.121686,42.39622],[-71.12188,42.396282],[-71.121916,42.396298],[-71.122101,42.39638],[-71.122179,42.396417],[-71.122325,42.396486]]}},{"type":"Feature","properties":{"name":"Grove Street","separation_level":"none","street_classification":"residential","maxspeed_int":20.0,"lanes_int":2.0},"geometry":{"type":"LineString","coordinates":[[-71.121402,42.394655],[-71.121457,42.394735],[-71.121358,42.394769],[-71.121128,42.394981]]}},{"type":"Feature","properties":{"name":"Elm Street","separation_level":"none","street_classification":"medium-capacity","maxspeed_int":25.0,"lanes_int":1.0},"geometry":{"type":"LineString","coordinates":[[-71.121402,42.394655],[-71.121347,42.394575],[-71.121013,42.394003]]}},{"type":"Feature","properties":{"name":"Summer Street","separation_level":"none","street_classification":"medium-capacity","maxspeed_int":20.0,"lanes_int":1.0},"geometry":{"type":"LineString","coordinates":[[-71.121402,42.394655],[-71.121347,42.394575],[-71.121102,42.394374],[-71.120781,42.394181],[-71.120625,42.3941]]}},{"type":"Feature","properties":{"name":null,"separation_level":"none","street_classification":"residential","maxspeed_int":null,"lanes_int":null},"geometry":{"type":"LineString","coordinates":[[-71.121128,42.394981],[-71.121156,42.395023],[-71.121264,42.39517],[-71.121152,42.395278]]}},{"type":"Feature","properties":{"name":"Elm Street","separation_level":"none","street_classification":"medium-capacity","maxspeed_int":25.0,"lanes_int":1.0},"geometry":{"type":"LineString","coordinates":[[-71.121013,42.394003],[-71.120937,42.393879],[-71.120899,42.393826],[-71.120914,42.39376]]}},{"type":"Feature","properties":{"name":null,"separation_level":"none","street_classification":"residential","maxspeed_int":null,"lanes_int":null},"geometry":{"type":"LineString","coordinates":[[-71.121013,42.394003],[-71.120944,42.394018],[-71.120819,42.394144],[-71.120781,42.394181],[-71.120625,42.3941]]}},{"type":"Feature","properties":{"name":"Cutter Avenue","separation_level":"lane_buffered","street_classification":"medium-capacity","maxspeed_int":20.0,"lanes_int":1.0},"geometry":{"type":"LineString","coordinates":[[-71.120625,42.3941],[-71.120623,42.394091],[-71.120577,42.394135],[-71.120268,42.394427],[-71.120221,42.394471]]}},{"type":"Feature","properties":{"name":"Summer Street","separation_level":"none","street_classification":"medium-capacity","maxspeed_int":20.0,"lanes_int":1.0},"geometry":{"type":"LineString","coordinates":[[-71.120625,42.3941],[-71.120466,42.394025],[-71.119975,42.393825]]}},{"type":"Feature","properties":{"name":null,"separation_level":"none","street_classification":"residential","maxspeed_int":null,"lanes_int":null},"geometry":{"type":"LineString","coordinates":[[-71.120625,42.3941],[-71.120466,42.394025],[-71.1205,42.393991],[-71.120637,42.393857],[-71.120662,42.393766],[-71.120724,42.393748],[-71.120834,42.39372],[-71.120914,42.39376]]}},{"type":"Feature","properties":{"name":"Partridge Avenue","separation_level":"none","street_classification":"residential","maxspeed_int":20.0,"lanes_int":1.0},"geometry":{"type":"LineString","coordinates":[[-71.10272,42.395209],[-71.102769,42.39514],[-71.104425,42.392773],[-71.104475,42.392701]]}},{"type":"Feature","properties":{"name":"Medford Street","separation_level":"shared_lane","street_classification":"medium-capacity","maxspeed_int":20.0,"lanes_int":2.0},"geometry":{"type":"LineString","coordinates":[[-71.10272,42.395209],[-71.103045,42.395636],[-71.103105,42.395714]]}},{"type":"Feature","properties":{"name":"Medford Street","separation_level":"shared_lane","street_classification":"medium-capacity","maxspeed_int":20.0,"lanes_int":2.0},"geometry":{"type":"LineString","coordinates":[[-71.10272,42.395209],[-71.102668,42.395143],[-71.102309,42.394696]]}},{"type":"Feature","properties":{"name":"Vernon Street","separation_level":"none","street_classification":"residential","maxspeed_int":20.0,"lanes_int":2.0},"geometry":{"type":"LineString","coordinates":[[-71.104475,42.392701],[-71.103975,42.392357]]}},{"type":"Feature","properties":{"name":"Vernon Street","separation_level":"none","street_classification":"residential","maxspeed_int":20.0,"lanes_int":2.0},"geometry":{"type":"LineString","coordinates":[[-71.104475,42.392701],[-71.105014,42.39307]]}},{"type":"Feature","properties":{"name":"Medford Street","separation_level":"shared_lane","street_classification":"medium-capacity","maxspeed_int":20.0,"lanes_int":2.0},"geometry":{"type":"LineString","coordinates":[[-71.103105,42.395714],[-71.103638,42.396391]]}},{"type":"Feature","properties":{"name":"Norwood Avenue","separation_level":"none","street_classification":"residential","maxspeed_int":20.0,"lanes_int":1.0},"geometry":{"type":"LineString","coordinates":[[-71.103105,42.395714],[-71.103035,42.395751],[-71.102436,42.396648],[-71.102427,42.396663],[-71.102391,42.396727],[-71.102483,42.396758]]}},{"type":"Feature","properties":{"name":"Medford Street","separation_level":"shared_lane","street_classification":"medium-capacity","maxspeed_int":20.0,"lanes_int":2.0},"geometry":{"type":"LineString","coordinates":[[-71.102309,42.394696],[-71.102073,42.394397],[-71.101914,42.394193],[-71.101864,42.39413]]}},{"type":"Feature","properties":{"name":"Glenwood Road","separation_level":"none","street_classification":"residential","maxspeed_int":20.0,"lanes_int":1.0},"geometry":{"type":"LineString","coordinates":[[-71.102309,42.394696],[-71.102265,42.394767],[-71.101939,42.395206],[-71.101595,42.39573],[-71.101239,42.396264],[-71.101225,42.396287],[-71.101191,42.396346]]}},{"type":"Feature","properties":{"name":"Vernon Street","separation_level":"none","street_classification":"residential","maxspeed_int":20.0,"lanes_int":2.0},"geometry":{"type":"LineString","coordinates":[[-71.103975,42.392357],[-71.103592,42.392126],[-71.103351,42.391999]]}},{"type":"Feature","properties":{"name":"Glenwood Road","separation_level":"none","street_classification":"residential","maxspeed_int":20.0,"lanes_int":1.0},"geometry":{"type":"LineString","coordinates":[[-71.103975,42.392357],[-71.103929,42.392422],[-71.102359,42.394625],[-71.102309,42.394696]]}},{"type":"Feature","properties":{"name":"Trull Street","separation_level":"none","street_classification":"residential","maxspeed_int":20.0,"lanes_int":1.0},"geometry":{"type":"LineString","coordinates":[[-71.105014,42.39307],[-71.104979,42.39312],[-71.104305,42.394088],[-71.103806,42.394801],[-71.103618,42.395038],[-71.103203,42.395651],[-71.103181,42.395676],[-71.103105,42.395714]]}},{"type":"Feature","properties":{"name":"Vernon Street","separation_level":"none","street_classification":"residential","maxspeed_int":20.0,"lanes_int":2.0},"geometry":{"type":"LineString","coordinates":[[-71.105014,42.39307],[-71.105574,42.393445],[-71.105675,42.393514]]}},{"type":"Feature","properties":{"name":"Lowell Street","separation_level":"shared_lane","street_classification":"medium-capacity","maxspeed_int":20.0,"lanes_int":2.0},"geometry":{"type":"LineString","coordinates":[[-71.103638,42.396391],[-71.103709,42.396358],[-71.103888,42.396117]]}},{"type":"Feature","properties":{"name":"Medford Street","separation_level":"none","street_classification":"medium-capacity","maxspeed_int":20.0,"lanes_int":2.0},"geometry":{"type":"LineString","coordinates":[[-71.103638,42.396391],[-71.103695,42.396467],[-71.103934,42.396767],[-71.103978,42.396827]]}},{"type":"Feature","properties":{"name":"Broadway","separation_level":"track","street_classification":"medium-capacity","maxspeed_int":25.0,"lanes_int":2.0},"geometry":{"type":"LineString","coordinates":[[-71.102483,42.396758],[-71.102236,42.396677],[-71.101802,42.396538]]}},{"type":"Feature","properties":{"name":null,"separation_level":"none","street_classification":"residential","maxspeed_int":null,"lanes_int":null},"geometry":{"type":"LineString","coordinates":[[-71.102483,42.396758],[-71.102726,42.396838],[-71.102764,42.396771],[-71.102774,42.396754],[-71.102913,42.396513],[-71.1035,42.396698],[-71.103361,42.396938],[-71.10335,42.396957],[-71.103313,42.397022],[-71.103336,42.39703]]}},{"type":"Feature","properties":{"name":"Broadway","separation_level":"track","street_classification":"medium-capacity","maxspeed_int":25.0,"lanes_int":2.0},"geometry":{"type":"LineString","coordinates":[[-71.102483,42.396758],[-71.102726,42.396838],[-71.10275,42.396845],[-71.103177,42.396981],[-71.103336,42.39703]]}},{"type":"Feature","properties":{"name":"Medford Street","separation_level":"shared_lane","street_classification":"medium-capacity","maxspeed_int":30.0,"lanes_int":2.0},"geometry":{"type":"LineString","coordinates":[[-71.101864,42.39413],[-71.101708,42.39393],[-71.101439,42.393585],[-71.101185,42.39326]]}},{"type":"Feature","properties":{"name":"Bartlett Street","separation_level":"none","street_classification":"residential","maxspeed_int":20.0,"lanes_int":1.0},"geometry":{"type":"LineString","coordinates":[[-71.101864,42.39413],[-71.101913,42.394059],[-71.102296,42.393511]]}},{"type":"Feature","properties":{"name":"Broadway","separation_level":"track","street_classification":"medium-capacity","maxspeed_int":25.0,"lanes_int":2.0},"geometry":{"type":"LineString","coordinates":[[-71.101191,42.396346],[-71.101124,42.396325],[-71.10083,42.396217],[-71.100406,42.396036],[-71.100324,42.395999]]}},{"type":"Feature","properties":{"name":"Broadway","separation_level":"track","street_classification":"medium-capacity","maxspeed_int":25.0,"lanes_int":2.0},"geometry":{"type":"LineString","coordinates":[[-71.101191,42.396346],[-71.101207,42.39635],[-71.101297,42.396378],[-71.10138,42.396402],[-71.101802,42.396538]]}},{"type":"Feature","properties":{"name":"Medford Street","separation_level":"shared_lane","street_classification":"medium-capacity","maxspeed_int":30.0,"lanes_int":2.0},"geometry":{"type":"LineString","coordinates":[[-71.101185,42.39326],[-71.100661,42.392583],[-71.100643,42.39256],[-71.100582,42.392495]]}},{"type":"Feature","properties":{"name":"Bartlett Street","separation_level":"none","street_classification":"residential","maxspeed_int":20.0,"lanes_int":1.0},"geometry":{"type":"LineString","coordinates":[[-71.102296,42.393511],[-71.102705,42.392925]]}},{"type":"Feature","properties":{"name":"Robinson Street","separation_level":"none","street_classification":"residential","maxspeed_int":20.0,"lanes_int":2.0},"geometry":{"type":"LineString","coordinates":[[-71.102296,42.393511],[-71.102257,42.393476],[-71.101903,42.39306],[-71.101564,42.39262],[-71.101184,42.392048]]}},{"type":"Feature","properties":{"name":"Broadway","separation_level":"track","street_classification":"medium-capacity","maxspeed_int":25.0,"lanes_int":2.0},"geometry":{"type":"LineString","coordinates":[[-71.100324,42.395999],[-71.100227,42.395957],[-71.100137,42.39592],[-71.10002,42.395871],[-71.099562,42.39567]]}},{"type":"Feature","properties":{"name":"Bartlett Street","separation_level":"none","street_classification":"residential","maxspeed_int":20.0,"lanes_int":1.0},"geometry":{"type":"LineString","coordinates":[[-71.100324,42.395999],[-71.100363,42.395942],[-71.100382,42.395916],[-71.100661,42.39554],[-71.100743,42.395421],[-71.100842,42.39531],[-71.10101,42.395188],[-71.101108,42.395095],[-71.101313,42.394841],[-71.101815,42.394191],[-71.101864,42.39413]]}},{"type":"Feature","properties":{"name":"Partridge Avenue","separation_level":"none","street_classification":"residential","maxspeed_int":20.0,"lanes_int":1.0},"geometry":{"type":"LineString","coordinates":[[-71.101802,42.396538],[-71.101842,42.39648],[-71.101854,42.396463],[-71.102665,42.395286],[-71.10272,42.395209]]}},{"type":"Feature","properties":{"name":"Broadway","separation_level":"track","street_classification":"medium-capacity","maxspeed_int":25.0,"lanes_int":2.0},"geometry":{"type":"LineString","coordinates":[[-71.099562,42.39567],[-71.099163,42.395503],[-71.099032,42.395447],[-71.0989,42.395391],[-71.09882,42.395358],[-71.098745,42.395321],[-71.098669,42.395284],[-71.098621,42.395258]]}},{"type":"Feature","properties":{"name":"Adams Street","separation_level":"none","street_classification":"residential","maxspeed_int":20.0,"lanes_int":1.0},"geometry":{"type":"LineString","coordinates":[[-71.099562,42.39567],[-71.099599,42.395614],[-71.099634,42.395561],[-71.100026,42.394969]]}},{"type":"Feature","properties":{"name":null,"separation_level":"separate","street_classification":"dedicated_path","maxspeed_int":null,"lanes_int":null},"geometry":{"type":"LineString","coordinates":[[-71.113661,42.394858],[-71.113802,42.394837],[-71.113815,42.39481],[-71.113851,42.394776],[-71.113902,42.394728]]}},{"type":"Feature","properties":{"name":null,"separation_level":"separate","street_classification":"dedicated_path","maxspeed_int":null,"lanes_int":null},"geometry":{"type":"LineString","coordinates":[[-71.113661,42.394858],[-71.113605,42.394782],[-71.113605,42.394774],[-71.113587,42.394649]]}},{"type":"Feature","properties":{"name":"Highland Road","separation_level":"none","street_classification":"residential","maxspeed_int":20.0,"lanes_int":2.0},"geometry":{"type":"LineString","coordinates":[[-71.113661,42.394858],[-71.113516,42.395066],[-71.113477,42.395124]]}},{"type":"Feature","properties":{"name":"Somerville Community Path","separation_level":"separate","street_classification":"dedicated_path","maxspeed_int":null,"lanes_int":null},"geometry":{"type":"LineString","coordinates":[[-71.113902,42.394728],[-71.113587,42.394649]]}},{"type":"Feature","properties":{"name":"Somerville Community Path","separation_level":"separate","street_classification":"dedicated_path","maxspeed_int":null,"lanes_int":null},"geometry":{"type":"LineString","coordinates":[[-71.113587,42.394649],[-71.111676,42.394187],[-71.111504,42.394172],[-71.111339,42.394134],[-71.111158,42.394071],[-71.111138,42.394066],[-71.111071,42.394046]]}},{"type":"Feature","properties":{"name":"Highland Road","separation_level":"none","street_classification":"residential","maxspeed_int":20.0,"lanes_int":2.0},"geometry":{"type":"LineString","coordinates":[[-71.113477,42.395124],[-71.11343,42.39519],[-71.11341,42.395215],[-71.112288,42.396886],[-71.112256,42.396929]]}},{"type":"Feature","properties":{"name":"Morrison Avenue","separation_level":"none","street_classification":"medium-capacity","maxspeed_int":20.0,"lanes_int":2.0},"geometry":{"type":"LineString","coordinates":[[-71.113477,42.395124],[-71.113385,42.395101],[-71.113004,42.395006],[-71.112712,42.394933]]}},{"type":"Feature","properties":{"name":"Morrison Avenue","separation_level":"none","street_classification":"medium-capacity","maxspeed_int":20.0,"lanes_int":2.0},"geometry":{"type":"LineString","coordinates":[[-71.113477,42.395124],[-71.113589,42.395152],[-71.114073,42.395272],[-71.114253,42.395317]]}},{"type":"Feature","properties":{"name":"Chester Street","separation_level":"none","street_classification":"residential","maxspeed_int":20.0,"lanes_int":1.0},"geometry":{"type":"LineString","coordinates":[[-71.122503,42.394908],[-71.12292,42.394621],[-71.122975,42.394584]]}},{"type":"Feature","properties":{"name":"Herbert Street","separation_level":"none","street_classification":"residential","maxspeed_int":20.0,"lanes_int":2.0},"geometry":{"type":"LineString","coordinates":[[-71.122503,42.394908],[-71.122549,42.394978],[-71.122932,42.395563],[-71.123111,42.395768]]}},{"type":"Feature","properties":{"name":"Chester Street","separation_level":"none","street_classification":"residential","maxspeed_int":20.0,"lanes_int":1.0},"geometry":{"type":"LineString","coordinates":[[-71.122975,42.394584],[-71.123017,42.394556],[-71.123719,42.394094],[-71.12377,42.39406]]}},{"type":"Feature","properties":{"name":"Cottage Avenue","separation_level":"none","street_classification":"residential","maxspeed_int":20.0,"lanes_int":2.0},"geometry":{"type":"LineString","coordinates":[[-71.122975,42.394584],[-71.122948,42.394562],[-71.122385,42.394116]]}},{"type":"Feature","properties":{"name":"Day Street","separation_level":"none","street_classification":"medium-capacity","maxspeed_int":20.0,"lanes_int":1.0},"geometry":{"type":"LineString","coordinates":[[-71.123111,42.395768],[-71.123123,42.395856],[-71.122521,42.396186],[-71.12249,42.396203],[-71.122409,42.39624]]}},{"type":"Feature","properties":{"name":"Chester Street","separation_level":"none","street_classification":"residential","maxspeed_int":20.0,"lanes_int":2.0},"geometry":{"type":"LineString","coordinates":[[-71.12377,42.39406],[-71.123824,42.394025],[-71.124304,42.393705]]}},{"type":"Feature","properties":{"name":"Orchard Street","separation_level":"none","street_classification":"residential","maxspeed_int":20.0,"lanes_int":1.0},"geometry":{"type":"LineString","coordinates":[[-71.12377,42.39406],[-71.123731,42.394027],[-71.123492,42.393831]]}},{"type":"Feature","properties":{"name":"Cottage Avenue","separation_level":"none","street_classification":"residential","maxspeed_int":20.0,"lanes_int":2.0},"geometry":{"type":"LineString","coordinates":[[-71.122385,42.394116],[-71.122084,42.393878]]}},{"type":"Feature","properties":{"name":"Bowers Avenue","separation_level":"none","street_classification":"residential","maxspeed_int":20.0,"lanes_int":1.0},"geometry":{"type":"LineString","coordinates":[[-71.122385,42.394116],[-71.122342,42.394148],[-71.121541,42.394704],[-71.121457,42.394735],[-71.121402,42.394655]]}},{"type":"Feature","properties":{"name":"Elm Street","separation_level":"none","street_classification":"medium-capacity","maxspeed_int":20.0,"lanes_int":1.0},"geometry":{"type":"LineString","coordinates":[[-71.122409,42.39624],[-71.122363,42.396127],[-71.122325,42.396053],[-71.122282,42.395981],[-71.1222,42.395853],[-71.122049,42.395611],[-71.121863,42.395333]]}},{"type":"Feature","properties":{"name":"Elm Street","separation_level":"none","street_classification":"medium-capacity","maxspeed_int":20.0,"lanes_int":1.0},"geometry":{"type":"LineString","coordinates":[[-71.121863,42.395333],[-71.12182,42.39527],[-71.1215,42.394797],[-71.121457,42.394735],[-71.121402,42.394655]]}},{"type":"Feature","properties":{"name":"Chester Street","separation_level":"none","street_classification":"residential","maxspeed_int":20.0,"lanes_int":1.0},"geometry":{"type":"LineString","coordinates":[[-71.121863,42.395333],[-71.121937,42.395283],[-71.122503,42.394908]]}},{"type":"Feature","properties":{"name":"Mystic Avenue","separation_level":"shared_lane","street_classification":"medium-capacity","maxspeed_int":null,"lanes_int":5.0},"geometry":{"type":"LineString","coordinates":[[-71.088487,42.39516],[-71.088548,42.395204],[-71.088666,42.395292],[-71.088957,42.395507],[-71.089072,42.395592]]}},{"type":"Feature","properties":{"name":"Mystic Avenue","separation_level":"none","street_classification":"medium-capacity","maxspeed_int":null,"lanes_int":2.0},"geometry":{"type":"LineString","coordinates":[[-71.087732,42.394582],[-71.087545,42.39443],[-71.087411,42.394324],[-71.087328,42.394257],[-71.087227,42.394178],[-71.087132,42.394112],[-71.087082,42.394148]]}},{"type":"Feature","properties":{"name":"Temple Street","separation_level":"lane","street_classification":"medium-capacity","maxspeed_int":25.0,"lanes_int":3.0},"geometry":{"type":"LineString","coordinates":[[-71.089072,42.395592],[-71.089227,42.395569],[-71.089379,42.395539],[-71.089545,42.39551],[-71.089621,42.395497],[-71.089917,42.395447],[-71.090292,42.395382],[-71.090612,42.395327]]}},{"type":"Feature","properties":{"name":"Temple Road","separation_level":"none","street_classification":"residential","maxspeed_int":25.0,"lanes_int":2.0},"geometry":{"type":"LineString","coordinates":[[-71.089072,42.395592],[-71.088936,42.39569],[-71.088426,42.396053]]}},{"type":"Feature","properties":{"name":"Mystic Avenue","separation_level":"shared_lane","street_classification":"medium-capacity","maxspeed_int":null,"lanes_int":4.0},"geometry":{"type":"LineString","coordinates":[[-71.089072,42.395592],[-71.089205,42.395697],[-71.089379,42.395828],[-71.089929,42.396248],[-71.090084,42.396252]]}},{"type":"Feature","properties":{"name":"Highland Avenue","separation_level":"none","street_classification":"medium-capacity","maxspeed_int":20.0,"lanes_int":2.0},"geometry":{"type":"LineString","coordinates":[[-71.118605,42.394901],[-71.117751,42.394532]]}},{"type":"Feature","properties":{"name":"Highland Avenue","separation_level":"none","street_classification":"medium-capacity","maxspeed_int":20.0,"lanes_int":2.0},"geometry":{"type":"LineString","coordinates":[[-71.118605,42.394901],[-71.119078,42.395107]]}},{"type":"Feature","properties":{"name":"West Street","separation_level":"none","street_classification":"residential","maxspeed_int":20.0,"lanes_int":2.0},"geometry":{"type":"LineString","coordinates":[[-71.118605,42.394901],[-71.118646,42.394842],[-71.118986,42.394348],[-71.119007,42.394318]]}},{"type":"Feature","properties":{"name":"West Street","separation_level":"none","street_classification":"residential","maxspeed_int":20.0,"lanes_int":2.0},"geometry":{"type":"LineString","coordinates":[[-71.118605,42.394901],[-71.118567,42.394958],[-71.118407,42.395195]]}},{"type":"Feature","properties":{"name":"Whipple Street","separation_level":"none","street_classification":"residential","maxspeed_int":25.0,"lanes_int":2.0},"geometry":{"type":"LineString","coordinates":[[-71.117751,42.394532],[-71.117711,42.394589],[-71.117542,42.394836],[-71.117431,42.394993],[-71.11738,42.395071]]}},{"type":"Feature","properties":{"name":"Highland Avenue","separation_level":"none","street_classification":"medium-capacity","maxspeed_int":20.0,"lanes_int":2.0},"geometry":{"type":"LineString","coordinates":[[-71.117751,42.394532],[-71.116881,42.394156],[-71.116819,42.394129]]}},{"type":"Feature","properties":{"name":"Highland Avenue","separation_level":"lane","street_classification":"medium-capacity","maxspeed_int":20.0,"lanes_int":null},"geometry":{"type":"LineString","coordinates":[[-71.119078,42.395107],[-71.119121,42.395129],[-71.119152,42.395146],[-71.119185,42.395163],[-71.11923,42.39519],[-71.119261,42.395206],[-71.119286,42.395219],[-71.119314,42.395232],[-71.119349,42.395248],[-71.119382,42.395262],[-71.119412,42.395273],[-71.11944,42.395283],[-71.119473,42.395294]]}},{"type":"Feature","properties":{"name":"Hawthorne Street","separation_level":"none","street_classification":"residential","maxspeed_int":20.0,"lanes_int":1.0},"geometry":{"type":"LineString","coordinates":[[-71.119007,42.394318],[-71.118352,42.394051],[-71.117719,42.393792],[-71.11731,42.393629],[-71.11728,42.393615],[-71.1172,42.393586]]}},{"type":"Feature","properties":{"name":"Whipple Street","separation_level":"none","street_classification":"residential","maxspeed_int":25.0,"lanes_int":1.0},"geometry":{"type":"LineString","coordinates":[[-71.11738,42.395071],[-71.117431,42.394993],[-71.117377,42.394973],[-71.116558,42.394671],[-71.11653,42.394661],[-71.116446,42.39463]]}},{"type":"Feature","properties":{"name":"Willow Avenue","separation_level":"shared_lane","street_classification":"medium-capacity","maxspeed_int":20.0,"lanes_int":2.0},"geometry":{"type":"LineString","coordinates":[[-71.116819,42.394129],[-71.116775,42.394187],[-71.116446,42.39463]]}},{"type":"Feature","properties":{"name":"Highland Avenue","separation_level":"none","street_classification":"medium-capacity","maxspeed_int":20.0,"lanes_int":2.0},"geometry":{"type":"LineString","coordinates":[[-71.116819,42.394129],[-71.116744,42.394096],[-71.116186,42.393855]]}},{"type":"Feature","properties":{"name":"Ellington Road","separation_level":"none","street_classification":"residential","maxspeed_int":25.0,"lanes_int":2.0},"geometry":{"type":"LineString","coordinates":[[-71.119473,42.395294],[-71.11944,42.395339],[-71.119426,42.395358],[-71.119231,42.395633]]}},{"type":"Feature","properties":{"name":"Highland Avenue","separation_level":"lane","street_classification":"medium-capacity","maxspeed_int":20.0,"lanes_int":null},"geometry":{"type":"LineString","coordinates":[[-71.119473,42.395294],[-71.119506,42.395305],[-71.119562,42.395322],[-71.119611,42.395336],[-71.119657,42.395352],[-71.11971,42.39537],[-71.119762,42.39539]]}},{"type":"Feature","properties":{"name":"Willow Avenue","separation_level":"lane","street_classification":"residential","maxspeed_int":20.0,"lanes_int":1.0},"geometry":{"type":"LineString","coordinates":[[-71.1172,42.393586],[-71.116861,42.394064],[-71.116819,42.394129]]}},{"type":"Feature","properties":{"name":"Highland Avenue","separation_level":"none","street_classification":"medium-capacity","maxspeed_int":20.0,"lanes_int":2.0},"geometry":{"type":"LineString","coordinates":[[-71.116186,42.393855],[-71.115547,42.393579]]}},{"type":"Feature","properties":{"name":"Henry Avenue","separation_level":"none","street_classification":"residential","maxspeed_int":25.0,"lanes_int":1.0},"geometry":{"type":"LineString","coordinates":[[-71.116186,42.393855],[-71.116142,42.393912],[-71.115614,42.394588],[-71.115586,42.394623],[-71.115554,42.394663]]}},{"type":"Feature","properties":{"name":"Lesley Avenue","separation_level":"none","street_classification":"residential","maxspeed_int":25.0,"lanes_int":2.0},"geometry":{"type":"LineString","coordinates":[[-71.115547,42.393579],[-71.115501,42.393638],[-71.115485,42.393659],[-71.114896,42.394414],[-71.114868,42.39445],[-71.114837,42.39449]]}},{"type":"Feature","properties":{"name":"Highland Avenue","separation_level":"none","street_classification":"medium-capacity","maxspeed_int":20.0,"lanes_int":2.0},"geometry":{"type":"LineString","coordinates":[[-71.115547,42.393579],[-71.114997,42.393341],[-71.114886,42.393293]]}},{"type":"Feature","properties":{"name":"Lexington Avenue","separation_level":"none","street_classification":"residential","maxspeed_int":20.0,"lanes_int":1.0},"geometry":{"type":"LineString","coordinates":[[-71.115554,42.394663],[-71.114837,42.39449]]}},{"type":"Feature","properties":{"name":"Lexington Avenue","separation_level":"none","street_classification":"residential","maxspeed_int":20.0,"lanes_int":1.0},"geometry":{"type":"LineString","coordinates":[[-71.114837,42.39449],[-71.114174,42.394332],[-71.114154,42.394328],[-71.114086,42.394309]]}},{"type":"Feature","properties":{"name":"Hancock Street","separation_level":"shared_lane","street_classification":"residential","maxspeed_int":20.0,"lanes_int":2.0},"geometry":{"type":"LineString","coordinates":[[-71.114886,42.393293],[-71.114824,42.393396],[-71.114812,42.393411],[-71.11442,42.393896]]}},{"type":"Feature","properties":{"name":"Hancock Street","separation_level":"shared_lane","street_classification":"residential","maxspeed_int":20.0,"lanes_int":2.0},"geometry":{"type":"LineString","coordinates":[[-71.114886,42.393293],[-71.114921,42.393221],[-71.114932,42.393198],[-71.114969,42.393121],[-71.115159,42.392795]]}},{"type":"Feature","properties":{"name":"Highland Avenue","separation_level":"none","street_classification":"medium-capacity","maxspeed_int":20.0,"lanes_int":2.0},"geometry":{"type":"LineString","coordinates":[[-71.114886,42.393293],[-71.114766,42.393241],[-71.114071,42.392941],[-71.113999,42.39291]]}},{"type":"Feature","properties":{"name":"Willow Avenue","separation_level":"shared_lane","street_classification":"medium-capacity","maxspeed_int":20.0,"lanes_int":2.0},"geometry":{"type":"LineString","coordinates":[[-71.116446,42.39463],[-71.116291,42.394856]]}},{"type":"Feature","properties":{"name":"Willow Avenue","separation_level":"shared_lane","street_classification":"medium-capacity","maxspeed_int":20.0,"lanes_int":2.0},"geometry":{"type":"LineString","coordinates":[[-71.116291,42.394856],[-71.116143,42.395084],[-71.116035,42.39525],[-71.115781,42.395622],[-71.11575,42.395669],[-71.11573,42.395695]]}},{"type":"Feature","properties":{"name":"Lexington Avenue","separation_level":"none","street_classification":"residential","maxspeed_int":20.0,"lanes_int":1.0},"geometry":{"type":"LineString","coordinates":[[-71.116291,42.394856],[-71.116231,42.394841],[-71.115554,42.394663]]}},{"type":"Feature","properties":{"name":"Foley Street","separation_level":"separate","street_classification":"residential","maxspeed_int":25.0,"lanes_int":null},"geometry":{"type":"LineString","coordinates":[[-71.083002,42.392656],[-71.08303,42.39262],[-71.082882,42.392642],[-71.082252,42.392735],[-71.082244,42.39271]]}},{"type":"Feature","properties":{"name":"Foley Street","separation_level":"separate","street_classification":"dedicated_path","maxspeed_int":null,"lanes_int":null},"geometry":{"type":"LineString","coordinates":[[-71.083002,42.392656],[-71.082896,42.392558],[-71.082877,42.392572],[-71.082862,42.392578],[-71.082804,42.392601],[-71.082338,42.392679],[-71.082321,42.392679],[-71.082263,42.392679],[-71.082236,42.392683],[-71.082244,42.39271]]}},{"type":"Feature","properties":{"name":"Middlesex Avenue","separation_level":"none","street_classification":"medium-capacity","maxspeed_int":30.0,"lanes_int":3.0},"geometry":{"type":"LineString","coordinates":[[-71.083002,42.392656],[-71.08303,42.39262],[-71.083004,42.392529],[-71.082999,42.392513],[-71.082936,42.392297],[-71.082854,42.392015]]}},{"type":"Feature","properties":{"name":null,"separation_level":"none","street_classification":"residential","maxspeed_int":null,"lanes_int":1.0},"geometry":{"type":"LineString","coordinates":[[-71.083002,42.392656],[-71.083074,42.392777],[-71.083206,42.392758],[-71.083462,42.39272],[-71.083672,42.392728],[-71.083742,42.392752]]}},{"type":"Feature","properties":{"name":"Middlesex Avenue","separation_level":"none","street_classification":"medium-capacity","maxspeed_int":30.0,"lanes_int":2.0},"geometry":{"type":"LineString","coordinates":[[-71.083002,42.392656],[-71.083074,42.392777],[-71.083287,42.393553],[-71.083379,42.393879]]}},{"type":"Feature","properties":{"name":"Foley Street","separation_level":"separate","street_classification":"residential","maxspeed_int":25.0,"lanes_int":null},"geometry":{"type":"LineString","coordinates":[[-71.082244,42.39271],[-71.082252,42.392735],[-71.081541,42.392844],[-71.082061,42.394634]]}},{"type":"Feature","properties":{"name":"Foley Street","separation_level":"separate","street_classification":"dedicated_path","maxspeed_int":null,"lanes_int":null},"geometry":{"type":"LineString","coordinates":[[-71.082244,42.39271],[-71.082236,42.392683],[-71.08219,42.392691],[-71.082132,42.392711],[-71.081626,42.392786],[-71.081541,42.392844],[-71.082061,42.394634]]}},{"type":"Feature","properties":{"name":"Fairlane Way","separation_level":"none","street_classification":"residential","maxspeed_int":20.0,"lanes_int":null},"geometry":{"type":"LineString","coordinates":[[-71.082244,42.39271],[-71.082236,42.392683],[-71.082231,42.392671],[-71.081964,42.39169]]}},{"type":"Feature","properties":{"name":"Middlesex Avenue","separation_level":"none","street_classification":"medium-capacity","maxspeed_int":null,"lanes_int":2.0},"geometry":{"type":"LineString","coordinates":[[-71.082854,42.392015],[-71.082849,42.391895],[-71.082854,42.391818],[-71.082875,42.391753],[-71.082909,42.391704],[-71.082959,42.391668],[-71.083035,42.391641],[-71.083104,42.391632],[-71.083175,42.391639],[-71.083227,42.39165],[-71.083282,42.391673]]}},{"type":"Feature","properties":{"name":null,"separation_level":"none","street_classification":"residential","maxspeed_int":25.0,"lanes_int":2.0},"geometry":{"type":"LineString","coordinates":[[-71.083742,42.392752],[-71.083811,42.392775],[-71.083876,42.39279],[-71.083925,42.392822],[-71.084277,42.393274]]}},{"type":"Feature","properties":{"name":"Kensington Avenue","separation_level":"none","street_classification":"residential","maxspeed_int":25.0,"lanes_int":2.0},"geometry":{"type":"LineString","coordinates":[[-71.083379,42.393879],[-71.083517,42.393786],[-71.084277,42.393274]]}},{"type":"Feature","properties":{"name":"Middlesex Avenue","separation_level":"none","street_classification":"medium-capacity","maxspeed_int":30.0,"lanes_int":2.0},"geometry":{"type":"LineString","coordinates":[[-71.083379,42.393879],[-71.083404,42.393961],[-71.083448,42.39411]]}},{"type":"Feature","properties":{"name":null,"separation_level":"none","street_classification":"residential","maxspeed_int":null,"lanes_int":null},"geometry":{"type":"LineString","coordinates":[[-71.082061,42.394634],[-71.082661,42.396534],[-71.082767,42.396521],[-71.082792,42.396516],[-71.082962,42.396487],[-71.083496,42.396399]]}},{"type":"Feature","properties":{"name":null,"separation_level":"none","street_classification":"residential","maxspeed_int":5.0,"lanes_int":null},"geometry":{"type":"LineString","coordinates":[[-71.082061,42.394634],[-71.082661,42.396534],[-71.082702,42.396631],[-71.082782,42.396822]]}},{"type":"Feature","properties":{"name":null,"separation_level":"none","street_classification":"residential","maxspeed_int":null,"lanes_int":null},"geometry":{"type":"LineString","coordinates":[[-71.082061,42.394634],[-71.082613,42.396426],[-71.082543,42.396437],[-71.082522,42.39644],[-71.082074,42.396509],[-71.08199,42.396521],[-71.081956,42.396522],[-71.08193,42.396516],[-71.0819,42.396504],[-71.081875,42.396485],[-71.08186,42.396468],[-71.081848,42.396446],[-71.081828,42.396376],[-71.081399,42.394833]]}},{"type":"Feature","properties":{"name":null,"separation_level":"none","street_classification":"residential","maxspeed_int":null,"lanes_int":null},"geometry":{"type":"LineString","coordinates":[[-71.082061,42.394634],[-71.081641,42.393356],[-71.081015,42.393452],[-71.081399,42.394833]]}},{"type":"Feature","properties":{"name":null,"separation_level":"none","street_classification":"residential","maxspeed_int":null,"lanes_int":null},"geometry":{"type":"LineString","coordinates":[[-71.082061,42.394634],[-71.082555,42.396264],[-71.081828,42.396376],[-71.081399,42.394833]]}},{"type":"Feature","properties":{"name":null,"separation_level":"none","street_classification":"residential","maxspeed_int":null,"lanes_int":null},"geometry":{"type":"LineString","coordinates":[[-71.082061,42.394634],[-71.082511,42.396107],[-71.081784,42.396219],[-71.081399,42.394833]]}},{"type":"Feature","properties":{"name":null,"separation_level":"none","street_classification":"residential","maxspeed_int":null,"lanes_int":null},"geometry":{"type":"LineString","coordinates":[[-71.082061,42.394634],[-71.082426,42.395807],[-71.081699,42.395919],[-71.081399,42.394833]]}},{"type":"Feature","properties":{"name":null,"separation_level":"none","street_classification":"residential","maxspeed_int":null,"lanes_int":null},"geometry":{"type":"LineString","coordinates":[[-71.082061,42.394634],[-71.082468,42.395954],[-71.08174,42.396066],[-71.081399,42.394833]]}},{"type":"Feature","properties":{"name":null,"separation_level":"none","street_classification":"residential","maxspeed_int":null,"lanes_int":null},"geometry":{"type":"LineString","coordinates":[[-71.082061,42.394634],[-71.082382,42.395649],[-71.082018,42.395705],[-71.081654,42.395761],[-71.081399,42.394833]]}},{"type":"Feature","properties":{"name":null,"separation_level":"none","street_classification":"residential","maxspeed_int":null,"lanes_int":null},"geometry":{"type":"LineString","coordinates":[[-71.082061,42.394634],[-71.081685,42.393511],[-71.081059,42.393607],[-71.081399,42.394833]]}},{"type":"Feature","properties":{"name":null,"separation_level":"none","street_classification":"residential","maxspeed_int":null,"lanes_int":null},"geometry":{"type":"LineString","coordinates":[[-71.082061,42.394634],[-71.081597,42.3932],[-71.080973,42.393301],[-71.081399,42.394833]]}},{"type":"Feature","properties":{"name":null,"separation_level":"none","street_classification":"residential","maxspeed_int":null,"lanes_int":null},"geometry":{"type":"LineString","coordinates":[[-71.082061,42.394634],[-71.082249,42.395179],[-71.081522,42.395291],[-71.081399,42.394833]]}},{"type":"Feature","properties":{"name":null,"separation_level":"none","street_classification":"residential","maxspeed_int":null,"lanes_int":null},"geometry":{"type":"LineString","coordinates":[[-71.082061,42.394634],[-71.081987,42.394251],[-71.081272,42.394362],[-71.081399,42.394833]]}},{"type":"Feature","properties":{"name":null,"separation_level":"none","street_classification":"residential","maxspeed_int":null,"lanes_int":null},"geometry":{"type":"LineString","coordinates":[[-71.082061,42.394634],[-71.081813,42.393965],[-71.081187,42.394061],[-71.081399,42.394833]]}},{"type":"Feature","properties":{"name":null,"separation_level":"none","street_classification":"residential","maxspeed_int":null,"lanes_int":null},"geometry":{"type":"LineString","coordinates":[[-71.082061,42.394634],[-71.081928,42.394109],[-71.081231,42.394217],[-71.081399,42.394833]]}},{"type":"Feature","properties":{"name":null,"separation_level":"none","street_classification":"residential","maxspeed_int":null,"lanes_int":null},"geometry":{"type":"LineString","coordinates":[[-71.082061,42.394634],[-71.081772,42.39382],[-71.081146,42.393917],[-71.081399,42.394833]]}},{"type":"Feature","properties":{"name":null,"separation_level":"none","street_classification":"residential","maxspeed_int":null,"lanes_int":null},"geometry":{"type":"LineString","coordinates":[[-71.082061,42.394634],[-71.081729,42.393667],[-71.081103,42.393763],[-71.081399,42.394833]]}},{"type":"Feature","properties":{"name":null,"separation_level":"none","street_classification":"residential","maxspeed_int":null,"lanes_int":null},"geometry":{"type":"LineString","coordinates":[[-71.082061,42.394634],[-71.082294,42.395339],[-71.081567,42.395451],[-71.081399,42.394833]]}},{"type":"Feature","properties":{"name":null,"separation_level":"none","street_classification":"residential","maxspeed_int":null,"lanes_int":null},"geometry":{"type":"LineString","coordinates":[[-71.082061,42.394634],[-71.082342,42.395508],[-71.082238,42.395524],[-71.081614,42.39562],[-71.081399,42.394833]]}},{"type":"Feature","properties":{"name":null,"separation_level":"none","street_classification":"residential","maxspeed_int":null,"lanes_int":null},"geometry":{"type":"LineString","coordinates":[[-71.082061,42.394634],[-71.082205,42.395022],[-71.081477,42.395134],[-71.081399,42.394833]]}},{"type":"Feature","properties":{"name":null,"separation_level":"none","street_classification":"residential","maxspeed_int":null,"lanes_int":null},"geometry":{"type":"LineString","coordinates":[[-71.082061,42.394634],[-71.082162,42.39487],[-71.081434,42.394982],[-71.081399,42.394833]]}},{"type":"Feature","properties":{"name":null,"separation_level":"none","street_classification":"residential","maxspeed_int":null,"lanes_int":null},"geometry":{"type":"LineString","coordinates":[[-71.082061,42.394634],[-71.082116,42.394709],[-71.081401,42.394819],[-71.081399,42.394833]]}},{"type":"Feature","properties":{"name":null,"separation_level":"none","street_classification":"residential","maxspeed_int":null,"lanes_int":null},"geometry":{"type":"LineString","coordinates":[[-71.082061,42.394634],[-71.082075,42.394564],[-71.08136,42.394674],[-71.081399,42.394833]]}},{"type":"Feature","properties":{"name":null,"separation_level":"none","street_classification":"residential","maxspeed_int":null,"lanes_int":null},"geometry":{"type":"LineString","coordinates":[[-71.082061,42.394634],[-71.081553,42.393042],[-71.080927,42.393139],[-71.080973,42.393301],[-71.081399,42.394833]]}},{"type":"Feature","properties":{"name":null,"separation_level":"none","street_classification":"residential","maxspeed_int":null,"lanes_int":null},"geometry":{"type":"LineString","coordinates":[[-71.082061,42.394634],[-71.082031,42.394406],[-71.081315,42.394516],[-71.081399,42.394833]]}},{"type":"Feature","properties":{"name":null,"separation_level":"none","street_classification":"residential","maxspeed_int":null,"lanes_int":null},"geometry":{"type":"LineString","coordinates":[[-71.082061,42.394634],[-71.081399,42.392865],[-71.081376,42.392782],[-71.081373,42.392769],[-71.081349,42.392699],[-71.081314,42.392637],[-71.081258,42.392582],[-71.081187,42.392513],[-71.081073,42.392401]]}},{"type":"Feature","properties":{"name":"Foley Street","separation_level":"separation","street_classification":"residential","maxspeed_int":25.0,"lanes_int":null},"geometry":{"type":"LineString","coordinates":[[-71.082061,42.394634],[-71.081399,42.392865],[-71.080729,42.392966],[-71.080542,42.392994]]}},{"type":"Feature","properties":{"name":"Harold Cohen Way","separation_level":"none","street_classification":"residential","maxspeed_int":20.0,"lanes_int":null},"geometry":{"type":"LineString","coordinates":[[-71.082061,42.394634],[-71.081541,42.392844],[-71.081529,42.392792],[-71.081523,42.392765],[-71.08128,42.391822]]}},{"type":"Feature","properties":{"name":"Assembly Park Drive","separation_level":"none","street_classification":"residential","maxspeed_int":20.0,"lanes_int":null},"geometry":{"type":"LineString","coordinates":[[-71.081964,42.39169],[-71.082228,42.391658],[-71.082293,42.39165],[-71.082501,42.391626]]}},{"type":"Feature","properties":{"name":"Assembly Park Drive","separation_level":"none","street_classification":"residential","maxspeed_int":20.0,"lanes_int":null},"geometry":{"type":"LineString","coordinates":[[-71.081964,42.39169],[-71.081455,42.39176],[-71.08128,42.391822]]}},{"type":"Feature","properties":{"name":"Mystic Avenue","separation_level":"none","street_classification":"medium-capacity","maxspeed_int":null,"lanes_int":3.0},"geometry":{"type":"LineString","coordinates":[[-71.083282,42.391673],[-71.083879,42.392378],[-71.084006,42.392524],[-71.084151,42.392694],[-71.084275,42.392831],[-71.084411,42.392967],[-71.084522,42.39307],[-71.084661,42.393184],[-71.084819,42.393308],[-71.084934,42.393394],[-71.085524,42.393836],[-71.085548,42.393854],[-71.085691,42.393963],[-71.085855,42.394084]]}},{"type":"Feature","properties":{"name":"Hancock Street","separation_level":"shared_lane","street_classification":"residential","maxspeed_int":20.0,"lanes_int":2.0},"geometry":{"type":"LineString","coordinates":[[-71.11442,42.393896],[-71.114149,42.394231],[-71.114119,42.394268],[-71.114086,42.394309]]}},{"type":"Feature","properties":{"name":"Spencer Avenue","separation_level":"none","street_classification":"residential","maxspeed_int":25.0,"lanes_int":1.0},"geometry":{"type":"LineString","coordinates":[[-71.11442,42.393896],[-71.114328,42.393855],[-71.113629,42.393513],[-71.112047,42.392882],[-71.112007,42.392868],[-71.111959,42.392846],[-71.111977,42.392807]]}},{"type":"Feature","properties":{"name":"Hancock Street","separation_level":"shared_lane","street_classification":"residential","maxspeed_int":20.0,"lanes_int":2.0},"geometry":{"type":"LineString","coordinates":[[-71.115159,42.392795],[-71.115444,42.392316]]}},{"type":"Feature","properties":{"name":"Windsor Road","separation_level":"none","street_classification":"residential","maxspeed_int":20.0,"lanes_int":1.0},"geometry":{"type":"LineString","coordinates":[[-71.115159,42.392795],[-71.115243,42.392827],[-71.117065,42.39352],[-71.117101,42.393535],[-71.1172,42.393586]]}},{"type":"Feature","properties":{"name":"Cherry Street","separation_level":"none","street_classification":"medium-capacity","maxspeed_int":20.0,"lanes_int":2.0},"geometry":{"type":"LineString","coordinates":[[-71.113999,42.39291],[-71.114041,42.392846],[-71.114057,42.392822],[-71.114249,42.392526]]}},{"type":"Feature","properties":{"name":"Highland Avenue","separation_level":"none","street_classification":"medium-capacity","maxspeed_int":20.0,"lanes_int":2.0},"geometry":{"type":"LineString","coordinates":[[-71.113999,42.39291],[-71.113944,42.392886],[-71.113155,42.392545]]}},{"type":"Feature","properties":{"name":"Lexington Avenue","separation_level":"none","street_classification":"residential","maxspeed_int":20.0,"lanes_int":1.0},"geometry":{"type":"LineString","coordinates":[[-71.114086,42.394309],[-71.11402,42.39429],[-71.113629,42.394192],[-71.113096,42.393978]]}},{"type":"Feature","properties":{"name":"Cedar Street","separation_level":"shared_lane","street_classification":"medium-capacity","maxspeed_int":20.0,"lanes_int":2.0},"geometry":{"type":"LineString","coordinates":[[-71.111977,42.392807],[-71.111959,42.392846],[-71.111669,42.393246],[-71.111622,42.393278],[-71.111594,42.393319]]}},{"type":"Feature","properties":{"name":"Cedar Street","separation_level":"lane","street_classification":"medium-capacity","maxspeed_int":20.0,"lanes_int":2.0},"geometry":{"type":"LineString","coordinates":[[-71.111977,42.392807],[-71.111994,42.392769],[-71.11224,42.392434]]}},{"type":"Feature","properties":{"name":"Hudson Street","separation_level":"none","street_classification":"residential","maxspeed_int":20.0,"lanes_int":1.0},"geometry":{"type":"LineString","coordinates":[[-71.111977,42.392807],[-71.111994,42.392769],[-71.111901,42.392738],[-71.110168,42.392024],[-71.110069,42.391959],[-71.109846,42.391738]]}},{"type":"Feature","properties":{"name":"Charnwood Road","separation_level":"none","street_classification":"residential","maxspeed_int":20.0,"lanes_int":1.0},"geometry":{"type":"LineString","coordinates":[[-71.115444,42.392316],[-71.1155,42.392342],[-71.11728,42.393175],[-71.117315,42.393191],[-71.117432,42.393246]]}},{"type":"Feature","properties":{"name":"Cherry Street","separation_level":"none","street_classification":"medium-capacity","maxspeed_int":20.0,"lanes_int":2.0},"geometry":{"type":"LineString","coordinates":[[-71.114249,42.392526],[-71.114665,42.391894]]}},{"type":"Feature","properties":{"name":"Aberdeen Road","separation_level":"none","street_classification":"residential","maxspeed_int":20.0,"lanes_int":1.0},"geometry":{"type":"LineString","coordinates":[[-71.113155,42.392545],[-71.113203,42.392484],[-71.113558,42.392043]]}},{"type":"Feature","properties":{"name":"Highland Avenue","separation_level":"none","street_classification":"medium-capacity","maxspeed_int":20.0,"lanes_int":2.0},"geometry":{"type":"LineString","coordinates":[[-71.113155,42.392545],[-71.112462,42.392245],[-71.1124,42.392219]]}},{"type":"Feature","properties":{"name":"Willow Avenue","separation_level":"lane","street_classification":"residential","maxspeed_int":20.0,"lanes_int":1.0},"geometry":{"type":"LineString","coordinates":[[-71.117432,42.393246],[-71.11723,42.393544],[-71.1172,42.393586]]}},{"type":"Feature","properties":{"name":"Willow Avenue","separation_level":"lane","street_classification":"residential","maxspeed_int":20.0,"lanes_int":1.0},"geometry":{"type":"LineString","coordinates":[[-71.117668,42.392896],[-71.117638,42.392937],[-71.117432,42.393246]]}},{"type":"Feature","properties":{"name":"Summer Street","separation_level":"lane","street_classification":"medium-capacity","maxspeed_int":20.0,"lanes_int":2.0},"geometry":{"type":"LineString","coordinates":[[-71.117668,42.392896],[-71.117604,42.392861],[-71.116952,42.392509]]}},{"type":"Feature","properties":{"name":"Summer Street","separation_level":"lane","street_classification":"medium-capacity","maxspeed_int":20.0,"lanes_int":2.0},"geometry":{"type":"LineString","coordinates":[[-71.116952,42.392509],[-71.116328,42.392168]]}},{"type":"Feature","properties":{"name":"Banks Street","separation_level":"none","street_classification":"residential","maxspeed_int":20.0,"lanes_int":1.0},"geometry":{"type":"LineString","coordinates":[[-71.116952,42.392509],[-71.116986,42.392458],[-71.117243,42.392071],[-71.117675,42.3915],[-71.118205,42.390961],[-71.118222,42.390944],[-71.118285,42.390881],[-71.1183,42.390894]]}},{"type":"Feature","properties":{"name":"Summer Street","separation_level":"lane","street_classification":"medium-capacity","maxspeed_int":20.0,"lanes_int":2.0},"geometry":{"type":"LineString","coordinates":[[-71.116328,42.392168],[-71.115844,42.391899],[-71.115743,42.391847]]}},{"type":"Feature","properties":{"name":"Burnside Avenue","separation_level":"none","street_classification":"residential","maxspeed_int":20.0,"lanes_int":1.0},"geometry":{"type":"LineString","coordinates":[[-71.116328,42.392168],[-71.116362,42.392118],[-71.117359,42.390666],[-71.117582,42.390365],[-71.117599,42.390341],[-71.117651,42.39027]]}},{"type":"Feature","properties":{"name":"Elm Street","separation_level":"track","street_classification":"medium-capacity","maxspeed_int":20.0,"lanes_int":2.0},"geometry":{"type":"LineString","coordinates":[[-71.1183,42.390894],[-71.118314,42.390908],[-71.11841,42.391],[-71.118459,42.391044],[-71.118509,42.391086],[-71.118745,42.391285],[-71.1188,42.391332],[-71.118942,42.391454]]}},{"type":"Feature","properties":{"name":"Elm Street","separation_level":"track","street_classification":"medium-capacity","maxspeed_int":20.0,"lanes_int":2.0},"geometry":{"type":"LineString","coordinates":[[-71.1183,42.390894],[-71.118285,42.390881],[-71.11796,42.390566]]}},{"type":"Feature","properties":{"name":"Sycamore Street","separation_level":"none","street_classification":"residential","maxspeed_int":20.0,"lanes_int":1.0},"geometry":{"type":"LineString","coordinates":[[-71.098301,42.39281],[-71.09824,42.39289],[-71.097925,42.393299]]}},{"type":"Feature","properties":{"name":"Forster Street","separation_level":"none","street_classification":"residential","maxspeed_int":20.0,"lanes_int":1.0},"geometry":{"type":"LineString","coordinates":[[-71.098301,42.39281],[-71.098368,42.392837],[-71.099073,42.393142]]}},{"type":"Feature","properties":{"name":"Sycamore Street","separation_level":"none","street_classification":"residential","maxspeed_int":20.0,"lanes_int":1.0},"geometry":{"type":"LineString","coordinates":[[-71.097925,42.393299],[-71.097892,42.393343],[-71.097546,42.393791]]}},{"type":"Feature","properties":{"name":"Sycamore Terrace","separation_level":"none","street_classification":"residential","maxspeed_int":25.0,"lanes_int":1.0},"geometry":{"type":"LineString","coordinates":[[-71.097925,42.393299],[-71.09799,42.393329],[-71.098389,42.3935]]}},{"type":"Feature","properties":{"name":"Tennyson Street","separation_level":"none","street_classification":"residential","maxspeed_int":20.0,"lanes_int":2.0},"geometry":{"type":"LineString","coordinates":[[-71.099073,42.393142],[-71.099095,42.393112],[-71.099205,42.392958],[-71.099472,42.392585],[-71.099916,42.392003],[-71.099942,42.391968],[-71.099999,42.391894]]}},{"type":"Feature","properties":{"name":"Forster Street","separation_level":"none","street_classification":"residential","maxspeed_int":20.0,"lanes_int":1.0},"geometry":{"type":"LineString","coordinates":[[-71.099073,42.393142],[-71.099809,42.393454],[-71.099887,42.393484]]}},{"type":"Feature","properties":{"name":"Sycamore Street","separation_level":"none","street_classification":"residential","maxspeed_int":20.0,"lanes_int":1.0},"geometry":{"type":"LineString","coordinates":[[-71.097546,42.393791],[-71.097335,42.394072]]}},{"type":"Feature","properties":{"name":"Medford Street","separation_level":"shared_lane","street_classification":"medium-capacity","maxspeed_int":30.0,"lanes_int":2.0},"geometry":{"type":"LineString","coordinates":[[-71.099999,42.391894],[-71.100439,42.392345],[-71.100463,42.39237],[-71.100582,42.392495]]}},{"type":"Feature","properties":{"name":"Medford Street","separation_level":"shared_lane","street_classification":"medium-capacity","maxspeed_int":30.0,"lanes_int":2.0},"geometry":{"type":"LineString","coordinates":[[-71.099999,42.391894],[-71.099507,42.391422],[-71.099473,42.39139],[-71.0994,42.391335]]}},{"type":"Feature","properties":{"name":"Central Street","separation_level":"shared_lane","street_classification":"medium-capacity","maxspeed_int":20.0,"lanes_int":2.0},"geometry":{"type":"LineString","coordinates":[[-71.099887,42.393484],[-71.099582,42.393911]]}},{"type":"Feature","properties":{"name":"Central Street","separation_level":"shared_lane","street_classification":"medium-capacity","maxspeed_int":20.0,"lanes_int":2.0},"geometry":{"type":"LineString","coordinates":[[-71.099887,42.393484],[-71.100511,42.392609],[-71.100542,42.392566],[-71.100582,42.392495]]}},{"type":"Feature","properties":{"name":"Saint James Avenue","separation_level":"none","street_classification":"residential","maxspeed_int":20.0,"lanes_int":2.0},"geometry":{"type":"LineString","coordinates":[[-71.11834,42.393163],[-71.118366,42.393117],[-71.11854,42.392835],[-71.119316,42.391961],[-71.119385,42.391883]]}},{"type":"Feature","properties":{"name":"Summer Street","separation_level":"none","street_classification":"medium-capacity","maxspeed_int":20.0,"lanes_int":1.0},"geometry":{"type":"LineString","coordinates":[[-71.11834,42.393163],[-71.117746,42.392925],[-71.117668,42.392896]]}},{"type":"Feature","properties":{"name":"Elm Street","separation_level":"track","street_classification":"medium-capacity","maxspeed_int":null,"lanes_int":2.0},"geometry":{"type":"LineString","coordinates":[[-71.119385,42.391883],[-71.1198,42.392323]]}},{"type":"Feature","properties":{"name":"Elm Street","separation_level":"track","street_classification":"medium-capacity","maxspeed_int":null,"lanes_int":2.0},"geometry":{"type":"LineString","coordinates":[[-71.119385,42.391883],[-71.119242,42.39173],[-71.11919,42.391678],[-71.119165,42.391654],[-71.11914,42.391629],[-71.119084,42.391576],[-71.118942,42.391454]]}},{"type":"Feature","properties":{"name":"Elm Street","separation_level":"track","street_classification":"medium-capacity","maxspeed_int":null,"lanes_int":2.0},"geometry":{"type":"LineString","coordinates":[[-71.1198,42.392323],[-71.120219,42.392779],[-71.120234,42.392797]]}},{"type":"Feature","properties":{"name":"Elston Street","separation_level":"none","street_classification":"residential","maxspeed_int":20.0,"lanes_int":2.0},"geometry":{"type":"LineString","coordinates":[[-71.1198,42.392323],[-71.119743,42.392411],[-71.119066,42.39339],[-71.119029,42.393444],[-71.119056,42.393455]]}},{"type":"Feature","properties":{"name":"Willow Avenue","separation_level":"lane","street_classification":"residential","maxspeed_int":20.0,"lanes_int":1.0},"geometry":{"type":"LineString","coordinates":[[-71.118942,42.391454],[-71.1188,42.391332],[-71.118728,42.39139],[-71.117706,42.392849],[-71.117668,42.392896]]}},{"type":"Feature","properties":{"name":"Hall Street","separation_level":"none","street_classification":"residential","maxspeed_int":20.0,"lanes_int":1.0},"geometry":{"type":"LineString","coordinates":[[-71.114665,42.391894],[-71.114608,42.391873],[-71.114154,42.391704],[-71.11327,42.391133],[-71.113247,42.391119],[-71.113194,42.391083],[-71.113225,42.391036]]}},{"type":"Feature","properties":{"name":"Cherry Street","separation_level":"none","street_classification":"medium-capacity","maxspeed_int":20.0,"lanes_int":2.0},"geometry":{"type":"LineString","coordinates":[[-71.114665,42.391894],[-71.11495,42.391474],[-71.11498,42.391429]]}},{"type":"Feature","properties":{"name":"Aberdeen Road","separation_level":"none","street_classification":"residential","maxspeed_int":20.0,"lanes_int":1.0},"geometry":{"type":"LineString","coordinates":[[-71.113558,42.392043],[-71.112961,42.391649],[-71.112934,42.391631],[-71.112842,42.391571]]}},{"type":"Feature","properties":{"name":"Cedar Street","separation_level":"lane","street_classification":"medium-capacity","maxspeed_int":20.0,"lanes_int":2.0},"geometry":{"type":"LineString","coordinates":[[-71.1124,42.392219],[-71.11236,42.392276],[-71.11224,42.392434]]}},{"type":"Feature","properties":{"name":"Cedar Street","separation_level":"track","street_classification":"medium-capacity","maxspeed_int":20.0,"lanes_int":1.0},"geometry":{"type":"LineString","coordinates":[[-71.1124,42.392219],[-71.112442,42.39216],[-71.112842,42.391571]]}},{"type":"Feature","properties":{"name":"Highland Avenue","separation_level":"none","street_classification":"medium-capacity","maxspeed_int":20.0,"lanes_int":2.0},"geometry":{"type":"LineString","coordinates":[[-71.1124,42.392219],[-71.112347,42.392194],[-71.112112,42.392089]]}},{"type":"Feature","properties":{"name":"Central Street","separation_level":"none","street_classification":"medium-capacity","maxspeed_int":null,"lanes_int":2.0},"geometry":{"type":"LineString","coordinates":[[-71.100582,42.392495],[-71.100646,42.392384],[-71.100703,42.392305],[-71.100953,42.391955],[-71.100975,42.391924]]}},{"type":"Feature","properties":{"name":"Ames Street","separation_level":"none","street_classification":"residential","maxspeed_int":20.0,"lanes_int":2.0},"geometry":{"type":"LineString","coordinates":[[-71.102705,42.392925],[-71.102668,42.392894],[-71.102203,42.392347]]}},{"type":"Feature","properties":{"name":"Bartlett Street","separation_level":"none","street_classification":"residential","maxspeed_int":20.0,"lanes_int":1.0},"geometry":{"type":"LineString","coordinates":[[-71.102705,42.392925],[-71.103307,42.392062],[-71.103351,42.391999]]}},{"type":"Feature","properties":{"name":"Ames Street","separation_level":"none","street_classification":"residential","maxspeed_int":20.0,"lanes_int":2.0},"geometry":{"type":"LineString","coordinates":[[-71.101184,42.392048],[-71.101361,42.3921],[-71.102203,42.392347]]}},{"type":"Feature","properties":{"name":"Robinson Street","separation_level":"none","street_classification":"residential","maxspeed_int":20.0,"lanes_int":2.0},"geometry":{"type":"LineString","coordinates":[[-71.101184,42.392048],[-71.101047,42.391967],[-71.100975,42.391924]]}},{"type":"Feature","properties":{"name":"Summer Street","separation_level":"none","street_classification":"medium-capacity","maxspeed_int":20.0,"lanes_int":1.0},"geometry":{"type":"LineString","coordinates":[[-71.11965,42.39369],[-71.119083,42.393465],[-71.119056,42.393455]]}},{"type":"Feature","properties":{"name":"Windom Street","separation_level":"none","street_classification":"residential","maxspeed_int":20.0,"lanes_int":2.0},"geometry":{"type":"LineString","coordinates":[[-71.11965,42.39369],[-71.119676,42.39365],[-71.120199,42.392887],[-71.120248,42.392815],[-71.120234,42.392797]]}},{"type":"Feature","properties":{"name":"Summer Street","separation_level":"none","street_classification":"medium-capacity","maxspeed_int":20.0,"lanes_int":1.0},"geometry":{"type":"LineString","coordinates":[[-71.119056,42.393455],[-71.119029,42.393444],[-71.118746,42.393332]]}},{"type":"Feature","properties":{"name":"Elm Street","separation_level":"track","street_classification":"medium-capacity","maxspeed_int":null,"lanes_int":2.0},"geometry":{"type":"LineString","coordinates":[[-71.120234,42.392797],[-71.120248,42.392815],[-71.120314,42.392893],[-71.120378,42.392974],[-71.120487,42.393159]]}},{"type":"Feature","properties":{"name":"Summer Street","separation_level":"none","street_classification":"medium-capacity","maxspeed_int":20.0,"lanes_int":1.0},"geometry":{"type":"LineString","coordinates":[[-71.118746,42.393332],[-71.11834,42.393163]]}},{"type":"Feature","properties":{"name":"Elm Street","separation_level":"track","street_classification":"medium-capacity","maxspeed_int":null,"lanes_int":2.0},"geometry":{"type":"LineString","coordinates":[[-71.120487,42.393159],[-71.120834,42.39372],[-71.120914,42.39376]]}},{"type":"Feature","properties":{"name":"Cutter Avenue","separation_level":"lane_buffered","street_classification":"medium-capacity","maxspeed_int":20.0,"lanes_int":1.0},"geometry":{"type":"LineString","coordinates":[[-71.120221,42.394471],[-71.120173,42.394514],[-71.119955,42.394715]]}},{"type":"Feature","properties":{"name":null,"separation_level":"none","street_classification":"residential","maxspeed_int":null,"lanes_int":null},"geometry":{"type":"LineString","coordinates":[[-71.120221,42.394471],[-71.120173,42.394514],[-71.120122,42.394483],[-71.119818,42.394295],[-71.11974,42.394184],[-71.119767,42.394095],[-71.11981,42.394037],[-71.119936,42.393876],[-71.119975,42.393825]]}},{"type":"Feature","properties":{"name":"Summer Street","separation_level":"none","street_classification":"medium-capacity","maxspeed_int":20.0,"lanes_int":1.0},"geometry":{"type":"LineString","coordinates":[[-71.119975,42.393825],[-71.11965,42.39369]]}},{"type":"Feature","properties":{"name":"Cutter Avenue","separation_level":"track","street_classification":"medium-capacity","maxspeed_int":null,"lanes_int":2.0},"geometry":{"type":"LineString","coordinates":[[-71.120914,42.39376],[-71.120899,42.393826],[-71.120833,42.39389],[-71.120623,42.394091],[-71.120625,42.3941]]}},{"type":"Feature","properties":{"name":"Cutter Avenue","separation_level":"lane_buffered","street_classification":"medium-capacity","maxspeed_int":20.0,"lanes_int":1.0},"geometry":{"type":"LineString","coordinates":[[-71.119955,42.394715],[-71.119483,42.395156]]}},{"type":"Feature","properties":{"name":"Hawthorne Street","separation_level":"none","street_classification":"residential","maxspeed_int":20.0,"lanes_int":1.0},"geometry":{"type":"LineString","coordinates":[[-71.119955,42.394715],[-71.11989,42.394671],[-71.119409,42.394482],[-71.119285,42.39443],[-71.119007,42.394318]]}},{"type":"Feature","properties":{"name":"Elm Street","separation_level":"track","street_classification":"medium-capacity","maxspeed_int":20.0,"lanes_int":2.0},"geometry":{"type":"LineString","coordinates":[[-71.11796,42.390566],[-71.117651,42.39027]]}},{"type":"Feature","properties":{"name":"Sycamore Street","separation_level":"none","street_classification":"residential","maxspeed_int":20.0,"lanes_int":1.0},"geometry":{"type":"LineString","coordinates":[[-71.097335,42.394072],[-71.097107,42.394376],[-71.097045,42.394458]]}},{"type":"Feature","properties":{"name":"Broadway","separation_level":"share_busway","street_classification":"medium-capacity","maxspeed_int":25.0,"lanes_int":3.0},"geometry":{"type":"LineString","coordinates":[[-71.097045,42.394458],[-71.096568,42.394217],[-71.096462,42.394159]]}},{"type":"Feature","properties":{"name":"Summer Street","separation_level":"lane","street_classification":"medium-capacity","maxspeed_int":20.0,"lanes_int":2.0},"geometry":{"type":"LineString","coordinates":[[-71.115743,42.391847],[-71.11498,42.391429]]}},{"type":"Feature","properties":{"name":"Hancock Street","separation_level":"lane","street_classification":"residential","maxspeed_int":20.0,"lanes_int":1.0},"geometry":{"type":"LineString","coordinates":[[-71.115743,42.391847],[-71.115696,42.391917],[-71.115678,42.391944],[-71.115642,42.391997],[-71.115444,42.392316]]}},{"type":"Feature","properties":{"name":"Hancock Street","separation_level":"no","street_classification":"residential","maxspeed_int":20.0,"lanes_int":1.0},"geometry":{"type":"LineString","coordinates":[[-71.115743,42.391847],[-71.115787,42.391783],[-71.1158,42.391763],[-71.115834,42.391712],[-71.117064,42.389934],[-71.117093,42.389898],[-71.117108,42.389877],[-71.117164,42.389801],[-71.117084,42.389721]]}},{"type":"Feature","properties":{"name":"Cherry Street","separation_level":"none","street_classification":"residential","maxspeed_int":20.0,"lanes_int":1.0},"geometry":{"type":"LineString","coordinates":[[-71.11498,42.391429],[-71.115015,42.391375],[-71.115438,42.390722]]}},{"type":"Feature","properties":{"name":"Summer Street","separation_level":"lane","street_classification":"medium-capacity","maxspeed_int":20.0,"lanes_int":2.0},"geometry":{"type":"LineString","coordinates":[[-71.11498,42.391429],[-71.114927,42.391392],[-71.114198,42.390882]]}},{"type":"Feature","properties":{"name":"Elm Street","separation_level":"track","street_classification":"medium-capacity","maxspeed_int":20.0,"lanes_int":2.0},"geometry":{"type":"LineString","coordinates":[[-71.117084,42.389721],[-71.117164,42.389801],[-71.117458,42.390084]]}},{"type":"Feature","properties":{"name":"Elm Street","separation_level":"track","street_classification":"medium-capacity","maxspeed_int":20.0,"lanes_int":2.0},"geometry":{"type":"LineString","coordinates":[[-71.117084,42.389721],[-71.117003,42.389639],[-71.116946,42.389584],[-71.116702,42.389331],[-71.116739,42.389273]]}},{"type":"Feature","properties":{"name":"Cherry Street","separation_level":"none","street_classification":"residential","maxspeed_int":20.0,"lanes_int":1.0},"geometry":{"type":"LineString","coordinates":[[-71.115438,42.390722],[-71.115943,42.389939]]}},{"type":"Feature","properties":{"name":"Summer Street","separation_level":"lane","street_classification":"medium-capacity","maxspeed_int":20.0,"lanes_int":2.0},"geometry":{"type":"LineString","coordinates":[[-71.114198,42.390882],[-71.11367,42.390517],[-71.113616,42.390481]]}},{"type":"Feature","properties":{"name":"Elm Street","separation_level":"track","street_classification":"medium-capacity","maxspeed_int":20.0,"lanes_int":2.0},"geometry":{"type":"LineString","coordinates":[[-71.117651,42.39027],[-71.117595,42.390217],[-71.117458,42.390084]]}},{"type":"Feature","properties":{"name":null,"separation_level":"none","street_classification":"residential","maxspeed_int":null,"lanes_int":null},"geometry":{"type":"LineString","coordinates":[[-71.116739,42.389273],[-71.116871,42.38925],[-71.116982,42.389249],[-71.117404,42.389077],[-71.117353,42.389012],[-71.116929,42.389189],[-71.116871,42.38925]]}},{"type":"Feature","properties":{"name":null,"separation_level":"none","street_classification":"residential","maxspeed_int":null,"lanes_int":null},"geometry":{"type":"LineString","coordinates":[[-71.116739,42.389273],[-71.116871,42.38925],[-71.116929,42.389189],[-71.117353,42.389012],[-71.117404,42.389077],[-71.116982,42.389249],[-71.116871,42.38925]]}},{"type":"Feature","properties":{"name":"Sycamore Street","separation_level":"none","street_classification":"residential","maxspeed_int":20.0,"lanes_int":1.0},"geometry":{"type":"LineString","coordinates":[[-71.0994,42.391335],[-71.099347,42.391398],[-71.099214,42.391575],[-71.099181,42.391619],[-71.099023,42.391828],[-71.098719,42.392225],[-71.098662,42.392299],[-71.09861,42.39237]]}},{"type":"Feature","properties":{"name":"Medford Street","separation_level":"shared_lane","street_classification":"medium-capacity","maxspeed_int":30.0,"lanes_int":2.0},"geometry":{"type":"LineString","coordinates":[[-71.0994,42.391335],[-71.099335,42.39127],[-71.099287,42.391218],[-71.099216,42.39114],[-71.099084,42.391012],[-71.099021,42.390951]]}},{"type":"Feature","properties":{"name":"Sycamore Street","separation_level":"none","street_classification":"residential","maxspeed_int":20.0,"lanes_int":1.0},"geometry":{"type":"LineString","coordinates":[[-71.09861,42.39237],[-71.098557,42.392441],[-71.098301,42.39281]]}},{"type":"Feature","properties":{"name":"Evergreen Avenue","separation_level":"none","street_classification":"residential","maxspeed_int":20.0,"lanes_int":2.0},"geometry":{"type":"LineString","coordinates":[[-71.09861,42.39237],[-71.098557,42.392441],[-71.0985,42.39242],[-71.098476,42.392411],[-71.097462,42.392036],[-71.097374,42.392019]]}},{"type":"Feature","properties":{"name":"Lee Street","separation_level":"none","street_classification":"residential","maxspeed_int":20.0,"lanes_int":2.0},"geometry":{"type":"LineString","coordinates":[[-71.099021,42.390951],[-71.098957,42.390889],[-71.098999,42.39083],[-71.099027,42.39079],[-71.09922,42.390519],[-71.099392,42.390278],[-71.099678,42.389882],[-71.099719,42.389825]]}},{"type":"Feature","properties":{"name":"Medford Street","separation_level":"shared_lane","street_classification":"medium-capacity","maxspeed_int":30.0,"lanes_int":2.0},"geometry":{"type":"LineString","coordinates":[[-71.099021,42.390951],[-71.098957,42.390889],[-71.098549,42.390485],[-71.098482,42.390421]]}},{"type":"Feature","properties":{"name":null,"separation_level":"none","street_classification":"residential","maxspeed_int":null,"lanes_int":null},"geometry":{"type":"LineString","coordinates":[[-71.099021,42.390951],[-71.098957,42.390889],[-71.098901,42.390961],[-71.098623,42.391322],[-71.098077,42.391114],[-71.098017,42.391092]]}},{"type":"Feature","properties":{"name":"Thurston Street","separation_level":"none","street_classification":"residential","maxspeed_int":20.0,"lanes_int":1.0},"geometry":{"type":"LineString","coordinates":[[-71.097374,42.392019],[-71.097434,42.391934],[-71.098017,42.391092]]}},{"type":"Feature","properties":{"name":"Evergreen Avenue","separation_level":"none","street_classification":"residential","maxspeed_int":20.0,"lanes_int":2.0},"geometry":{"type":"LineString","coordinates":[[-71.097374,42.392019],[-71.097273,42.392026],[-71.097236,42.392014],[-71.096616,42.391776],[-71.096519,42.391734]]}},{"type":"Feature","properties":{"name":"Richdale Avenue","separation_level":"none","street_classification":"residential","maxspeed_int":20.0,"lanes_int":1.0},"geometry":{"type":"LineString","coordinates":[[-71.099719,42.389825],[-71.099976,42.389957],[-71.10023,42.390068],[-71.100302,42.390099]]}},{"type":"Feature","properties":{"name":"Medford Street","separation_level":"shared_lane","street_classification":"medium-capacity","maxspeed_int":30.0,"lanes_int":2.0},"geometry":{"type":"LineString","coordinates":[[-71.098482,42.390421],[-71.097986,42.389946],[-71.097926,42.38989]]}},{"type":"Feature","properties":{"name":"Thurston Street","separation_level":"none","street_classification":"residential","maxspeed_int":20.0,"lanes_int":2.0},"geometry":{"type":"LineString","coordinates":[[-71.098482,42.390421],[-71.098526,42.390359],[-71.099051,42.389607],[-71.099095,42.389545]]}},{"type":"Feature","properties":{"name":"Thurston Street","separation_level":"none","street_classification":"residential","maxspeed_int":20.0,"lanes_int":1.0},"geometry":{"type":"LineString","coordinates":[[-71.098017,42.391092],[-71.098047,42.391048],[-71.098432,42.390493],[-71.098482,42.390421]]}},{"type":"Feature","properties":{"name":"Sycamore Street","separation_level":"none","street_classification":"residential","maxspeed_int":20.0,"lanes_int":1.0},"geometry":{"type":"LineString","coordinates":[[-71.100302,42.390099],[-71.100021,42.390491]]}},{"type":"Feature","properties":{"name":"Essex Street","separation_level":"none","street_classification":"residential","maxspeed_int":20.0,"lanes_int":2.0},"geometry":{"type":"LineString","coordinates":[[-71.097926,42.38989],[-71.097986,42.389946],[-71.098029,42.389884],[-71.098081,42.389811],[-71.098244,42.389574],[-71.098423,42.389316],[-71.098464,42.38926]]}},{"type":"Feature","properties":{"name":"Medford Street","separation_level":"shared_lane","street_classification":"medium-capacity","maxspeed_int":30.0,"lanes_int":2.0},"geometry":{"type":"LineString","coordinates":[[-71.097926,42.38989],[-71.097867,42.389833],[-71.097207,42.389192],[-71.097152,42.389143],[-71.097119,42.389054]]}},{"type":"Feature","properties":{"name":"Dartmouth Street","separation_level":"none","street_classification":"residential","maxspeed_int":20.0,"lanes_int":1.0},"geometry":{"type":"LineString","coordinates":[[-71.097926,42.38989],[-71.097867,42.389833],[-71.09782,42.389892],[-71.097778,42.389946],[-71.097483,42.390345],[-71.097092,42.39091],[-71.096808,42.391321],[-71.096548,42.391688],[-71.096519,42.391734]]}},{"type":"Feature","properties":{"name":"Richdale Avenue","separation_level":"none","street_classification":"residential","maxspeed_int":20.0,"lanes_int":1.0},"geometry":{"type":"LineString","coordinates":[[-71.099095,42.389545],[-71.099226,42.389604],[-71.099719,42.389825]]}},{"type":"Feature","properties":{"name":"Highland Avenue","separation_level":"none","street_classification":"medium-capacity","maxspeed_int":20.0,"lanes_int":2.0},"geometry":{"type":"LineString","coordinates":[[-71.111638,42.391876],[-71.111216,42.391686]]}},{"type":"Feature","properties":{"name":"Highland Avenue","separation_level":"none","street_classification":"medium-capacity","maxspeed_int":20.0,"lanes_int":2.0},"geometry":{"type":"LineString","coordinates":[[-71.111638,42.391876],[-71.112112,42.392089]]}},{"type":"Feature","properties":{"name":"Highland Avenue","separation_level":"none","street_classification":"medium-capacity","maxspeed_int":20.0,"lanes_int":2.0},"geometry":{"type":"LineString","coordinates":[[-71.111216,42.391686],[-71.111135,42.39165],[-71.110892,42.391541]]}},{"type":"Feature","properties":{"name":"Highland Avenue","separation_level":"none","street_classification":"medium-capacity","maxspeed_int":20.0,"lanes_int":2.0},"geometry":{"type":"LineString","coordinates":[[-71.110892,42.391541],[-71.110571,42.391396],[-71.110194,42.391226]]}},{"type":"Feature","properties":{"name":"Central Street","separation_level":"none","street_classification":"medium-capacity","maxspeed_int":20.0,"lanes_int":2.0},"geometry":{"type":"LineString","coordinates":[[-71.100975,42.391924],[-71.101042,42.391823],[-71.101173,42.391626],[-71.101395,42.391308],[-71.101506,42.391148]]}},{"type":"Feature","properties":{"name":"Central Street","separation_level":"shared_lane","street_classification":"medium-capacity","maxspeed_int":20.0,"lanes_int":2.0},"geometry":{"type":"LineString","coordinates":[[-71.099582,42.393911],[-71.099043,42.394695]]}},{"type":"Feature","properties":{"name":"Browning Road","separation_level":"none","street_classification":"residential","maxspeed_int":20.0,"lanes_int":1.0},"geometry":{"type":"LineString","coordinates":[[-71.099582,42.393911],[-71.099523,42.393891],[-71.099012,42.393665],[-71.098538,42.394204],[-71.097613,42.393819],[-71.097546,42.393791]]}},{"type":"Feature","properties":{"name":"Vernon Street","separation_level":"none","street_classification":"residential","maxspeed_int":20.0,"lanes_int":2.0},"geometry":{"type":"LineString","coordinates":[[-71.101506,42.391148],[-71.101616,42.391175],[-71.101883,42.391288],[-71.102103,42.391396]]}},{"type":"Feature","properties":{"name":"Pembroke Street","separation_level":"none","street_classification":"residential","maxspeed_int":20.0,"lanes_int":1.0},"geometry":{"type":"LineString","coordinates":[[-71.101506,42.391148],[-71.10143,42.391112],[-71.100823,42.390826],[-71.100732,42.390782]]}},{"type":"Feature","properties":{"name":"Central Street","separation_level":"none","street_classification":"medium-capacity","maxspeed_int":20.0,"lanes_int":2.0},"geometry":{"type":"LineString","coordinates":[[-71.101506,42.391148],[-71.101561,42.391072],[-71.101733,42.39083],[-71.101864,42.390646],[-71.101941,42.390538]]}},{"type":"Feature","properties":{"name":"Cedar Street","separation_level":"track","street_classification":"medium-capacity","maxspeed_int":20.0,"lanes_int":1.0},"geometry":{"type":"LineString","coordinates":[[-71.112842,42.391571],[-71.113194,42.391083],[-71.113225,42.391036]]}},{"type":"Feature","properties":{"name":"Cedar Street","separation_level":"track","street_classification":"medium-capacity","maxspeed_int":20.0,"lanes_int":1.0},"geometry":{"type":"LineString","coordinates":[[-71.113225,42.391036],[-71.113257,42.39099],[-71.11358,42.390532],[-71.113616,42.390481]]}},{"type":"Feature","properties":{"name":"Blakeley Avenue","separation_level":"none","street_classification":"residential","maxspeed_int":20.0,"lanes_int":2.0},"geometry":{"type":"LineString","coordinates":[[-71.086195,42.39073],[-71.086212,42.390579],[-71.085598,42.390223],[-71.085542,42.390189],[-71.085394,42.390307]]}},{"type":"Feature","properties":{"name":null,"separation_level":"none","street_classification":"residential","maxspeed_int":null,"lanes_int":null},"geometry":{"type":"LineString","coordinates":[[-71.086195,42.39073],[-71.086066,42.390891],[-71.086014,42.390862],[-71.08524,42.390422],[-71.085394,42.390307]]}},{"type":"Feature","properties":{"name":null,"separation_level":"none","street_classification":"residential","maxspeed_int":null,"lanes_int":null},"geometry":{"type":"LineString","coordinates":[[-71.086195,42.39073],[-71.086205,42.390756],[-71.08615,42.390725],[-71.085403,42.390308],[-71.085394,42.390307]]}},{"type":"Feature","properties":{"name":"Blakeley Avenue","separation_level":"none","street_classification":"residential","maxspeed_int":20.0,"lanes_int":2.0},"geometry":{"type":"LineString","coordinates":[[-71.086195,42.39073],[-71.086326,42.390677],[-71.086467,42.390723],[-71.086654,42.390826],[-71.086717,42.390763]]}},{"type":"Feature","properties":{"name":null,"separation_level":"none","street_classification":"residential","maxspeed_int":null,"lanes_int":null},"geometry":{"type":"LineString","coordinates":[[-71.086195,42.39073],[-71.086066,42.390891],[-71.085982,42.390971],[-71.085926,42.390985],[-71.08589,42.390982],[-71.085869,42.390981],[-71.085813,42.390959],[-71.085606,42.390838],[-71.085476,42.390963]]}},{"type":"Feature","properties":{"name":"Garfield Avenue","separation_level":"none","street_classification":"residential","maxspeed_int":20.0,"lanes_int":2.0},"geometry":{"type":"LineString","coordinates":[[-71.085394,42.390307],[-71.085542,42.390189],[-71.085591,42.390155],[-71.085899,42.389853],[-71.085973,42.389782]]}},{"type":"Feature","properties":{"name":"Blakeley Avenue","separation_level":"none","street_classification":"residential","maxspeed_int":20.0,"lanes_int":2.0},"geometry":{"type":"LineString","coordinates":[[-71.085394,42.390307],[-71.085542,42.390189],[-71.085457,42.390143],[-71.084978,42.389874],[-71.084917,42.389842],[-71.084862,42.389812]]}},{"type":"Feature","properties":{"name":"Garfield Avenue","separation_level":"none","street_classification":"residential","maxspeed_int":null,"lanes_int":null},"geometry":{"type":"LineString","coordinates":[[-71.085394,42.390307],[-71.08524,42.390422],[-71.085176,42.390424],[-71.08513,42.390424],[-71.08508,42.390438],[-71.085036,42.390472],[-71.085012,42.390496],[-71.08488,42.390622]]}},{"type":"Feature","properties":{"name":"Blakeley Avenue","separation_level":"none","street_classification":"residential","maxspeed_int":20.0,"lanes_int":2.0},"geometry":{"type":"LineString","coordinates":[[-71.086717,42.390763],[-71.086654,42.390826],[-71.086739,42.390872],[-71.086766,42.390887],[-71.086898,42.39096],[-71.086981,42.390931]]}},{"type":"Feature","properties":{"name":null,"separation_level":"none","street_classification":"residential","maxspeed_int":null,"lanes_int":null},"geometry":{"type":"LineString","coordinates":[[-71.086717,42.390763],[-71.086779,42.390699],[-71.086906,42.390769],[-71.087027,42.390829],[-71.086981,42.390931]]}},{"type":"Feature","properties":{"name":null,"separation_level":"none","street_classification":"residential","maxspeed_int":null,"lanes_int":null},"geometry":{"type":"LineString","coordinates":[[-71.086717,42.390763],[-71.086779,42.390699],[-71.086765,42.390644],[-71.086962,42.390455]]}},{"type":"Feature","properties":{"name":null,"separation_level":"none","street_classification":"residential","maxspeed_int":null,"lanes_int":null},"geometry":{"type":"LineString","coordinates":[[-71.085476,42.390963],[-71.085606,42.390838],[-71.085012,42.390496],[-71.08488,42.390622]]}},{"type":"Feature","properties":{"name":null,"separation_level":"none","street_classification":"residential","maxspeed_int":null,"lanes_int":null},"geometry":{"type":"LineString","coordinates":[[-71.085476,42.390963],[-71.085344,42.391088],[-71.084747,42.39075],[-71.08488,42.390622]]}},{"type":"Feature","properties":{"name":null,"separation_level":"none","street_classification":"residential","maxspeed_int":null,"lanes_int":null},"geometry":{"type":"LineString","coordinates":[[-71.085476,42.390963],[-71.085478,42.39096],[-71.084882,42.39062],[-71.08488,42.390622]]}},{"type":"Feature","properties":{"name":null,"separation_level":"none","street_classification":"residential","maxspeed_int":null,"lanes_int":null},"geometry":{"type":"LineString","coordinates":[[-71.085476,42.390963],[-71.085344,42.391088],[-71.085293,42.391139],[-71.085272,42.391183],[-71.085255,42.39122],[-71.085204,42.391268],[-71.085136,42.391334]]}},{"type":"Feature","properties":{"name":"Garfield Avenue","separation_level":"none","street_classification":"residential","maxspeed_int":20.0,"lanes_int":2.0},"geometry":{"type":"LineString","coordinates":[[-71.085973,42.389782],[-71.086046,42.389712],[-71.086136,42.389624],[-71.086589,42.389181],[-71.08661,42.389161],[-71.08667,42.38909],[-71.086797,42.38905]]}},{"type":"Feature","properties":{"name":"Cross Street East","separation_level":"none","street_classification":"residential","maxspeed_int":20.0,"lanes_int":2.0},"geometry":{"type":"LineString","coordinates":[[-71.084862,42.389812],[-71.084618,42.390044]]}},{"type":"Feature","properties":{"name":"Cross Street East","separation_level":"none","street_classification":"residential","maxspeed_int":20.0,"lanes_int":2.0},"geometry":{"type":"LineString","coordinates":[[-71.084862,42.389812],[-71.085837,42.388847],[-71.085857,42.388828],[-71.085927,42.388737],[-71.085955,42.388691]]}},{"type":"Feature","properties":{"name":"Garfield Avenue","separation_level":"none","street_classification":"residential","maxspeed_int":null,"lanes_int":null},"geometry":{"type":"LineString","coordinates":[[-71.08488,42.390622],[-71.084747,42.39075],[-71.084654,42.390839],[-71.084581,42.390909],[-71.08455,42.391035]]}},{"type":"Feature","properties":{"name":"Porter Street","separation_level":"none","street_classification":"residential","maxspeed_int":20.0,"lanes_int":2.0},"geometry":{"type":"LineString","coordinates":[[-71.111131,42.389918],[-71.110997,42.390109]]}},{"type":"Feature","properties":{"name":"Porter Street","separation_level":"none","street_classification":"residential","maxspeed_int":20.0,"lanes_int":2.0},"geometry":{"type":"LineString","coordinates":[[-71.111131,42.389918],[-71.111249,42.389756],[-71.111302,42.389678]]}},{"type":"Feature","properties":{"name":"Crown Street","separation_level":"none","street_classification":"residential","maxspeed_int":20.0,"lanes_int":2.0},"geometry":{"type":"LineString","coordinates":[[-71.111131,42.389918],[-71.111075,42.389887],[-71.11057,42.389572],[-71.110353,42.389451],[-71.110283,42.389408]]}},{"type":"Feature","properties":{"name":"Porter Street","separation_level":"none","street_classification":"residential","maxspeed_int":20.0,"lanes_int":2.0},"geometry":{"type":"LineString","coordinates":[[-71.110997,42.390109],[-71.110705,42.390515]]}},{"type":"Feature","properties":{"name":"Porter Street","separation_level":"none","street_classification":"residential","maxspeed_int":20.0,"lanes_int":2.0},"geometry":{"type":"LineString","coordinates":[[-71.111302,42.389678],[-71.111355,42.3896],[-71.11163,42.38921],[-71.111679,42.389141]]}},{"type":"Feature","properties":{"name":"Brastow Avenue","separation_level":"none","street_classification":"residential","maxspeed_int":20.0,"lanes_int":2.0},"geometry":{"type":"LineString","coordinates":[[-71.111302,42.389678],[-71.111355,42.3896],[-71.111285,42.389565],[-71.110656,42.389178],[-71.109775,42.388648],[-71.109306,42.388382],[-71.109259,42.388355]]}},{"type":"Feature","properties":{"name":"Crocker Street","separation_level":"none","street_classification":"residential","maxspeed_int":20.0,"lanes_int":1.0},"geometry":{"type":"LineString","coordinates":[[-71.110283,42.389408],[-71.110353,42.389451],[-71.110328,42.389489],[-71.109453,42.390808],[-71.10941,42.390872],[-71.109244,42.390797]]}},{"type":"Feature","properties":{"name":"Crown Street","separation_level":"none","street_classification":"residential","maxspeed_int":20.0,"lanes_int":2.0},"geometry":{"type":"LineString","coordinates":[[-71.110283,42.389408],[-71.110213,42.389366],[-71.109761,42.38909],[-71.109738,42.389076]]}},{"type":"Feature","properties":{"name":null,"separation_level":"none","street_classification":"residential","maxspeed_int":null,"lanes_int":null},"geometry":{"type":"LineString","coordinates":[[-71.110283,42.389408],[-71.110213,42.389366],[-71.110231,42.389349],[-71.11038,42.389216],[-71.109928,42.388941],[-71.109774,42.389078],[-71.109761,42.38909],[-71.109738,42.389076]]}},{"type":"Feature","properties":{"name":"Porter Street","separation_level":"none","street_classification":"residential","maxspeed_int":20.0,"lanes_int":2.0},"geometry":{"type":"LineString","coordinates":[[-71.110705,42.390515],[-71.110255,42.391142],[-71.110242,42.39116],[-71.110194,42.391226]]}},{"type":"Feature","properties":{"name":"Francis Street","separation_level":"none","street_classification":"residential","maxspeed_int":20.0,"lanes_int":2.0},"geometry":{"type":"LineString","coordinates":[[-71.110705,42.390515],[-71.110782,42.390544],[-71.111345,42.390758],[-71.111411,42.390784]]}},{"type":"Feature","properties":{"name":"Summer Street","separation_level":"lane","street_classification":"medium-capacity","maxspeed_int":20.0,"lanes_int":2.0},"geometry":{"type":"LineString","coordinates":[[-71.111679,42.389141],[-71.11268,42.389826]]}},{"type":"Feature","properties":{"name":"Porter Street","separation_level":"none","street_classification":"residential","maxspeed_int":20.0,"lanes_int":2.0},"geometry":{"type":"LineString","coordinates":[[-71.111679,42.389141],[-71.111714,42.38909],[-71.111733,42.389063],[-71.112012,42.388665]]}},{"type":"Feature","properties":{"name":"Summer Street","separation_level":"lane","street_classification":"medium-capacity","maxspeed_int":20.0,"lanes_int":2.0},"geometry":{"type":"LineString","coordinates":[[-71.111679,42.389141],[-71.111608,42.389091],[-71.111202,42.388804],[-71.110626,42.388434]]}},{"type":"Feature","properties":{"name":"Lowell Street","separation_level":"none","street_classification":"medium-capacity","maxspeed_int":20.0,"lanes_int":2.0},"geometry":{"type":"LineString","coordinates":[[-71.109259,42.388355],[-71.109072,42.388624],[-71.109046,42.388662]]}},{"type":"Feature","properties":{"name":"Highland Avenue","separation_level":"none","street_classification":"medium-capacity","maxspeed_int":20.0,"lanes_int":2.0},"geometry":{"type":"LineString","coordinates":[[-71.109244,42.390797],[-71.10941,42.390872],[-71.110194,42.391226]]}},{"type":"Feature","properties":{"name":"Highland Avenue","separation_level":"none","street_classification":"medium-capacity","maxspeed_int":20.0,"lanes_int":2.0},"geometry":{"type":"LineString","coordinates":[[-71.109244,42.390797],[-71.109079,42.390722],[-71.108692,42.390548]]}},{"type":"Feature","properties":{"name":"Crown Street","separation_level":"none","street_classification":"residential","maxspeed_int":20.0,"lanes_int":2.0},"geometry":{"type":"LineString","coordinates":[[-71.109738,42.389076],[-71.109715,42.389062],[-71.109116,42.388704],[-71.109046,42.388662]]}},{"type":"Feature","properties":{"name":"Tower Street","separation_level":"none","street_classification":"residential","maxspeed_int":20.0,"lanes_int":2.0},"geometry":{"type":"LineString","coordinates":[[-71.109738,42.389076],[-71.109715,42.389062],[-71.109687,42.389103],[-71.10935,42.389592],[-71.109424,42.389618]]}},{"type":"Feature","properties":{"name":"Broadway","separation_level":"shared_lane","street_classification":"medium-capacity","maxspeed_int":25.0,"lanes_int":4.0},"geometry":{"type":"LineString","coordinates":[[-71.087402,42.389427],[-71.087764,42.389597]]}},{"type":"Feature","properties":{"name":"Kensington Avenue","separation_level":"none","street_classification":"residential","maxspeed_int":20.0,"lanes_int":1.0},"geometry":{"type":"LineString","coordinates":[[-71.087402,42.389427],[-71.087307,42.389522],[-71.086295,42.390498],[-71.086212,42.390579],[-71.086195,42.39073]]}},{"type":"Feature","properties":{"name":null,"separation_level":"shared_lane","street_classification":"motorway","maxspeed_int":null,"lanes_int":1.0},"geometry":{"type":"LineString","coordinates":[[-71.087764,42.389597],[-71.087822,42.389669],[-71.087844,42.389702],[-71.087875,42.389761],[-71.087889,42.38981],[-71.087891,42.389855],[-71.087882,42.389975]]}},{"type":"Feature","properties":{"name":"Broadway","separation_level":"shared_lane","street_classification":"medium-capacity","maxspeed_int":25.0,"lanes_int":3.0},"geometry":{"type":"LineString","coordinates":[[-71.087764,42.389597],[-71.087938,42.38968],[-71.087977,42.389698],[-71.088099,42.389759],[-71.088243,42.389731]]}},{"type":"Feature","properties":{"name":"McGrath Highway","separation_level":"none","street_classification":"motorway","maxspeed_int":40.0,"lanes_int":3.0},"geometry":{"type":"LineString","coordinates":[[-71.087882,42.389975],[-71.087531,42.390325],[-71.087376,42.390479],[-71.087313,42.390542]]}},{"type":"Feature","properties":{"name":"McGrath Highway","separation_level":"none","street_classification":"motorway","maxspeed_int":40.0,"lanes_int":2.0},"geometry":{"type":"LineString","coordinates":[[-71.088243,42.389731],[-71.088099,42.389759],[-71.088045,42.389812],[-71.087882,42.389975]]}},{"type":"Feature","properties":{"name":"Broadway","separation_level":"track","street_classification":"medium-capacity","maxspeed_int":25.0,"lanes_int":2.0},"geometry":{"type":"LineString","coordinates":[[-71.088243,42.389731],[-71.088261,42.38983],[-71.088447,42.389913],[-71.088522,42.389946]]}},{"type":"Feature","properties":{"name":"McGrath Highway","separation_level":"track","street_classification":"motorway","maxspeed_int":40.0,"lanes_int":2.0},"geometry":{"type":"LineString","coordinates":[[-71.088243,42.389731],[-71.088385,42.389706],[-71.088483,42.389609],[-71.088596,42.389494],[-71.088704,42.389474]]}},{"type":"Feature","properties":{"name":"Broadway","separation_level":"shared_lane","street_classification":"medium-capacity","maxspeed_int":25.0,"lanes_int":2.0},"geometry":{"type":"LineString","coordinates":[[-71.088243,42.389731],[-71.088228,42.38963],[-71.088087,42.389562],[-71.088036,42.389539],[-71.087805,42.38944]]}},{"type":"Feature","properties":{"name":null,"separation_level":"none","street_classification":"dedicated_path","maxspeed_int":null,"lanes_int":null},"geometry":{"type":"LineString","coordinates":[[-71.110194,42.391226],[-71.110152,42.391278],[-71.11002,42.391443],[-71.110016,42.391509],[-71.109869,42.391707],[-71.109846,42.391738]]}},{"type":"Feature","properties":{"name":"Hudson Street","separation_level":"none","street_classification":"residential","maxspeed_int":20.0,"lanes_int":1.0},"geometry":{"type":"LineString","coordinates":[[-71.109846,42.391738],[-71.109768,42.391697],[-71.10766,42.390855],[-71.107628,42.390842],[-71.107538,42.390807]]}},{"type":"Feature","properties":{"name":"Tower Street","separation_level":"none","street_classification":"residential","maxspeed_int":20.0,"lanes_int":2.0},"geometry":{"type":"LineString","coordinates":[[-71.108692,42.390548],[-71.108736,42.390486],[-71.109184,42.389832],[-71.10935,42.389592],[-71.109424,42.389618]]}},{"type":"Feature","properties":{"name":"Highland Avenue","separation_level":"none","street_classification":"medium-capacity","maxspeed_int":20.0,"lanes_int":2.0},"geometry":{"type":"LineString","coordinates":[[-71.108692,42.390548],[-71.108039,42.390253],[-71.108011,42.39024],[-71.10796,42.390217]]}},{"type":"Feature","properties":{"name":"Conwell Street","separation_level":"none","street_classification":"residential","maxspeed_int":20.0,"lanes_int":1.0},"geometry":{"type":"LineString","coordinates":[[-71.111411,42.390784],[-71.110938,42.391474],[-71.110892,42.391541]]}},{"type":"Feature","properties":{"name":"Hudson Street","separation_level":"none","street_classification":"residential","maxspeed_int":20.0,"lanes_int":1.0},"geometry":{"type":"LineString","coordinates":[[-71.107538,42.390807],[-71.107458,42.390781],[-71.106432,42.390441],[-71.105647,42.390188],[-71.10553,42.390149],[-71.105505,42.390141],[-71.104708,42.389875]]}},{"type":"Feature","properties":{"name":"Lowell Street","separation_level":"none","street_classification":"medium-capacity","maxspeed_int":25.0,"lanes_int":2.0},"geometry":{"type":"LineString","coordinates":[[-71.107538,42.390807],[-71.107325,42.391117],[-71.107187,42.391316],[-71.107137,42.391383]]}},{"type":"Feature","properties":{"name":"Lowell Street","separation_level":"none","street_classification":"medium-capacity","maxspeed_int":25.0,"lanes_int":2.0},"geometry":{"type":"LineString","coordinates":[[-71.107538,42.390807],[-71.107908,42.390292],[-71.107921,42.390274],[-71.10796,42.390217]]}},{"type":"Feature","properties":{"name":"Evergreen Avenue","separation_level":"none","street_classification":"residential","maxspeed_int":20.0,"lanes_int":2.0},"geometry":{"type":"LineString","coordinates":[[-71.096519,42.391734],[-71.096458,42.39171],[-71.095784,42.391446],[-71.095663,42.391399]]}},{"type":"Feature","properties":{"name":"Dartmouth Street","separation_level":"none","street_classification":"residential","maxspeed_int":20.0,"lanes_int":1.0},"geometry":{"type":"LineString","coordinates":[[-71.096519,42.391734],[-71.096477,42.391801],[-71.096358,42.391996],[-71.096049,42.392417],[-71.095802,42.392793],[-71.095477,42.393248],[-71.095319,42.393478],[-71.095266,42.393537],[-71.095244,42.393612]]}},{"type":"Feature","properties":{"name":"Evergreen Avenue","separation_level":"none","street_classification":"residential","maxspeed_int":20.0,"lanes_int":1.0},"geometry":{"type":"LineString","coordinates":[[-71.095663,42.391399],[-71.095573,42.391367],[-71.094154,42.390867],[-71.094051,42.390829]]}},{"type":"Feature","properties":{"name":"School Street","separation_level":"shared_lane","street_classification":"medium-capacity","maxspeed_int":20.0,"lanes_int":2.0},"geometry":{"type":"LineString","coordinates":[[-71.095663,42.391399],[-71.095612,42.391473],[-71.09524,42.392014]]}},{"type":"Feature","properties":{"name":"School Street","separation_level":"shared_lane","street_classification":"medium-capacity","maxspeed_int":20.0,"lanes_int":2.0},"geometry":{"type":"LineString","coordinates":[[-71.095663,42.391399],[-71.095685,42.391365],[-71.096081,42.390762]]}},{"type":"Feature","properties":{"name":"Broadway","separation_level":"share_busway","street_classification":"medium-capacity","maxspeed_int":25.0,"lanes_int":2.0},"geometry":{"type":"LineString","coordinates":[[-71.095244,42.393612],[-71.095266,42.393537],[-71.094594,42.393185],[-71.09451,42.39314],[-71.094649,42.393398]]}},{"type":"Feature","properties":{"name":null,"separation_level":"none","street_classification":"residential","maxspeed_int":null,"lanes_int":null},"geometry":{"type":"LineString","coordinates":[[-71.095244,42.393612],[-71.095172,42.39362],[-71.095136,42.393653],[-71.095116,42.393673],[-71.095091,42.393699],[-71.094992,42.393703],[-71.094903,42.393682],[-71.09484,42.393651],[-71.094649,42.393398]]}},{"type":"Feature","properties":{"name":"Broadway","separation_level":"track","street_classification":"medium-capacity","maxspeed_int":25.0,"lanes_int":3.0},"geometry":{"type":"LineString","coordinates":[[-71.095244,42.393612],[-71.095287,42.393679],[-71.095468,42.393772],[-71.095666,42.393858],[-71.095937,42.394001],[-71.096,42.394043],[-71.09602,42.393991]]}},{"type":"Feature","properties":{"name":"Highland Avenue","separation_level":"none","street_classification":"medium-capacity","maxspeed_int":20.0,"lanes_int":2.0},"geometry":{"type":"LineString","coordinates":[[-71.107275,42.389908],[-71.106792,42.38969]]}},{"type":"Feature","properties":{"name":"Highland Avenue","separation_level":"none","street_classification":"medium-capacity","maxspeed_int":20.0,"lanes_int":2.0},"geometry":{"type":"LineString","coordinates":[[-71.107275,42.389908],[-71.107868,42.390176],[-71.107899,42.39019],[-71.10796,42.390217]]}},{"type":"Feature","properties":{"name":"Highland Avenue","separation_level":"none","street_classification":"medium-capacity","maxspeed_int":20.0,"lanes_int":2.0},"geometry":{"type":"LineString","coordinates":[[-71.106792,42.38969],[-71.106543,42.389578]]}},{"type":"Feature","properties":{"name":"Highland Avenue","separation_level":"none","street_classification":"medium-capacity","maxspeed_int":20.0,"lanes_int":2.0},"geometry":{"type":"LineString","coordinates":[[-71.106543,42.389578],[-71.105978,42.389322],[-71.105889,42.389285]]}},{"type":"Feature","properties":{"name":null,"separation_level":"none","street_classification":"residential","maxspeed_int":null,"lanes_int":null},"geometry":{"type":"LineString","coordinates":[[-71.105889,42.389285],[-71.1058,42.389249],[-71.105848,42.389189],[-71.105892,42.389133],[-71.105963,42.389045],[-71.106077,42.388992],[-71.106112,42.388995],[-71.106219,42.389016]]}},{"type":"Feature","properties":{"name":"Highland Avenue","separation_level":"none","street_classification":"medium-capacity","maxspeed_int":20.0,"lanes_int":2.0},"geometry":{"type":"LineString","coordinates":[[-71.105889,42.389285],[-71.1058,42.389249],[-71.105725,42.38922],[-71.105633,42.389184],[-71.105535,42.389148],[-71.105425,42.389108],[-71.105285,42.389058],[-71.105224,42.389038]]}},{"type":"Feature","properties":{"name":"Richdale Avenue","separation_level":"none","street_classification":"residential","maxspeed_int":20.0,"lanes_int":1.0},"geometry":{"type":"LineString","coordinates":[[-71.098464,42.38926],[-71.099095,42.389545]]}},{"type":"Feature","properties":{"name":"School Street","separation_level":"separate","street_classification":"medium-capacity","maxspeed_int":20.0,"lanes_int":2.0},"geometry":{"type":"LineString","coordinates":[[-71.097119,42.389054],[-71.097152,42.389143],[-71.097204,42.389081],[-71.097248,42.389016],[-71.097407,42.388785]]}},{"type":"Feature","properties":{"name":"School Street","separation_level":"shared_lane","street_classification":"medium-capacity","maxspeed_int":20.0,"lanes_int":2.0},"geometry":{"type":"LineString","coordinates":[[-71.097119,42.389054],[-71.097152,42.389143],[-71.097108,42.389219],[-71.096915,42.389508]]}},{"type":"Feature","properties":{"name":"Medford Street","separation_level":"lane","street_classification":"medium-capacity","maxspeed_int":25.0,"lanes_int":2.0},"geometry":{"type":"LineString","coordinates":[[-71.097119,42.389054],[-71.097058,42.389051],[-71.096845,42.388839],[-71.096778,42.388774]]}},{"type":"Feature","properties":{"name":null,"separation_level":"none","street_classification":"residential","maxspeed_int":null,"lanes_int":null},"geometry":{"type":"LineString","coordinates":[[-71.097119,42.389054],[-71.097136,42.388965],[-71.096963,42.388783],[-71.096914,42.388807],[-71.096872,42.388826],[-71.096845,42.388839],[-71.096778,42.388774]]}},{"type":"Feature","properties":{"name":"Linden Avenue","separation_level":"none","street_classification":"residential","maxspeed_int":20.0,"lanes_int":2.0},"geometry":{"type":"LineString","coordinates":[[-71.11268,42.389826],[-71.112643,42.38988],[-71.112618,42.389916],[-71.112175,42.39056]]}},{"type":"Feature","properties":{"name":"Linden Avenue","separation_level":"none","street_classification":"residential","maxspeed_int":20.0,"lanes_int":2.0},"geometry":{"type":"LineString","coordinates":[[-71.11268,42.389826],[-71.112725,42.389761],[-71.112744,42.389734],[-71.112966,42.38942]]}},{"type":"Feature","properties":{"name":"Summer Street","separation_level":"lane","street_classification":"medium-capacity","maxspeed_int":20.0,"lanes_int":2.0},"geometry":{"type":"LineString","coordinates":[[-71.11268,42.389826],[-71.113576,42.390453],[-71.113616,42.390481]]}},{"type":"Feature","properties":{"name":"Porter Street","separation_level":"none","street_classification":"residential","maxspeed_int":20.0,"lanes_int":2.0},"geometry":{"type":"LineString","coordinates":[[-71.112012,42.388665],[-71.112287,42.388271]]}},{"type":"Feature","properties":{"name":"Craigie Street","separation_level":"none","street_classification":"residential","maxspeed_int":20.0,"lanes_int":2.0},"geometry":{"type":"LineString","coordinates":[[-71.110626,42.388434],[-71.110663,42.388382],[-71.110682,42.388355],[-71.110778,42.388218]]}},{"type":"Feature","properties":{"name":"Summer Street","separation_level":"lane","street_classification":"medium-capacity","maxspeed_int":20.0,"lanes_int":2.0},"geometry":{"type":"LineString","coordinates":[[-71.110626,42.388434],[-71.109708,42.387859],[-71.109628,42.387804]]}},{"type":"Feature","properties":{"name":"Lowell Street","separation_level":"none","street_classification":"medium-capacity","maxspeed_int":20.0,"lanes_int":2.0},"geometry":{"type":"LineString","coordinates":[[-71.109046,42.388662],[-71.108861,42.388901],[-71.108618,42.389245],[-71.108303,42.389698],[-71.108019,42.390129],[-71.108002,42.390155],[-71.10796,42.390217]]}},{"type":"Feature","properties":{"name":"Cedar Street","separation_level":"track","street_classification":"medium-capacity","maxspeed_int":20.0,"lanes_int":1.0},"geometry":{"type":"LineString","coordinates":[[-71.113616,42.390481],[-71.113647,42.390436],[-71.114403,42.389359]]}},{"type":"Feature","properties":{"name":"Cedar Street","separation_level":"track","street_classification":"medium-capacity","maxspeed_int":20.0,"lanes_int":1.0},"geometry":{"type":"LineString","coordinates":[[-71.114403,42.389359],[-71.114628,42.389044]]}},{"type":"Feature","properties":{"name":"Sartwell Avenue","separation_level":"none","street_classification":"residential","maxspeed_int":20.0,"lanes_int":1.0},"geometry":{"type":"LineString","coordinates":[[-71.114403,42.389359],[-71.11447,42.389385],[-71.114796,42.389498]]}},{"type":"Feature","properties":{"name":"Broadway","separation_level":"separate","street_classification":"medium-capacity","maxspeed_int":25.0,"lanes_int":2.0},"geometry":{"type":"LineString","coordinates":[[-71.090147,42.390711],[-71.090208,42.390772],[-71.09048,42.390906],[-71.090512,42.390921],[-71.090647,42.390996],[-71.090694,42.390918]]}},{"type":"Feature","properties":{"name":"Broadway","separation_level":"share_busway","street_classification":"medium-capacity","maxspeed_int":25.0,"lanes_int":5.0},"geometry":{"type":"LineString","coordinates":[[-71.090147,42.390711],[-71.090125,42.390518],[-71.089356,42.390148],[-71.089243,42.390095]]}},{"type":"Feature","properties":{"name":"Montgomery Avenue","separation_level":"none","street_classification":"residential","maxspeed_int":25.0,"lanes_int":2.0},"geometry":{"type":"LineString","coordinates":[[-71.090147,42.390711],[-71.090125,42.390518],[-71.090182,42.390448],[-71.090701,42.389808],[-71.090735,42.389764]]}},{"type":"Feature","properties":{"name":null,"separation_level":"none","street_classification":"residential","maxspeed_int":null,"lanes_int":null},"geometry":{"type":"LineString","coordinates":[[-71.090694,42.390918],[-71.090647,42.390996],[-71.090593,42.391066],[-71.090586,42.391082],[-71.090583,42.391095],[-71.090584,42.391105],[-71.090591,42.391124],[-71.090599,42.391138],[-71.090617,42.391154],[-71.090656,42.391175],[-71.09075,42.391221],[-71.090801,42.391249],[-71.090917,42.391325],[-71.091026,42.391217]]}},{"type":"Feature","properties":{"name":"Broadway","separation_level":"share_busway","street_classification":"medium-capacity","maxspeed_int":25.0,"lanes_int":2.0},"geometry":{"type":"LineString","coordinates":[[-71.090694,42.390918],[-71.090647,42.390996],[-71.090998,42.391185],[-71.091058,42.391224],[-71.091026,42.391217]]}},{"type":"Feature","properties":{"name":"Broadway","separation_level":"share_busway","street_classification":"medium-capacity","maxspeed_int":25.0,"lanes_int":2.0},"geometry":{"type":"LineString","coordinates":[[-71.090694,42.390918],[-71.09074,42.39084],[-71.090672,42.390807],[-71.090428,42.390674]]}},{"type":"Feature","properties":{"name":"Broadway","separation_level":"share_busway","street_classification":"medium-capacity","maxspeed_int":25.0,"lanes_int":5.0},"geometry":{"type":"LineString","coordinates":[[-71.089243,42.390095],[-71.089007,42.389986],[-71.088835,42.389906]]}},{"type":"Feature","properties":{"name":"Wellington Avenue","separation_level":"none","street_classification":"residential","maxspeed_int":25.0,"lanes_int":2.0},"geometry":{"type":"LineString","coordinates":[[-71.090735,42.389764],[-71.091348,42.390049],[-71.09141,42.390077],[-71.091455,42.390017]]}},{"type":"Feature","properties":{"name":"Broadway","separation_level":"share_busway","street_classification":"medium-capacity","maxspeed_int":25.0,"lanes_int":2.0},"geometry":{"type":"LineString","coordinates":[[-71.091026,42.391217],[-71.091107,42.391098],[-71.09074,42.39084],[-71.090694,42.390918]]}},{"type":"Feature","properties":{"name":"Broadway","separation_level":"share_busway","street_classification":"medium-capacity","maxspeed_int":25.0,"lanes_int":2.0},"geometry":{"type":"LineString","coordinates":[[-71.091026,42.391217],[-71.091058,42.391224],[-71.091162,42.3913],[-71.09143,42.391498],[-71.09171,42.391629]]}},{"type":"Feature","properties":{"name":null,"separation_level":"none","street_classification":"residential","maxspeed_int":null,"lanes_int":null},"geometry":{"type":"LineString","coordinates":[[-71.091026,42.391217],[-71.090917,42.391325],[-71.090965,42.391357],[-71.091034,42.3914],[-71.091408,42.39161],[-71.091447,42.391628],[-71.091469,42.391637],[-71.091498,42.391641],[-71.09154,42.391641],[-71.091599,42.391619],[-71.09171,42.391629]]}},{"type":"Feature","properties":{"name":"Broadway","separation_level":"share_busway","street_classification":"medium-capacity","maxspeed_int":25.0,"lanes_int":2.0},"geometry":{"type":"LineString","coordinates":[[-71.090428,42.390674],[-71.090213,42.390564],[-71.090147,42.390711]]}},{"type":"Feature","properties":{"name":null,"separation_level":"none","street_classification":"residential","maxspeed_int":null,"lanes_int":null},"geometry":{"type":"LineString","coordinates":[[-71.090428,42.390674],[-71.090484,42.390606],[-71.090681,42.390379],[-71.090982,42.39053],[-71.091023,42.390551]]}},{"type":"Feature","properties":{"name":"Cherry Street","separation_level":"none","street_classification":"residential","maxspeed_int":20.0,"lanes_int":1.0},"geometry":{"type":"LineString","coordinates":[[-71.115943,42.389939],[-71.116089,42.389745],[-71.116253,42.389568]]}},{"type":"Feature","properties":{"name":"Highland Avenue","separation_level":"shared_lane","street_classification":"medium-capacity","maxspeed_int":20.0,"lanes_int":2.0},"geometry":{"type":"LineString","coordinates":[[-71.096886,42.386214],[-71.096671,42.386134],[-71.09657,42.386095],[-71.096144,42.385927],[-71.096085,42.385903]]}},{"type":"Feature","properties":{"name":"Highland Avenue","separation_level":"shared_lane","street_classification":"medium-capacity","maxspeed_int":20.0,"lanes_int":2.0},"geometry":{"type":"LineString","coordinates":[[-71.096886,42.386214],[-71.097001,42.386256],[-71.097121,42.386297],[-71.097802,42.386529]]}},{"type":"Feature","properties":{"name":"Putnam Street","separation_level":"none","street_classification":"residential","maxspeed_int":20.0,"lanes_int":2.0},"geometry":{"type":"LineString","coordinates":[[-71.096886,42.386214],[-71.096922,42.386157],[-71.096937,42.386133],[-71.097124,42.385836],[-71.097448,42.385343],[-71.097832,42.384797],[-71.098062,42.384459],[-71.098211,42.384242],[-71.098304,42.384107]]}},{"type":"Feature","properties":{"name":null,"separation_level":"none","street_classification":"residential","maxspeed_int":null,"lanes_int":null},"geometry":{"type":"LineString","coordinates":[[-71.096886,42.386214],[-71.096843,42.386283],[-71.096658,42.386593],[-71.096675,42.386625],[-71.097447,42.386891],[-71.097921,42.387055],[-71.098105,42.386759],[-71.098131,42.386718],[-71.098171,42.386654]]}},{"type":"Feature","properties":{"name":"Vinal Avenue","separation_level":"none","street_classification":"residential","maxspeed_int":20.0,"lanes_int":1.0},"geometry":{"type":"LineString","coordinates":[[-71.096085,42.385903],[-71.096128,42.38584],[-71.096467,42.385344]]}},{"type":"Feature","properties":{"name":"Highland Avenue","separation_level":"shared_lane","street_classification":"medium-capacity","maxspeed_int":20.0,"lanes_int":2.0},"geometry":{"type":"LineString","coordinates":[[-71.096085,42.385903],[-71.096024,42.385879],[-71.095143,42.385532]]}},{"type":"Feature","properties":{"name":"Highland Avenue","separation_level":"shared_lane","street_classification":"medium-capacity","maxspeed_int":20.0,"lanes_int":2.0},"geometry":{"type":"LineString","coordinates":[[-71.097802,42.386529],[-71.098171,42.386654]]}},{"type":"Feature","properties":{"name":"Prescott Street","separation_level":"none","street_classification":"residential","maxspeed_int":20.0,"lanes_int":2.0},"geometry":{"type":"LineString","coordinates":[[-71.097802,42.386529],[-71.097845,42.386465],[-71.097861,42.386442],[-71.098055,42.386162],[-71.0984,42.385652],[-71.098679,42.385232],[-71.099051,42.384705],[-71.099259,42.384388],[-71.099399,42.384175],[-71.099676,42.383775],[-71.099703,42.383737],[-71.099723,42.383725],[-71.099794,42.383752]]}},{"type":"Feature","properties":{"name":"Putnam Street","separation_level":"none","street_classification":"residential","maxspeed_int":20.0,"lanes_int":2.0},"geometry":{"type":"LineString","coordinates":[[-71.098304,42.384107],[-71.098396,42.383973],[-71.098798,42.383387],[-71.099013,42.383074],[-71.09904,42.383035],[-71.099059,42.383022],[-71.099075,42.383013]]}},{"type":"Feature","properties":{"name":"Highland Avenue","separation_level":"shared_lane","street_classification":"medium-capacity","maxspeed_int":20.0,"lanes_int":2.0},"geometry":{"type":"LineString","coordinates":[[-71.098171,42.386654],[-71.098615,42.386805],[-71.098653,42.386817],[-71.09872,42.38684]]}},{"type":"Feature","properties":{"name":"Vinal Avenue","separation_level":"none","street_classification":"residential","maxspeed_int":20.0,"lanes_int":1.0},"geometry":{"type":"LineString","coordinates":[[-71.096467,42.385344],[-71.096809,42.384838]]}},{"type":"Feature","properties":{"name":"Grand View Avenue","separation_level":"none","street_classification":"residential","maxspeed_int":20.0,"lanes_int":2.0},"geometry":{"type":"LineString","coordinates":[[-71.096467,42.385344],[-71.096398,42.385315],[-71.095542,42.38497],[-71.094624,42.384613],[-71.094551,42.384585]]}},{"type":"Feature","properties":{"name":"Highland Avenue","separation_level":"shared_lane","street_classification":"medium-capacity","maxspeed_int":20.0,"lanes_int":2.0},"geometry":{"type":"LineString","coordinates":[[-71.095143,42.385532],[-71.094239,42.385174],[-71.094173,42.385149]]}},{"type":"Feature","properties":{"name":null,"separation_level":"none","street_classification":"residential","maxspeed_int":null,"lanes_int":null},"geometry":{"type":"LineString","coordinates":[[-71.095143,42.385532],[-71.0951,42.385599],[-71.094932,42.385834],[-71.094917,42.385866],[-71.094915,42.385882],[-71.094921,42.385891],[-71.094926,42.385898],[-71.09583,42.386226],[-71.095854,42.386226],[-71.095877,42.386217],[-71.0959,42.38619],[-71.096043,42.385968],[-71.096085,42.385903]]}},{"type":"Feature","properties":{"name":"Summer Street","separation_level":"separate","street_classification":"dedicated_path","maxspeed_int":null,"lanes_int":null},"geometry":{"type":"LineString","coordinates":[[-71.099794,42.383752],[-71.099723,42.383725],[-71.099853,42.383863],[-71.100127,42.384149],[-71.100337,42.384372],[-71.100388,42.384403],[-71.100397,42.384389]]}},{"type":"Feature","properties":{"name":"Summer Street","separation_level":"separate","street_classification":"medium-capacity","maxspeed_int":25.0,"lanes_int":2.0},"geometry":{"type":"LineString","coordinates":[[-71.099794,42.383752],[-71.099861,42.383803],[-71.100347,42.384314],[-71.100366,42.384334],[-71.100406,42.384376],[-71.100397,42.384389]]}},{"type":"Feature","properties":{"name":"Summer Street","separation_level":"separate","street_classification":"medium-capacity","maxspeed_int":20.0,"lanes_int":2.0},"geometry":{"type":"LineString","coordinates":[[-71.099794,42.383752],[-71.099765,42.383701],[-71.099739,42.383674],[-71.099342,42.383265]]}},{"type":"Feature","properties":{"name":"Summer Street","separation_level":"separate","street_classification":"medium-capacity","maxspeed_int":20.0,"lanes_int":2.0},"geometry":{"type":"LineString","coordinates":[[-71.099075,42.383013],[-71.099091,42.383003],[-71.098332,42.382204],[-71.098324,42.38222]]}},{"type":"Feature","properties":{"name":"Summer Street","separation_level":"separate","street_classification":"medium-capacity","maxspeed_int":20.0,"lanes_int":2.0},"geometry":{"type":"LineString","coordinates":[[-71.099075,42.383013],[-71.099091,42.383003],[-71.099342,42.383265]]}},{"type":"Feature","properties":{"name":"Summer Street","separation_level":"separate","street_classification":"dedicated_path","maxspeed_int":null,"lanes_int":null},"geometry":{"type":"LineString","coordinates":[[-71.099075,42.383013],[-71.099059,42.383022],[-71.099129,42.383096],[-71.099522,42.383511],[-71.099686,42.383686],[-71.099723,42.383725],[-71.099794,42.383752]]}},{"type":"Feature","properties":{"name":"Highland Avenue","separation_level":"shared_lane","street_classification":"medium-capacity","maxspeed_int":20.0,"lanes_int":2.0},"geometry":{"type":"LineString","coordinates":[[-71.09872,42.38684],[-71.098783,42.386862],[-71.098819,42.386874],[-71.099021,42.386942],[-71.099102,42.386969]]}},{"type":"Feature","properties":{"name":"School Street","separation_level":"shared_lane","street_classification":"medium-capacity","maxspeed_int":20.0,"lanes_int":2.0},"geometry":{"type":"LineString","coordinates":[[-71.09872,42.38684],[-71.098758,42.386782],[-71.098954,42.386492],[-71.099188,42.386157]]}},{"type":"Feature","properties":{"name":"School Street","separation_level":"none","street_classification":"medium-capacity","maxspeed_int":20.0,"lanes_int":2.0},"geometry":{"type":"LineString","coordinates":[[-71.100397,42.384389],[-71.100406,42.384376],[-71.100445,42.384317],[-71.100826,42.383755]]}},{"type":"Feature","properties":{"name":"Summer Street","separation_level":"separate","street_classification":"medium-capacity","maxspeed_int":25.0,"lanes_int":2.0},"geometry":{"type":"LineString","coordinates":[[-71.100397,42.384389],[-71.100406,42.384376],[-71.10046,42.384395],[-71.100781,42.38451],[-71.10085,42.384557]]}},{"type":"Feature","properties":{"name":"Summer Street","separation_level":"separate","street_classification":"dedicated_path","maxspeed_int":null,"lanes_int":null},"geometry":{"type":"LineString","coordinates":[[-71.100397,42.384389],[-71.100388,42.384403],[-71.100437,42.384432],[-71.100757,42.384546],[-71.10085,42.384557]]}},{"type":"Feature","properties":{"name":"Church Street","separation_level":"none","street_classification":"residential","maxspeed_int":20.0,"lanes_int":1.0},"geometry":{"type":"LineString","coordinates":[[-71.099342,42.383265],[-71.099381,42.383198],[-71.099729,42.382696],[-71.100178,42.382043],[-71.100474,42.381612],[-71.100522,42.381522],[-71.10057,42.381537]]}},{"type":"Feature","properties":{"name":"Cedar Street","separation_level":"track","street_classification":"medium-capacity","maxspeed_int":20.0,"lanes_int":1.0},"geometry":{"type":"LineString","coordinates":[[-71.114628,42.389044],[-71.114778,42.388844]]}},{"type":"Feature","properties":{"name":"Sartwell Avenue","separation_level":"none","street_classification":"residential","maxspeed_int":20.0,"lanes_int":1.0},"geometry":{"type":"LineString","coordinates":[[-71.114796,42.389498],[-71.115047,42.389595]]}},{"type":"Feature","properties":{"name":"Cedar Avenue","separation_level":"none","street_classification":"residential","maxspeed_int":20.0,"lanes_int":1.0},"geometry":{"type":"LineString","coordinates":[[-71.112175,42.39056],[-71.113179,42.390955],[-71.11321,42.390968],[-71.113257,42.39099],[-71.113225,42.391036]]}},{"type":"Feature","properties":{"name":"Linden Avenue","separation_level":"none","street_classification":"residential","maxspeed_int":20.0,"lanes_int":2.0},"geometry":{"type":"LineString","coordinates":[[-71.112966,42.38942],[-71.11321,42.389088],[-71.113226,42.389065]]}},{"type":"Feature","properties":{"name":"Sycamore Street","separation_level":"none","street_classification":"residential","maxspeed_int":20.0,"lanes_int":1.0},"geometry":{"type":"LineString","coordinates":[[-71.100021,42.390491],[-71.099829,42.390746],[-71.099773,42.390821],[-71.099473,42.391236],[-71.099451,42.391266],[-71.0994,42.391335]]}},{"type":"Feature","properties":{"name":"Elm Street","separation_level":"track","street_classification":"medium-capacity","maxspeed_int":20.0,"lanes_int":2.0},"geometry":{"type":"LineString","coordinates":[[-71.114158,42.386378],[-71.114078,42.386401],[-71.113958,42.386244],[-71.114012,42.386221]]}},{"type":"Feature","properties":{"name":null,"separation_level":"none","street_classification":"residential","maxspeed_int":null,"lanes_int":null},"geometry":{"type":"LineString","coordinates":[[-71.114158,42.386378],[-71.114238,42.386356],[-71.114066,42.386199],[-71.114012,42.386221]]}},{"type":"Feature","properties":{"name":"Linden Avenue","separation_level":"none","street_classification":"residential","maxspeed_int":20.0,"lanes_int":2.0},"geometry":{"type":"LineString","coordinates":[[-71.113933,42.388051],[-71.113677,42.388418],[-71.113571,42.388571]]}},{"type":"Feature","properties":{"name":"Benton Road","separation_level":"none","street_classification":"residential","maxspeed_int":20.0,"lanes_int":2.0},"geometry":{"type":"LineString","coordinates":[[-71.105966,42.387958],[-71.105602,42.388485]]}},{"type":"Feature","properties":{"name":"Benton Road","separation_level":"none","street_classification":"residential","maxspeed_int":20.0,"lanes_int":2.0},"geometry":{"type":"LineString","coordinates":[[-71.105966,42.387958],[-71.106357,42.387386]]}},{"type":"Feature","properties":{"name":"Benton Road","separation_level":"none","street_classification":"residential","maxspeed_int":20.0,"lanes_int":2.0},"geometry":{"type":"LineString","coordinates":[[-71.105602,42.388485],[-71.105267,42.388974],[-71.105224,42.389038]]}},{"type":"Feature","properties":{"name":"Gibbens Street","separation_level":"none","street_classification":"residential","maxspeed_int":20.0,"lanes_int":1.0},"geometry":{"type":"LineString","coordinates":[[-71.105602,42.388485],[-71.105548,42.388467],[-71.105541,42.388466],[-71.104127,42.387985],[-71.104107,42.388015]]}},{"type":"Feature","properties":{"name":"Benton Road","separation_level":"none","street_classification":"residential","maxspeed_int":20.0,"lanes_int":2.0},"geometry":{"type":"LineString","coordinates":[[-71.106357,42.387386],[-71.106817,42.386702],[-71.106836,42.386674],[-71.106824,42.386646]]}},{"type":"Feature","properties":{"name":"Westwood Road","separation_level":"none","street_classification":"residential","maxspeed_int":20.0,"lanes_int":1.0},"geometry":{"type":"LineString","coordinates":[[-71.106357,42.387386],[-71.106234,42.387344],[-71.104654,42.386806],[-71.104613,42.38679],[-71.104598,42.386785]]}},{"type":"Feature","properties":{"name":"Highland Avenue","separation_level":"none","street_classification":"medium-capacity","maxspeed_int":20.0,"lanes_int":2.0},"geometry":{"type":"LineString","coordinates":[[-71.105224,42.389038],[-71.104289,42.388722]]}},{"type":"Feature","properties":{"name":"Benton Road","separation_level":"none","street_classification":"residential","maxspeed_int":25.0,"lanes_int":1.0},"geometry":{"type":"LineString","coordinates":[[-71.105224,42.389038],[-71.105187,42.389099],[-71.104733,42.389837],[-71.104708,42.389875]]}},{"type":"Feature","properties":{"name":"Gibbens Street","separation_level":"none","street_classification":"residential","maxspeed_int":20.0,"lanes_int":1.0},"geometry":{"type":"LineString","coordinates":[[-71.104107,42.388015],[-71.104127,42.387985],[-71.103874,42.387898],[-71.103843,42.387888],[-71.103838,42.387841]]}},{"type":"Feature","properties":{"name":null,"separation_level":"none","street_classification":"residential","maxspeed_int":null,"lanes_int":null},"geometry":{"type":"LineString","coordinates":[[-71.104107,42.388015],[-71.104087,42.388045],[-71.104053,42.388098],[-71.103862,42.388038],[-71.103813,42.388101],[-71.103677,42.388125]]}},{"type":"Feature","properties":{"name":"Summer Street","separation_level":"separate","street_classification":"dedicated_path","maxspeed_int":null,"lanes_int":null},"geometry":{"type":"LineString","coordinates":[[-71.106824,42.386646],[-71.106836,42.386674],[-71.106901,42.386696],[-71.106958,42.386716],[-71.107153,42.386782],[-71.107706,42.386975],[-71.107802,42.38695],[-71.107873,42.386975]]}},{"type":"Feature","properties":{"name":"Summer Street","separation_level":"separate","street_classification":"medium-capacity","maxspeed_int":25.0,"lanes_int":2.0},"geometry":{"type":"LineString","coordinates":[[-71.106824,42.386646],[-71.106856,42.386645],[-71.106867,42.386649],[-71.10692,42.386667],[-71.107328,42.386808],[-71.10755,42.386883],[-71.107586,42.386892],[-71.107616,42.386899],[-71.10767,42.386912],[-71.107712,42.386922],[-71.10774,42.38693],[-71.107802,42.38695],[-71.107873,42.386975]]}},{"type":"Feature","properties":{"name":"Harvard Street","separation_level":"none","street_classification":"residential","maxspeed_int":20.0,"lanes_int":1.0},"geometry":{"type":"LineString","coordinates":[[-71.106824,42.386646],[-71.106792,42.386622],[-71.106823,42.386572],[-71.107087,42.386135],[-71.107287,42.385833]]}},{"type":"Feature","properties":{"name":"Summer Street","separation_level":"separate","street_classification":"medium-capacity","maxspeed_int":25.0,"lanes_int":2.0},"geometry":{"type":"LineString","coordinates":[[-71.106824,42.386646],[-71.106792,42.386622],[-71.10518,42.386072],[-71.105098,42.386044],[-71.105089,42.386058]]}},{"type":"Feature","properties":{"name":"Central Street","separation_level":"separate","street_classification":"dedicated_path","maxspeed_int":null,"lanes_int":null},"geometry":{"type":"LineString","coordinates":[[-71.104598,42.386785],[-71.104613,42.38679],[-71.105091,42.386109],[-71.105079,42.386072],[-71.105089,42.386058]]}},{"type":"Feature","properties":{"name":"Central Street","separation_level":"separate","street_classification":"medium-capacity","maxspeed_int":25.0,"lanes_int":1.0},"geometry":{"type":"LineString","coordinates":[[-71.104598,42.386785],[-71.104584,42.386779],[-71.104319,42.387163],[-71.1043,42.387156]]}},{"type":"Feature","properties":{"name":"Spring Street","separation_level":"none","street_classification":"residential","maxspeed_int":20.0,"lanes_int":2.0},"geometry":{"type":"LineString","coordinates":[[-71.107873,42.386975],[-71.107945,42.386999],[-71.107969,42.386958],[-71.108319,42.386412],[-71.108583,42.386001],[-71.108999,42.385378],[-71.109114,42.385195],[-71.109133,42.385165]]}},{"type":"Feature","properties":{"name":"Summer Street","separation_level":"lane","street_classification":"medium-capacity","maxspeed_int":20.0,"lanes_int":2.0},"geometry":{"type":"LineString","coordinates":[[-71.107873,42.386975],[-71.107945,42.386999],[-71.107987,42.387014],[-71.10804,42.387031],[-71.108072,42.387044],[-71.108106,42.387059],[-71.108131,42.38707],[-71.108147,42.387077],[-71.108174,42.387091],[-71.108258,42.387133],[-71.108316,42.38716],[-71.108373,42.387184],[-71.108431,42.387205],[-71.108469,42.38722],[-71.108505,42.387234],[-71.108533,42.387247],[-71.108607,42.387283],[-71.10873,42.387345],[-71.108877,42.387422],[-71.108966,42.387476]]}},{"type":"Feature","properties":{"name":null,"separation_level":"none","street_classification":"residential","maxspeed_int":null,"lanes_int":null},"geometry":{"type":"LineString","coordinates":[[-71.107873,42.386975],[-71.107802,42.38695],[-71.107755,42.387017],[-71.1074,42.387541]]}},{"type":"Feature","properties":{"name":"Harvard Street","separation_level":"none","street_classification":"residential","maxspeed_int":20.0,"lanes_int":1.0},"geometry":{"type":"LineString","coordinates":[[-71.107287,42.385833],[-71.107635,42.385298]]}},{"type":"Feature","properties":{"name":"Monmouth Street","separation_level":"none","street_classification":"residential","maxspeed_int":20.0,"lanes_int":2.0},"geometry":{"type":"LineString","coordinates":[[-71.107287,42.385833],[-71.10724,42.385817],[-71.106413,42.385544],[-71.105662,42.385296],[-71.105612,42.385279]]}},{"type":"Feature","properties":{"name":"Summer Street","separation_level":"separate","street_classification":"medium-capacity","maxspeed_int":20.0,"lanes_int":2.0},"geometry":{"type":"LineString","coordinates":[[-71.105089,42.386058],[-71.105098,42.386044],[-71.105013,42.386013],[-71.104943,42.385988],[-71.10464,42.385881],[-71.104304,42.385763]]}},{"type":"Feature","properties":{"name":"Summer Street","separation_level":"separate","street_classification":"dedicated_path","maxspeed_int":null,"lanes_int":null},"geometry":{"type":"LineString","coordinates":[[-71.105089,42.386058],[-71.105079,42.386072],[-71.105161,42.3861],[-71.105192,42.386111],[-71.105775,42.386312],[-71.106418,42.386532],[-71.106786,42.386657],[-71.106836,42.386674],[-71.106824,42.386646]]}},{"type":"Feature","properties":{"name":"Central Street","separation_level":"separate","street_classification":"medium-capacity","maxspeed_int":25.0,"lanes_int":1.0},"geometry":{"type":"LineString","coordinates":[[-71.105089,42.386058],[-71.105079,42.386072],[-71.105059,42.386099],[-71.104701,42.386608],[-71.104684,42.386602]]}},{"type":"Feature","properties":{"name":"Central Street","separation_level":"separate","street_classification":"dedicated_path","maxspeed_int":null,"lanes_int":null},"geometry":{"type":"LineString","coordinates":[[-71.105089,42.386058],[-71.105079,42.386072],[-71.105025,42.386088],[-71.104708,42.386534],[-71.104666,42.386596],[-71.104684,42.386602]]}},{"type":"Feature","properties":{"name":"Berkeley Street","separation_level":"none","street_classification":"residential","maxspeed_int":20.0,"lanes_int":2.0},"geometry":{"type":"LineString","coordinates":[[-71.1043,42.387156],[-71.10428,42.387149],[-71.104249,42.387137],[-71.103007,42.386708],[-71.101988,42.386351]]}},{"type":"Feature","properties":{"name":"Central Street","separation_level":"separate","street_classification":"dedicated_path","maxspeed_int":null,"lanes_int":null},"geometry":{"type":"LineString","coordinates":[[-71.1043,42.387156],[-71.10428,42.387149],[-71.104225,42.387225],[-71.103993,42.387555],[-71.10383,42.387794],[-71.103838,42.387841]]}},{"type":"Feature","properties":{"name":"Central Street","separation_level":"separate","street_classification":"medium-capacity","maxspeed_int":25.0,"lanes_int":1.0},"geometry":{"type":"LineString","coordinates":[[-71.1043,42.387156],[-71.104319,42.387163],[-71.104184,42.387358],[-71.104197,42.387362]]}},{"type":"Feature","properties":{"name":"Porter Street","separation_level":"none","street_classification":"residential","maxspeed_int":20.0,"lanes_int":2.0},"geometry":{"type":"LineString","coordinates":[[-71.112927,42.387357],[-71.112906,42.387388],[-71.112622,42.387793]]}},{"type":"Feature","properties":{"name":"Porter Street","separation_level":"none","street_classification":"residential","maxspeed_int":20.0,"lanes_int":2.0},"geometry":{"type":"LineString","coordinates":[[-71.112927,42.387357],[-71.112949,42.387327],[-71.11318,42.386997]]}},{"type":"Feature","properties":{"name":"Porter Street","separation_level":"none","street_classification":"residential","maxspeed_int":20.0,"lanes_int":2.0},"geometry":{"type":"LineString","coordinates":[[-71.112622,42.387793],[-71.112287,42.388271]]}},{"type":"Feature","properties":{"name":"Porter Street","separation_level":"none","street_classification":"residential","maxspeed_int":20.0,"lanes_int":2.0},"geometry":{"type":"LineString","coordinates":[[-71.11318,42.386997],[-71.113304,42.386819],[-71.113311,42.38681]]}},{"type":"Feature","properties":{"name":"Gussie Terrace","separation_level":"none","street_classification":"residential","maxspeed_int":25.0,"lanes_int":1.0},"geometry":{"type":"LineString","coordinates":[[-71.112287,42.388271],[-71.112359,42.388299],[-71.113406,42.3887],[-71.113463,42.388722],[-71.113571,42.388571]]}},{"type":"Feature","properties":{"name":"Franklin Street","separation_level":"none","street_classification":"residential","maxspeed_int":20.0,"lanes_int":1.0},"geometry":{"type":"LineString","coordinates":[[-71.083004,42.386233],[-71.082874,42.386407]]}},{"type":"Feature","properties":{"name":"Franklin Street","separation_level":"none","street_classification":"residential","maxspeed_int":20.0,"lanes_int":1.0},"geometry":{"type":"LineString","coordinates":[[-71.082874,42.386407],[-71.08267,42.386705],[-71.08237,42.387133],[-71.082335,42.387193],[-71.082331,42.387246]]}},{"type":"Feature","properties":{"name":"Bean Terrace","separation_level":"none","street_classification":"residential","maxspeed_int":null,"lanes_int":null},"geometry":{"type":"LineString","coordinates":[[-71.082874,42.386407],[-71.082938,42.386432],[-71.083392,42.386609],[-71.08358,42.386599],[-71.083684,42.38664],[-71.083766,42.386673]]}},{"type":"Feature","properties":{"name":"Linden Avenue","separation_level":"none","street_classification":"residential","maxspeed_int":20.0,"lanes_int":2.0},"geometry":{"type":"LineString","coordinates":[[-71.113571,42.388571],[-71.113463,42.388722],[-71.113242,42.389042],[-71.113226,42.389065]]}},{"type":"Feature","properties":{"name":null,"separation_level":"none","street_classification":"residential","maxspeed_int":null,"lanes_int":null},"geometry":{"type":"LineString","coordinates":[[-71.113571,42.388571],[-71.113528,42.388631],[-71.11359,42.388656],[-71.113781,42.388727]]}},{"type":"Feature","properties":{"name":"Cutter Street","separation_level":"none","street_classification":"residential","maxspeed_int":20.0,"lanes_int":1.0},"geometry":{"type":"LineString","coordinates":[[-71.083766,42.386673],[-71.083847,42.386706],[-71.083698,42.386912]]}},{"type":"Feature","properties":{"name":"Dana Street","separation_level":"none","street_classification":"residential","maxspeed_int":20.0,"lanes_int":1.0},"geometry":{"type":"LineString","coordinates":[[-71.090757,42.386615],[-71.090827,42.386636],[-71.090767,42.386739],[-71.090001,42.388034]]}},{"type":"Feature","properties":{"name":"McGrath Highway","separation_level":"track","street_classification":"motorway","maxspeed_int":40.0,"lanes_int":3.0},"geometry":{"type":"LineString","coordinates":[[-71.090757,42.386615],[-71.090626,42.386573],[-71.090661,42.386478],[-71.090717,42.386325],[-71.090758,42.38622],[-71.090778,42.386168],[-71.090875,42.38615]]}},{"type":"Feature","properties":{"name":"Pearl Street","separation_level":"none","street_classification":"medium-capacity","maxspeed_int":20.0,"lanes_int":2.0},"geometry":{"type":"LineString","coordinates":[[-71.090757,42.386615],[-71.090489,42.386531],[-71.090352,42.386486],[-71.090322,42.386476],[-71.089921,42.38635]]}},{"type":"Feature","properties":{"name":"McGrath Highway","separation_level":"track","street_classification":"motorway","maxspeed_int":40.0,"lanes_int":3.0},"geometry":{"type":"LineString","coordinates":[[-71.090757,42.386615],[-71.090489,42.386531],[-71.090451,42.386627],[-71.090425,42.386685],[-71.090376,42.386789],[-71.090327,42.386891],[-71.090275,42.386992],[-71.09022,42.387094],[-71.090165,42.387193],[-71.090107,42.387294],[-71.090079,42.387342],[-71.090072,42.387354]]}},{"type":"Feature","properties":{"name":"Otis Street","separation_level":"none","street_classification":"residential","maxspeed_int":20.0,"lanes_int":2.0},"geometry":{"type":"LineString","coordinates":[[-71.090598,42.388225],[-71.090089,42.388062],[-71.090001,42.388034]]}},{"type":"Feature","properties":{"name":"Otis Street","separation_level":"none","street_classification":"residential","maxspeed_int":20.0,"lanes_int":2.0},"geometry":{"type":"LineString","coordinates":[[-71.090598,42.388225],[-71.091124,42.388394],[-71.091182,42.388412],[-71.091146,42.388476]]}},{"type":"Feature","properties":{"name":"Summer Street","separation_level":"separate","street_classification":"medium-capacity","maxspeed_int":20.0,"lanes_int":2.0},"geometry":{"type":"LineString","coordinates":[[-71.104304,42.385763],[-71.103654,42.385535]]}},{"type":"Feature","properties":{"name":"Central Street","separation_level":"separate","street_classification":"medium-capacity","maxspeed_int":25.0,"lanes_int":1.0},"geometry":{"type":"LineString","coordinates":[[-71.104684,42.386602],[-71.104701,42.386608],[-71.104584,42.386779],[-71.104598,42.386785]]}},{"type":"Feature","properties":{"name":"Avon Street","separation_level":"none","street_classification":"residential","maxspeed_int":20.0,"lanes_int":null},"geometry":{"type":"LineString","coordinates":[[-71.104684,42.386602],[-71.104666,42.386596],[-71.104644,42.386588],[-71.103904,42.386306],[-71.102948,42.385958],[-71.102164,42.385688],[-71.101175,42.385323],[-71.100583,42.38511]]}},{"type":"Feature","properties":{"name":"Central Street","separation_level":"separate","street_classification":"dedicated_path","maxspeed_int":null,"lanes_int":null},"geometry":{"type":"LineString","coordinates":[[-71.104684,42.386602],[-71.104666,42.386596],[-71.104638,42.386636],[-71.104321,42.387093],[-71.10428,42.387149],[-71.1043,42.387156]]}},{"type":"Feature","properties":{"name":"Laurel Street","separation_level":"none","street_classification":"residential","maxspeed_int":20.0,"lanes_int":1.0},"geometry":{"type":"LineString","coordinates":[[-71.103654,42.385535],[-71.103689,42.385477],[-71.103732,42.385404],[-71.104223,42.384717]]}},{"type":"Feature","properties":{"name":"Summer Street","separation_level":"separate","street_classification":"medium-capacity","maxspeed_int":20.0,"lanes_int":2.0},"geometry":{"type":"LineString","coordinates":[[-71.103654,42.385535],[-71.10355,42.385499],[-71.103531,42.38549],[-71.103506,42.385477],[-71.103483,42.385464],[-71.103458,42.38545],[-71.103436,42.385441],[-71.103412,42.385432],[-71.103304,42.385394],[-71.103286,42.385416]]}},{"type":"Feature","properties":{"name":"Laurel Street","separation_level":"none","street_classification":"residential","maxspeed_int":20.0,"lanes_int":1.0},"geometry":{"type":"LineString","coordinates":[[-71.104223,42.384717],[-71.104546,42.384238]]}},{"type":"Feature","properties":{"name":"Greene Street","separation_level":"none","street_classification":"residential","maxspeed_int":20.0,"lanes_int":1.0},"geometry":{"type":"LineString","coordinates":[[-71.104223,42.384717],[-71.104163,42.384693],[-71.103567,42.384467]]}},{"type":"Feature","properties":{"name":"Summer Street","separation_level":"separate","street_classification":"medium-capacity","maxspeed_int":20.0,"lanes_int":2.0},"geometry":{"type":"LineString","coordinates":[[-71.103286,42.385416],[-71.103304,42.385394],[-71.103078,42.385315],[-71.102995,42.385286],[-71.102878,42.385261]]}},{"type":"Feature","properties":{"name":"Summer Street","separation_level":"separate","street_classification":"dedicated_path","maxspeed_int":null,"lanes_int":null},"geometry":{"type":"LineString","coordinates":[[-71.103286,42.385416],[-71.103269,42.385439],[-71.103289,42.385446],[-71.104127,42.385741],[-71.104987,42.38604],[-71.105079,42.386072],[-71.105089,42.386058]]}},{"type":"Feature","properties":{"name":"Laurel Street","separation_level":"none","street_classification":"residential","maxspeed_int":20.0,"lanes_int":1.0},"geometry":{"type":"LineString","coordinates":[[-71.104546,42.384238],[-71.104725,42.383999]]}},{"type":"Feature","properties":{"name":"Greene Street","separation_level":"none","street_classification":"residential","maxspeed_int":20.0,"lanes_int":1.0},"geometry":{"type":"LineString","coordinates":[[-71.103567,42.384467],[-71.102995,42.385286],[-71.102878,42.385261]]}},{"type":"Feature","properties":{"name":null,"separation_level":"none","street_classification":"residential","maxspeed_int":null,"lanes_int":null},"geometry":{"type":"LineString","coordinates":[[-71.102878,42.385261],[-71.102781,42.385266],[-71.102772,42.385283],[-71.10274,42.385342],[-71.102779,42.385444],[-71.10289,42.385525],[-71.102996,42.385552],[-71.103153,42.38553],[-71.103257,42.385455],[-71.103269,42.385439],[-71.103286,42.385416]]}},{"type":"Feature","properties":{"name":"Summer Street","separation_level":"separate","street_classification":"dedicated_path","maxspeed_int":null,"lanes_int":null},"geometry":{"type":"LineString","coordinates":[[-71.102878,42.385261],[-71.102781,42.385266],[-71.10288,42.385301],[-71.103269,42.385439],[-71.103286,42.385416]]}},{"type":"Feature","properties":{"name":"Summer Street","separation_level":"separate","street_classification":"medium-capacity","maxspeed_int":20.0,"lanes_int":2.0},"geometry":{"type":"LineString","coordinates":[[-71.102878,42.385261],[-71.102807,42.385219],[-71.102644,42.385162],[-71.10263,42.385158],[-71.102595,42.385152],[-71.102568,42.385148],[-71.102546,42.385143],[-71.102528,42.385139],[-71.102436,42.385107],[-71.102385,42.385089]]}},{"type":"Feature","properties":{"name":"Beacon Street","separation_level":"separate","street_classification":"medium-capacity","maxspeed_int":25.0,"lanes_int":2.0},"geometry":{"type":"LineString","coordinates":[[-71.115223,42.385437],[-71.11519,42.385461],[-71.115918,42.386053],[-71.116058,42.386166]]}},{"type":"Feature","properties":{"name":"Beacon Street","separation_level":"separate","street_classification":"medium-capacity","maxspeed_int":25.0,"lanes_int":2.0},"geometry":{"type":"LineString","coordinates":[[-71.115223,42.385437],[-71.11519,42.385461],[-71.114608,42.384987],[-71.114588,42.385003]]}},{"type":"Feature","properties":{"name":"Beacon Street","separation_level":"separate","street_classification":"dedicated_path","maxspeed_int":null,"lanes_int":null},"geometry":{"type":"LineString","coordinates":[[-71.115223,42.385437],[-71.115256,42.385413],[-71.115214,42.385379],[-71.115162,42.385337],[-71.114598,42.38488],[-71.114467,42.384771],[-71.114418,42.384731],[-71.114374,42.384694],[-71.114341,42.384719]]}},{"type":"Feature","properties":{"name":"Beacon Street","separation_level":"separate","street_classification":"dedicated_path","maxspeed_int":null,"lanes_int":null},"geometry":{"type":"LineString","coordinates":[[-71.116058,42.386166],[-71.116102,42.38612],[-71.116058,42.386074],[-71.115976,42.385997],[-71.115719,42.385789],[-71.115473,42.385587],[-71.115288,42.385438],[-71.115256,42.385413],[-71.115223,42.385437]]}},{"type":"Feature","properties":{"name":"Beacon Street","separation_level":"separate","street_classification":"medium-capacity","maxspeed_int":25.0,"lanes_int":2.0},"geometry":{"type":"LineString","coordinates":[[-71.114588,42.385003],[-71.114608,42.384987],[-71.114454,42.384862],[-71.114398,42.384817],[-71.114344,42.384773],[-71.114309,42.384744],[-71.114341,42.384719]]}},{"type":"Feature","properties":{"name":"Beacon Street","separation_level":"separate","street_classification":"dedicated_path","maxspeed_int":null,"lanes_int":null},"geometry":{"type":"LineString","coordinates":[[-71.114588,42.385003],[-71.114568,42.385018],[-71.114595,42.385039],[-71.114875,42.385267],[-71.115352,42.385654],[-71.11565,42.385896],[-71.115824,42.386037],[-71.115918,42.386053],[-71.116058,42.386166]]}},{"type":"Feature","properties":{"name":"Beacon Street","separation_level":"separate","street_classification":"medium-capacity","maxspeed_int":25.0,"lanes_int":2.0},"geometry":{"type":"LineString","coordinates":[[-71.114341,42.384719],[-71.114309,42.384744],[-71.114127,42.384596],[-71.114106,42.384612]]}},{"type":"Feature","properties":{"name":"Beacon Street","separation_level":"separate","street_classification":"dedicated_path","maxspeed_int":null,"lanes_int":null},"geometry":{"type":"LineString","coordinates":[[-71.114341,42.384719],[-71.114374,42.384694],[-71.114345,42.384672],[-71.114098,42.384473],[-71.113665,42.384122],[-71.113358,42.383872],[-71.11317,42.383721],[-71.113138,42.383694],[-71.113108,42.383718]]}},{"type":"Feature","properties":{"name":"Pearl Street","separation_level":"none","street_classification":"residential","maxspeed_int":20.0,"lanes_int":2.0},"geometry":{"type":"LineString","coordinates":[[-71.085415,42.384941],[-71.08506,42.384826],[-71.084298,42.38459],[-71.084212,42.384563]]}},{"type":"Feature","properties":{"name":"Pearl Street","separation_level":"none","street_classification":"residential","maxspeed_int":20.0,"lanes_int":2.0},"geometry":{"type":"LineString","coordinates":[[-71.085415,42.384941],[-71.085723,42.385036],[-71.085961,42.385113],[-71.086009,42.385128],[-71.086081,42.385151]]}},{"type":"Feature","properties":{"name":"Franklin Street","separation_level":"none","street_classification":"residential","maxspeed_int":20.0,"lanes_int":2.0},"geometry":{"type":"LineString","coordinates":[[-71.084212,42.384563],[-71.084255,42.384503],[-71.084518,42.38413],[-71.084823,42.383691]]}},{"type":"Feature","properties":{"name":"Pearl Street","separation_level":"none","street_classification":"residential","maxspeed_int":20.0,"lanes_int":2.0},"geometry":{"type":"LineString","coordinates":[[-71.084212,42.384563],[-71.084114,42.384536],[-71.083532,42.384378],[-71.083505,42.38437],[-71.083405,42.384343]]}},{"type":"Feature","properties":{"name":"Franklin Street","separation_level":"none","street_classification":"residential","maxspeed_int":20.0,"lanes_int":1.0},"geometry":{"type":"LineString","coordinates":[[-71.084212,42.384563],[-71.084155,42.384642],[-71.08392,42.384965],[-71.083676,42.385309]]}},{"type":"Feature","properties":{"name":"Pearl Street","separation_level":"none","street_classification":"residential","maxspeed_int":20.0,"lanes_int":2.0},"geometry":{"type":"LineString","coordinates":[[-71.086081,42.385151],[-71.086172,42.385179],[-71.086216,42.385193],[-71.087035,42.385445]]}},{"type":"Feature","properties":{"name":"Franklin Street","separation_level":"none","street_classification":"residential","maxspeed_int":20.0,"lanes_int":2.0},"geometry":{"type":"LineString","coordinates":[[-71.084823,42.383691],[-71.085145,42.383185],[-71.085161,42.383159]]}},{"type":"Feature","properties":{"name":"Flint Street","separation_level":"none","street_classification":"residential","maxspeed_int":20.0,"lanes_int":2.0},"geometry":{"type":"LineString","coordinates":[[-71.084823,42.383691],[-71.084945,42.383727],[-71.086517,42.384214],[-71.086596,42.384238]]}},{"type":"Feature","properties":{"name":"Myrtle Street","separation_level":"none","street_classification":"residential","maxspeed_int":20.0,"lanes_int":2.0},"geometry":{"type":"LineString","coordinates":[[-71.083405,42.384343],[-71.083329,42.384452],[-71.08332,42.384465],[-71.082884,42.38509]]}},{"type":"Feature","properties":{"name":"Pearl Street","separation_level":"none","street_classification":"residential","maxspeed_int":20.0,"lanes_int":2.0},"geometry":{"type":"LineString","coordinates":[[-71.083405,42.384343],[-71.083319,42.384319],[-71.083289,42.38431],[-71.082778,42.38417],[-71.082681,42.384143]]}},{"type":"Feature","properties":{"name":"Franklin Street","separation_level":"none","street_classification":"residential","maxspeed_int":20.0,"lanes_int":1.0},"geometry":{"type":"LineString","coordinates":[[-71.083676,42.385309],[-71.083413,42.385653],[-71.083382,42.385691]]}},{"type":"Feature","properties":{"name":"Webster Street","separation_level":"none","street_classification":"residential","maxspeed_int":20.0,"lanes_int":2.0},"geometry":{"type":"LineString","coordinates":[[-71.083676,42.385309],[-71.083743,42.385329],[-71.084152,42.385451],[-71.084642,42.385606]]}},{"type":"Feature","properties":{"name":"Rush Street","separation_level":"none","street_classification":"residential","maxspeed_int":20.0,"lanes_int":2.0},"geometry":{"type":"LineString","coordinates":[[-71.087035,42.385445],[-71.087061,42.385399],[-71.087509,42.384616],[-71.087552,42.384541]]}},{"type":"Feature","properties":{"name":"Pearl Street","separation_level":"none","street_classification":"residential","maxspeed_int":20.0,"lanes_int":2.0},"geometry":{"type":"LineString","coordinates":[[-71.087035,42.385445],[-71.087686,42.385645],[-71.087734,42.38566],[-71.087838,42.385692]]}},{"type":"Feature","properties":{"name":"Flint Street","separation_level":"none","street_classification":"residential","maxspeed_int":20.0,"lanes_int":2.0},"geometry":{"type":"LineString","coordinates":[[-71.087552,42.384541],[-71.087075,42.38439],[-71.086694,42.384269],[-71.086596,42.384238]]}},{"type":"Feature","properties":{"name":"Flint Street","separation_level":"none","street_classification":"residential","maxspeed_int":20.0,"lanes_int":2.0},"geometry":{"type":"LineString","coordinates":[[-71.087552,42.384541],[-71.088414,42.384812],[-71.088519,42.384846]]}},{"type":"Feature","properties":{"name":"Pearl Street","separation_level":"none","street_classification":"medium-capacity","maxspeed_int":20.0,"lanes_int":2.0},"geometry":{"type":"LineString","coordinates":[[-71.087838,42.385692],[-71.087941,42.385724],[-71.087978,42.385736],[-71.088958,42.386045]]}},{"type":"Feature","properties":{"name":"Cross Street","separation_level":"shared_lane","street_classification":"medium-capacity","maxspeed_int":20.0,"lanes_int":2.0},"geometry":{"type":"LineString","coordinates":[[-71.087838,42.385692],[-71.087884,42.385629],[-71.087903,42.385603],[-71.088035,42.385422]]}},{"type":"Feature","properties":{"name":"Cross Street","separation_level":"shared_lane","street_classification":"medium-capacity","maxspeed_int":20.0,"lanes_int":2.0},"geometry":{"type":"LineString","coordinates":[[-71.087838,42.385692],[-71.087786,42.385773],[-71.087774,42.385791],[-71.087526,42.386177]]}},{"type":"Feature","properties":{"name":"Glen Street","separation_level":"shared_lane","street_classification":"residential","maxspeed_int":20.0,"lanes_int":1.0},"geometry":{"type":"LineString","coordinates":[[-71.086596,42.384238],[-71.086344,42.384676],[-71.086154,42.385018],[-71.086113,42.385094],[-71.086098,42.38512],[-71.086081,42.385151]]}},{"type":"Feature","properties":{"name":"Cross Street","separation_level":"shared_lane","street_classification":"medium-capacity","maxspeed_int":20.0,"lanes_int":2.0},"geometry":{"type":"LineString","coordinates":[[-71.088519,42.384846],[-71.088994,42.384327],[-71.08905,42.384266]]}},{"type":"Feature","properties":{"name":"Cross Street","separation_level":"shared_lane","street_classification":"medium-capacity","maxspeed_int":20.0,"lanes_int":2.0},"geometry":{"type":"LineString","coordinates":[[-71.088519,42.384846],[-71.088151,42.385264],[-71.088035,42.385422]]}},{"type":"Feature","properties":{"name":"Flint Street","separation_level":"none","street_classification":"residential","maxspeed_int":20.0,"lanes_int":2.0},"geometry":{"type":"LineString","coordinates":[[-71.088519,42.384846],[-71.088626,42.384887],[-71.089351,42.385165]]}},{"type":"Feature","properties":{"name":"Pearl Street","separation_level":"none","street_classification":"medium-capacity","maxspeed_int":20.0,"lanes_int":2.0},"geometry":{"type":"LineString","coordinates":[[-71.088958,42.386045],[-71.089324,42.386161],[-71.089542,42.38623]]}},{"type":"Feature","properties":{"name":"Flint Avenue / Randolph Place","separation_level":"none","street_classification":"residential","maxspeed_int":25.0,"lanes_int":2.0},"geometry":{"type":"LineString","coordinates":[[-71.088035,42.385422],[-71.08809,42.385442],[-71.088868,42.385718],[-71.088931,42.385709],[-71.088969,42.385702],[-71.088979,42.385688],[-71.089314,42.385217],[-71.089351,42.385165]]}},{"type":"Feature","properties":{"name":null,"separation_level":"none","street_classification":"residential","maxspeed_int":null,"lanes_int":null},"geometry":{"type":"LineString","coordinates":[[-71.087526,42.386177],[-71.087477,42.386178],[-71.087418,42.386194],[-71.087369,42.386224],[-71.087303,42.386334],[-71.087279,42.386375],[-71.087276,42.3864],[-71.087295,42.386416],[-71.087367,42.38644]]}},{"type":"Feature","properties":{"name":"Cross Street","separation_level":"shared_lane","street_classification":"medium-capacity","maxspeed_int":20.0,"lanes_int":2.0},"geometry":{"type":"LineString","coordinates":[[-71.087526,42.386177],[-71.087409,42.386371],[-71.087367,42.38644]]}},{"type":"Feature","properties":{"name":"Vinal Avenue","separation_level":"none","street_classification":"residential","maxspeed_int":20.0,"lanes_int":1.0},"geometry":{"type":"LineString","coordinates":[[-71.096809,42.384838],[-71.097136,42.384299]]}},{"type":"Feature","properties":{"name":"Pleasant Avenue","separation_level":"none","street_classification":"residential","maxspeed_int":20.0,"lanes_int":2.0},"geometry":{"type":"LineString","coordinates":[[-71.096809,42.384838],[-71.096745,42.384813],[-71.09497,42.38411],[-71.094904,42.384083]]}},{"type":"Feature","properties":{"name":"Walnut Street","separation_level":"none","street_classification":"residential","maxspeed_int":20.0,"lanes_int":1.0},"geometry":{"type":"LineString","coordinates":[[-71.094551,42.384585],[-71.094214,42.385088],[-71.094173,42.385149]]}},{"type":"Feature","properties":{"name":"Walnut Street","separation_level":"none","street_classification":"residential","maxspeed_int":20.0,"lanes_int":1.0},"geometry":{"type":"LineString","coordinates":[[-71.094173,42.385149],[-71.094126,42.385218],[-71.093868,42.385598]]}},{"type":"Feature","properties":{"name":"Highland Avenue","separation_level":"shared_lane","street_classification":"medium-capacity","maxspeed_int":20.0,"lanes_int":2.0},"geometry":{"type":"LineString","coordinates":[[-71.094173,42.385149],[-71.094107,42.385123],[-71.0935,42.384883]]}},{"type":"Feature","properties":{"name":"Osgood Street","separation_level":"none","street_classification":"residential","maxspeed_int":20.0,"lanes_int":2.0},"geometry":{"type":"LineString","coordinates":[[-71.102723,42.383621],[-71.10333,42.383833]]}},{"type":"Feature","properties":{"name":"Granite Street","separation_level":"none","street_classification":"residential","maxspeed_int":20.0,"lanes_int":2.0},"geometry":{"type":"LineString","coordinates":[[-71.102723,42.383621],[-71.102742,42.383588],[-71.103063,42.38302]]}},{"type":"Feature","properties":{"name":"Loring Street","separation_level":"none","street_classification":"residential","maxspeed_int":20.0,"lanes_int":2.0},"geometry":{"type":"LineString","coordinates":[[-71.10333,42.383833],[-71.103358,42.383792],[-71.103832,42.383143],[-71.104108,42.382777],[-71.104162,42.382705]]}},{"type":"Feature","properties":{"name":"Granite Street","separation_level":"none","street_classification":"residential","maxspeed_int":20.0,"lanes_int":2.0},"geometry":{"type":"LineString","coordinates":[[-71.103063,42.38302],[-71.103336,42.382546],[-71.103348,42.382525],[-71.103395,42.382445]]}},{"type":"Feature","properties":{"name":"Knapp Street","separation_level":"none","street_classification":"residential","maxspeed_int":20.0,"lanes_int":1.0},"geometry":{"type":"LineString","coordinates":[[-71.103063,42.38302],[-71.103019,42.383005],[-71.101736,42.382563],[-71.101667,42.38254]]}},{"type":"Feature","properties":{"name":"Somerville Avenue","separation_level":"lane","street_classification":"medium-capacity","maxspeed_int":20.0,"lanes_int":2.0},"geometry":{"type":"LineString","coordinates":[[-71.104162,42.382705],[-71.104094,42.382683],[-71.104022,42.38266],[-71.103948,42.382635],[-71.103624,42.382524],[-71.103572,42.382506],[-71.103537,42.382494],[-71.103395,42.382445]]}},{"type":"Feature","properties":{"name":"Somerville Avenue","separation_level":"lane","street_classification":"medium-capacity","maxspeed_int":20.0,"lanes_int":2.0},"geometry":{"type":"LineString","coordinates":[[-71.104162,42.382705],[-71.104197,42.382716],[-71.104237,42.382728],[-71.104283,42.382741],[-71.104345,42.382757],[-71.104413,42.382775],[-71.104474,42.382789],[-71.104516,42.382799],[-71.104611,42.38282]]}},{"type":"Feature","properties":{"name":"Somerville Avenue","separation_level":"lane","street_classification":"medium-capacity","maxspeed_int":20.0,"lanes_int":3.0},"geometry":{"type":"LineString","coordinates":[[-71.103395,42.382445],[-71.103275,42.382405],[-71.103238,42.382392],[-71.103203,42.382381],[-71.102946,42.382294],[-71.102807,42.382249]]}},{"type":"Feature","properties":{"name":"Dane Street","separation_level":"lane","street_classification":"medium-capacity","maxspeed_int":20.0,"lanes_int":2.0},"geometry":{"type":"LineString","coordinates":[[-71.103395,42.382445],[-71.103441,42.38237],[-71.10346,42.38234],[-71.10348,42.382309],[-71.103605,42.382112],[-71.103721,42.38193],[-71.103911,42.381612],[-71.103957,42.381533]]}},{"type":"Feature","properties":{"name":"School Street","separation_level":"none","street_classification":"medium-capacity","maxspeed_int":20.0,"lanes_int":2.0},"geometry":{"type":"LineString","coordinates":[[-71.101667,42.38254],[-71.101991,42.382061],[-71.102036,42.382004]]}},{"type":"Feature","properties":{"name":"Beacon Street","separation_level":"separate","street_classification":"medium-capacity","maxspeed_int":25.0,"lanes_int":2.0},"geometry":{"type":"LineString","coordinates":[[-71.113608,42.384207],[-71.113626,42.384189],[-71.114127,42.384596],[-71.114106,42.384612]]}},{"type":"Feature","properties":{"name":"Beacon Street","separation_level":"separate","street_classification":"dedicated_path","maxspeed_int":null,"lanes_int":null},"geometry":{"type":"LineString","coordinates":[[-71.113608,42.384207],[-71.113589,42.384225],[-71.113852,42.384437],[-71.114085,42.384627],[-71.114106,42.384612]]}},{"type":"Feature","properties":{"name":"Beacon Street","separation_level":"separate","street_classification":"medium-capacity","maxspeed_int":25.0,"lanes_int":2.0},"geometry":{"type":"LineString","coordinates":[[-71.113608,42.384207],[-71.113626,42.384189],[-71.113078,42.383743],[-71.113108,42.383718]]}},{"type":"Feature","properties":{"name":"Miller Street","separation_level":"none","street_classification":"residential","maxspeed_int":20.0,"lanes_int":2.0},"geometry":{"type":"LineString","coordinates":[[-71.113608,42.384207],[-71.113589,42.384225],[-71.113568,42.384246],[-71.113384,42.384413],[-71.113318,42.384466],[-71.113279,42.384478],[-71.113229,42.384478],[-71.113202,42.384462],[-71.113125,42.384412],[-71.113064,42.384372],[-71.112917,42.384277],[-71.112622,42.384077],[-71.112457,42.38396]]}},{"type":"Feature","properties":{"name":"Beacon Street","separation_level":"separate","street_classification":"dedicated_path","maxspeed_int":null,"lanes_int":null},"geometry":{"type":"LineString","coordinates":[[-71.114106,42.384612],[-71.114085,42.384627],[-71.114135,42.384669],[-71.114355,42.384845],[-71.114428,42.384903],[-71.114535,42.384991],[-71.114568,42.385018],[-71.114588,42.385003]]}},{"type":"Feature","properties":{"name":"Beacon Street","separation_level":"separate","street_classification":"medium-capacity","maxspeed_int":25.0,"lanes_int":2.0},"geometry":{"type":"LineString","coordinates":[[-71.113108,42.383718],[-71.113078,42.383743],[-71.112641,42.383387],[-71.112623,42.383409]]}},{"type":"Feature","properties":{"name":"Beacon Street","separation_level":"separate","street_classification":"dedicated_path","maxspeed_int":null,"lanes_int":null},"geometry":{"type":"LineString","coordinates":[[-71.113108,42.383718],[-71.113138,42.383694],[-71.113126,42.383684],[-71.113099,42.383662],[-71.113033,42.383608],[-71.112716,42.38335],[-71.112522,42.383194],[-71.112482,42.383162],[-71.11245,42.383184]]}},{"type":"Feature","properties":{"name":"Sacramento Street","separation_level":"none","street_classification":"residential","maxspeed_int":20.0,"lanes_int":2.0},"geometry":{"type":"LineString","coordinates":[[-71.112457,42.38396],[-71.112295,42.383845],[-71.112428,42.38367],[-71.112343,42.383629]]}},{"type":"Feature","properties":{"name":"Beacon Street","separation_level":"separate","street_classification":"medium-capacity","maxspeed_int":25.0,"lanes_int":2.0},"geometry":{"type":"LineString","coordinates":[[-71.112623,42.383409],[-71.112641,42.383387],[-71.112477,42.383254],[-71.112418,42.383206],[-71.11245,42.383184]]}},{"type":"Feature","properties":{"name":"Sacramento Street","separation_level":"none","street_classification":"residential","maxspeed_int":20.0,"lanes_int":2.0},"geometry":{"type":"LineString","coordinates":[[-71.112623,42.383409],[-71.112606,42.38343],[-71.112592,42.383449],[-71.112575,42.383471],[-71.112428,42.38367],[-71.112343,42.383629]]}},{"type":"Feature","properties":{"name":"Beacon Street","separation_level":"separate","street_classification":"dedicated_path","maxspeed_int":null,"lanes_int":null},"geometry":{"type":"LineString","coordinates":[[-71.112623,42.383409],[-71.112606,42.38343],[-71.112972,42.383727],[-71.113456,42.384118],[-71.113589,42.384225],[-71.113608,42.384207]]}},{"type":"Feature","properties":{"name":"Beacon Street","separation_level":"separate","street_classification":"medium-capacity","maxspeed_int":25.0,"lanes_int":2.0},"geometry":{"type":"LineString","coordinates":[[-71.11245,42.383184],[-71.112418,42.383206],[-71.112327,42.383132],[-71.112304,42.383113],[-71.111923,42.382803],[-71.111858,42.382869]]}},{"type":"Feature","properties":{"name":"Beacon Street","separation_level":"separate","street_classification":"dedicated_path","maxspeed_int":null,"lanes_int":null},"geometry":{"type":"LineString","coordinates":[[-71.11245,42.383184],[-71.112482,42.383162],[-71.112436,42.383126],[-71.112387,42.383086],[-71.112362,42.383066],[-71.112085,42.382838],[-71.111755,42.382571],[-71.111454,42.382322],[-71.111419,42.382344]]}},{"type":"Feature","properties":{"name":null,"separation_level":"none","street_classification":"residential","maxspeed_int":null,"lanes_int":null},"geometry":{"type":"LineString","coordinates":[[-71.112343,42.383629],[-71.112258,42.383588],[-71.111624,42.383127]]}},{"type":"Feature","properties":{"name":null,"separation_level":"none","street_classification":"residential","maxspeed_int":null,"lanes_int":null},"geometry":{"type":"LineString","coordinates":[[-71.112343,42.383629],[-71.112258,42.383588],[-71.112391,42.38343],[-71.111793,42.382938],[-71.111858,42.382869]]}},{"type":"Feature","properties":{"name":"Elm Street","separation_level":"track","street_classification":"medium-capacity","maxspeed_int":20.0,"lanes_int":2.0},"geometry":{"type":"LineString","coordinates":[[-71.11409,42.385957],[-71.113813,42.386092],[-71.11387,42.386159],[-71.113958,42.386244],[-71.114012,42.386221]]}},{"type":"Feature","properties":{"name":"Porter Street","separation_level":"none","street_classification":"residential","maxspeed_int":20.0,"lanes_int":2.0},"geometry":{"type":"LineString","coordinates":[[-71.11409,42.385957],[-71.113813,42.386092],[-71.113755,42.386176],[-71.113729,42.386212],[-71.113572,42.386436]]}},{"type":"Feature","properties":{"name":"Elm Street","separation_level":"track","street_classification":"medium-capacity","maxspeed_int":20.0,"lanes_int":2.0},"geometry":{"type":"LineString","coordinates":[[-71.11409,42.385957],[-71.113798,42.386075],[-71.113633,42.385886],[-71.113724,42.385784]]}},{"type":"Feature","properties":{"name":"Somerville Avenue","separation_level":"track","street_classification":"medium-capacity","maxspeed_int":20.0,"lanes_int":2.0},"geometry":{"type":"LineString","coordinates":[[-71.11409,42.385957],[-71.114191,42.38582],[-71.113966,42.385695],[-71.113724,42.385784]]}},{"type":"Feature","properties":{"name":null,"separation_level":"none","street_classification":"residential","maxspeed_int":null,"lanes_int":null},"geometry":{"type":"LineString","coordinates":[[-71.11409,42.385957],[-71.114191,42.38582],[-71.114164,42.385721],[-71.11416,42.385706],[-71.114146,42.385655],[-71.113467,42.385261],[-71.11308,42.385019],[-71.11283,42.384863]]}},{"type":"Feature","properties":{"name":"Porter Street","separation_level":"none","street_classification":"residential","maxspeed_int":20.0,"lanes_int":2.0},"geometry":{"type":"LineString","coordinates":[[-71.113572,42.386436],[-71.113317,42.386801],[-71.113311,42.38681]]}},{"type":"Feature","properties":{"name":"Elm Street","separation_level":"track","street_classification":"medium-capacity","maxspeed_int":25.0,"lanes_int":2.0},"geometry":{"type":"LineString","coordinates":[[-71.113724,42.385784],[-71.113633,42.385886],[-71.113573,42.385787],[-71.11356,42.385765],[-71.11355,42.385739],[-71.113546,42.385717],[-71.113546,42.385691],[-71.113552,42.385663],[-71.113564,42.385636],[-71.113579,42.385615],[-71.113593,42.385597],[-71.113615,42.385574],[-71.113655,42.385531],[-71.113592,42.385498]]}},{"type":"Feature","properties":{"name":"Somerville Avenue","separation_level":"track","street_classification":"medium-capacity","maxspeed_int":20.0,"lanes_int":2.0},"geometry":{"type":"LineString","coordinates":[[-71.113724,42.385784],[-71.113966,42.385695],[-71.113844,42.385631],[-71.113821,42.385619],[-71.113655,42.385531],[-71.113592,42.385498]]}},{"type":"Feature","properties":{"name":null,"separation_level":"none","street_classification":"residential","maxspeed_int":null,"lanes_int":null},"geometry":{"type":"LineString","coordinates":[[-71.11283,42.384863],[-71.112742,42.384942],[-71.112728,42.384954],[-71.11267,42.385012],[-71.11264,42.384996]]}},{"type":"Feature","properties":{"name":"Medford Street","separation_level":"none","street_classification":"medium-capacity","maxspeed_int":25.0,"lanes_int":2.0},"geometry":{"type":"LineString","coordinates":[[-71.092781,42.384851],[-71.093458,42.385513],[-71.0937,42.385753],[-71.093737,42.38579]]}},{"type":"Feature","properties":{"name":"Medford Street","separation_level":"none","street_classification":"medium-capacity","maxspeed_int":null,"lanes_int":2.0},"geometry":{"type":"LineString","coordinates":[[-71.092781,42.384851],[-71.092637,42.384666],[-71.092624,42.384624],[-71.09263,42.384591],[-71.092648,42.384547]]}},{"type":"Feature","properties":{"name":"Medford Street","separation_level":"lane","street_classification":"medium-capacity","maxspeed_int":25.0,"lanes_int":2.0},"geometry":{"type":"LineString","coordinates":[[-71.093737,42.38579],[-71.093804,42.385854],[-71.094085,42.386122]]}},{"type":"Feature","properties":{"name":"Walnut Street","separation_level":"none","street_classification":"residential","maxspeed_int":20.0,"lanes_int":1.0},"geometry":{"type":"LineString","coordinates":[[-71.093737,42.38579],[-71.093709,42.385863],[-71.093654,42.386015],[-71.093574,42.386174],[-71.093567,42.386195],[-71.09359,42.386208]]}},{"type":"Feature","properties":{"name":"Medford Street","separation_level":"lane","street_classification":"medium-capacity","maxspeed_int":25.0,"lanes_int":2.0},"geometry":{"type":"LineString","coordinates":[[-71.094085,42.386122],[-71.094352,42.386383],[-71.094523,42.386556],[-71.094533,42.386565]]}},{"type":"Feature","properties":{"name":"Walnut Street","separation_level":"none","street_classification":"residential","maxspeed_int":20.0,"lanes_int":2.0},"geometry":{"type":"LineString","coordinates":[[-71.09359,42.386208],[-71.093567,42.386195],[-71.093546,42.386254],[-71.093471,42.386462],[-71.093394,42.386671],[-71.093301,42.38664]]}},{"type":"Feature","properties":{"name":"Walnut Street","separation_level":"separate","street_classification":"dedicated_path","maxspeed_int":null,"lanes_int":null},"geometry":{"type":"LineString","coordinates":[[-71.09359,42.386208],[-71.093614,42.386221],[-71.093592,42.386283],[-71.093518,42.38649],[-71.093442,42.386681],[-71.093301,42.38664]]}},{"type":"Feature","properties":{"name":"Somerville Community Path","separation_level":"separate","street_classification":"dedicated_path","maxspeed_int":null,"lanes_int":null},"geometry":{"type":"LineString","coordinates":[[-71.09359,42.386208],[-71.093567,42.386195],[-71.093547,42.386184],[-71.093537,42.386181],[-71.093512,42.386173],[-71.093496,42.38616],[-71.093032,42.385816],[-71.093011,42.3858],[-71.092948,42.385752],[-71.092917,42.385727],[-71.092879,42.385696],[-71.092843,42.385664],[-71.092807,42.385633],[-71.092729,42.385562],[-71.092636,42.385478],[-71.092577,42.385425],[-71.092524,42.385376],[-71.092481,42.385335],[-71.092433,42.385291],[-71.092401,42.38526],[-71.092374,42.385235],[-71.09233,42.385191],[-71.092274,42.385135],[-71.092183,42.385043],[-71.092092,42.384952],[-71.092004,42.38486],[-71.09197,42.384823],[-71.091873,42.384718],[-71.091566,42.384382],[-71.091087,42.383869],[-71.090936,42.383706],[-71.09088,42.383646]]}},{"type":"Feature","properties":{"name":"Somerville Community Path","separation_level":"separate","street_classification":"dedicated_path","maxspeed_int":null,"lanes_int":null},"geometry":{"type":"LineString","coordinates":[[-71.09359,42.386208],[-71.093614,42.386221],[-71.093632,42.386232],[-71.093643,42.386233],[-71.093659,42.386236],[-71.093681,42.386254],[-71.093877,42.386412],[-71.093903,42.386433],[-71.093922,42.386448],[-71.09394,42.386461],[-71.093961,42.386476],[-71.09401,42.38651],[-71.094057,42.38654],[-71.0941,42.386565],[-71.094149,42.386593],[-71.09451,42.386788],[-71.094556,42.386813],[-71.094596,42.386834],[-71.094635,42.386854],[-71.094715,42.386895],[-71.094731,42.386902],[-71.094772,42.386918],[-71.094787,42.386909],[-71.09483,42.386885],[-71.094855,42.38687]]}},{"type":"Feature","properties":{"name":null,"separation_level":"none","street_classification":"residential","maxspeed_int":null,"lanes_int":null},"geometry":{"type":"LineString","coordinates":[[-71.092134,42.384322],[-71.092166,42.384167],[-71.092209,42.384145],[-71.092261,42.384118],[-71.092296,42.384088],[-71.09245,42.383897],[-71.092455,42.383889],[-71.092458,42.383881],[-71.09246,42.383873],[-71.09246,42.383865],[-71.092458,42.383857],[-71.092455,42.383849],[-71.092408,42.383765],[-71.092405,42.383757],[-71.092403,42.383748],[-71.092403,42.38374],[-71.092405,42.383732],[-71.092408,42.383724],[-71.092413,42.383716],[-71.092451,42.38367]]}},{"type":"Feature","properties":{"name":"Medford Street","separation_level":"none","street_classification":"medium-capacity","maxspeed_int":null,"lanes_int":3.0},"geometry":{"type":"LineString","coordinates":[[-71.092134,42.384322],[-71.092166,42.384167],[-71.092101,42.384095],[-71.091953,42.383933],[-71.091913,42.383892],[-71.091872,42.383854],[-71.091833,42.383821],[-71.091802,42.383799],[-71.091768,42.383779],[-71.091735,42.383763],[-71.091702,42.383749],[-71.091667,42.383736],[-71.091604,42.383716],[-71.091533,42.383695],[-71.091433,42.383748]]}},{"type":"Feature","properties":{"name":"Highland Avenue","separation_level":"none","street_classification":"medium-capacity","maxspeed_int":25.0,"lanes_int":null},"geometry":{"type":"LineString","coordinates":[[-71.092134,42.384322],[-71.092168,42.3843],[-71.092317,42.3844],[-71.092371,42.384433],[-71.092425,42.384463],[-71.092472,42.384485],[-71.092524,42.384506],[-71.092558,42.384515],[-71.092648,42.384547]]}},{"type":"Feature","properties":{"name":"Medford Street","separation_level":"none","street_classification":"medium-capacity","maxspeed_int":25.0,"lanes_int":1.0},"geometry":{"type":"LineString","coordinates":[[-71.092134,42.384322],[-71.092248,42.384377],[-71.092376,42.384498],[-71.092444,42.384564],[-71.092618,42.384722],[-71.092781,42.384851]]}},{"type":"Feature","properties":{"name":null,"separation_level":"none","street_classification":"residential","maxspeed_int":null,"lanes_int":null},"geometry":{"type":"LineString","coordinates":[[-71.092134,42.384322],[-71.091996,42.384133],[-71.091953,42.384157],[-71.091788,42.384258],[-71.09175,42.384257],[-71.091613,42.384123],[-71.091609,42.384085],[-71.091653,42.38403],[-71.091749,42.384008],[-71.091781,42.38399],[-71.091823,42.383965]]}},{"type":"Feature","properties":{"name":"Oliver Street","separation_level":"shared_lane","street_classification":"residential","maxspeed_int":20.0,"lanes_int":2.0},"geometry":{"type":"LineString","coordinates":[[-71.085161,42.383159],[-71.085145,42.383185],[-71.085245,42.383216],[-71.086155,42.383497]]}},{"type":"Feature","properties":{"name":"Franklin Street","separation_level":"none","street_classification":"residential","maxspeed_int":20.0,"lanes_int":2.0},"geometry":{"type":"LineString","coordinates":[[-71.085161,42.383159],[-71.085176,42.383134],[-71.085387,42.382821]]}},{"type":"Feature","properties":{"name":"Myrtle Street","separation_level":"none","street_classification":"residential","maxspeed_int":20.0,"lanes_int":2.0},"geometry":{"type":"LineString","coordinates":[[-71.082884,42.38509],[-71.08267,42.385414],[-71.082656,42.385435],[-71.082625,42.38549]]}},{"type":"Feature","properties":{"name":"Florence Street","separation_level":"none","street_classification":"residential","maxspeed_int":20.0,"lanes_int":2.0},"geometry":{"type":"LineString","coordinates":[[-71.082681,42.384143],[-71.082623,42.384225],[-71.082611,42.384241],[-71.08241,42.384524],[-71.08232,42.38465]]}},{"type":"Feature","properties":{"name":"Florence Street","separation_level":"none","street_classification":"residential","maxspeed_int":20.0,"lanes_int":1.0},"geometry":{"type":"LineString","coordinates":[[-71.082681,42.384143],[-71.082717,42.38409],[-71.082899,42.383828],[-71.083083,42.383544],[-71.083134,42.383247],[-71.083144,42.382897],[-71.083119,42.382435],[-71.083078,42.381883],[-71.08306,42.381788]]}},{"type":"Feature","properties":{"name":"Pearl Street","separation_level":"none","street_classification":"residential","maxspeed_int":20.0,"lanes_int":2.0},"geometry":{"type":"LineString","coordinates":[[-71.082681,42.384143],[-71.082593,42.38412],[-71.082488,42.384092],[-71.081935,42.383946],[-71.08183,42.383919]]}},{"type":"Feature","properties":{"name":"Franklin Street","separation_level":"none","street_classification":"residential","maxspeed_int":20.0,"lanes_int":1.0},"geometry":{"type":"LineString","coordinates":[[-71.083382,42.385691],[-71.083343,42.385748],[-71.08319,42.385974],[-71.083004,42.386233]]}},{"type":"Feature","properties":{"name":"Perkins Street","separation_level":"none","street_classification":"residential","maxspeed_int":20.0,"lanes_int":2.0},"geometry":{"type":"LineString","coordinates":[[-71.083382,42.385691],[-71.0833,42.385665],[-71.083266,42.385657],[-71.082625,42.38549]]}},{"type":"Feature","properties":{"name":"Webster Street","separation_level":"none","street_classification":"residential","maxspeed_int":20.0,"lanes_int":2.0},"geometry":{"type":"LineString","coordinates":[[-71.084642,42.385606],[-71.085496,42.385878],[-71.085543,42.385894]]}},{"type":"Feature","properties":{"name":"Cutter Street","separation_level":"none","street_classification":"residential","maxspeed_int":20.0,"lanes_int":1.0},"geometry":{"type":"LineString","coordinates":[[-71.084642,42.385606],[-71.084608,42.385654],[-71.084289,42.386092],[-71.0842,42.386216],[-71.084114,42.386337],[-71.083985,42.386518],[-71.083847,42.386706],[-71.083766,42.386673]]}},{"type":"Feature","properties":{"name":"Florence Street","separation_level":"none","street_classification":"residential","maxspeed_int":20.0,"lanes_int":2.0},"geometry":{"type":"LineString","coordinates":[[-71.08232,42.38465],[-71.082164,42.384867],[-71.08192,42.385235],[-71.081878,42.385299]]}},{"type":"Feature","properties":{"name":"Washington Street","separation_level":"track","street_classification":"medium-capacity","maxspeed_int":25.0,"lanes_int":3.0},"geometry":{"type":"LineString","coordinates":[[-71.08306,42.381788],[-71.082353,42.381907]]}},{"type":"Feature","properties":{"name":"Washington Street","separation_level":"track","street_classification":"medium-capacity","maxspeed_int":25.0,"lanes_int":3.0},"geometry":{"type":"LineString","coordinates":[[-71.08306,42.381788],[-71.083745,42.381681],[-71.08382,42.381676],[-71.083922,42.381664]]}},{"type":"Feature","properties":{"name":"Pinckney Street","separation_level":"none","street_classification":"residential","maxspeed_int":20.0,"lanes_int":2.0},"geometry":{"type":"LineString","coordinates":[[-71.08183,42.383919],[-71.081755,42.384025],[-71.081739,42.384047],[-71.081416,42.384503]]}},{"type":"Feature","properties":{"name":"Pinckney Street","separation_level":"none","street_classification":"residential","maxspeed_int":20.0,"lanes_int":1.0},"geometry":{"type":"LineString","coordinates":[[-71.08183,42.383919],[-71.081874,42.383856],[-71.082227,42.383348]]}},{"type":"Feature","properties":{"name":"Pearl Street","separation_level":"shared_lane","street_classification":"residential","maxspeed_int":20.0,"lanes_int":2.0},"geometry":{"type":"LineString","coordinates":[[-71.08183,42.383919],[-71.081741,42.383896],[-71.081581,42.383854],[-71.081329,42.38379],[-71.080884,42.383669],[-71.080849,42.38366],[-71.080751,42.383635],[-71.0807,42.38371]]}},{"type":"Feature","properties":{"name":"Perkins Street","separation_level":"none","street_classification":"residential","maxspeed_int":20.0,"lanes_int":2.0},"geometry":{"type":"LineString","coordinates":[[-71.081878,42.385299],[-71.081563,42.385218],[-71.081473,42.385193]]}},{"type":"Feature","properties":{"name":"Perkins Street","separation_level":"none","street_classification":"residential","maxspeed_int":20.0,"lanes_int":2.0},"geometry":{"type":"LineString","coordinates":[[-71.081878,42.385299],[-71.082625,42.38549]]}},{"type":"Feature","properties":{"name":"Washington Street","separation_level":"track","street_classification":"medium-capacity","maxspeed_int":null,"lanes_int":4.0},"geometry":{"type":"LineString","coordinates":[[-71.082353,42.381907],[-71.081944,42.381981]]}},{"type":"Feature","properties":{"name":"Myrtle Street","separation_level":"none","street_classification":"residential","maxspeed_int":20.0,"lanes_int":1.0},"geometry":{"type":"LineString","coordinates":[[-71.083922,42.381664],[-71.083924,42.381758],[-71.083933,42.38198]]}},{"type":"Feature","properties":{"name":"Washington Street","separation_level":"lane_buffered","street_classification":"medium-capacity","maxspeed_int":25.0,"lanes_int":2.0},"geometry":{"type":"LineString","coordinates":[[-71.083922,42.381664],[-71.084024,42.381651],[-71.084118,42.38164],[-71.084443,42.381602],[-71.084578,42.381586]]}},{"type":"Feature","properties":{"name":"Pinckney Street","separation_level":"none","street_classification":"residential","maxspeed_int":20.0,"lanes_int":2.0},"geometry":{"type":"LineString","coordinates":[[-71.081416,42.384503],[-71.081074,42.385002],[-71.081029,42.385067]]}},{"type":"Feature","properties":{"name":"Wheeler Street","separation_level":"none","street_classification":"residential","maxspeed_int":20.0,"lanes_int":2.0},"geometry":{"type":"LineString","coordinates":[[-71.081416,42.384503],[-71.081347,42.384475],[-71.080907,42.384292],[-71.080508,42.384144],[-71.080414,42.384108]]}},{"type":"Feature","properties":{"name":"Pinckney Street","separation_level":"none","street_classification":"residential","maxspeed_int":20.0,"lanes_int":1.0},"geometry":{"type":"LineString","coordinates":[[-71.082227,42.383348],[-71.082398,42.383103],[-71.082359,42.382011],[-71.082353,42.381907]]}},{"type":"Feature","properties":{"name":"Mount Vernon Street","separation_level":"none","street_classification":"residential","maxspeed_int":20.0,"lanes_int":1.0},"geometry":{"type":"LineString","coordinates":[[-71.0807,42.38371],[-71.080751,42.383635],[-71.080773,42.383588],[-71.081416,42.382708]]}},{"type":"Feature","properties":{"name":"Mount Vernon Street","separation_level":"lane","street_classification":"residential","maxspeed_int":20.0,"lanes_int":1.0},"geometry":{"type":"LineString","coordinates":[[-71.0807,42.38371],[-71.080648,42.383785],[-71.080414,42.384108]]}},{"type":"Feature","properties":{"name":"Pearl Street / Crescent Street","separation_level":"none","street_classification":"residential","maxspeed_int":25.0,"lanes_int":1.0},"geometry":{"type":"LineString","coordinates":[[-71.0807,42.38371],[-71.080648,42.383785],[-71.080573,42.383754],[-71.079485,42.383345],[-71.079771,42.382917]]}},{"type":"Feature","properties":{"name":"Summer Street","separation_level":"track","street_classification":"medium-capacity","maxspeed_int":20.0,"lanes_int":1.0},"geometry":{"type":"LineString","coordinates":[[-71.098127,42.381981],[-71.0981,42.381952],[-71.098082,42.381876],[-71.09808,42.381836],[-71.098092,42.381782],[-71.098122,42.381746],[-71.09818,42.381712],[-71.098304,42.38165]]}},{"type":"Feature","properties":{"name":"Summer Street","separation_level":"separate","street_classification":"medium-capacity","maxspeed_int":20.0,"lanes_int":2.0},"geometry":{"type":"LineString","coordinates":[[-71.098127,42.381981],[-71.098154,42.382011],[-71.098226,42.38209],[-71.098332,42.382204],[-71.098324,42.38222]]}},{"type":"Feature","properties":{"name":"Bow Street","separation_level":"track","street_classification":"medium-capacity","maxspeed_int":20.0,"lanes_int":1.0},"geometry":{"type":"LineString","coordinates":[[-71.098304,42.38165],[-71.098385,42.381636],[-71.098744,42.381574],[-71.099056,42.381524]]}},{"type":"Feature","properties":{"name":"Summer Street","separation_level":"separate","street_classification":"dedicated_path","maxspeed_int":null,"lanes_int":null},"geometry":{"type":"LineString","coordinates":[[-71.098324,42.38222],[-71.098315,42.382236],[-71.098644,42.382583],[-71.099015,42.382975],[-71.099059,42.383022],[-71.099075,42.383013]]}},{"type":"Feature","properties":{"name":"Bow Street","separation_level":"track","street_classification":"medium-capacity","maxspeed_int":20.0,"lanes_int":1.0},"geometry":{"type":"LineString","coordinates":[[-71.099056,42.381524],[-71.099545,42.381439]]}},{"type":"Feature","properties":{"name":"Washington Street","separation_level":"separate","street_classification":"medium-capacity","maxspeed_int":null,"lanes_int":3.0},"geometry":{"type":"LineString","coordinates":[[-71.081944,42.381981],[-71.081755,42.382013],[-71.081526,42.382042],[-71.0815,42.382046]]}},{"type":"Feature","properties":{"name":"Inner Belt Road","separation_level":"none","street_classification":"residential","maxspeed_int":25.0,"lanes_int":2.0},"geometry":{"type":"LineString","coordinates":[[-71.0815,42.382046],[-71.081526,42.382042],[-71.081508,42.38197],[-71.081489,42.38189],[-71.081378,42.381518],[-71.081366,42.381474]]}},{"type":"Feature","properties":{"name":null,"separation_level":"none","street_classification":"residential","maxspeed_int":null,"lanes_int":null},"geometry":{"type":"LineString","coordinates":[[-71.081366,42.381474],[-71.081378,42.381518],[-71.081503,42.381497],[-71.08168,42.381469]]}},{"type":"Feature","properties":{"name":"Inner Belt Road","separation_level":"none","street_classification":"residential","maxspeed_int":25.0,"lanes_int":2.0},"geometry":{"type":"LineString","coordinates":[[-71.081366,42.381474],[-71.081354,42.381431],[-71.081278,42.381166]]}},{"type":"Feature","properties":{"name":"Myrtle Street","separation_level":"none","street_classification":"residential","maxspeed_int":20.0,"lanes_int":1.0},"geometry":{"type":"LineString","coordinates":[[-71.083933,42.38198],[-71.083949,42.382364]]}},{"type":"Feature","properties":{"name":null,"separation_level":"none","street_classification":"residential","maxspeed_int":null,"lanes_int":null},"geometry":{"type":"LineString","coordinates":[[-71.083933,42.38198],[-71.083875,42.381984],[-71.083843,42.381987],[-71.083583,42.381994],[-71.083593,42.382374],[-71.083894,42.382365],[-71.083949,42.382364]]}},{"type":"Feature","properties":{"name":"Washington Street","separation_level":"track","street_classification":"medium-capacity","maxspeed_int":25.0,"lanes_int":2.0},"geometry":{"type":"LineString","coordinates":[[-71.084578,42.381586],[-71.084973,42.381534]]}},{"type":"Feature","properties":{"name":"Walnut Street","separation_level":"none","street_classification":"residential","maxspeed_int":20.0,"lanes_int":1.0},"geometry":{"type":"LineString","coordinates":[[-71.093868,42.385598],[-71.09378,42.385727],[-71.093737,42.38579]]}},{"type":"Feature","properties":{"name":"Medford Street","separation_level":"none","street_classification":"medium-capacity","maxspeed_int":25.0,"lanes_int":2.0},"geometry":{"type":"LineString","coordinates":[[-71.091433,42.383748],[-71.091525,42.383802],[-71.091662,42.383853],[-71.091693,42.38387],[-71.091724,42.383888],[-71.091757,42.383909],[-71.091792,42.383937],[-71.091823,42.383965]]}},{"type":"Feature","properties":{"name":"McGrath Highway","separation_level":"track","street_classification":"motorway","maxspeed_int":40.0,"lanes_int":2.0},"geometry":{"type":"LineString","coordinates":[[-71.091433,42.383748],[-71.091533,42.383695],[-71.091535,42.383649],[-71.091535,42.383614],[-71.091533,42.383582],[-71.09153,42.38355],[-71.091528,42.383527],[-71.091524,42.383498],[-71.091519,42.383469],[-71.091512,42.383438],[-71.091506,42.383414],[-71.091497,42.383387],[-71.091485,42.383353],[-71.091471,42.383321]]}},{"type":"Feature","properties":{"name":"McGrath Highway","separation_level":"track","street_classification":"motorway","maxspeed_int":40.0,"lanes_int":4.0},"geometry":{"type":"LineString","coordinates":[[-71.091433,42.383748],[-71.091366,42.383851],[-71.091365,42.383856],[-71.091363,42.383869],[-71.091359,42.383885],[-71.091356,42.383896],[-71.091343,42.383945],[-71.091206,42.384477],[-71.091179,42.38458],[-71.091149,42.384685],[-71.091117,42.384792],[-71.091086,42.384898],[-71.091053,42.385004],[-71.09102,42.385111],[-71.090988,42.385214],[-71.090954,42.38532],[-71.090915,42.385427],[-71.090876,42.385534],[-71.090837,42.385637],[-71.090796,42.385744],[-71.090755,42.38585],[-71.090732,42.38591],[-71.090689,42.386023],[-71.090641,42.386146],[-71.090638,42.386155]]}},{"type":"Feature","properties":{"name":"Medford Street","separation_level":"none","street_classification":"medium-capacity","maxspeed_int":25.0,"lanes_int":2.0},"geometry":{"type":"LineString","coordinates":[[-71.091823,42.383965],[-71.091828,42.38397],[-71.091996,42.384133],[-71.092134,42.384322]]}},{"type":"Feature","properties":{"name":"Beacon Street","separation_level":"separate","street_classification":"medium-capacity","maxspeed_int":25.0,"lanes_int":2.0},"geometry":{"type":"LineString","coordinates":[[-71.111858,42.382869],[-71.111923,42.382803],[-71.111385,42.382365],[-71.111419,42.382344]]}},{"type":"Feature","properties":{"name":"Beacon Street","separation_level":"separate","street_classification":"dedicated_path","maxspeed_int":null,"lanes_int":null},"geometry":{"type":"LineString","coordinates":[[-71.111858,42.382869],[-71.111883,42.382839],[-71.112014,42.382944],[-71.112281,42.383165],[-71.11238,42.383247],[-71.112606,42.38343],[-71.112623,42.383409]]}},{"type":"Feature","properties":{"name":null,"separation_level":"none","street_classification":"residential","maxspeed_int":null,"lanes_int":null},"geometry":{"type":"LineString","coordinates":[[-71.111858,42.382869],[-71.111793,42.382938],[-71.111624,42.383127]]}},{"type":"Feature","properties":{"name":"Beacon Street","separation_level":"separate","street_classification":"medium-capacity","maxspeed_int":25.0,"lanes_int":2.0},"geometry":{"type":"LineString","coordinates":[[-71.111419,42.382344],[-71.111385,42.382365],[-71.111113,42.382144],[-71.111033,42.382079],[-71.110976,42.382033],[-71.110958,42.382017],[-71.110913,42.381981]]}},{"type":"Feature","properties":{"name":"Beacon Street","separation_level":"separate","street_classification":"dedicated_path","maxspeed_int":null,"lanes_int":null},"geometry":{"type":"LineString","coordinates":[[-71.111419,42.382344],[-71.111454,42.382322],[-71.111388,42.382267],[-71.111131,42.382065],[-71.111094,42.382036],[-71.110958,42.382017],[-71.110913,42.381981]]}},{"type":"Feature","properties":{"name":"Church Street","separation_level":"none","street_classification":"residential","maxspeed_int":20.0,"lanes_int":2.0},"geometry":{"type":"LineString","coordinates":[[-71.10057,42.381537],[-71.100522,42.381522],[-71.100551,42.381472],[-71.100573,42.381433],[-71.100689,42.381231]]}},{"type":"Feature","properties":{"name":"Somerville Avenue","separation_level":"lane","street_classification":"medium-capacity","maxspeed_int":20.0,"lanes_int":1.0},"geometry":{"type":"LineString","coordinates":[[-71.10057,42.381537],[-71.100429,42.381493],[-71.100137,42.381368]]}},{"type":"Feature","properties":{"name":"Somerville Avenue","separation_level":"lane","street_classification":"medium-capacity","maxspeed_int":20.0,"lanes_int":2.0},"geometry":{"type":"LineString","coordinates":[[-71.10057,42.381537],[-71.100716,42.381584],[-71.101293,42.381768]]}},{"type":"Feature","properties":{"name":"Church Street","separation_level":"none","street_classification":"residential","maxspeed_int":20.0,"lanes_int":2.0},"geometry":{"type":"LineString","coordinates":[[-71.100689,42.381231],[-71.10078,42.381073],[-71.101055,42.380623]]}},{"type":"Feature","properties":{"name":"Somerville Avenue","separation_level":"lane","street_classification":"medium-capacity","maxspeed_int":20.0,"lanes_int":1.0},"geometry":{"type":"LineString","coordinates":[[-71.100137,42.381368],[-71.099796,42.381259]]}},{"type":"Feature","properties":{"name":"Somerville Avenue","separation_level":"lane","street_classification":"medium-capacity","maxspeed_int":20.0,"lanes_int":2.0},"geometry":{"type":"LineString","coordinates":[[-71.101293,42.381768],[-71.101549,42.381849]]}},{"type":"Feature","properties":{"name":"Quincy Street","separation_level":"none","street_classification":"residential","maxspeed_int":20.0,"lanes_int":1.0},"geometry":{"type":"LineString","coordinates":[[-71.101293,42.381768],[-71.101251,42.381825],[-71.100969,42.38223],[-71.100627,42.382718],[-71.100307,42.383182],[-71.09991,42.383735],[-71.099861,42.383803],[-71.099794,42.383752]]}},{"type":"Feature","properties":{"name":null,"separation_level":"none","street_classification":"residential","maxspeed_int":null,"lanes_int":null},"geometry":{"type":"LineString","coordinates":[[-71.08168,42.381469],[-71.081613,42.381234],[-71.081599,42.381187],[-71.081581,42.381123],[-71.081651,42.381046]]}},{"type":"Feature","properties":{"name":null,"separation_level":"none","street_classification":"residential","maxspeed_int":null,"lanes_int":null},"geometry":{"type":"LineString","coordinates":[[-71.08168,42.381469],[-71.081763,42.381756],[-71.081791,42.381779],[-71.08183,42.381788],[-71.082584,42.381663],[-71.082609,42.381656],[-71.082622,42.381645],[-71.082628,42.381631],[-71.082625,42.381616],[-71.082449,42.380878],[-71.082239,42.380914]]}},{"type":"Feature","properties":{"name":"Inner Belt Road","separation_level":"none","street_classification":"residential","maxspeed_int":25.0,"lanes_int":2.0},"geometry":{"type":"LineString","coordinates":[[-71.081278,42.381166],[-71.081213,42.380938],[-71.081159,42.38075],[-71.081129,42.380635]]}},{"type":"Feature","properties":{"name":null,"separation_level":"none","street_classification":"residential","maxspeed_int":null,"lanes_int":null},"geometry":{"type":"LineString","coordinates":[[-71.081278,42.381166],[-71.081406,42.381147],[-71.081581,42.381123],[-71.081651,42.381046]]}},{"type":"Feature","properties":{"name":"Dane Street","separation_level":"shared_lane","street_classification":"medium-capacity","maxspeed_int":20.0,"lanes_int":2.0},"geometry":{"type":"LineString","coordinates":[[-71.104497,42.380096],[-71.104408,42.379872]]}},{"type":"Feature","properties":{"name":"Dane Street","separation_level":"shared_lane","street_classification":"medium-capacity","maxspeed_int":20.0,"lanes_int":2.0},"geometry":{"type":"LineString","coordinates":[[-71.104497,42.380096],[-71.104582,42.380336],[-71.104598,42.380388],[-71.104604,42.380417]]}},{"type":"Feature","properties":{"name":"Skehan Street","separation_level":"none","street_classification":"residential","maxspeed_int":20.0,"lanes_int":2.0},"geometry":{"type":"LineString","coordinates":[[-71.104497,42.380096],[-71.104561,42.380082],[-71.105674,42.379859],[-71.10572,42.379849]]}},{"type":"Feature","properties":{"name":"Dane Street","separation_level":"shared_lane","street_classification":"medium-capacity","maxspeed_int":20.0,"lanes_int":2.0},"geometry":{"type":"LineString","coordinates":[[-71.104408,42.379872],[-71.104078,42.378966],[-71.104068,42.378939],[-71.104069,42.378883],[-71.104071,42.37883]]}},{"type":"Feature","properties":{"name":"Village Street","separation_level":"none","street_classification":"residential","maxspeed_int":25.0,"lanes_int":1.0},"geometry":{"type":"LineString","coordinates":[[-71.104604,42.380417],[-71.104676,42.380437],[-71.104685,42.380439],[-71.10485,42.38048],[-71.104907,42.380497]]}},{"type":"Feature","properties":{"name":"Dane Street","separation_level":"no","street_classification":"medium-capacity","maxspeed_int":20.0,"lanes_int":2.0},"geometry":{"type":"LineString","coordinates":[[-71.104604,42.380417],[-71.1046,42.380445],[-71.104589,42.380473],[-71.104354,42.380868],[-71.104261,42.381026],[-71.104211,42.38111]]}},{"type":"Feature","properties":{"name":"Hanson Street","separation_level":"none","street_classification":"residential","maxspeed_int":20.0,"lanes_int":1.0},"geometry":{"type":"LineString","coordinates":[[-71.10572,42.379849],[-71.105708,42.379821],[-71.105523,42.379332],[-71.105517,42.379318]]}},{"type":"Feature","properties":{"name":"Skehan Street","separation_level":"none","street_classification":"residential","maxspeed_int":25.0,"lanes_int":2.0},"geometry":{"type":"LineString","coordinates":[[-71.10572,42.379849],[-71.105773,42.379838],[-71.106123,42.379764],[-71.106589,42.37966],[-71.106418,42.37919],[-71.106401,42.379142]]}},{"type":"Feature","properties":{"name":"Washington Street","separation_level":"separate","street_classification":"dedicated_path","maxspeed_int":null,"lanes_int":null},"geometry":{"type":"LineString","coordinates":[[-71.104071,42.37883],[-71.104069,42.378883],[-71.104168,42.378857],[-71.104178,42.378854],[-71.10443,42.378789],[-71.104673,42.378726],[-71.10491,42.378665],[-71.105104,42.378615],[-71.105155,42.378602],[-71.105242,42.378582],[-71.105206,42.378538]]}},{"type":"Feature","properties":{"name":"Washington Street","separation_level":"separate","street_classification":"medium-capacity","maxspeed_int":20.0,"lanes_int":2.0},"geometry":{"type":"LineString","coordinates":[[-71.104071,42.37883],[-71.10407,42.378833],[-71.104154,42.378818],[-71.10419,42.378809],[-71.104332,42.378773],[-71.104429,42.378748],[-71.104608,42.378701],[-71.104716,42.378672],[-71.10481,42.378648],[-71.104896,42.378626],[-71.104984,42.378603],[-71.105085,42.378576],[-71.105137,42.378564],[-71.105198,42.37855],[-71.105206,42.378538]]}},{"type":"Feature","properties":{"name":"Washington Street","separation_level":"separate","street_classification":"medium-capacity","maxspeed_int":20.0,"lanes_int":2.0},"geometry":{"type":"LineString","coordinates":[[-71.104071,42.37883],[-71.10407,42.378833],[-71.10396,42.378852],[-71.103925,42.378862],[-71.103803,42.378894],[-71.103654,42.378932],[-71.103539,42.378962],[-71.103479,42.378978],[-71.10348,42.378956]]}},{"type":"Feature","properties":{"name":"Washington Street","separation_level":"separate","street_classification":"dedicated_path","maxspeed_int":null,"lanes_int":null},"geometry":{"type":"LineString","coordinates":[[-71.104071,42.37883],[-71.104074,42.378778],[-71.103954,42.37881],[-71.103895,42.378826],[-71.103659,42.378888],[-71.10348,42.378934],[-71.10348,42.378956]]}},{"type":"Feature","properties":{"name":"Calvin Street","separation_level":"lane","street_classification":"residential","maxspeed_int":20.0,"lanes_int":1.0},"geometry":{"type":"LineString","coordinates":[[-71.104071,42.37883],[-71.104074,42.378778],[-71.104075,42.378751],[-71.104141,42.377735],[-71.104146,42.377667],[-71.104177,42.377631]]}},{"type":"Feature","properties":{"name":"Nevada Avenue","separation_level":"none","street_classification":"residential","maxspeed_int":25.0,"lanes_int":1.0},"geometry":{"type":"LineString","coordinates":[[-71.104907,42.380497],[-71.10485,42.38048],[-71.104928,42.380464],[-71.105834,42.380282],[-71.105869,42.380275]]}},{"type":"Feature","properties":{"name":"Village Street","separation_level":"none","street_classification":"residential","maxspeed_int":25.0,"lanes_int":1.0},"geometry":{"type":"LineString","coordinates":[[-71.104907,42.380497],[-71.104964,42.380515],[-71.105227,42.380596],[-71.105822,42.380748],[-71.105972,42.380787],[-71.10609,42.380805]]}},{"type":"Feature","properties":{"name":"Dane Street","separation_level":"lane","street_classification":"medium-capacity","maxspeed_int":20.0,"lanes_int":2.0},"geometry":{"type":"LineString","coordinates":[[-71.104211,42.38111],[-71.104027,42.381409],[-71.104003,42.381454],[-71.103957,42.381533]]}},{"type":"Feature","properties":{"name":"Hanson Street","separation_level":"none","street_classification":"residential","maxspeed_int":20.0,"lanes_int":1.0},"geometry":{"type":"LineString","coordinates":[[-71.105517,42.379318],[-71.105511,42.379303],[-71.105265,42.378644],[-71.105252,42.378609],[-71.105242,42.378582],[-71.105206,42.378538]]}},{"type":"Feature","properties":{"name":"Durham Street","separation_level":"none","street_classification":"residential","maxspeed_int":20.0,"lanes_int":1.0},"geometry":{"type":"LineString","coordinates":[[-71.106401,42.379142],[-71.105619,42.37931],[-71.105523,42.379332],[-71.105517,42.379318]]}},{"type":"Feature","properties":{"name":"Hanson Street","separation_level":"none","street_classification":"residential","maxspeed_int":20.0,"lanes_int":1.0},"geometry":{"type":"LineString","coordinates":[[-71.105869,42.380275],[-71.105737,42.379889],[-71.10572,42.379849]]}},{"type":"Feature","properties":{"name":"Hanson Street","separation_level":"none","street_classification":"residential","maxspeed_int":20.0,"lanes_int":1.0},"geometry":{"type":"LineString","coordinates":[[-71.10609,42.380805],[-71.106062,42.380737],[-71.105869,42.380275]]}},{"type":"Feature","properties":{"name":"Properzi Way","separation_level":"none","street_classification":"residential","maxspeed_int":20.0,"lanes_int":2.0},"geometry":{"type":"LineString","coordinates":[[-71.10609,42.380805],[-71.106143,42.380775],[-71.106191,42.380743],[-71.106802,42.380332]]}},{"type":"Feature","properties":{"name":"SomerNOVA Alley","separation_level":"none","street_classification":"residential","maxspeed_int":null,"lanes_int":null},"geometry":{"type":"LineString","coordinates":[[-71.103957,42.381533],[-71.103911,42.381612],[-71.103864,42.381597],[-71.103676,42.381551],[-71.103613,42.381511],[-71.103199,42.381398]]}},{"type":"Feature","properties":{"name":"Tyler Street","separation_level":"none","street_classification":"residential","maxspeed_int":20.0,"lanes_int":2.0},"geometry":{"type":"LineString","coordinates":[[-71.103957,42.381533],[-71.104003,42.381454],[-71.104081,42.381473],[-71.104452,42.381566],[-71.104566,42.38159]]}},{"type":"Feature","properties":{"name":"Webster Avenue","separation_level":"lane","street_classification":"medium-capacity","maxspeed_int":20.0,"lanes_int":2.0},"geometry":{"type":"LineString","coordinates":[[-71.096081,42.37862],[-71.096101,42.378693],[-71.096125,42.378772],[-71.096144,42.378833],[-71.096185,42.378968],[-71.09634,42.37944],[-71.09635,42.379473],[-71.096369,42.379538],[-71.096375,42.37964],[-71.096377,42.379685]]}},{"type":"Feature","properties":{"name":"Webster Avenue","separation_level":"lane","street_classification":"medium-capacity","maxspeed_int":20.0,"lanes_int":2.0},"geometry":{"type":"LineString","coordinates":[[-71.096081,42.37862],[-71.09606,42.378547],[-71.09595,42.378195],[-71.095896,42.378023],[-71.09587,42.377937],[-71.095849,42.377872]]}},{"type":"Feature","properties":{"name":"Washington Street","separation_level":"separate","street_classification":"medium-capacity","maxspeed_int":20.0,"lanes_int":1.0},"geometry":{"type":"LineString","coordinates":[[-71.096377,42.379685],[-71.096375,42.37964],[-71.096518,42.379651],[-71.09689,42.379611],[-71.097028,42.379573],[-71.097144,42.379567]]}},{"type":"Feature","properties":{"name":"Union Square","separation_level":"separate","street_classification":"medium-capacity","maxspeed_int":20.0,"lanes_int":4.0},"geometry":{"type":"LineString","coordinates":[[-71.096377,42.379685],[-71.096375,42.37964],[-71.096196,42.379654],[-71.096153,42.379656],[-71.096111,42.379658],[-71.095819,42.379672],[-71.095784,42.379673],[-71.09575,42.379671],[-71.095717,42.379669],[-71.095684,42.379664]]}},{"type":"Feature","properties":{"name":"Somerville Avenue","separation_level":"separate","street_classification":"dedicated_path","maxspeed_int":null,"lanes_int":null},"geometry":{"type":"LineString","coordinates":[[-71.096377,42.379685],[-71.096375,42.37964],[-71.096196,42.379596],[-71.096169,42.379596],[-71.096154,42.379593],[-71.096141,42.379589],[-71.096129,42.379584],[-71.096112,42.379582],[-71.096084,42.379581],[-71.095754,42.379592],[-71.09572,42.379582],[-71.095679,42.379571],[-71.095616,42.379548],[-71.095419,42.379477],[-71.095389,42.379466],[-71.095322,42.379448],[-71.095254,42.379424],[-71.095147,42.379456]]}},{"type":"Feature","properties":{"name":"Bow Street","separation_level":"track","street_classification":"medium-capacity","maxspeed_int":25.0,"lanes_int":1.0},"geometry":{"type":"LineString","coordinates":[[-71.096377,42.379685],[-71.096346,42.379717],[-71.096329,42.379791],[-71.09637,42.379905]]}},{"type":"Feature","properties":{"name":"Washington Street","separation_level":"separate","street_classification":"dedicated_path","maxspeed_int":null,"lanes_int":null},"geometry":{"type":"LineString","coordinates":[[-71.096377,42.379685],[-71.096413,42.37971],[-71.096553,42.379694],[-71.096701,42.379678],[-71.096899,42.379657],[-71.096966,42.37965],[-71.097014,42.379642],[-71.097618,42.379574],[-71.09791,42.379542],[-71.097966,42.379535],[-71.097885,42.3795]]}},{"type":"Feature","properties":{"name":"Newton Street","separation_level":"lane","street_classification":"residential","maxspeed_int":20.0,"lanes_int":1.0},"geometry":{"type":"LineString","coordinates":[[-71.095849,42.377872],[-71.095806,42.3779],[-71.095791,42.377909],[-71.095583,42.378047],[-71.095224,42.378265]]}},{"type":"Feature","properties":{"name":"Newton Street","separation_level":"none","street_classification":"medium-capacity","maxspeed_int":20.0,"lanes_int":2.0},"geometry":{"type":"LineString","coordinates":[[-71.095849,42.377872],[-71.095983,42.377768],[-71.096015,42.377745],[-71.096044,42.377731],[-71.096205,42.37765],[-71.0963,42.377602],[-71.096335,42.377584]]}},{"type":"Feature","properties":{"name":"Webster Avenue","separation_level":"lane","street_classification":"medium-capacity","maxspeed_int":25.0,"lanes_int":3.0},"geometry":{"type":"LineString","coordinates":[[-71.095849,42.377872],[-71.09578,42.377649],[-71.095706,42.377403],[-71.095651,42.37722],[-71.095617,42.377106],[-71.095654,42.376969]]}},{"type":"Feature","properties":{"name":"Washington Street","separation_level":"share_busway","street_classification":"medium-capacity","maxspeed_int":20.0,"lanes_int":2.0},"geometry":{"type":"LineString","coordinates":[[-71.097144,42.379567],[-71.097028,42.379573],[-71.096875,42.379556],[-71.096496,42.379595],[-71.096375,42.37964],[-71.096377,42.379685]]}},{"type":"Feature","properties":{"name":"Kingman Road","separation_level":"none","street_classification":"residential","maxspeed_int":25.0,"lanes_int":1.0},"geometry":{"type":"LineString","coordinates":[[-71.097144,42.379567],[-71.09726,42.379561],[-71.097241,42.379457],[-71.097202,42.37924]]}},{"type":"Feature","properties":{"name":"Washington Street","separation_level":"separate","street_classification":"medium-capacity","maxspeed_int":20.0,"lanes_int":3.0},"geometry":{"type":"LineString","coordinates":[[-71.097144,42.379567],[-71.09726,42.379561],[-71.097305,42.379562],[-71.097347,42.379562],[-71.097368,42.37956],[-71.097383,42.379559],[-71.09771,42.379523],[-71.097885,42.3795]]}},{"type":"Feature","properties":{"name":null,"separation_level":"none","street_classification":"medium-capacity","maxspeed_int":25.0,"lanes_int":1.0},"geometry":{"type":"LineString","coordinates":[[-71.095684,42.379664],[-71.095756,42.379725],[-71.095782,42.379739],[-71.095811,42.37975],[-71.095847,42.379761],[-71.09588,42.379766],[-71.09593,42.379767],[-71.095969,42.37979]]}},{"type":"Feature","properties":{"name":"Union Square","separation_level":"separate","street_classification":"medium-capacity","maxspeed_int":20.0,"lanes_int":4.0},"geometry":{"type":"LineString","coordinates":[[-71.095684,42.379664],[-71.095653,42.379656],[-71.095625,42.379648],[-71.095611,42.379644],[-71.095584,42.379634],[-71.095453,42.37959],[-71.095408,42.379574],[-71.095339,42.379551],[-71.095205,42.379505],[-71.095147,42.379456]]}},{"type":"Feature","properties":{"name":null,"separation_level":"none","street_classification":"residential","maxspeed_int":null,"lanes_int":null},"geometry":{"type":"LineString","coordinates":[[-71.095147,42.379456],[-71.095254,42.379424],[-71.095264,42.379407],[-71.095443,42.379123],[-71.095296,42.379065]]}},{"type":"Feature","properties":{"name":null,"separation_level":"none","street_classification":"residential","maxspeed_int":null,"lanes_int":null},"geometry":{"type":"LineString","coordinates":[[-71.095147,42.379456],[-71.095105,42.379374],[-71.095107,42.379371],[-71.095116,42.379356],[-71.095296,42.379065]]}},{"type":"Feature","properties":{"name":"Union Square","separation_level":"separate","street_classification":"dedicated_path","maxspeed_int":null,"lanes_int":null},"geometry":{"type":"LineString","coordinates":[[-71.095147,42.379456],[-71.095107,42.379546],[-71.09518,42.379577],[-71.095237,42.379603],[-71.095282,42.379625],[-71.095355,42.379658],[-71.095416,42.379684],[-71.095472,42.379704],[-71.095537,42.379726],[-71.095672,42.379767],[-71.095838,42.379804],[-71.095969,42.37979]]}},{"type":"Feature","properties":{"name":"Somerville Avenue","separation_level":"separate","street_classification":"medium-capacity","maxspeed_int":25.0,"lanes_int":3.0},"geometry":{"type":"LineString","coordinates":[[-71.095147,42.379456],[-71.095056,42.379453],[-71.094916,42.379406],[-71.094704,42.379329],[-71.094727,42.379294]]}},{"type":"Feature","properties":{"name":"Somerville Avenue","separation_level":"separate","street_classification":"dedicated_path","maxspeed_int":null,"lanes_int":null},"geometry":{"type":"LineString","coordinates":[[-71.095147,42.379456],[-71.095105,42.379374],[-71.095038,42.379355],[-71.094796,42.379275],[-71.094751,42.379258],[-71.094727,42.379294]]}},{"type":"Feature","properties":{"name":"Bow Street","separation_level":"track","street_classification":"medium-capacity","maxspeed_int":25.0,"lanes_int":1.0},"geometry":{"type":"LineString","coordinates":[[-71.09637,42.379905],[-71.096405,42.379943],[-71.096484,42.380027],[-71.096558,42.380102],[-71.096686,42.380244],[-71.096707,42.380269],[-71.096759,42.380329],[-71.096811,42.380399]]}},{"type":"Feature","properties":{"name":null,"separation_level":"none","street_classification":"residential","maxspeed_int":null,"lanes_int":null},"geometry":{"type":"LineString","coordinates":[[-71.097885,42.3795],[-71.09771,42.379523],[-71.097691,42.379431],[-71.097635,42.37915]]}},{"type":"Feature","properties":{"name":"Hawkins Street","separation_level":"separate","street_classification":"dedicated_path","maxspeed_int":null,"lanes_int":null},"geometry":{"type":"LineString","coordinates":[[-71.097885,42.3795],[-71.097966,42.379535],[-71.097974,42.379567],[-71.09798,42.379597],[-71.097988,42.379632],[-71.098035,42.379723]]}},{"type":"Feature","properties":{"name":"Hawkins Street","separation_level":"none","street_classification":"residential","maxspeed_int":25.0,"lanes_int":1.0},"geometry":{"type":"LineString","coordinates":[[-71.097885,42.3795],[-71.098018,42.379529],[-71.098025,42.379562],[-71.098038,42.379622],[-71.098035,42.379723]]}},{"type":"Feature","properties":{"name":"Washington Street","separation_level":"separate","street_classification":"medium-capacity","maxspeed_int":20.0,"lanes_int":2.0},"geometry":{"type":"LineString","coordinates":[[-71.097885,42.3795],[-71.098009,42.379489],[-71.098678,42.379416],[-71.098895,42.379392],[-71.099023,42.379378],[-71.099072,42.379373],[-71.09915,42.379364],[-71.099254,42.379353],[-71.099322,42.379345],[-71.099407,42.379336],[-71.099463,42.37933],[-71.099488,42.379328],[-71.099519,42.379326],[-71.099548,42.379324],[-71.099811,42.379293]]}},{"type":"Feature","properties":{"name":"Washington Street","separation_level":"separate","street_classification":"dedicated_path","maxspeed_int":null,"lanes_int":null},"geometry":{"type":"LineString","coordinates":[[-71.097885,42.3795],[-71.098018,42.379529],[-71.098071,42.379522],[-71.098389,42.379488],[-71.098739,42.37945],[-71.098958,42.379424],[-71.099164,42.379402],[-71.09928,42.379389],[-71.099344,42.379382],[-71.099408,42.379375],[-71.099504,42.379364],[-71.099529,42.379362],[-71.099539,42.379361],[-71.099811,42.379293]]}},{"type":"Feature","properties":{"name":"Kingman Road","separation_level":"none","street_classification":"residential","maxspeed_int":25.0,"lanes_int":1.0},"geometry":{"type":"LineString","coordinates":[[-71.097202,42.37924],[-71.097172,42.37906]]}},{"type":"Feature","properties":{"name":null,"separation_level":"none","street_classification":"residential","maxspeed_int":null,"lanes_int":null},"geometry":{"type":"LineString","coordinates":[[-71.097202,42.37924],[-71.097178,42.379241],[-71.096858,42.379264],[-71.096839,42.379089],[-71.097147,42.379062],[-71.097172,42.37906]]}},{"type":"Feature","properties":{"name":"Union Square","separation_level":"separate","street_classification":"dedicated_path","maxspeed_int":null,"lanes_int":null},"geometry":{"type":"LineString","coordinates":[[-71.095969,42.37979],[-71.09593,42.379767],[-71.095996,42.379745],[-71.096128,42.379737],[-71.096196,42.379733],[-71.096224,42.379731],[-71.096346,42.379717],[-71.096377,42.379685]]}},{"type":"Feature","properties":{"name":null,"separation_level":"track","street_classification":"medium-capacity","maxspeed_int":25.0,"lanes_int":1.0},"geometry":{"type":"LineString","coordinates":[[-71.095969,42.37979],[-71.096107,42.379788],[-71.096152,42.379803],[-71.096185,42.379819],[-71.09637,42.379905]]}},{"type":"Feature","properties":{"name":"Stone Avenue","separation_level":"none","street_classification":"residential","maxspeed_int":25.0,"lanes_int":1.0},"geometry":{"type":"LineString","coordinates":[[-71.095969,42.37979],[-71.095939,42.379798],[-71.095949,42.379839],[-71.09575,42.38003]]}},{"type":"Feature","properties":{"name":null,"separation_level":"none","street_classification":"residential","maxspeed_int":null,"lanes_int":null},"geometry":{"type":"LineString","coordinates":[[-71.095296,42.379065],[-71.095317,42.379032],[-71.095268,42.378909],[-71.095284,42.378869],[-71.095294,42.378841],[-71.095307,42.378809],[-71.095332,42.37881]]}},{"type":"Feature","properties":{"name":"Somerville Avenue","separation_level":"separate","street_classification":"medium-capacity","maxspeed_int":25.0,"lanes_int":3.0},"geometry":{"type":"LineString","coordinates":[[-71.094727,42.379294],[-71.094704,42.379329],[-71.094378,42.379212],[-71.094247,42.379047]]}},{"type":"Feature","properties":{"name":"Somerville Avenue","separation_level":"separate","street_classification":"dedicated_path","maxspeed_int":null,"lanes_int":null},"geometry":{"type":"LineString","coordinates":[[-71.094727,42.379294],[-71.094751,42.379258],[-71.094522,42.379176],[-71.094425,42.379142],[-71.094247,42.379047]]}},{"type":"Feature","properties":{"name":"Oliver Street","separation_level":"shared_lane","street_classification":"residential","maxspeed_int":20.0,"lanes_int":2.0},"geometry":{"type":"LineString","coordinates":[[-71.086943,42.383673],[-71.086913,42.383673],[-71.086826,42.383658],[-71.086766,42.383647],[-71.08658,42.383613],[-71.086396,42.383565]]}},{"type":"Feature","properties":{"name":"Glen Street","separation_level":"separate","street_classification":"residential","maxspeed_int":20.0,"lanes_int":1.0},"geometry":{"type":"LineString","coordinates":[[-71.086943,42.383673],[-71.086913,42.383673],[-71.086877,42.38374],[-71.08681,42.383861]]}},{"type":"Feature","properties":{"name":"Oliver Street","separation_level":"shared_lane","street_classification":"residential","maxspeed_int":20.0,"lanes_int":1.0},"geometry":{"type":"LineString","coordinates":[[-71.086943,42.383673],[-71.086961,42.383681],[-71.087026,42.383692],[-71.087154,42.383714],[-71.087269,42.383728]]}},{"type":"Feature","properties":{"name":"Glen Street","separation_level":"separate","street_classification":"dedicated_path","maxspeed_int":null,"lanes_int":null},"geometry":{"type":"LineString","coordinates":[[-71.086943,42.383673],[-71.086969,42.383667],[-71.087004,42.383609],[-71.087028,42.383542],[-71.087058,42.383496]]}},{"type":"Feature","properties":{"name":"Oliver Street","separation_level":"shared_lane","street_classification":"residential","maxspeed_int":20.0,"lanes_int":2.0},"geometry":{"type":"LineString","coordinates":[[-71.086396,42.383565],[-71.086155,42.383497]]}},{"type":"Feature","properties":{"name":"Glen Street","separation_level":"shared_lane","street_classification":"residential","maxspeed_int":20.0,"lanes_int":1.0},"geometry":{"type":"LineString","coordinates":[[-71.08681,42.383861],[-71.08675,42.383971],[-71.086596,42.384238]]}},{"type":"Feature","properties":{"name":"Glen Street","separation_level":"separate","street_classification":"dedicated_path","maxspeed_int":null,"lanes_int":null},"geometry":{"type":"LineString","coordinates":[[-71.08681,42.383861],[-71.086884,42.383809],[-71.086921,42.383748],[-71.086961,42.383681],[-71.086943,42.383673]]}},{"type":"Feature","properties":{"name":"Oliver Street","separation_level":"shared_lane","street_classification":"residential","maxspeed_int":20.0,"lanes_int":1.0},"geometry":{"type":"LineString","coordinates":[[-71.087269,42.383728],[-71.087739,42.383811],[-71.087857,42.383838],[-71.088699,42.3841]]}},{"type":"Feature","properties":{"name":"Oliver Street","separation_level":"separate","street_classification":"dedicated_path","maxspeed_int":null,"lanes_int":null},"geometry":{"type":"LineString","coordinates":[[-71.087269,42.383728],[-71.087127,42.383674],[-71.087037,42.38366],[-71.086969,42.383667],[-71.086943,42.383673]]}},{"type":"Feature","properties":{"name":"Glen Street","separation_level":"separate","street_classification":"residential","maxspeed_int":20.0,"lanes_int":1.0},"geometry":{"type":"LineString","coordinates":[[-71.087058,42.383496],[-71.087009,42.383526],[-71.086978,42.383565],[-71.086974,42.383599],[-71.086913,42.383673],[-71.086943,42.383673]]}},{"type":"Feature","properties":{"name":"Beacon Street","separation_level":"lane","street_classification":"medium-capacity","maxspeed_int":25.0,"lanes_int":2.0},"geometry":{"type":"LineString","coordinates":[[-71.10251,42.375118],[-71.102283,42.374931]]}},{"type":"Feature","properties":{"name":"Beacon Street","separation_level":"lane","street_classification":"medium-capacity","maxspeed_int":25.0,"lanes_int":2.0},"geometry":{"type":"LineString","coordinates":[[-71.10251,42.375118],[-71.102604,42.375195],[-71.102897,42.375436],[-71.103031,42.375546]]}},{"type":"Feature","properties":{"name":"Concord Avenue","separation_level":"none","street_classification":"medium-capacity","maxspeed_int":20.0,"lanes_int":2.0},"geometry":{"type":"LineString","coordinates":[[-71.10251,42.375118],[-71.102432,42.375171],[-71.102402,42.375192],[-71.101969,42.37549],[-71.101781,42.375619],[-71.101745,42.375644],[-71.101661,42.375698]]}},{"type":"Feature","properties":{"name":"Beacon Street","separation_level":"lane","street_classification":"medium-capacity","maxspeed_int":25.0,"lanes_int":2.0},"geometry":{"type":"LineString","coordinates":[[-71.102283,42.374931],[-71.101863,42.374586],[-71.101782,42.374535]]}},{"type":"Feature","properties":{"name":null,"separation_level":"none","street_classification":"residential","maxspeed_int":null,"lanes_int":null},"geometry":{"type":"LineString","coordinates":[[-71.103031,42.375546],[-71.102897,42.375436],[-71.102824,42.375487],[-71.102812,42.375497],[-71.102545,42.375684],[-71.102474,42.375735],[-71.102556,42.375799],[-71.102614,42.375843]]}},{"type":"Feature","properties":{"name":null,"separation_level":"none","street_classification":"residential","maxspeed_int":null,"lanes_int":null},"geometry":{"type":"LineString","coordinates":[[-71.103031,42.375546],[-71.103033,42.375547],[-71.10296,42.375598],[-71.102949,42.375607],[-71.102677,42.375799],[-71.102614,42.375843]]}},{"type":"Feature","properties":{"name":"Beacon Street","separation_level":"lane","street_classification":"medium-capacity","maxspeed_int":25.0,"lanes_int":2.0},"geometry":{"type":"LineString","coordinates":[[-71.103031,42.375546],[-71.103164,42.375655],[-71.103721,42.376113],[-71.103797,42.376176]]}},{"type":"Feature","properties":{"name":"Hammond Street","separation_level":"none","street_classification":"residential","maxspeed_int":20.0,"lanes_int":2.0},"geometry":{"type":"LineString","coordinates":[[-71.101661,42.375698],[-71.101745,42.375644],[-71.101695,42.3756],[-71.101667,42.375578],[-71.101082,42.3751],[-71.101043,42.375084],[-71.100962,42.375046]]}},{"type":"Feature","properties":{"name":"Concord Avenue","separation_level":"none","street_classification":"medium-capacity","maxspeed_int":20.0,"lanes_int":2.0},"geometry":{"type":"LineString","coordinates":[[-71.101661,42.375698],[-71.101577,42.375753],[-71.101406,42.37587],[-71.101199,42.376012],[-71.101142,42.376055]]}},{"type":"Feature","properties":{"name":"Dimick Street","separation_level":"none","street_classification":"residential","maxspeed_int":20.0,"lanes_int":2.0},"geometry":{"type":"LineString","coordinates":[[-71.101661,42.375698],[-71.101577,42.375753],[-71.101633,42.375801],[-71.10165,42.375815],[-71.102148,42.376239],[-71.102186,42.37627]]}},{"type":"Feature","properties":{"name":null,"separation_level":"none","street_classification":"residential","maxspeed_int":null,"lanes_int":null},"geometry":{"type":"LineString","coordinates":[[-71.101782,42.374535],[-71.101701,42.374509],[-71.101666,42.374533],[-71.101481,42.374668],[-71.101461,42.37467],[-71.101317,42.374548],[-71.101274,42.374514],[-71.101336,42.374472]]}},{"type":"Feature","properties":{"name":null,"separation_level":"none","street_classification":"residential","maxspeed_int":null,"lanes_int":null},"geometry":{"type":"LineString","coordinates":[[-71.102614,42.375843],[-71.102718,42.375921],[-71.10275,42.375948],[-71.103082,42.375714],[-71.103092,42.375706],[-71.103164,42.375655],[-71.103031,42.375546]]}},{"type":"Feature","properties":{"name":"Buckingham Street","separation_level":"none","street_classification":"residential","maxspeed_int":20.0,"lanes_int":2.0},"geometry":{"type":"LineString","coordinates":[[-71.103797,42.376176],[-71.103721,42.376113],[-71.103642,42.376162],[-71.102779,42.376746]]}},{"type":"Feature","properties":{"name":"Beacon Street","separation_level":"lane","street_classification":"medium-capacity","maxspeed_int":25.0,"lanes_int":2.0},"geometry":{"type":"LineString","coordinates":[[-71.103797,42.376176],[-71.103873,42.376238],[-71.104263,42.376558],[-71.104308,42.376595]]}},{"type":"Feature","properties":{"name":"Cooney Street","separation_level":"none","street_classification":"residential","maxspeed_int":25.0,"lanes_int":1.0},"geometry":{"type":"LineString","coordinates":[[-71.103797,42.376176],[-71.103873,42.376238],[-71.103952,42.376184],[-71.104301,42.375953]]}},{"type":"Feature","properties":{"name":"Dickinson Street","separation_level":"none","street_classification":"residential","maxspeed_int":20.0,"lanes_int":1.0},"geometry":{"type":"LineString","coordinates":[[-71.100962,42.375046],[-71.101015,42.374681],[-71.101274,42.374514],[-71.101336,42.374472]]}},{"type":"Feature","properties":{"name":"Leon Street","separation_level":"none","street_classification":"residential","maxspeed_int":20.0,"lanes_int":2.0},"geometry":{"type":"LineString","coordinates":[[-71.101142,42.376055],[-71.101199,42.376012],[-71.101153,42.375974],[-71.100797,42.375674],[-71.100729,42.375629]]}},{"type":"Feature","properties":{"name":"Concord Avenue","separation_level":"none","street_classification":"medium-capacity","maxspeed_int":20.0,"lanes_int":2.0},"geometry":{"type":"LineString","coordinates":[[-71.101142,42.376055],[-71.101084,42.376099],[-71.101047,42.376124],[-71.100995,42.376154],[-71.100692,42.376288],[-71.100532,42.376355],[-71.100446,42.376392],[-71.100376,42.376407],[-71.10013,42.376457],[-71.099987,42.37648],[-71.099874,42.376497]]}},{"type":"Feature","properties":{"name":"Wyatt Street","separation_level":"none","street_classification":"residential","maxspeed_int":20.0,"lanes_int":2.0},"geometry":{"type":"LineString","coordinates":[[-71.101142,42.376055],[-71.101084,42.376099],[-71.101094,42.376121],[-71.101095,42.376156],[-71.101113,42.3766]]}},{"type":"Feature","properties":{"name":"Dimick Street","separation_level":"none","street_classification":"residential","maxspeed_int":20.0,"lanes_int":2.0},"geometry":{"type":"LineString","coordinates":[[-71.102186,42.37627],[-71.102224,42.376301],[-71.102779,42.376746]]}},{"type":"Feature","properties":{"name":"Harold Street","separation_level":"none","street_classification":"residential","maxspeed_int":20.0,"lanes_int":2.0},"geometry":{"type":"LineString","coordinates":[[-71.102186,42.37627],[-71.102224,42.376301],[-71.102198,42.37634],[-71.102171,42.376399],[-71.102173,42.376717],[-71.102186,42.377216],[-71.102188,42.377258]]}},{"type":"Feature","properties":{"name":"McGrath Highway","separation_level":"track","street_classification":"medium-capacity","maxspeed_int":null,"lanes_int":2.0},"geometry":{"type":"LineString","coordinates":[[-71.089228,42.377255],[-71.088984,42.377138],[-71.088889,42.377093]]}},{"type":"Feature","properties":{"name":"Somerville Avenue","separation_level":"track","street_classification":"medium-capacity","maxspeed_int":25.0,"lanes_int":2.0},"geometry":{"type":"LineString","coordinates":[[-71.089228,42.377255],[-71.08939,42.377332],[-71.089421,42.377346],[-71.089471,42.37737]]}},{"type":"Feature","properties":{"name":"Medford Street","separation_level":"lane","street_classification":"medium-capacity","maxspeed_int":25.0,"lanes_int":2.0},"geometry":{"type":"LineString","coordinates":[[-71.089228,42.377255],[-71.089201,42.377135],[-71.089192,42.377095],[-71.089163,42.37697],[-71.089142,42.376876],[-71.089227,42.376844]]}},{"type":"Feature","properties":{"name":"McGrath Highway","separation_level":"track","street_classification":"medium-capacity","maxspeed_int":null,"lanes_int":2.0},"geometry":{"type":"LineString","coordinates":[[-71.088889,42.377093],[-71.088754,42.377029],[-71.088568,42.376941]]}},{"type":"Feature","properties":{"name":null,"separation_level":"lane","street_classification":"medium-capacity","maxspeed_int":null,"lanes_int":2.0},"geometry":{"type":"LineString","coordinates":[[-71.088889,42.377093],[-71.088742,42.377257],[-71.08873,42.377277],[-71.088725,42.377287],[-71.088722,42.377298],[-71.088721,42.377317],[-71.088724,42.377335],[-71.088731,42.377348],[-71.088745,42.37737]]}},{"type":"Feature","properties":{"name":"Somerville Avenue","separation_level":"separate","street_classification":"medium-capacity","maxspeed_int":25.0,"lanes_int":2.0},"geometry":{"type":"LineString","coordinates":[[-71.089471,42.37737],[-71.089659,42.377462],[-71.089774,42.377518],[-71.090249,42.37762]]}},{"type":"Feature","properties":{"name":null,"separation_level":"lane","street_classification":"medium-capacity","maxspeed_int":null,"lanes_int":2.0},"geometry":{"type":"LineString","coordinates":[[-71.089227,42.376844],[-71.089129,42.376818],[-71.088977,42.376992],[-71.088964,42.377008],[-71.088889,42.377093]]}},{"type":"Feature","properties":{"name":"Medford Street","separation_level":"lane_buffered","street_classification":"medium-capacity","maxspeed_int":25.0,"lanes_int":2.0},"geometry":{"type":"LineString","coordinates":[[-71.089227,42.376844],[-71.089129,42.376818],[-71.08904,42.37643],[-71.089026,42.376379],[-71.08901,42.376332],[-71.088988,42.37628],[-71.088371,42.374881],[-71.088353,42.374842],[-71.088342,42.374816]]}},{"type":"Feature","properties":{"name":null,"separation_level":"none","street_classification":"residential","maxspeed_int":null,"lanes_int":null},"geometry":{"type":"LineString","coordinates":[[-71.089227,42.376844],[-71.089129,42.376818],[-71.089015,42.376823],[-71.088967,42.37683],[-71.088921,42.376834],[-71.088699,42.376845],[-71.088671,42.376849],[-71.088646,42.376857],[-71.088621,42.376873],[-71.088602,42.376892],[-71.088568,42.376941]]}},{"type":"Feature","properties":{"name":null,"separation_level":"none","street_classification":"residential","maxspeed_int":null,"lanes_int":null},"geometry":{"type":"LineString","coordinates":[[-71.089227,42.376844],[-71.089356,42.376841],[-71.090219,42.376951],[-71.09055,42.376874]]}},{"type":"Feature","properties":{"name":null,"separation_level":"none","street_classification":"residential","maxspeed_int":null,"lanes_int":null},"geometry":{"type":"LineString","coordinates":[[-71.089227,42.376844],[-71.089356,42.376841],[-71.089299,42.376655],[-71.09012,42.376745],[-71.090331,42.376794],[-71.09055,42.376874]]}},{"type":"Feature","properties":{"name":null,"separation_level":"none","street_classification":"residential","maxspeed_int":null,"lanes_int":null},"geometry":{"type":"LineString","coordinates":[[-71.089227,42.376844],[-71.089356,42.376841],[-71.089409,42.377035]]}},{"type":"Feature","properties":{"name":"Somerville Avenue Extension","separation_level":"none","street_classification":"residential","maxspeed_int":null,"lanes_int":2.0},"geometry":{"type":"LineString","coordinates":[[-71.088568,42.376941],[-71.088402,42.376833],[-71.088124,42.376653],[-71.087818,42.376504],[-71.08718,42.376193],[-71.087137,42.37617],[-71.087094,42.376148],[-71.08705,42.37612],[-71.086998,42.376087],[-71.086947,42.37605],[-71.086898,42.376011],[-71.086851,42.375969],[-71.086721,42.375849],[-71.086676,42.375811],[-71.08663,42.375775],[-71.086583,42.37574],[-71.086539,42.37571],[-71.086443,42.375652],[-71.086421,42.375642],[-71.086398,42.375635],[-71.086374,42.375631],[-71.085607,42.375591],[-71.08557,42.375591],[-71.085539,42.375593],[-71.08551,42.375597],[-71.085481,42.375603],[-71.085454,42.375611],[-71.085428,42.375623],[-71.085365,42.375656]]}},{"type":"Feature","properties":{"name":"McGrath Highway","separation_level":"track","street_classification":"medium-capacity","maxspeed_int":40.0,"lanes_int":3.0},"geometry":{"type":"LineString","coordinates":[[-71.088568,42.376941],[-71.088033,42.376748],[-71.087185,42.37634],[-71.0871,42.376298],[-71.087033,42.376264],[-71.08698,42.376235],[-71.086925,42.376202],[-71.086878,42.376171],[-71.086831,42.376138],[-71.08679,42.376104],[-71.086756,42.376074],[-71.086706,42.37603],[-71.08661,42.37594],[-71.086485,42.375821],[-71.086462,42.375802],[-71.086432,42.375781],[-71.086397,42.375758],[-71.086365,42.37574],[-71.086321,42.375716],[-71.086292,42.375702],[-71.086185,42.375652],[-71.085704,42.37545],[-71.084848,42.375008],[-71.08478,42.374974],[-71.084712,42.374941],[-71.084644,42.374907],[-71.084574,42.374874],[-71.08449,42.374834],[-71.084407,42.374796],[-71.084327,42.374759],[-71.084239,42.374719],[-71.084086,42.374651],[-71.083936,42.374584],[-71.083785,42.374515],[-71.083635,42.374445],[-71.083487,42.374375],[-71.083337,42.374304],[-71.083184,42.374232],[-71.082454,42.373887]]}},{"type":"Feature","properties":{"name":"McGrath Highway","separation_level":"track","street_classification":"medium-capacity","maxspeed_int":null,"lanes_int":1.0},"geometry":{"type":"LineString","coordinates":[[-71.088745,42.37737],[-71.088817,42.377577],[-71.08884,42.377645],[-71.088857,42.377694],[-71.088869,42.377734],[-71.08888,42.37777],[-71.088889,42.377805],[-71.088911,42.377887],[-71.089003,42.37828]]}},{"type":"Feature","properties":{"name":"Somerville Avenue","separation_level":"separate","street_classification":"medium-capacity","maxspeed_int":25.0,"lanes_int":2.0},"geometry":{"type":"LineString","coordinates":[[-71.090249,42.37762],[-71.090627,42.377854],[-71.091003,42.377993],[-71.091062,42.378006]]}},{"type":"Feature","properties":{"name":"Somerville Avenue","separation_level":"separate","street_classification":"dedicated_path","maxspeed_int":null,"lanes_int":null},"geometry":{"type":"LineString","coordinates":[[-71.090249,42.37762],[-71.090452,42.37785],[-71.090742,42.377954],[-71.09101,42.37805],[-71.091062,42.378069],[-71.091091,42.378079],[-71.091062,42.378006]]}},{"type":"Feature","properties":{"name":"Mansfield Street","separation_level":"none","street_classification":"residential","maxspeed_int":20.0,"lanes_int":1.0},"geometry":{"type":"LineString","coordinates":[[-71.090249,42.37762],[-71.090242,42.377776],[-71.090229,42.377803],[-71.090198,42.377863],[-71.090272,42.378171],[-71.090286,42.378234]]}},{"type":"Feature","properties":{"name":null,"separation_level":"none","street_classification":"residential","maxspeed_int":null,"lanes_int":null},"geometry":{"type":"LineString","coordinates":[[-71.090249,42.37762],[-71.090119,42.377414],[-71.090505,42.37683],[-71.09055,42.376874]]}},{"type":"Feature","properties":{"name":null,"separation_level":"none","street_classification":"residential","maxspeed_int":null,"lanes_int":null},"geometry":{"type":"LineString","coordinates":[[-71.090249,42.37762],[-71.090314,42.377495],[-71.090725,42.376871],[-71.09055,42.376874]]}},{"type":"Feature","properties":{"name":null,"separation_level":"none","street_classification":"residential","maxspeed_int":null,"lanes_int":null},"geometry":{"type":"LineString","coordinates":[[-71.090249,42.37762],[-71.090516,42.377578],[-71.090955,42.376913],[-71.09055,42.376874]]}},{"type":"Feature","properties":{"name":null,"separation_level":"none","street_classification":"residential","maxspeed_int":null,"lanes_int":null},"geometry":{"type":"LineString","coordinates":[[-71.090249,42.37762],[-71.089927,42.377339],[-71.089998,42.377255],[-71.090097,42.377124]]}},{"type":"Feature","properties":{"name":null,"separation_level":"none","street_classification":"residential","maxspeed_int":null,"lanes_int":null},"geometry":{"type":"LineString","coordinates":[[-71.090249,42.37762],[-71.089927,42.377339],[-71.089422,42.377165],[-71.089435,42.377132],[-71.089409,42.377035]]}},{"type":"Feature","properties":{"name":"Somerville Avenue","separation_level":"separate","street_classification":"dedicated_path","maxspeed_int":null,"lanes_int":null},"geometry":{"type":"LineString","coordinates":[[-71.090249,42.37762],[-71.08982,42.377466],[-71.089677,42.377396],[-71.089471,42.37737]]}},{"type":"Feature","properties":{"name":null,"separation_level":"none","street_classification":"residential","maxspeed_int":null,"lanes_int":null},"geometry":{"type":"LineString","coordinates":[[-71.090249,42.37762],[-71.09074,42.37767],[-71.090888,42.377429]]}},{"type":"Feature","properties":{"name":null,"separation_level":"none","street_classification":"residential","maxspeed_int":null,"lanes_int":null},"geometry":{"type":"LineString","coordinates":[[-71.090249,42.37762],[-71.090005,42.37769],[-71.089999,42.377713],[-71.089995,42.377729],[-71.089987,42.377753],[-71.089984,42.377774],[-71.089985,42.377794],[-71.09,42.377883],[-71.089992,42.377954]]}},{"type":"Feature","properties":{"name":"Ward Street","separation_level":"none","street_classification":"residential","maxspeed_int":20.0,"lanes_int":2.0},"geometry":{"type":"LineString","coordinates":[[-71.088342,42.374816],[-71.088353,42.374842],[-71.088408,42.374847],[-71.088441,42.374851],[-71.089034,42.374911]]}},{"type":"Feature","properties":{"name":"Medford Street","separation_level":"lane_buffered","street_classification":"medium-capacity","maxspeed_int":25.0,"lanes_int":2.0},"geometry":{"type":"LineString","coordinates":[[-71.088342,42.374816],[-71.088331,42.374791],[-71.088146,42.374353]]}},{"type":"Feature","properties":{"name":null,"separation_level":"none","street_classification":"residential","maxspeed_int":null,"lanes_int":null},"geometry":{"type":"LineString","coordinates":[[-71.088342,42.374816],[-71.088331,42.374791],[-71.088283,42.374799],[-71.088256,42.374806],[-71.088091,42.374846],[-71.088106,42.374876]]}},{"type":"Feature","properties":{"name":null,"separation_level":"none","street_classification":"residential","maxspeed_int":null,"lanes_int":null},"geometry":{"type":"LineString","coordinates":[[-71.09055,42.376874],[-71.090955,42.376913],[-71.091204,42.376972]]}},{"type":"Feature","properties":{"name":null,"separation_level":"none","street_classification":"residential","maxspeed_int":null,"lanes_int":null},"geometry":{"type":"LineString","coordinates":[[-71.09055,42.376874],[-71.090219,42.376951],[-71.090097,42.377124]]}},{"type":"Feature","properties":{"name":null,"separation_level":"none","street_classification":"residential","maxspeed_int":null,"lanes_int":null},"geometry":{"type":"LineString","coordinates":[[-71.089409,42.377035],[-71.090097,42.377124]]}},{"type":"Feature","properties":{"name":"Dickinson Street","separation_level":"none","street_classification":"residential","maxspeed_int":20.0,"lanes_int":1.0},"geometry":{"type":"LineString","coordinates":[[-71.100729,42.375629],[-71.100918,42.375493],[-71.100962,42.375046]]}},{"type":"Feature","properties":{"name":"Concord Avenue","separation_level":"none","street_classification":"medium-capacity","maxspeed_int":20.0,"lanes_int":2.0},"geometry":{"type":"LineString","coordinates":[[-71.099874,42.376497],[-71.099679,42.376521],[-71.099623,42.376528],[-71.099515,42.376539],[-71.099431,42.37655]]}},{"type":"Feature","properties":{"name":"Marion Street","separation_level":"none","street_classification":"residential","maxspeed_int":20.0,"lanes_int":2.0},"geometry":{"type":"LineString","coordinates":[[-71.099874,42.376497],[-71.099898,42.376567],[-71.099994,42.376882]]}},{"type":"Feature","properties":{"name":"Wyatt Street","separation_level":"none","street_classification":"residential","maxspeed_int":20.0,"lanes_int":2.0},"geometry":{"type":"LineString","coordinates":[[-71.101113,42.3766],[-71.101119,42.376819]]}},{"type":"Feature","properties":{"name":"Wyatt Circle","separation_level":"none","street_classification":"residential","maxspeed_int":25.0,"lanes_int":1.0},"geometry":{"type":"LineString","coordinates":[[-71.101113,42.3766],[-71.101181,42.376599],[-71.101278,42.376589],[-71.101405,42.376582],[-71.101469,42.376579],[-71.101619,42.37658],[-71.10162,42.376807],[-71.101189,42.376818],[-71.101119,42.376819]]}},{"type":"Feature","properties":{"name":"Dimick Street","separation_level":"none","street_classification":"residential","maxspeed_int":20.0,"lanes_int":2.0},"geometry":{"type":"LineString","coordinates":[[-71.102779,42.376746],[-71.10302,42.376949],[-71.103284,42.377167],[-71.103466,42.377249]]}},{"type":"Feature","properties":{"name":"Marion Street","separation_level":"none","street_classification":"residential","maxspeed_int":20.0,"lanes_int":1.0},"geometry":{"type":"LineString","coordinates":[[-71.102188,42.377258],[-71.101673,42.377291],[-71.101244,42.377302],[-71.101211,42.377302],[-71.101122,42.377303]]}},{"type":"Feature","properties":{"name":"Springfield Street","separation_level":"none","street_classification":"medium-capacity","maxspeed_int":20.0,"lanes_int":2.0},"geometry":{"type":"LineString","coordinates":[[-71.099431,42.37655],[-71.099515,42.376539],[-71.099504,42.376484],[-71.099509,42.376429],[-71.099525,42.376391],[-71.099852,42.375604]]}},{"type":"Feature","properties":{"name":"Concord Avenue","separation_level":"none","street_classification":"medium-capacity","maxspeed_int":20.0,"lanes_int":1.0},"geometry":{"type":"LineString","coordinates":[[-71.099431,42.37655],[-71.099346,42.376562],[-71.099235,42.376559],[-71.09917,42.376559],[-71.098916,42.376569],[-71.098584,42.376599],[-71.097998,42.376654],[-71.097869,42.376665]]}},{"type":"Feature","properties":{"name":"Concord Avenue","separation_level":"none","street_classification":"medium-capacity","maxspeed_int":20.0,"lanes_int":2.0},"geometry":{"type":"LineString","coordinates":[[-71.099431,42.37655],[-71.099346,42.376562],[-71.099288,42.376577],[-71.099246,42.376589],[-71.099164,42.376609],[-71.098947,42.376655],[-71.098865,42.37667],[-71.098712,42.376697],[-71.098346,42.376767],[-71.098288,42.376779],[-71.098038,42.376827],[-71.097969,42.376841],[-71.097931,42.376849]]}},{"type":"Feature","properties":{"name":"Springfield Street","separation_level":"none","street_classification":"medium-capacity","maxspeed_int":20.0,"lanes_int":2.0},"geometry":{"type":"LineString","coordinates":[[-71.099852,42.375604],[-71.100021,42.375207]]}},{"type":"Feature","properties":{"name":"Dickinson Street","separation_level":"none","street_classification":"residential","maxspeed_int":20.0,"lanes_int":1.0},"geometry":{"type":"LineString","coordinates":[[-71.099852,42.375604],[-71.099919,42.375622],[-71.100516,42.375769],[-71.100729,42.375629]]}},{"type":"Feature","properties":{"name":"Concord Avenue","separation_level":"none","street_classification":"medium-capacity","maxspeed_int":20.0,"lanes_int":null},"geometry":{"type":"LineString","coordinates":[[-71.097869,42.376665],[-71.097894,42.376694],[-71.097909,42.37672],[-71.097921,42.376752],[-71.097927,42.376782],[-71.097929,42.376814],[-71.097931,42.376849]]}},{"type":"Feature","properties":{"name":"Newton Street","separation_level":"none","street_classification":"medium-capacity","maxspeed_int":20.0,"lanes_int":2.0},"geometry":{"type":"LineString","coordinates":[[-71.097931,42.376849],[-71.097828,42.376875],[-71.097733,42.376907],[-71.097647,42.376946],[-71.097577,42.376979],[-71.097286,42.377117],[-71.097094,42.377209]]}},{"type":"Feature","properties":{"name":"Marion Street","separation_level":"none","street_classification":"residential","maxspeed_int":20.0,"lanes_int":2.0},"geometry":{"type":"LineString","coordinates":[[-71.099994,42.376882],[-71.100086,42.377194]]}},{"type":"Feature","properties":{"name":"Taunton Street","separation_level":"none","street_classification":"residential","maxspeed_int":25.0,"lanes_int":2.0},"geometry":{"type":"LineString","coordinates":[[-71.099994,42.376882],[-71.100055,42.376871],[-71.100293,42.376834],[-71.100519,42.376821],[-71.101057,42.37682],[-71.101119,42.376819]]}},{"type":"Feature","properties":{"name":"Springfield Street","separation_level":"no","street_classification":"medium-capacity","maxspeed_int":20.0,"lanes_int":2.0},"geometry":{"type":"LineString","coordinates":[[-71.100021,42.375207],[-71.100224,42.374744],[-71.100324,42.374477],[-71.100334,42.37444],[-71.100341,42.374412]]}},{"type":"Feature","properties":{"name":"Houghton Street","separation_level":"none","street_classification":"residential","maxspeed_int":20.0,"lanes_int":1.0},"geometry":{"type":"LineString","coordinates":[[-71.100021,42.375207],[-71.099957,42.375196],[-71.099572,42.375082],[-71.099245,42.374996],[-71.099198,42.374984]]}},{"type":"Feature","properties":{"name":"Beacon Street","separation_level":"lane","street_classification":"medium-capacity","maxspeed_int":25.0,"lanes_int":2.0},"geometry":{"type":"LineString","coordinates":[[-71.109091,42.380499],[-71.1093,42.380669],[-71.109571,42.380889]]}},{"type":"Feature","properties":{"name":"Beacon Street","separation_level":"lane","street_classification":"medium-capacity","maxspeed_int":25.0,"lanes_int":2.0},"geometry":{"type":"LineString","coordinates":[[-71.109091,42.380499],[-71.108842,42.380296],[-71.108815,42.380274],[-71.108788,42.380252],[-71.108726,42.380192]]}},{"type":"Feature","properties":{"name":"Beacon Street","separation_level":"lane","street_classification":"medium-capacity","maxspeed_int":25.0,"lanes_int":2.0},"geometry":{"type":"LineString","coordinates":[[-71.109571,42.380889],[-71.110869,42.381945],[-71.110913,42.381981]]}},{"type":"Feature","properties":{"name":"Ivaloo Street","separation_level":"none","street_classification":"residential","maxspeed_int":20.0,"lanes_int":2.0},"geometry":{"type":"LineString","coordinates":[[-71.109571,42.380889],[-71.109497,42.380934],[-71.108935,42.381269]]}},{"type":"Feature","properties":{"name":"Park Street","separation_level":"lane","street_classification":"medium-capacity","maxspeed_int":20.0,"lanes_int":2.0},"geometry":{"type":"LineString","coordinates":[[-71.108726,42.380192],[-71.108682,42.380224],[-71.108649,42.380247],[-71.108625,42.380263],[-71.108514,42.380338],[-71.108466,42.380372],[-71.108231,42.380535],[-71.107838,42.38083]]}},{"type":"Feature","properties":{"name":"Beacon Street","separation_level":"separate","street_classification":"medium-capacity","maxspeed_int":25.0,"lanes_int":2.0},"geometry":{"type":"LineString","coordinates":[[-71.108726,42.380192],[-71.108645,42.380114],[-71.108623,42.380097],[-71.108595,42.380074],[-71.108499,42.379997],[-71.108471,42.380015]]}},{"type":"Feature","properties":{"name":"Beacon Street","separation_level":"separate","street_classification":"dedicated_path","maxspeed_int":null,"lanes_int":null},"geometry":{"type":"LineString","coordinates":[[-71.108726,42.380192],[-71.108697,42.380077],[-71.108628,42.380019],[-71.108273,42.379737],[-71.107787,42.379346],[-71.107106,42.378794],[-71.106885,42.378615],[-71.106653,42.378514],[-71.10654,42.378555]]}},{"type":"Feature","properties":{"name":"Kent Street","separation_level":"none","street_classification":"residential","maxspeed_int":20.0,"lanes_int":2.0},"geometry":{"type":"LineString","coordinates":[[-71.110913,42.381981],[-71.110869,42.381945],[-71.110826,42.382005],[-71.110806,42.382033],[-71.11068,42.382242],[-71.110601,42.382377]]}},{"type":"Feature","properties":{"name":"Beacon Street","separation_level":"separate","street_classification":"dedicated_path","maxspeed_int":null,"lanes_int":null},"geometry":{"type":"LineString","coordinates":[[-71.110913,42.381981],[-71.110958,42.382017],[-71.110991,42.382108],[-71.111079,42.382182],[-71.111366,42.382421],[-71.111761,42.382741],[-71.111883,42.382839],[-71.111858,42.382869]]}},{"type":"Feature","properties":{"name":"Mondamin Court","separation_level":"none","street_classification":"residential","maxspeed_int":25.0,"lanes_int":1.0},"geometry":{"type":"LineString","coordinates":[[-71.108935,42.381269],[-71.108985,42.381313],[-71.109518,42.381782],[-71.109539,42.381816],[-71.109585,42.381891]]}},{"type":"Feature","properties":{"name":"Ivaloo Street","separation_level":"none","street_classification":"residential","maxspeed_int":20.0,"lanes_int":2.0},"geometry":{"type":"LineString","coordinates":[[-71.108935,42.381269],[-71.108356,42.381622],[-71.108314,42.381648]]}},{"type":"Feature","properties":{"name":"Park Street","separation_level":"lane","street_classification":"medium-capacity","maxspeed_int":20.0,"lanes_int":2.0},"geometry":{"type":"LineString","coordinates":[[-71.107838,42.38083],[-71.107636,42.380988]]}},{"type":"Feature","properties":{"name":"Morgan Street","separation_level":"none","street_classification":"residential","maxspeed_int":20.0,"lanes_int":1.0},"geometry":{"type":"LineString","coordinates":[[-71.107838,42.38083],[-71.10791,42.380863],[-71.108157,42.380993],[-71.108204,42.381016],[-71.108235,42.381021],[-71.108272,42.381018],[-71.108307,42.381009],[-71.108336,42.380993],[-71.108388,42.380964],[-71.10902,42.380546],[-71.109091,42.380499]]}},{"type":"Feature","properties":{"name":"Beacon Street","separation_level":"separate","street_classification":"medium-capacity","maxspeed_int":25.0,"lanes_int":2.0},"geometry":{"type":"LineString","coordinates":[[-71.108471,42.380015],[-71.108499,42.379997],[-71.107959,42.379563],[-71.107931,42.379583]]}},{"type":"Feature","properties":{"name":"Beacon Street","separation_level":"separate","street_classification":"dedicated_path","maxspeed_int":null,"lanes_int":null},"geometry":{"type":"LineString","coordinates":[[-71.108471,42.380015],[-71.108444,42.380034],[-71.108591,42.380151],[-71.108726,42.380192]]}},{"type":"Feature","properties":{"name":"Beacon Street","separation_level":"separate","street_classification":"medium-capacity","maxspeed_int":25.0,"lanes_int":2.0},"geometry":{"type":"LineString","coordinates":[[-71.10654,42.378555],[-71.106653,42.378514],[-71.107209,42.37896],[-71.107172,42.378972]]}},{"type":"Feature","properties":{"name":"Beacon Street","separation_level":"separate","street_classification":"dedicated_path","maxspeed_int":null,"lanes_int":null},"geometry":{"type":"LineString","coordinates":[[-71.10654,42.378555],[-71.1066,42.378543],[-71.106766,42.378683],[-71.107134,42.378984],[-71.107172,42.378972]]}},{"type":"Feature","properties":{"name":"Beacon Street","separation_level":"separate","street_classification":"medium-capacity","maxspeed_int":25.0,"lanes_int":2.0},"geometry":{"type":"LineString","coordinates":[[-71.10654,42.378555],[-71.106653,42.378514],[-71.106536,42.37842],[-71.106507,42.378397],[-71.106467,42.378366],[-71.106412,42.378321],[-71.106294,42.378298]]}},{"type":"Feature","properties":{"name":"Somerville Avenue","separation_level":"lane","street_classification":"medium-capacity","maxspeed_int":20.0,"lanes_int":2.0},"geometry":{"type":"LineString","coordinates":[[-71.099177,42.381077],[-71.099053,42.381032],[-71.098451,42.380792],[-71.097861,42.38055],[-71.097834,42.38054],[-71.097726,42.380496]]}},{"type":"Feature","properties":{"name":"Somerville Avenue","separation_level":"lane","street_classification":"medium-capacity","maxspeed_int":20.0,"lanes_int":2.0},"geometry":{"type":"LineString","coordinates":[[-71.097726,42.380496],[-71.097087,42.380236],[-71.097064,42.380226]]}},{"type":"Feature","properties":{"name":null,"separation_level":"none","street_classification":"medium-capacity","maxspeed_int":20.0,"lanes_int":1.0},"geometry":{"type":"LineString","coordinates":[[-71.097064,42.380226],[-71.096967,42.380215],[-71.096924,42.380216],[-71.096885,42.380228],[-71.096863,42.380239],[-71.096845,42.380251],[-71.096826,42.380268],[-71.096803,42.380291],[-71.096759,42.380329],[-71.096811,42.380399]]}},{"type":"Feature","properties":{"name":"Union Square","separation_level":"track","street_classification":"medium-capacity","maxspeed_int":20.0,"lanes_int":2.0},"geometry":{"type":"LineString","coordinates":[[-71.097064,42.380226],[-71.096941,42.380178],[-71.096849,42.380143],[-71.096743,42.380092],[-71.096679,42.38006],[-71.09663,42.380031],[-71.096598,42.380012],[-71.09657,42.379992],[-71.096543,42.379965],[-71.09652,42.379935],[-71.096497,42.379898],[-71.096477,42.37986],[-71.096468,42.379835],[-71.09646,42.379811],[-71.09645,42.379783],[-71.096413,42.37971],[-71.096377,42.379685]]}},{"type":"Feature","properties":{"name":"Harrison Street","separation_level":"none","street_classification":"residential","maxspeed_int":20.0,"lanes_int":2.0},"geometry":{"type":"LineString","coordinates":[[-71.110601,42.382377],[-71.110555,42.382356],[-71.110404,42.382273],[-71.109777,42.381984],[-71.10964,42.381914],[-71.109585,42.381891]]}},{"type":"Feature","properties":{"name":"Kent Street","separation_level":"none","street_classification":"residential","maxspeed_int":20.0,"lanes_int":2.0},"geometry":{"type":"LineString","coordinates":[[-71.110601,42.382377],[-71.11049,42.382593],[-71.110479,42.382612]]}},{"type":"Feature","properties":{"name":"Harrison Street","separation_level":"none","street_classification":"residential","maxspeed_int":20.0,"lanes_int":2.0},"geometry":{"type":"LineString","coordinates":[[-71.109585,42.381891],[-71.109541,42.381877],[-71.109503,42.381869],[-71.10947,42.381866],[-71.109437,42.381864],[-71.10931,42.381864],[-71.109117,42.381868],[-71.109018,42.381863],[-71.108935,42.381851],[-71.108825,42.381825],[-71.108726,42.381796],[-71.108605,42.381767],[-71.108435,42.381705],[-71.108314,42.381648]]}},{"type":"Feature","properties":{"name":"Ivaloo Street","separation_level":"none","street_classification":"residential","maxspeed_int":20.0,"lanes_int":2.0},"geometry":{"type":"LineString","coordinates":[[-71.108314,42.381648],[-71.107419,42.38127],[-71.107337,42.381238],[-71.107284,42.381297]]}},{"type":"Feature","properties":{"name":"Carlton Street","separation_level":"none","street_classification":"residential","maxspeed_int":20.0,"lanes_int":2.0},"geometry":{"type":"LineString","coordinates":[[-71.099796,42.381259],[-71.099814,42.381223],[-71.099836,42.381189],[-71.100048,42.380807]]}},{"type":"Feature","properties":{"name":"Somerville Avenue","separation_level":"lane","street_classification":"medium-capacity","maxspeed_int":20.0,"lanes_int":1.0},"geometry":{"type":"LineString","coordinates":[[-71.099796,42.381259],[-71.099714,42.381235],[-71.099656,42.381212],[-71.099483,42.38116],[-71.099467,42.381156]]}},{"type":"Feature","properties":{"name":"Carlton Street","separation_level":"none","street_classification":"residential","maxspeed_int":20.0,"lanes_int":2.0},"geometry":{"type":"LineString","coordinates":[[-71.100048,42.380807],[-71.100281,42.380411],[-71.100305,42.380369]]}},{"type":"Feature","properties":{"name":"Somerville Avenue","separation_level":"lane","street_classification":"medium-capacity","maxspeed_int":20.0,"lanes_int":2.0},"geometry":{"type":"LineString","coordinates":[[-71.099467,42.381156],[-71.099452,42.381151],[-71.099177,42.381077]]}},{"type":"Feature","properties":{"name":"Lake Street","separation_level":"none","street_classification":"residential","maxspeed_int":20.0,"lanes_int":2.0},"geometry":{"type":"LineString","coordinates":[[-71.100305,42.380369],[-71.101055,42.380623]]}},{"type":"Feature","properties":{"name":"Lake Street","separation_level":"none","street_classification":"residential","maxspeed_int":20.0,"lanes_int":2.0},"geometry":{"type":"LineString","coordinates":[[-71.100305,42.380369],[-71.099893,42.380232],[-71.099753,42.380198],[-71.099632,42.380179]]}},{"type":"Feature","properties":{"name":"Somerville Avenue","separation_level":"separate","street_classification":"medium-capacity","maxspeed_int":25.0,"lanes_int":2.0},"geometry":{"type":"LineString","coordinates":[[-71.092583,42.378569],[-71.092538,42.378543],[-71.09242,42.378497],[-71.092382,42.378484],[-71.092253,42.378438],[-71.092016,42.378329]]}},{"type":"Feature","properties":{"name":"Somerville Avenue","separation_level":"separate","street_classification":"dedicated_path","maxspeed_int":null,"lanes_int":null},"geometry":{"type":"LineString","coordinates":[[-71.092583,42.378569],[-71.092577,42.37848],[-71.092528,42.378462],[-71.092458,42.378437],[-71.092444,42.378432],[-71.092289,42.378376],[-71.092016,42.378329]]}},{"type":"Feature","properties":{"name":"Linden Street","separation_level":"none","street_classification":"residential","maxspeed_int":20.0,"lanes_int":2.0},"geometry":{"type":"LineString","coordinates":[[-71.092583,42.378569],[-71.092577,42.37848],[-71.092591,42.378455],[-71.09259,42.378404],[-71.092575,42.377089]]}},{"type":"Feature","properties":{"name":"Somerville Avenue","separation_level":"separate","street_classification":"medium-capacity","maxspeed_int":25.0,"lanes_int":2.0},"geometry":{"type":"LineString","coordinates":[[-71.092583,42.378569],[-71.092624,42.378573],[-71.092711,42.378604],[-71.092899,42.378671],[-71.092994,42.378711]]}},{"type":"Feature","properties":{"name":"Somerville Avenue","separation_level":"separate","street_classification":"dedicated_path","maxspeed_int":null,"lanes_int":null},"geometry":{"type":"LineString","coordinates":[[-71.092583,42.378569],[-71.092597,42.378619],[-71.092688,42.378652],[-71.092871,42.378718],[-71.092994,42.378711]]}},{"type":"Feature","properties":{"name":"Somerville Avenue","separation_level":"separate","street_classification":"dedicated_path","maxspeed_int":null,"lanes_int":null},"geometry":{"type":"LineString","coordinates":[[-71.092016,42.378329],[-71.092183,42.37847],[-71.092355,42.378532],[-71.09239,42.378545],[-71.092481,42.378577],[-71.092597,42.378619],[-71.092583,42.378569]]}},{"type":"Feature","properties":{"name":"Somerville Avenue","separation_level":"separate","street_classification":"medium-capacity","maxspeed_int":25.0,"lanes_int":2.0},"geometry":{"type":"LineString","coordinates":[[-71.092016,42.378329],[-71.091738,42.37824],[-71.091626,42.3782],[-71.091496,42.378168],[-71.091155,42.378046],[-71.091119,42.378033],[-71.091062,42.378006]]}},{"type":"Feature","properties":{"name":"Somerville Avenue","separation_level":"separate","street_classification":"dedicated_path","maxspeed_int":null,"lanes_int":null},"geometry":{"type":"LineString","coordinates":[[-71.092016,42.378329],[-71.091766,42.378187],[-71.091705,42.378164],[-71.091588,42.378122],[-71.091454,42.378078],[-71.091239,42.378002],[-71.091083,42.377946],[-71.091044,42.377932],[-71.091062,42.378006]]}},{"type":"Feature","properties":{"name":"Linden Street","separation_level":"none","street_classification":"residential","maxspeed_int":20.0,"lanes_int":2.0},"geometry":{"type":"LineString","coordinates":[[-71.092575,42.377089],[-71.092572,42.376834],[-71.092572,42.37679]]}},{"type":"Feature","properties":{"name":null,"separation_level":"none","street_classification":"residential","maxspeed_int":null,"lanes_int":null},"geometry":{"type":"LineString","coordinates":[[-71.092575,42.377089],[-71.092531,42.377089],[-71.092284,42.377091],[-71.092057,42.377093],[-71.092037,42.377091],[-71.092021,42.377088],[-71.09194,42.377057]]}},{"type":"Feature","properties":{"name":"Somerville Avenue","separation_level":"separate","street_classification":"medium-capacity","maxspeed_int":25.0,"lanes_int":2.0},"geometry":{"type":"LineString","coordinates":[[-71.092994,42.378711],[-71.093067,42.378731],[-71.093473,42.378879]]}},{"type":"Feature","properties":{"name":"Allen Street","separation_level":"none","street_classification":"residential","maxspeed_int":20.0,"lanes_int":1.0},"geometry":{"type":"LineString","coordinates":[[-71.092994,42.378711],[-71.0931,42.378667],[-71.093116,42.378637],[-71.093121,42.378626],[-71.093138,42.378474]]}},{"type":"Feature","properties":{"name":"Somerville Avenue","separation_level":"separate","street_classification":"dedicated_path","maxspeed_int":null,"lanes_int":null},"geometry":{"type":"LineString","coordinates":[[-71.092994,42.378711],[-71.0931,42.378667],[-71.093072,42.378657],[-71.092857,42.37858],[-71.092706,42.378526],[-71.09263,42.378499],[-71.092577,42.37848],[-71.092583,42.378569]]}},{"type":"Feature","properties":{"name":"Somerville Avenue","separation_level":"separate","street_classification":"dedicated_path","maxspeed_int":null,"lanes_int":null},"geometry":{"type":"LineString","coordinates":[[-71.092994,42.378711],[-71.093044,42.378779],[-71.093492,42.378939],[-71.093587,42.378978],[-71.093708,42.379024],[-71.093898,42.37909],[-71.093947,42.37911],[-71.094049,42.379177],[-71.094247,42.379047]]}},{"type":"Feature","properties":{"name":null,"separation_level":"none","street_classification":"residential","maxspeed_int":null,"lanes_int":null},"geometry":{"type":"LineString","coordinates":[[-71.092994,42.378711],[-71.092871,42.378718],[-71.092857,42.378746],[-71.092844,42.378752],[-71.092826,42.378913],[-71.09281,42.379041],[-71.092802,42.379127],[-71.092809,42.379152]]}},{"type":"Feature","properties":{"name":"Somerville Avenue","separation_level":"separate","street_classification":"dedicated_path","maxspeed_int":null,"lanes_int":null},"geometry":{"type":"LineString","coordinates":[[-71.091062,42.378006],[-71.091091,42.378079],[-71.09113,42.378093],[-71.091398,42.378189],[-71.091566,42.378249],[-71.091689,42.378293],[-71.091798,42.378332],[-71.091923,42.378377],[-71.091955,42.378388],[-71.092016,42.378329]]}},{"type":"Feature","properties":{"name":"Somerville Avenue","separation_level":"separate","street_classification":"dedicated_path","maxspeed_int":null,"lanes_int":null},"geometry":{"type":"LineString","coordinates":[[-71.091062,42.378006],[-71.091044,42.377932],[-71.091012,42.37792],[-71.09069,42.377804],[-71.090662,42.377794],[-71.090249,42.37762]]}},{"type":"Feature","properties":{"name":"Somerville Avenue","separation_level":"separate","street_classification":"medium-capacity","maxspeed_int":25.0,"lanes_int":3.0},"geometry":{"type":"LineString","coordinates":[[-71.093473,42.378879],[-71.093975,42.379063],[-71.094098,42.379108],[-71.094247,42.379047]]}},{"type":"Feature","properties":{"name":"Milk Alley","separation_level":"none","street_classification":"residential","maxspeed_int":null,"lanes_int":null},"geometry":{"type":"LineString","coordinates":[[-71.093473,42.378879],[-71.093513,42.378814],[-71.09353,42.378785],[-71.093802,42.378363],[-71.093815,42.378341],[-71.093823,42.378318],[-71.093829,42.37828]]}},{"type":"Feature","properties":{"name":"Allen Street","separation_level":"none","street_classification":"residential","maxspeed_int":20.0,"lanes_int":1.0},"geometry":{"type":"LineString","coordinates":[[-71.093138,42.378474],[-71.0932,42.377769],[-71.093215,42.377633],[-71.093272,42.37753]]}},{"type":"Feature","properties":{"name":"Prospect Street","separation_level":"lane","street_classification":"medium-capacity","maxspeed_int":25.0,"lanes_int":3.0},"geometry":{"type":"LineString","coordinates":[[-71.094247,42.379047],[-71.09435,42.378747],[-71.094465,42.378582],[-71.094529,42.378491]]}},{"type":"Feature","properties":{"name":"Newton Street","separation_level":"shared_lane","street_classification":"residential","maxspeed_int":20.0,"lanes_int":1.0},"geometry":{"type":"LineString","coordinates":[[-71.094247,42.379047],[-71.09435,42.378747],[-71.094472,42.378716],[-71.094518,42.378695],[-71.09465,42.378615]]}},{"type":"Feature","properties":{"name":"Prospect Street","separation_level":"separate","street_classification":"medium-capacity","maxspeed_int":25.0,"lanes_int":3.0},"geometry":{"type":"LineString","coordinates":[[-71.094247,42.379047],[-71.094049,42.379177],[-71.094017,42.379224],[-71.093915,42.379369],[-71.093894,42.379397],[-71.093872,42.379425],[-71.093849,42.37945],[-71.093823,42.379474],[-71.093795,42.379496],[-71.093789,42.379542]]}},{"type":"Feature","properties":{"name":"Somerville Avenue","separation_level":"separate","street_classification":"dedicated_path","maxspeed_int":null,"lanes_int":null},"geometry":{"type":"LineString","coordinates":[[-71.094247,42.379047],[-71.094142,42.379239],[-71.094159,42.379234],[-71.09417,42.379232],[-71.094181,42.379231],[-71.094202,42.379232],[-71.094244,42.379239],[-71.094311,42.379254],[-71.094354,42.379264],[-71.094577,42.37934],[-71.094672,42.379375],[-71.094685,42.379382],[-71.0947,42.379392],[-71.094715,42.379399],[-71.094739,42.37941],[-71.09483,42.379443],[-71.095021,42.379512],[-71.095074,42.379531],[-71.095107,42.379546],[-71.095147,42.379456]]}},{"type":"Feature","properties":{"name":null,"separation_level":"none","street_classification":"residential","maxspeed_int":null,"lanes_int":null},"geometry":{"type":"LineString","coordinates":[[-71.092809,42.379152],[-71.092849,42.379171],[-71.092918,42.379179],[-71.092957,42.379171],[-71.092986,42.379067],[-71.093009,42.378884],[-71.093022,42.378817],[-71.093029,42.378803],[-71.093044,42.378779],[-71.092994,42.378711]]}},{"type":"Feature","properties":{"name":"Milk Alley","separation_level":"none","street_classification":"residential","maxspeed_int":null,"lanes_int":null},"geometry":{"type":"LineString","coordinates":[[-71.093829,42.37828],[-71.093827,42.378024],[-71.093827,42.378005]]}},{"type":"Feature","properties":{"name":"Bennet Court","separation_level":"none","street_classification":"residential","maxspeed_int":null,"lanes_int":null},"geometry":{"type":"LineString","coordinates":[[-71.093829,42.37828],[-71.093883,42.378292],[-71.094425,42.378449],[-71.094529,42.378491]]}},{"type":"Feature","properties":{"name":"Indiana Avenue","separation_level":"none","street_classification":"residential","maxspeed_int":20.0,"lanes_int":1.0},"geometry":{"type":"LineString","coordinates":[[-71.082664,42.387399],[-71.082609,42.387481],[-71.081745,42.388305],[-71.081669,42.388378],[-71.081741,42.388421]]}},{"type":"Feature","properties":{"name":"Broadway","separation_level":"lane","street_classification":"medium-capacity","maxspeed_int":25.0,"lanes_int":1.0},"geometry":{"type":"LineString","coordinates":[[-71.082664,42.387399],[-71.082963,42.387492],[-71.083223,42.387578],[-71.083283,42.387599],[-71.083314,42.38756]]}},{"type":"Feature","properties":{"name":"Pennsylvania Avenue","separation_level":"none","street_classification":"residential","maxspeed_int":20.0,"lanes_int":1.0},"geometry":{"type":"LineString","coordinates":[[-71.081741,42.388421],[-71.081669,42.388378],[-71.081547,42.388293],[-71.081463,42.388206],[-71.081414,42.388104],[-71.081395,42.387996],[-71.081407,42.387115],[-71.08141,42.38704],[-71.08136,42.38697]]}},{"type":"Feature","properties":{"name":"Broadway","separation_level":"lane","street_classification":"medium-capacity","maxspeed_int":25.0,"lanes_int":2.0},"geometry":{"type":"LineString","coordinates":[[-71.083314,42.38756],[-71.083345,42.387621],[-71.083398,42.387642],[-71.083466,42.387667],[-71.083554,42.3877],[-71.08378,42.387784],[-71.083872,42.387818],[-71.083967,42.387854],[-71.084042,42.387884],[-71.084088,42.387852]]}},{"type":"Feature","properties":{"name":"Broadway","separation_level":"lane_buffered","street_classification":"medium-capacity","maxspeed_int":25.0,"lanes_int":1.0},"geometry":{"type":"LineString","coordinates":[[-71.083314,42.38756],[-71.083284,42.387498],[-71.08323,42.387479],[-71.082817,42.387344],[-71.082335,42.387193],[-71.082331,42.387246]]}},{"type":"Feature","properties":{"name":"Ward Street","separation_level":"none","street_classification":"residential","maxspeed_int":20.0,"lanes_int":2.0},"geometry":{"type":"LineString","coordinates":[[-71.089432,42.374951],[-71.089034,42.374911]]}},{"type":"Feature","properties":{"name":"Harding Street / Ward Street","separation_level":"none","street_classification":"residential","maxspeed_int":25.0,"lanes_int":1.0},"geometry":{"type":"LineString","coordinates":[[-71.089432,42.374951],[-71.09008,42.375016],[-71.090165,42.37464],[-71.090223,42.37439],[-71.090233,42.374344]]}},{"type":"Feature","properties":{"name":"South Street","separation_level":"none","street_classification":"residential","maxspeed_int":25.0,"lanes_int":2.0},"geometry":{"type":"LineString","coordinates":[[-71.090233,42.374344],[-71.090574,42.374396],[-71.090693,42.374457]]}},{"type":"Feature","properties":{"name":"South Street","separation_level":"separate","street_classification":"residential","maxspeed_int":20.0,"lanes_int":2.0},"geometry":{"type":"LineString","coordinates":[[-71.090693,42.374457],[-71.090918,42.374459],[-71.090965,42.37447],[-71.091059,42.374493],[-71.091071,42.374497],[-71.09118,42.374529],[-71.091245,42.37455],[-71.091295,42.374568],[-71.091305,42.374554]]}},{"type":"Feature","properties":{"name":"Earle Street","separation_level":"none","street_classification":"residential","maxspeed_int":25.0,"lanes_int":2.0},"geometry":{"type":"LineString","coordinates":[[-71.090693,42.374457],[-71.090918,42.374459],[-71.090896,42.374555],[-71.090775,42.375151],[-71.09077,42.375174],[-71.090747,42.375279],[-71.090741,42.375311],[-71.09074,42.375324],[-71.09074,42.375337],[-71.090743,42.375349],[-71.090747,42.375362],[-71.090753,42.375374],[-71.09076,42.375385],[-71.090769,42.375396],[-71.090779,42.375407],[-71.090791,42.375416],[-71.090804,42.375425],[-71.090817,42.375432],[-71.090832,42.375439],[-71.090848,42.375444],[-71.090864,42.375448],[-71.090881,42.375451],[-71.0909,42.375454],[-71.091312,42.375505],[-71.091395,42.375515],[-71.091477,42.375529],[-71.091576,42.375547],[-71.091692,42.375572],[-71.091746,42.375583],[-71.091885,42.375617],[-71.092076,42.375662],[-71.092225,42.375697],[-71.092339,42.375718]]}},{"type":"Feature","properties":{"name":"South Street","separation_level":"separate","street_classification":"dedicated_path","maxspeed_int":null,"lanes_int":null},"geometry":{"type":"LineString","coordinates":[[-71.090693,42.374457],[-71.090918,42.374459],[-71.091021,42.37453],[-71.091049,42.374538],[-71.091161,42.374571],[-71.091252,42.374604],[-71.091355,42.374647],[-71.091552,42.374738],[-71.091577,42.374753],[-71.091584,42.374776],[-71.091595,42.374789],[-71.091755,42.374869],[-71.091775,42.374872],[-71.091806,42.374871],[-71.091874,42.374903],[-71.091894,42.374913],[-71.092088,42.375004],[-71.092282,42.375096],[-71.092434,42.375154],[-71.092594,42.375195],[-71.092692,42.375218],[-71.092713,42.375227],[-71.092769,42.375244],[-71.092836,42.375195]]}},{"type":"Feature","properties":{"name":null,"separation_level":"none","street_classification":"residential","maxspeed_int":null,"lanes_int":null},"geometry":{"type":"LineString","coordinates":[[-71.090693,42.374457],[-71.09054,42.374543],[-71.090428,42.374529],[-71.090379,42.374757],[-71.090453,42.374766],[-71.090488,42.37483]]}},{"type":"Feature","properties":{"name":null,"separation_level":"none","street_classification":"residential","maxspeed_int":null,"lanes_int":null},"geometry":{"type":"LineString","coordinates":[[-71.090693,42.374457],[-71.09054,42.374543],[-71.090643,42.374555],[-71.090603,42.374772],[-71.090488,42.37483]]}},{"type":"Feature","properties":{"name":"Broadway","separation_level":"lane","street_classification":"medium-capacity","maxspeed_int":25.0,"lanes_int":1.0},"geometry":{"type":"LineString","coordinates":[[-71.08015,42.386684],[-71.080569,42.386803],[-71.08067,42.386773]]}},{"type":"Feature","properties":{"name":"Benedict Street","separation_level":"none","street_classification":"residential","maxspeed_int":25.0,"lanes_int":2.0},"geometry":{"type":"LineString","coordinates":[[-71.080464,42.387433],[-71.08038,42.387425],[-71.080022,42.387392]]}},{"type":"Feature","properties":{"name":"Maine Terrace / Maine Avenue / Austin Street","separation_level":"none","street_classification":"residential","maxspeed_int":20.0,"lanes_int":1.0},"geometry":{"type":"LineString","coordinates":[[-71.080464,42.387433],[-71.080383,42.387977],[-71.080377,42.388022],[-71.080355,42.388167],[-71.080359,42.388204],[-71.080371,42.388232],[-71.080396,42.388264],[-71.080647,42.388461],[-71.081286,42.388886],[-71.081328,42.388896],[-71.08137,42.38889],[-71.081406,42.388871],[-71.08175,42.388526],[-71.081813,42.388464],[-71.081741,42.388421]]}},{"type":"Feature","properties":{"name":"Broadway","separation_level":"lane","street_classification":"medium-capacity","maxspeed_int":25.0,"lanes_int":1.0},"geometry":{"type":"LineString","coordinates":[[-71.08016,42.386576],[-71.08003,42.386539],[-71.07974,42.386458],[-71.079714,42.386506]]}},{"type":"Feature","properties":{"name":"Lincoln Street","separation_level":"none","street_classification":"residential","maxspeed_int":25.0,"lanes_int":1.0},"geometry":{"type":"LineString","coordinates":[[-71.081195,42.385947],[-71.081306,42.385755]]}},{"type":"Feature","properties":{"name":"Lincoln Avenue","separation_level":"none","street_classification":"residential","maxspeed_int":20.0,"lanes_int":1.0},"geometry":{"type":"LineString","coordinates":[[-71.081195,42.385947],[-71.081135,42.385929],[-71.080612,42.385769]]}},{"type":"Feature","properties":{"name":"Medford Street","separation_level":"none","street_classification":"medium-capacity","maxspeed_int":null,"lanes_int":2.0},"geometry":{"type":"LineString","coordinates":[[-71.10447,42.397319],[-71.104396,42.397361],[-71.104324,42.397269],[-71.104223,42.397141],[-71.104192,42.397101],[-71.103978,42.396827]]}},{"type":"Feature","properties":{"name":"Broadway","separation_level":"track","street_classification":"medium-capacity","maxspeed_int":25.0,"lanes_int":5.0},"geometry":{"type":"LineString","coordinates":[[-71.10447,42.397319],[-71.104396,42.397361],[-71.104106,42.397271],[-71.104054,42.397255],[-71.10401,42.397242],[-71.103822,42.397181],[-71.103499,42.397081],[-71.103336,42.39703]]}},{"type":"Feature","properties":{"name":"Broadway","separation_level":"lane","street_classification":"medium-capacity","maxspeed_int":25.0,"lanes_int":2.0},"geometry":{"type":"LineString","coordinates":[[-71.10447,42.397319],[-71.104396,42.397361],[-71.104535,42.397457],[-71.104676,42.397503],[-71.104869,42.397513]]}},{"type":"Feature","properties":{"name":null,"separation_level":"none","street_classification":"residential","maxspeed_int":null,"lanes_int":null},"geometry":{"type":"LineString","coordinates":[[-71.10447,42.397319],[-71.104601,42.3972],[-71.104808,42.396921],[-71.104466,42.396721],[-71.10438,42.39669]]}},{"type":"Feature","properties":{"name":"Hinckley Street","separation_level":"none","street_classification":"residential","maxspeed_int":20.0,"lanes_int":2.0},"geometry":{"type":"LineString","coordinates":[[-71.104869,42.397513],[-71.105057,42.397541],[-71.105077,42.39751],[-71.105104,42.397468],[-71.10532,42.397155],[-71.105537,42.39685]]}},{"type":"Feature","properties":{"name":"Broadway","separation_level":"lane_buffered","street_classification":"medium-capacity","maxspeed_int":25.0,"lanes_int":1.0},"geometry":{"type":"LineString","coordinates":[[-71.104869,42.397513],[-71.10501,42.397604],[-71.105622,42.397788],[-71.105714,42.397789]]}},{"type":"Feature","properties":{"name":"Broadway","separation_level":"track","street_classification":"medium-capacity","maxspeed_int":25.0,"lanes_int":3.0},"geometry":{"type":"LineString","coordinates":[[-71.104869,42.397513],[-71.104714,42.397432],[-71.104658,42.397415],[-71.104623,42.397404],[-71.104585,42.397393],[-71.104396,42.397361],[-71.10447,42.397319]]}},{"type":"Feature","properties":{"name":null,"separation_level":"none","street_classification":"residential","maxspeed_int":null,"lanes_int":null},"geometry":{"type":"LineString","coordinates":[[-71.10438,42.39669],[-71.104288,42.396656],[-71.104084,42.396778],[-71.104052,42.396794],[-71.103978,42.396827]]}},{"type":"Feature","properties":{"name":"Fisk Avenue","separation_level":"none","street_classification":"residential","maxspeed_int":20.0,"lanes_int":1.0},"geometry":{"type":"LineString","coordinates":[[-71.105537,42.39685],[-71.105496,42.396832],[-71.104778,42.396512],[-71.104748,42.396498],[-71.103937,42.396139],[-71.103888,42.396117]]}},{"type":"Feature","properties":{"name":"Hinckley Street","separation_level":"none","street_classification":"residential","maxspeed_int":20.0,"lanes_int":2.0},"geometry":{"type":"LineString","coordinates":[[-71.105537,42.39685],[-71.105653,42.396674],[-71.105727,42.396545]]}},{"type":"Feature","properties":{"name":"Charles E Ryan Road","separation_level":"none","street_classification":"residential","maxspeed_int":20.0,"lanes_int":2.0},"geometry":{"type":"LineString","coordinates":[[-71.105714,42.397789],[-71.105742,42.397723],[-71.10576,42.39768],[-71.105891,42.397473],[-71.105949,42.397382],[-71.106429,42.396724]]}},{"type":"Feature","properties":{"name":"Broadway","separation_level":"track","street_classification":"medium-capacity","maxspeed_int":25.0,"lanes_int":2.0},"geometry":{"type":"LineString","coordinates":[[-71.105714,42.397789],[-71.105789,42.397813],[-71.106057,42.397898]]}},{"type":"Feature","properties":{"name":"Broadway","separation_level":"track","street_classification":"medium-capacity","maxspeed_int":25.0,"lanes_int":2.0},"geometry":{"type":"LineString","coordinates":[[-71.105714,42.397789],[-71.105658,42.397731],[-71.105057,42.397541],[-71.104869,42.397513]]}},{"type":"Feature","properties":{"name":"Oak Street","separation_level":"none","street_classification":"residential","maxspeed_int":20.0,"lanes_int":1.0},"geometry":{"type":"LineString","coordinates":[[-71.096235,42.376067],[-71.096322,42.376084],[-71.096691,42.376056],[-71.097131,42.376009]]}},{"type":"Feature","properties":{"name":"Prospect Street","separation_level":"shared_lane","street_classification":"medium-capacity","maxspeed_int":30.0,"lanes_int":2.0},"geometry":{"type":"LineString","coordinates":[[-71.096235,42.376067],[-71.095756,42.376744],[-71.09574,42.376766],[-71.09566,42.376879],[-71.095654,42.376969]]}},{"type":"Feature","properties":{"name":"Oak Street","separation_level":"none","street_classification":"residential","maxspeed_int":20.0,"lanes_int":1.0},"geometry":{"type":"LineString","coordinates":[[-71.097131,42.376009],[-71.09752,42.375972]]}},{"type":"Feature","properties":{"name":"Prospect Street","separation_level":"lane","street_classification":"medium-capacity","maxspeed_int":30.0,"lanes_int":3.0},"geometry":{"type":"LineString","coordinates":[[-71.095654,42.376969],[-71.095584,42.376987],[-71.095439,42.377192],[-71.095327,42.37735],[-71.095179,42.377561],[-71.094809,42.378092],[-71.094635,42.378339],[-71.094529,42.378491]]}},{"type":"Feature","properties":{"name":"Webster Avenue","separation_level":"lane_buffered","street_classification":"medium-capacity","maxspeed_int":25.0,"lanes_int":3.0},"geometry":{"type":"LineString","coordinates":[[-71.095654,42.376969],[-71.095584,42.376987],[-71.095531,42.376819],[-71.095477,42.376637],[-71.095443,42.376527],[-71.095403,42.376389]]}},{"type":"Feature","properties":{"name":"Concord Avenue","separation_level":"none","street_classification":"medium-capacity","maxspeed_int":20.0,"lanes_int":1.0},"geometry":{"type":"LineString","coordinates":[[-71.095654,42.376969],[-71.095763,42.376868],[-71.095826,42.376861],[-71.097869,42.376665]]}},{"type":"Feature","properties":{"name":"Bolton Street","separation_level":"none","street_classification":"residential","maxspeed_int":20.0,"lanes_int":2.0},"geometry":{"type":"LineString","coordinates":[[-71.09752,42.375972],[-71.097547,42.375927],[-71.097588,42.375846],[-71.097855,42.375459]]}},{"type":"Feature","properties":{"name":"Webster Avenue","separation_level":"lane_buffered","street_classification":"medium-capacity","maxspeed_int":25.0,"lanes_int":2.0},"geometry":{"type":"LineString","coordinates":[[-71.095403,42.376389],[-71.095247,42.375877],[-71.095193,42.375843]]}},{"type":"Feature","properties":{"name":null,"separation_level":"none","street_classification":"residential","maxspeed_int":null,"lanes_int":null},"geometry":{"type":"LineString","coordinates":[[-71.095403,42.376389],[-71.095327,42.376398],[-71.094063,42.376613],[-71.093715,42.376495],[-71.093884,42.375907],[-71.093885,42.375886],[-71.093888,42.375822]]}},{"type":"Feature","properties":{"name":"Marion Street","separation_level":"none","street_classification":"residential","maxspeed_int":20.0,"lanes_int":2.0},"geometry":{"type":"LineString","coordinates":[[-71.100086,42.377194],[-71.100114,42.377263],[-71.100132,42.37729],[-71.10016,42.377305],[-71.100201,42.37731],[-71.101011,42.377305],[-71.101046,42.377304],[-71.101122,42.377303]]}},{"type":"Feature","properties":{"name":"Wyatt Street","separation_level":"none","street_classification":"residential","maxspeed_int":20.0,"lanes_int":2.0},"geometry":{"type":"LineString","coordinates":[[-71.101119,42.376819],[-71.101121,42.377237],[-71.101122,42.377303]]}},{"type":"Feature","properties":{"name":"Beacon Street","separation_level":"lane","street_classification":"medium-capacity","maxspeed_int":25.0,"lanes_int":2.0},"geometry":{"type":"LineString","coordinates":[[-71.104308,42.376595],[-71.104352,42.376632],[-71.104952,42.377124]]}},{"type":"Feature","properties":{"name":"Waldo Avenue","separation_level":"none","street_classification":"residential","maxspeed_int":20.0,"lanes_int":2.0},"geometry":{"type":"LineString","coordinates":[[-71.104308,42.376595],[-71.104352,42.376632],[-71.104273,42.376684],[-71.104244,42.3767],[-71.103537,42.377185],[-71.10351,42.377207],[-71.103466,42.377249]]}},{"type":"Feature","properties":{"name":"Beacon Street","separation_level":"lane","street_classification":"medium-capacity","maxspeed_int":25.0,"lanes_int":2.0},"geometry":{"type":"LineString","coordinates":[[-71.104952,42.377124],[-71.105055,42.377209],[-71.105181,42.377313],[-71.105258,42.377376]]}},{"type":"Feature","properties":{"name":"Marion Street","separation_level":"none","street_classification":"residential","maxspeed_int":20.0,"lanes_int":1.0},"geometry":{"type":"LineString","coordinates":[[-71.103466,42.377249],[-71.10336,42.377248],[-71.102188,42.377258]]}},{"type":"Feature","properties":{"name":"Dimick Street","separation_level":"none","street_classification":"residential","maxspeed_int":20.0,"lanes_int":2.0},"geometry":{"type":"LineString","coordinates":[[-71.103466,42.377249],[-71.103911,42.377465],[-71.104086,42.377564],[-71.104121,42.377588],[-71.104177,42.377631]]}},{"type":"Feature","properties":{"name":"Beacon Street","separation_level":"lane","street_classification":"medium-capacity","maxspeed_int":25.0,"lanes_int":2.0},"geometry":{"type":"LineString","coordinates":[[-71.105258,42.377376],[-71.105335,42.377439],[-71.105666,42.377711]]}},{"type":"Feature","properties":{"name":"Calvin Street","separation_level":"none","street_classification":"residential","maxspeed_int":20.0,"lanes_int":1.0},"geometry":{"type":"LineString","coordinates":[[-71.104177,42.377631],[-71.104228,42.377601],[-71.104522,42.377401],[-71.104877,42.377176],[-71.104952,42.377124]]}},{"type":"Feature","properties":{"name":"Beacon Street","separation_level":"lane","street_classification":"medium-capacity","maxspeed_int":25.0,"lanes_int":2.0},"geometry":{"type":"LineString","coordinates":[[-71.105666,42.377711],[-71.105897,42.377901]]}},{"type":"Feature","properties":{"name":"Washington Street","separation_level":"separate","street_classification":"medium-capacity","maxspeed_int":null,"lanes_int":2.0},"geometry":{"type":"LineString","coordinates":[[-71.106294,42.378298],[-71.106366,42.378284],[-71.106496,42.378256],[-71.106537,42.378247],[-71.107274,42.37809]]}},{"type":"Feature","properties":{"name":null,"separation_level":"none","street_classification":"residential","maxspeed_int":null,"lanes_int":null},"geometry":{"type":"LineString","coordinates":[[-71.106294,42.378298],[-71.106216,42.378364],[-71.106228,42.378392],[-71.106272,42.37848],[-71.10642,42.378592],[-71.10654,42.378555]]}},{"type":"Feature","properties":{"name":"Beacon Street","separation_level":"separate","street_classification":"dedicated_path","maxspeed_int":null,"lanes_int":null},"geometry":{"type":"LineString","coordinates":[[-71.106294,42.378298],[-71.106346,42.378335],[-71.106419,42.378391],[-71.1066,42.378543],[-71.10654,42.378555]]}},{"type":"Feature","properties":{"name":"Beacon Street","separation_level":"lane","street_classification":"medium-capacity","maxspeed_int":25.0,"lanes_int":2.0},"geometry":{"type":"LineString","coordinates":[[-71.106294,42.378298],[-71.106276,42.378211],[-71.106249,42.37819],[-71.106218,42.378165],[-71.105897,42.377901]]}},{"type":"Feature","properties":{"name":"Washington Street","separation_level":"separate","street_classification":"dedicated_path","maxspeed_int":null,"lanes_int":null},"geometry":{"type":"LineString","coordinates":[[-71.106294,42.378298],[-71.106256,42.378266],[-71.106208,42.378277],[-71.106069,42.378301],[-71.105555,42.378409],[-71.105501,42.378421],[-71.105517,42.378448]]}},{"type":"Feature","properties":{"name":"Washington Street","separation_level":"separate","street_classification":"medium-capacity","maxspeed_int":20.0,"lanes_int":2.0},"geometry":{"type":"LineString","coordinates":[[-71.106294,42.378298],[-71.106197,42.378322],[-71.106107,42.378348],[-71.106069,42.378359],[-71.106035,42.378368],[-71.106002,42.378376],[-71.105956,42.378386],[-71.105643,42.378453],[-71.105532,42.378476],[-71.105517,42.378448]]}},{"type":"Feature","properties":{"name":"Washington Street","separation_level":"separate","street_classification":"dedicated_path","maxspeed_int":null,"lanes_int":null},"geometry":{"type":"LineString","coordinates":[[-71.107274,42.37809],[-71.107149,42.378072],[-71.106809,42.378145],[-71.106463,42.37822],[-71.106324,42.378251],[-71.106294,42.378298]]}},{"type":"Feature","properties":{"name":"Washington Street","separation_level":"separate","street_classification":"dedicated_path","maxspeed_int":null,"lanes_int":null},"geometry":{"type":"LineString","coordinates":[[-71.105517,42.378448],[-71.105501,42.378421],[-71.105435,42.378435],[-71.105318,42.378461],[-71.105261,42.378473],[-71.10521,42.378484],[-71.105171,42.378494],[-71.105206,42.378538]]}},{"type":"Feature","properties":{"name":"Washington Street","separation_level":"separate","street_classification":"medium-capacity","maxspeed_int":20.0,"lanes_int":2.0},"geometry":{"type":"LineString","coordinates":[[-71.105517,42.378448],[-71.105532,42.378476],[-71.105525,42.378477],[-71.10544,42.378496],[-71.105354,42.378514],[-71.105286,42.37853],[-71.105227,42.378543],[-71.105206,42.378538]]}},{"type":"Feature","properties":{"name":"Washington Street","separation_level":"lane_buffered","street_classification":"medium-capacity","maxspeed_int":null,"lanes_int":2.0},"geometry":{"type":"LineString","coordinates":[[-71.091413,42.37963],[-71.091574,42.379574],[-71.091741,42.379534],[-71.091881,42.379507],[-71.092051,42.379482],[-71.092176,42.379476]]}},{"type":"Feature","properties":{"name":"Rossmore Street","separation_level":"none","street_classification":"residential","maxspeed_int":20.0,"lanes_int":1.0},"geometry":{"type":"LineString","coordinates":[[-71.091413,42.37963],[-71.091398,42.37957],[-71.091391,42.379536],[-71.091051,42.378155],[-71.091062,42.378134],[-71.091075,42.378107],[-71.091091,42.378079],[-71.091062,42.378006]]}},{"type":"Feature","properties":{"name":"Washington Street","separation_level":"lane_buffered","street_classification":"medium-capacity","maxspeed_int":null,"lanes_int":2.0},"geometry":{"type":"LineString","coordinates":[[-71.091413,42.37963],[-71.091336,42.379657],[-71.091183,42.379709]]}},{"type":"Feature","properties":{"name":"Merriam Street","separation_level":"none","street_classification":"residential","maxspeed_int":20.0,"lanes_int":1.0},"geometry":{"type":"LineString","coordinates":[[-71.092176,42.379476],[-71.092051,42.379482],[-71.092043,42.379425],[-71.092038,42.379391],[-71.091911,42.378477],[-71.091914,42.378447],[-71.091937,42.378415],[-71.091955,42.378388],[-71.092016,42.378329]]}},{"type":"Feature","properties":{"name":"Washington Street","separation_level":"track","street_classification":"medium-capacity","maxspeed_int":25.0,"lanes_int":3.0},"geometry":{"type":"LineString","coordinates":[[-71.092176,42.379476],[-71.092301,42.379471],[-71.092331,42.379471],[-71.092463,42.379472],[-71.092495,42.379473],[-71.092621,42.379479],[-71.093049,42.379504]]}},{"type":"Feature","properties":{"name":null,"separation_level":"none","street_classification":"residential","maxspeed_int":null,"lanes_int":null},"geometry":{"type":"LineString","coordinates":[[-71.091183,42.379709],[-71.091215,42.37975],[-71.091238,42.37978],[-71.091368,42.379948],[-71.091395,42.379983]]}},{"type":"Feature","properties":{"name":"Washington Street","separation_level":"lane","street_classification":"medium-capacity","maxspeed_int":25.0,"lanes_int":3.0},"geometry":{"type":"LineString","coordinates":[[-71.093049,42.379504],[-71.093293,42.37952],[-71.093527,42.379535],[-71.093571,42.379537],[-71.093604,42.379538],[-71.093608,42.379538],[-71.093789,42.379542]]}},{"type":"Feature","properties":{"name":null,"separation_level":"none","street_classification":"residential","maxspeed_int":null,"lanes_int":null},"geometry":{"type":"LineString","coordinates":[[-71.091395,42.379983],[-71.091553,42.379924],[-71.09162,42.380021],[-71.091238,42.380164],[-71.091171,42.380067],[-71.091395,42.379983]]}},{"type":"Feature","properties":{"name":null,"separation_level":"none","street_classification":"residential","maxspeed_int":null,"lanes_int":null},"geometry":{"type":"LineString","coordinates":[[-71.091395,42.379983],[-71.091171,42.380067],[-71.091238,42.380164],[-71.09162,42.380021],[-71.091553,42.379924],[-71.091395,42.379983]]}},{"type":"Feature","properties":{"name":"Beacon Street","separation_level":"separate","street_classification":"medium-capacity","maxspeed_int":25.0,"lanes_int":2.0},"geometry":{"type":"LineString","coordinates":[[-71.107172,42.378972],[-71.107209,42.37896],[-71.107959,42.379563],[-71.107931,42.379583]]}},{"type":"Feature","properties":{"name":"Beacon Street","separation_level":"separate","street_classification":"dedicated_path","maxspeed_int":null,"lanes_int":null},"geometry":{"type":"LineString","coordinates":[[-71.107172,42.378972],[-71.107134,42.378984],[-71.107335,42.379148],[-71.107863,42.379571],[-71.107902,42.379603],[-71.107931,42.379583]]}},{"type":"Feature","properties":{"name":"Durham Street","separation_level":"none","street_classification":"residential","maxspeed_int":20.0,"lanes_int":1.0},"geometry":{"type":"LineString","coordinates":[[-71.107172,42.378972],[-71.107134,42.378984],[-71.107094,42.378992],[-71.107087,42.378993],[-71.106401,42.379142]]}},{"type":"Feature","properties":{"name":"Beacon Street","separation_level":"separate","street_classification":"dedicated_path","maxspeed_int":null,"lanes_int":null},"geometry":{"type":"LineString","coordinates":[[-71.107931,42.379583],[-71.107902,42.379603],[-71.108444,42.380034],[-71.108471,42.380015]]}},{"type":"Feature","properties":{"name":"Properzi Way","separation_level":"none","street_classification":"residential","maxspeed_int":20.0,"lanes_int":2.0},"geometry":{"type":"LineString","coordinates":[[-71.107931,42.379583],[-71.107902,42.379603],[-71.107881,42.379616],[-71.107822,42.379654],[-71.107466,42.379884]]}},{"type":"Feature","properties":{"name":"Properzi Way","separation_level":"none","street_classification":"residential","maxspeed_int":20.0,"lanes_int":2.0},"geometry":{"type":"LineString","coordinates":[[-71.107466,42.379884],[-71.107173,42.380079]]}},{"type":"Feature","properties":{"name":"Highland Avenue","separation_level":"shared_lane","street_classification":"medium-capacity","maxspeed_int":20.0,"lanes_int":2.0},"geometry":{"type":"LineString","coordinates":[[-71.099102,42.386969],[-71.099184,42.386997],[-71.099659,42.387158]]}},{"type":"Feature","properties":{"name":"Oxford Street","separation_level":"none","street_classification":"residential","maxspeed_int":20.0,"lanes_int":1.0},"geometry":{"type":"LineString","coordinates":[[-71.099188,42.386157],[-71.099278,42.386188],[-71.100281,42.386523],[-71.101488,42.386964],[-71.101505,42.386971],[-71.101534,42.386981]]}},{"type":"Feature","properties":{"name":"School Street","separation_level":"shared_lane","street_classification":"medium-capacity","maxspeed_int":20.0,"lanes_int":2.0},"geometry":{"type":"LineString","coordinates":[[-71.099188,42.386157],[-71.099248,42.386071],[-71.09939,42.385866],[-71.099627,42.385518]]}},{"type":"Feature","properties":{"name":"Highland Avenue","separation_level":"shared_lane","street_classification":"medium-capacity","maxspeed_int":20.0,"lanes_int":2.0},"geometry":{"type":"LineString","coordinates":[[-71.099659,42.387158],[-71.100741,42.387523]]}},{"type":"Feature","properties":{"name":"Trull Lane","separation_level":"none","street_classification":"residential","maxspeed_int":25.0,"lanes_int":1.0},"geometry":{"type":"LineString","coordinates":[[-71.101534,42.386981],[-71.101505,42.386971],[-71.101478,42.387011],[-71.101461,42.387034],[-71.101157,42.387481],[-71.101106,42.387555]]}},{"type":"Feature","properties":{"name":"Oxford Street","separation_level":"none","street_classification":"residential","maxspeed_int":20.0,"lanes_int":1.0},"geometry":{"type":"LineString","coordinates":[[-71.101534,42.386981],[-71.101563,42.386991],[-71.10265,42.387379],[-71.103797,42.387782],[-71.10383,42.387794],[-71.103838,42.387841]]}},{"type":"Feature","properties":{"name":"Hersey Street","separation_level":"none","street_classification":"residential","maxspeed_int":25.0,"lanes_int":2.0},"geometry":{"type":"LineString","coordinates":[[-71.101534,42.386981],[-71.101563,42.386991],[-71.101583,42.38696],[-71.101959,42.386394],[-71.101988,42.386351]]}},{"type":"Feature","properties":{"name":"School Street","separation_level":"shared_lane","street_classification":"medium-capacity","maxspeed_int":20.0,"lanes_int":2.0},"geometry":{"type":"LineString","coordinates":[[-71.099627,42.385518],[-71.099786,42.385292]]}},{"type":"Feature","properties":{"name":"Berkeley Street","separation_level":"none","street_classification":"residential","maxspeed_int":20.0,"lanes_int":2.0},"geometry":{"type":"LineString","coordinates":[[-71.099627,42.385518],[-71.099708,42.385546],[-71.101013,42.386004],[-71.101988,42.386351]]}},{"type":"Feature","properties":{"name":"Highland Avenue","separation_level":"shared_lane","street_classification":"medium-capacity","maxspeed_int":20.0,"lanes_int":2.0},"geometry":{"type":"LineString","coordinates":[[-71.101106,42.387555],[-71.101055,42.387629],[-71.10078,42.387536],[-71.100741,42.387523]]}},{"type":"Feature","properties":{"name":"Highland Avenue","separation_level":"shared_lane","street_classification":"medium-capacity","maxspeed_int":20.0,"lanes_int":2.0},"geometry":{"type":"LineString","coordinates":[[-71.101106,42.387555],[-71.101055,42.387629],[-71.101092,42.387642],[-71.101549,42.387796]]}},{"type":"Feature","properties":{"name":"Highland Avenue","separation_level":"shared_lane","street_classification":"medium-capacity","maxspeed_int":20.0,"lanes_int":2.0},"geometry":{"type":"LineString","coordinates":[[-71.101549,42.387796],[-71.1019,42.387915]]}},{"type":"Feature","properties":{"name":"Highland Avenue","separation_level":"shared_lane","street_classification":"medium-capacity","maxspeed_int":20.0,"lanes_int":2.0},"geometry":{"type":"LineString","coordinates":[[-71.1019,42.387915],[-71.101961,42.387935],[-71.103368,42.388411],[-71.103423,42.388429]]}},{"type":"Feature","properties":{"name":"Sycamore Street","separation_level":"none","street_classification":"residential","maxspeed_int":20.0,"lanes_int":1.0},"geometry":{"type":"LineString","coordinates":[[-71.1019,42.387915],[-71.101858,42.387974],[-71.101637,42.388288],[-71.101294,42.388739],[-71.101272,42.388771]]}},{"type":"Feature","properties":{"name":"Highland Avenue","separation_level":"none","street_classification":"medium-capacity","maxspeed_int":20.0,"lanes_int":2.0},"geometry":{"type":"LineString","coordinates":[[-71.103423,42.388429],[-71.103479,42.388448],[-71.104289,42.388722]]}},{"type":"Feature","properties":{"name":"Central Street","separation_level":"separate","street_classification":"dedicated_path","maxspeed_int":null,"lanes_int":null},"geometry":{"type":"LineString","coordinates":[[-71.103423,42.388429],[-71.103499,42.388374],[-71.103716,42.388067],[-71.103677,42.388125]]}},{"type":"Feature","properties":{"name":"Central Street","separation_level":"none","street_classification":"medium-capacity","maxspeed_int":20.0,"lanes_int":2.0},"geometry":{"type":"LineString","coordinates":[[-71.103423,42.388429],[-71.103379,42.388487],[-71.103013,42.388994],[-71.102955,42.389073]]}},{"type":"Feature","properties":{"name":"Madison Street","separation_level":"none","street_classification":"residential","maxspeed_int":25.0,"lanes_int":1.0},"geometry":{"type":"LineString","coordinates":[[-71.101272,42.388771],[-71.101294,42.388739],[-71.101237,42.388718],[-71.100108,42.388295],[-71.099428,42.388038],[-71.099236,42.38797],[-71.098283,42.387637],[-71.098205,42.38761],[-71.098149,42.38769]]}},{"type":"Feature","properties":{"name":"Sycamore Street","separation_level":"none","street_classification":"residential","maxspeed_int":20.0,"lanes_int":1.0},"geometry":{"type":"LineString","coordinates":[[-71.101272,42.388771],[-71.101249,42.388802],[-71.101232,42.388822],[-71.100953,42.389193],[-71.100909,42.389256]]}},{"type":"Feature","properties":{"name":"Waldo Street","separation_level":"none","street_classification":"residential","maxspeed_int":25.0,"lanes_int":1.0},"geometry":{"type":"LineString","coordinates":[[-71.104289,42.388722],[-71.104252,42.388781],[-71.103805,42.389507],[-71.103798,42.389517],[-71.10377,42.389562]]}},{"type":"Feature","properties":{"name":"Central Street","separation_level":"separate","street_classification":"dedicated_path","maxspeed_int":null,"lanes_int":null},"geometry":{"type":"LineString","coordinates":[[-71.103677,42.388125],[-71.103716,42.388067],[-71.103843,42.387888],[-71.103838,42.387841]]}},{"type":"Feature","properties":{"name":"Central Street","separation_level":"separate","street_classification":"medium-capacity","maxspeed_int":25.0,"lanes_int":1.0},"geometry":{"type":"LineString","coordinates":[[-71.103677,42.388125],[-71.103587,42.388196],[-71.103469,42.388364],[-71.103423,42.388429]]}},{"type":"Feature","properties":{"name":"Central Street","separation_level":"separate","street_classification":"dedicated_path","maxspeed_int":null,"lanes_int":null},"geometry":{"type":"LineString","coordinates":[[-71.103677,42.388125],[-71.103554,42.388182],[-71.103434,42.388352],[-71.103423,42.388429]]}},{"type":"Feature","properties":{"name":"Central Street","separation_level":"none","street_classification":"medium-capacity","maxspeed_int":20.0,"lanes_int":2.0},"geometry":{"type":"LineString","coordinates":[[-71.102955,42.389073],[-71.102836,42.389251]]}},{"type":"Feature","properties":{"name":"Central Road","separation_level":"none","street_classification":"residential","maxspeed_int":25.0,"lanes_int":1.0},"geometry":{"type":"LineString","coordinates":[[-71.102955,42.389073],[-71.102895,42.389052],[-71.102282,42.388844],[-71.102124,42.389097]]}},{"type":"Feature","properties":{"name":"School Street","separation_level":"shared_lane","street_classification":"medium-capacity","maxspeed_int":20.0,"lanes_int":2.0},"geometry":{"type":"LineString","coordinates":[[-71.098149,42.38769],[-71.098205,42.38761],[-71.098215,42.387594],[-71.098667,42.38692],[-71.09868,42.386901],[-71.09872,42.38684]]}},{"type":"Feature","properties":{"name":"Willoughby Street","separation_level":"none","street_classification":"residential","maxspeed_int":25.0,"lanes_int":2.0},"geometry":{"type":"LineString","coordinates":[[-71.100909,42.389256],[-71.100864,42.389319],[-71.100962,42.389352],[-71.100988,42.389361],[-71.10168,42.389595],[-71.101834,42.389647],[-71.1023,42.389807],[-71.102333,42.389818],[-71.102365,42.389829],[-71.102444,42.389852],[-71.102484,42.389793]]}},{"type":"Feature","properties":{"name":"Sycamore Street","separation_level":"none","street_classification":"residential","maxspeed_int":20.0,"lanes_int":1.0},"geometry":{"type":"LineString","coordinates":[[-71.100909,42.389256],[-71.100864,42.389319],[-71.100837,42.389359],[-71.100767,42.389464],[-71.100712,42.389546],[-71.100689,42.389582]]}},{"type":"Feature","properties":{"name":"Broadway","separation_level":"none","street_classification":"medium-capacity","maxspeed_int":25.0,"lanes_int":2.0},"geometry":{"type":"LineString","coordinates":[[-71.130255,42.405174],[-71.130333,42.405231],[-71.130706,42.405516]]}},{"type":"Feature","properties":{"name":"Garrison Avenue","separation_level":"none","street_classification":"residential","maxspeed_int":20.0,"lanes_int":2.0},"geometry":{"type":"LineString","coordinates":[[-71.130255,42.405174],[-71.130333,42.405231],[-71.13043,42.405157],[-71.132051,42.403925],[-71.132666,42.403458],[-71.132705,42.403429]]}},{"type":"Feature","properties":{"name":"Broadway","separation_level":"none","street_classification":"medium-capacity","maxspeed_int":25.0,"lanes_int":2.0},"geometry":{"type":"LineString","coordinates":[[-71.130255,42.405174],[-71.130178,42.405117],[-71.130158,42.405101],[-71.129705,42.404761],[-71.129658,42.404726]]}},{"type":"Feature","properties":{"name":"Broadway","separation_level":"none","street_classification":"medium-capacity","maxspeed_int":25.0,"lanes_int":2.0},"geometry":{"type":"LineString","coordinates":[[-71.130706,42.405516],[-71.130943,42.405623]]}},{"type":"Feature","properties":{"name":"Barton Street","separation_level":"none","street_classification":"residential","maxspeed_int":20.0,"lanes_int":2.0},"geometry":{"type":"LineString","coordinates":[[-71.130706,42.405516],[-71.130662,42.405579],[-71.130008,42.40653],[-71.129984,42.406564]]}},{"type":"Feature","properties":{"name":"Hooker Avenue","separation_level":"none","street_classification":"residential","maxspeed_int":20.0,"lanes_int":2.0},"geometry":{"type":"LineString","coordinates":[[-71.132705,42.403429],[-71.132081,42.402932]]}},{"type":"Feature","properties":{"name":"Hooker Avenue","separation_level":"none","street_classification":"residential","maxspeed_int":20.0,"lanes_int":2.0},"geometry":{"type":"LineString","coordinates":[[-71.132705,42.403429],[-71.133186,42.403777],[-71.13323,42.403811],[-71.133294,42.403761]]}},{"type":"Feature","properties":{"name":"Farragut Avenue","separation_level":"none","street_classification":"residential","maxspeed_int":20.0,"lanes_int":1.0},"geometry":{"type":"LineString","coordinates":[[-71.129658,42.404726],[-71.129705,42.404761],[-71.129821,42.404677],[-71.132032,42.40297],[-71.132081,42.402932]]}},{"type":"Feature","properties":{"name":"Broadway","separation_level":"none","street_classification":"medium-capacity","maxspeed_int":25.0,"lanes_int":2.0},"geometry":{"type":"LineString","coordinates":[[-71.129658,42.404726],[-71.12961,42.404692],[-71.129176,42.404365],[-71.129136,42.40434]]}},{"type":"Feature","properties":{"name":"Victoria Street","separation_level":"none","street_classification":"residential","maxspeed_int":20.0,"lanes_int":1.0},"geometry":{"type":"LineString","coordinates":[[-71.130943,42.405623],[-71.131,42.405577],[-71.13323,42.403811],[-71.133294,42.403761]]}},{"type":"Feature","properties":{"name":"Broadway","separation_level":"none","street_classification":"medium-capacity","maxspeed_int":25.0,"lanes_int":2.0},"geometry":{"type":"LineString","coordinates":[[-71.130943,42.405623],[-71.131198,42.405751],[-71.131279,42.405792],[-71.131332,42.405819]]}},{"type":"Feature","properties":{"name":"Hamilton Road","separation_level":"none","street_classification":"residential","maxspeed_int":20.0,"lanes_int":2.0},"geometry":{"type":"LineString","coordinates":[[-71.129984,42.406564],[-71.129315,42.406333]]}},{"type":"Feature","properties":{"name":"Hamilton Road","separation_level":"none","street_classification":"residential","maxspeed_int":20.0,"lanes_int":2.0},"geometry":{"type":"LineString","coordinates":[[-71.129984,42.406564],[-71.130596,42.406778],[-71.130679,42.406806],[-71.130621,42.406884]]}},{"type":"Feature","properties":{"name":"Hooker Avenue","separation_level":"none","street_classification":"residential","maxspeed_int":20.0,"lanes_int":2.0},"geometry":{"type":"LineString","coordinates":[[-71.132081,42.402932],[-71.131535,42.402505],[-71.131474,42.402453]]}},{"type":"Feature","properties":{"name":"Woodstock Street","separation_level":"none","street_classification":"residential","maxspeed_int":20.0,"lanes_int":1.0},"geometry":{"type":"LineString","coordinates":[[-71.133294,42.403761],[-71.133359,42.403711],[-71.133404,42.403748],[-71.133791,42.404042]]}},{"type":"Feature","properties":{"name":"Broadway","separation_level":"none","street_classification":"medium-capacity","maxspeed_int":25.0,"lanes_int":2.0},"geometry":{"type":"LineString","coordinates":[[-71.129136,42.40434],[-71.129097,42.404315],[-71.128658,42.403998]]}},{"type":"Feature","properties":{"name":"Endicott Avenue","separation_level":"none","street_classification":"residential","maxspeed_int":20.0,"lanes_int":2.0},"geometry":{"type":"LineString","coordinates":[[-71.129136,42.40434],[-71.129097,42.404315],[-71.129188,42.404225],[-71.12953,42.403917],[-71.131421,42.402489],[-71.131474,42.402453]]}},{"type":"Feature","properties":{"name":"Watson Street","separation_level":"none","street_classification":"residential","maxspeed_int":20.0,"lanes_int":2.0},"geometry":{"type":"LineString","coordinates":[[-71.129136,42.40434],[-71.129176,42.404365],[-71.129099,42.404439],[-71.128645,42.405013],[-71.128614,42.405052]]}},{"type":"Feature","properties":{"name":"Fellsway","separation_level":"none","street_classification":"motorway","maxspeed_int":null,"lanes_int":3.0},"geometry":{"type":"LineString","coordinates":[[-71.08445,42.397644],[-71.084274,42.397626],[-71.084237,42.39773],[-71.084126,42.398051]]}},{"type":"Feature","properties":{"name":"Grand Union Boulevard","separation_level":"none","street_classification":"medium-capacity","maxspeed_int":20.0,"lanes_int":3.0},"geometry":{"type":"LineString","coordinates":[[-71.08445,42.397644],[-71.084274,42.397626],[-71.08416,42.397591],[-71.084123,42.39758],[-71.083756,42.397469]]}},{"type":"Feature","properties":{"name":null,"separation_level":"none","street_classification":"motorway","maxspeed_int":null,"lanes_int":2.0},"geometry":{"type":"LineString","coordinates":[[-71.08445,42.397644],[-71.084583,42.397579],[-71.084557,42.397397],[-71.084559,42.397341],[-71.084572,42.397275],[-71.08459,42.397211],[-71.084642,42.397057],[-71.084769,42.396707],[-71.084774,42.396656],[-71.084764,42.396628],[-71.08474,42.396597],[-71.084706,42.396568],[-71.084657,42.396539]]}},{"type":"Feature","properties":{"name":"Fellsway","separation_level":"none","street_classification":"motorway","maxspeed_int":null,"lanes_int":3.0},"geometry":{"type":"LineString","coordinates":[[-71.08445,42.397644],[-71.084583,42.397579],[-71.084815,42.396952],[-71.084924,42.396657],[-71.084951,42.396584]]}},{"type":"Feature","properties":{"name":null,"separation_level":"track","street_classification":"motorway","maxspeed_int":25.0,"lanes_int":1.0},"geometry":{"type":"LineString","coordinates":[[-71.083756,42.397469],[-71.083889,42.397548],[-71.083947,42.39759],[-71.083995,42.397638],[-71.084045,42.39769],[-71.08406,42.397716],[-71.084077,42.397743],[-71.084101,42.397807],[-71.084118,42.397869],[-71.084128,42.397938],[-71.084126,42.398051]]}},{"type":"Feature","properties":{"name":"Grand Union Boulevard","separation_level":"none","street_classification":"medium-capacity","maxspeed_int":20.0,"lanes_int":4.0},"geometry":{"type":"LineString","coordinates":[[-71.083756,42.397469],[-71.083469,42.397372],[-71.083244,42.397296],[-71.083099,42.397245],[-71.082861,42.397156]]}},{"type":"Feature","properties":{"name":"Fellsway","separation_level":"none","street_classification":"motorway","maxspeed_int":35.0,"lanes_int":3.0},"geometry":{"type":"LineString","coordinates":[[-71.084657,42.396539],[-71.084626,42.396623],[-71.084495,42.396994],[-71.08447,42.397066]]}},{"type":"Feature","properties":{"name":"Middlesex Avenue","separation_level":"none","street_classification":"medium-capacity","maxspeed_int":null,"lanes_int":2.0},"geometry":{"type":"LineString","coordinates":[[-71.084657,42.396539],[-71.08456,42.396474],[-71.084313,42.396302]]}},{"type":"Feature","properties":{"name":null,"separation_level":"none","street_classification":"motorway","maxspeed_int":null,"lanes_int":2.0},"geometry":{"type":"LineString","coordinates":[[-71.084657,42.396539],[-71.084744,42.396544],[-71.084806,42.39654],[-71.084977,42.396512],[-71.084951,42.396584]]}},{"type":"Feature","properties":{"name":"Fellsway","separation_level":"none","street_classification":"motorway","maxspeed_int":null,"lanes_int":3.0},"geometry":{"type":"LineString","coordinates":[[-71.084951,42.396584],[-71.084977,42.396512],[-71.085366,42.395474]]}},{"type":"Feature","properties":{"name":"Grand Union Boulevard","separation_level":"lane","street_classification":"medium-capacity","maxspeed_int":20.0,"lanes_int":null},"geometry":{"type":"LineString","coordinates":[[-71.082861,42.397156],[-71.082775,42.397085],[-71.082717,42.397047],[-71.082659,42.397019],[-71.082579,42.396981],[-71.081888,42.396668],[-71.08181,42.396625],[-71.081735,42.396574],[-71.081678,42.396523],[-71.081626,42.396465],[-71.081598,42.396425],[-71.081579,42.396378],[-71.081569,42.396322],[-71.081569,42.39627],[-71.081558,42.396203]]}},{"type":"Feature","properties":{"name":null,"separation_level":"none","street_classification":"residential","maxspeed_int":null,"lanes_int":null},"geometry":{"type":"LineString","coordinates":[[-71.082861,42.397156],[-71.08289,42.397116],[-71.082904,42.397072],[-71.08291,42.397026],[-71.082892,42.396973],[-71.082864,42.396916],[-71.082834,42.396875],[-71.082782,42.396822]]}},{"type":"Feature","properties":{"name":"Washington Street","separation_level":"lane","street_classification":"medium-capacity","maxspeed_int":null,"lanes_int":2.0},"geometry":{"type":"LineString","coordinates":[[-71.089238,42.380034],[-71.089325,42.380055],[-71.089236,42.380215],[-71.089158,42.380335],[-71.08914,42.380366],[-71.089123,42.380393],[-71.089104,42.380417],[-71.089088,42.380429],[-71.08907,42.380443],[-71.089046,42.380459],[-71.089022,42.380472],[-71.088772,42.380597],[-71.088673,42.380634]]}},{"type":"Feature","properties":{"name":null,"separation_level":"none","street_classification":"residential","maxspeed_int":null,"lanes_int":null},"geometry":{"type":"LineString","coordinates":[[-71.089238,42.380034],[-71.08915,42.380014],[-71.089156,42.380043],[-71.089157,42.38006],[-71.089154,42.380074],[-71.089148,42.380088],[-71.089059,42.380246],[-71.089047,42.380262],[-71.089032,42.380275],[-71.089014,42.380287],[-71.088992,42.380298],[-71.088661,42.380434],[-71.088716,42.380513],[-71.088772,42.380597],[-71.088673,42.380634]]}},{"type":"Feature","properties":{"name":"McGrath Highway","separation_level":"track","street_classification":"medium-capacity","maxspeed_int":null,"lanes_int":2.0},"geometry":{"type":"LineString","coordinates":[[-71.089238,42.380034],[-71.089325,42.380055],[-71.089313,42.380091],[-71.089305,42.380122],[-71.0893,42.380152],[-71.089297,42.38018],[-71.089297,42.380206],[-71.089299,42.380236],[-71.089304,42.380259],[-71.089312,42.380282],[-71.089326,42.38031],[-71.08934,42.380335],[-71.089362,42.380365],[-71.089415,42.380428]]}},{"type":"Feature","properties":{"name":"Washington Street","separation_level":"lane","street_classification":"medium-capacity","maxspeed_int":25.0,"lanes_int":3.0},"geometry":{"type":"LineString","coordinates":[[-71.088673,42.380634],[-71.088772,42.380597],[-71.088859,42.380586],[-71.088939,42.380573],[-71.088999,42.380562],[-71.089064,42.380546],[-71.089093,42.380537]]}},{"type":"Feature","properties":{"name":"Washington Street","separation_level":"track","street_classification":"medium-capacity","maxspeed_int":25.0,"lanes_int":2.0},"geometry":{"type":"LineString","coordinates":[[-71.088673,42.380634],[-71.088574,42.380671],[-71.088322,42.380764],[-71.088266,42.380783],[-71.08821,42.380802],[-71.08789,42.380897],[-71.087786,42.380928],[-71.087724,42.380946],[-71.087641,42.380969],[-71.087575,42.380987],[-71.087571,42.381044]]}},{"type":"Feature","properties":{"name":"Joy Street","separation_level":"none","street_classification":"residential","maxspeed_int":25.0,"lanes_int":2.0},"geometry":{"type":"LineString","coordinates":[[-71.088673,42.380634],[-71.088574,42.380671],[-71.088512,42.38059],[-71.088192,42.380249]]}},{"type":"Feature","properties":{"name":null,"separation_level":"none","street_classification":"residential","maxspeed_int":null,"lanes_int":null},"geometry":{"type":"LineString","coordinates":[[-71.088673,42.380634],[-71.08858,42.380669],[-71.08865,42.38077],[-71.08874,42.380868],[-71.088845,42.380827]]}},{"type":"Feature","properties":{"name":"Washington Street","separation_level":"lane","street_classification":"medium-capacity","maxspeed_int":null,"lanes_int":null},"geometry":{"type":"LineString","coordinates":[[-71.089415,42.380428],[-71.0895,42.38039],[-71.089521,42.380382],[-71.089589,42.380355],[-71.089743,42.380292],[-71.089821,42.380261],[-71.089887,42.380234]]}},{"type":"Feature","properties":{"name":"McGrath Highway","separation_level":"track","street_classification":"medium-capacity","maxspeed_int":null,"lanes_int":1.0},"geometry":{"type":"LineString","coordinates":[[-71.089415,42.380428],[-71.089479,42.380503],[-71.089633,42.380733],[-71.089649,42.380757],[-71.089663,42.38078],[-71.089679,42.380808],[-71.089693,42.380834]]}},{"type":"Feature","properties":{"name":"Washington Street","separation_level":"lane","street_classification":"medium-capacity","maxspeed_int":25.0,"lanes_int":3.0},"geometry":{"type":"LineString","coordinates":[[-71.089093,42.380537],[-71.089124,42.380527],[-71.089236,42.380494],[-71.089272,42.380481],[-71.08929,42.380475],[-71.089367,42.380446],[-71.089415,42.380428]]}},{"type":"Feature","properties":{"name":null,"separation_level":"none","street_classification":"residential","maxspeed_int":null,"lanes_int":null},"geometry":{"type":"LineString","coordinates":[[-71.089093,42.380537],[-71.089134,42.380625],[-71.089142,42.380645],[-71.089167,42.380701],[-71.088845,42.380827]]}},{"type":"Feature","properties":{"name":"Washington Street","separation_level":"track","street_classification":"medium-capacity","maxspeed_int":25.0,"lanes_int":2.0},"geometry":{"type":"LineString","coordinates":[[-71.087571,42.381044],[-71.087458,42.381017],[-71.08741,42.381029],[-71.087179,42.381089],[-71.087036,42.381126]]}},{"type":"Feature","properties":{"name":"Washington Street","separation_level":"separate","street_classification":"dedicated_path","maxspeed_int":null,"lanes_int":null},"geometry":{"type":"LineString","coordinates":[[-71.087571,42.381044],[-71.087458,42.381017],[-71.087429,42.38095],[-71.087423,42.380936],[-71.087718,42.380861],[-71.088167,42.380737]]}},{"type":"Feature","properties":{"name":"Tufts Street","separation_level":"lane","street_classification":"residential","maxspeed_int":20.0,"lanes_int":2.0},"geometry":{"type":"LineString","coordinates":[[-71.087571,42.381044],[-71.087664,42.381112],[-71.088148,42.381639],[-71.088324,42.381828]]}},{"type":"Feature","properties":{"name":"Knowlton Street","separation_level":"none","street_classification":"residential","maxspeed_int":20.0,"lanes_int":2.0},"geometry":{"type":"LineString","coordinates":[[-71.087571,42.381044],[-71.087664,42.381112],[-71.087641,42.381122],[-71.08762,42.381135],[-71.087603,42.381149],[-71.087589,42.381164],[-71.087577,42.381182],[-71.08725,42.381743]]}},{"type":"Feature","properties":{"name":"Joy Street","separation_level":"none","street_classification":"residential","maxspeed_int":25.0,"lanes_int":2.0},"geometry":{"type":"LineString","coordinates":[[-71.088192,42.380249],[-71.087546,42.379561]]}},{"type":"Feature","properties":{"name":null,"separation_level":"none","street_classification":"residential","maxspeed_int":null,"lanes_int":null},"geometry":{"type":"LineString","coordinates":[[-71.088192,42.380249],[-71.088266,42.38021],[-71.088297,42.380194],[-71.088537,42.380067],[-71.08855,42.380058],[-71.08856,42.380047],[-71.088629,42.379923]]}},{"type":"Feature","properties":{"name":null,"separation_level":"lane","street_classification":"medium-capacity","maxspeed_int":null,"lanes_int":1.0},"geometry":{"type":"LineString","coordinates":[[-71.089887,42.380234],[-71.089821,42.380261],[-71.089834,42.380248],[-71.089843,42.380233],[-71.089848,42.380217],[-71.089851,42.380201],[-71.089855,42.380125],[-71.089857,42.380094],[-71.089868,42.379892]]}},{"type":"Feature","properties":{"name":"McGrath Highway","separation_level":"shared_lane","street_classification":"medium-capacity","maxspeed_int":null,"lanes_int":2.0},"geometry":{"type":"LineString","coordinates":[[-71.089887,42.380234],[-71.089954,42.380208],[-71.089868,42.379892]]}},{"type":"Feature","properties":{"name":"Washington Street","separation_level":"lane","street_classification":"medium-capacity","maxspeed_int":null,"lanes_int":2.0},"geometry":{"type":"LineString","coordinates":[[-71.089887,42.380234],[-71.089954,42.380208],[-71.090056,42.380168],[-71.090442,42.380022],[-71.09046,42.380015],[-71.090478,42.380008],[-71.090614,42.379918],[-71.090587,42.379902]]}},{"type":"Feature","properties":{"name":"McGrath Highway","separation_level":"track","street_classification":"medium-capacity","maxspeed_int":null,"lanes_int":1.0},"geometry":{"type":"LineString","coordinates":[[-71.089693,42.380834],[-71.089706,42.380859],[-71.089716,42.380879],[-71.089727,42.380905],[-71.089738,42.380932],[-71.089748,42.380961],[-71.089761,42.381004],[-71.08981,42.381176],[-71.089835,42.381255],[-71.089866,42.381342],[-71.089899,42.381427],[-71.089931,42.381505],[-71.089961,42.381572],[-71.089991,42.381634],[-71.090021,42.381692],[-71.090054,42.381752],[-71.090092,42.381816],[-71.090128,42.381875],[-71.090173,42.381943],[-71.090211,42.381998],[-71.090278,42.382084],[-71.090342,42.382159]]}},{"type":"Feature","properties":{"name":"Curtis Street","separation_level":"none","street_classification":"medium-capacity","maxspeed_int":null,"lanes_int":2.0},"geometry":{"type":"LineString","coordinates":[[-71.124871,42.40692],[-71.124824,42.406987],[-71.124515,42.40745]]}},{"type":"Feature","properties":{"name":"Sawyer Avenue","separation_level":"none","street_classification":"residential","maxspeed_int":20.0,"lanes_int":2.0},"geometry":{"type":"LineString","coordinates":[[-71.124871,42.40692],[-71.124824,42.406987],[-71.124774,42.406968],[-71.122477,42.406094],[-71.122388,42.40606],[-71.122405,42.406033]]}},{"type":"Feature","properties":{"name":"Curtis Street","separation_level":"none","street_classification":"medium-capacity","maxspeed_int":null,"lanes_int":2.0},"geometry":{"type":"LineString","coordinates":[[-71.124871,42.40692],[-71.124918,42.406853],[-71.125152,42.40649]]}},{"type":"Feature","properties":{"name":"Conwell Avenue","separation_level":"none","street_classification":"residential","maxspeed_int":20.0,"lanes_int":2.0},"geometry":{"type":"LineString","coordinates":[[-71.124871,42.40692],[-71.124918,42.406853],[-71.124986,42.406877],[-71.126344,42.407354],[-71.127202,42.407682]]}},{"type":"Feature","properties":{"name":"Curtis Street","separation_level":"none","street_classification":"medium-capacity","maxspeed_int":null,"lanes_int":2.0},"geometry":{"type":"LineString","coordinates":[[-71.124515,42.40745],[-71.124412,42.407612],[-71.124375,42.40768]]}},{"type":"Feature","properties":{"name":"Curtis Avenue","separation_level":"none","street_classification":"residential","maxspeed_int":20.0,"lanes_int":2.0},"geometry":{"type":"LineString","coordinates":[[-71.124515,42.40745],[-71.124571,42.407469],[-71.126761,42.408194],[-71.12685,42.408224]]}},{"type":"Feature","properties":{"name":"Packard Avenue","separation_level":"none","street_classification":"residential","maxspeed_int":25.0,"lanes_int":2.0},"geometry":{"type":"LineString","coordinates":[[-71.122405,42.406033],[-71.122388,42.40606],[-71.122223,42.406303],[-71.122191,42.406347]]}},{"type":"Feature","properties":{"name":"Packard Avenue","separation_level":"none","street_classification":"residential","maxspeed_int":25.0,"lanes_int":2.0},"geometry":{"type":"LineString","coordinates":[[-71.122405,42.406033],[-71.122423,42.406007],[-71.122714,42.405572]]}},{"type":"Feature","properties":{"name":"Talbot Avenue","separation_level":"none","street_classification":"residential","maxspeed_int":20.0,"lanes_int":2.0},"geometry":{"type":"LineString","coordinates":[[-71.122405,42.406033],[-71.122423,42.406007],[-71.122352,42.405978],[-71.122267,42.405944],[-71.122051,42.405864]]}},{"type":"Feature","properties":{"name":"Curtis Street","separation_level":"none","street_classification":"medium-capacity","maxspeed_int":null,"lanes_int":2.0},"geometry":{"type":"LineString","coordinates":[[-71.125152,42.40649],[-71.125272,42.406309],[-71.12531,42.406253]]}},{"type":"Feature","properties":{"name":"Conwell Avenue","separation_level":"none","street_classification":"residential","maxspeed_int":20.0,"lanes_int":2.0},"geometry":{"type":"LineString","coordinates":[[-71.127202,42.407682],[-71.128002,42.40798]]}},{"type":"Feature","properties":{"name":"Hillsdale Road","separation_level":"none","street_classification":"residential","maxspeed_int":20.0,"lanes_int":2.0},"geometry":{"type":"LineString","coordinates":[[-71.127202,42.407682],[-71.127158,42.407759],[-71.12685,42.408224]]}},{"type":"Feature","properties":{"name":"Professors Row","separation_level":"none","street_classification":"residential","maxspeed_int":20.0,"lanes_int":2.0},"geometry":{"type":"LineString","coordinates":[[-71.124375,42.40768],[-71.124267,42.407639],[-71.123744,42.40744]]}},{"type":"Feature","properties":{"name":"Curtis Street","separation_level":"none","street_classification":"medium-capacity","maxspeed_int":null,"lanes_int":2.0},"geometry":{"type":"LineString","coordinates":[[-71.124375,42.40768],[-71.124361,42.407706],[-71.124179,42.407977]]}},{"type":"Feature","properties":{"name":"Hillsdale Road","separation_level":"none","street_classification":"residential","maxspeed_int":20.0,"lanes_int":2.0},"geometry":{"type":"LineString","coordinates":[[-71.12685,42.408224],[-71.126547,42.4087],[-71.126536,42.408716],[-71.126508,42.40876]]}},{"type":"Feature","properties":{"name":"Packard Avenue","separation_level":"none","street_classification":"residential","maxspeed_int":25.0,"lanes_int":2.0},"geometry":{"type":"LineString","coordinates":[[-71.122191,42.406347],[-71.121947,42.406684],[-71.12192,42.406724],[-71.121908,42.406741]]}},{"type":"Feature","properties":{"name":"Packard Avenue","separation_level":"none","street_classification":"residential","maxspeed_int":25.0,"lanes_int":2.0},"geometry":{"type":"LineString","coordinates":[[-71.122714,42.405572],[-71.122789,42.40546],[-71.122876,42.405331],[-71.12306,42.405055]]}},{"type":"Feature","properties":{"name":"Whitfield Road","separation_level":"none","street_classification":"residential","maxspeed_int":20.0,"lanes_int":1.0},"geometry":{"type":"LineString","coordinates":[[-71.122714,42.405572],[-71.122808,42.405607],[-71.123096,42.405716],[-71.123971,42.406052],[-71.125055,42.406453],[-71.125152,42.40649]]}},{"type":"Feature","properties":{"name":"Talbot Avenue","separation_level":"none","street_classification":"residential","maxspeed_int":20.0,"lanes_int":2.0},"geometry":{"type":"LineString","coordinates":[[-71.122051,42.405864],[-71.121958,42.405829],[-71.121482,42.405653],[-71.120905,42.405451],[-71.120816,42.405422]]}},{"type":"Feature","properties":{"name":"Curtis Street","separation_level":"none","street_classification":"medium-capacity","maxspeed_int":null,"lanes_int":2.0},"geometry":{"type":"LineString","coordinates":[[-71.12531,42.406253],[-71.125465,42.405999]]}},{"type":"Feature","properties":{"name":"Raymond Avenue","separation_level":"none","street_classification":"residential","maxspeed_int":20.0,"lanes_int":2.0},"geometry":{"type":"LineString","coordinates":[[-71.12531,42.406253],[-71.125394,42.406283],[-71.125853,42.40645],[-71.126078,42.406533],[-71.126115,42.40648]]}},{"type":"Feature","properties":{"name":"Conwell Avenue","separation_level":"none","street_classification":"residential","maxspeed_int":20.0,"lanes_int":2.0},"geometry":{"type":"LineString","coordinates":[[-71.128002,42.40798],[-71.128779,42.408255]]}},{"type":"Feature","properties":{"name":"West Adams Street","separation_level":"none","street_classification":"residential","maxspeed_int":20.0,"lanes_int":2.0},"geometry":{"type":"LineString","coordinates":[[-71.128002,42.40798],[-71.127974,42.408021],[-71.127503,42.408717],[-71.127287,42.409055]]}},{"type":"Feature","properties":{"name":"SomerNOVA Alley","separation_level":"none","street_classification":"residential","maxspeed_int":null,"lanes_int":null},"geometry":{"type":"LineString","coordinates":[[-71.103199,42.381398],[-71.102701,42.381267]]}},{"type":"Feature","properties":{"name":null,"separation_level":"none","street_classification":"residential","maxspeed_int":null,"lanes_int":null},"geometry":{"type":"LineString","coordinates":[[-71.103199,42.381398],[-71.102843,42.382148],[-71.10283,42.382184],[-71.102807,42.382249]]}},{"type":"Feature","properties":{"name":"Tyler Street","separation_level":"none","street_classification":"residential","maxspeed_int":20.0,"lanes_int":2.0},"geometry":{"type":"LineString","coordinates":[[-71.104566,42.38159],[-71.104679,42.381614],[-71.105035,42.381694]]}},{"type":"Feature","properties":{"name":null,"separation_level":"none","street_classification":"residential","maxspeed_int":null,"lanes_int":null},"geometry":{"type":"LineString","coordinates":[[-71.104566,42.38159],[-71.104679,42.381614],[-71.104657,42.381661],[-71.104435,42.382132]]}},{"type":"Feature","properties":{"name":"Somerville Avenue","separation_level":"lane","street_classification":"medium-capacity","maxspeed_int":20.0,"lanes_int":2.0},"geometry":{"type":"LineString","coordinates":[[-71.102807,42.382249],[-71.102363,42.382108]]}},{"type":"Feature","properties":{"name":"SomerNOVA Alley","separation_level":"none","street_classification":"residential","maxspeed_int":null,"lanes_int":null},"geometry":{"type":"LineString","coordinates":[[-71.102701,42.381267],[-71.102281,42.381157],[-71.102048,42.38111],[-71.10193,42.381082],[-71.101642,42.381101]]}},{"type":"Feature","properties":{"name":null,"separation_level":"none","street_classification":"residential","maxspeed_int":null,"lanes_int":null},"geometry":{"type":"LineString","coordinates":[[-71.102701,42.381267],[-71.102388,42.382048],[-71.102363,42.382108]]}},{"type":"Feature","properties":{"name":"Central Street","separation_level":"none","street_classification":"medium-capacity","maxspeed_int":20.0,"lanes_int":2.0},"geometry":{"type":"LineString","coordinates":[[-71.102484,42.389793],[-71.102444,42.389852],[-71.102387,42.389929],[-71.102223,42.390138],[-71.102136,42.39027]]}},{"type":"Feature","properties":{"name":"Central Street","separation_level":"none","street_classification":"medium-capacity","maxspeed_int":20.0,"lanes_int":2.0},"geometry":{"type":"LineString","coordinates":[[-71.102484,42.389793],[-71.102525,42.389734],[-71.102541,42.389697],[-71.102558,42.38966],[-71.102836,42.389251]]}},{"type":"Feature","properties":{"name":"Albion Street","separation_level":"none","street_classification":"residential","maxspeed_int":20.0,"lanes_int":1.0},"geometry":{"type":"LineString","coordinates":[[-71.102484,42.389793],[-71.102525,42.389734],[-71.102576,42.389754],[-71.103229,42.389975]]}},{"type":"Feature","properties":{"name":"Jerome Court / Jerome Street","separation_level":"none","street_classification":"residential","maxspeed_int":25.0,"lanes_int":1.0},"geometry":{"type":"LineString","coordinates":[[-71.100689,42.389582],[-71.100712,42.389546],[-71.100658,42.389527],[-71.100135,42.389314],[-71.10032,42.389027],[-71.100354,42.388974]]}},{"type":"Feature","properties":{"name":"Sycamore Street","separation_level":"none","street_classification":"residential","maxspeed_int":20.0,"lanes_int":1.0},"geometry":{"type":"LineString","coordinates":[[-71.100689,42.389582],[-71.100665,42.389617],[-71.100576,42.389733],[-71.100464,42.389878],[-71.100383,42.389989],[-71.100302,42.390099]]}},{"type":"Feature","properties":{"name":"Somerville Community Path","separation_level":"separate","street_classification":"dedicated_path","maxspeed_int":null,"lanes_int":null},"geometry":{"type":"LineString","coordinates":[[-71.100689,42.389582],[-71.100665,42.389617],[-71.100709,42.389629],[-71.10072,42.389634],[-71.100751,42.389648],[-71.10077,42.389657],[-71.100915,42.389728],[-71.101051,42.389795],[-71.101186,42.389858],[-71.101244,42.389884],[-71.101277,42.389898],[-71.101406,42.389954],[-71.101562,42.390021],[-71.101679,42.390073],[-71.101816,42.390134],[-71.101923,42.390181],[-71.102035,42.39023],[-71.102053,42.390239],[-71.102082,42.390251],[-71.102136,42.39027]]}},{"type":"Feature","properties":{"name":"Somerville Community Path","separation_level":"separate","street_classification":"dedicated_path","maxspeed_int":null,"lanes_int":null},"geometry":{"type":"LineString","coordinates":[[-71.100689,42.389582],[-71.100665,42.389617],[-71.100617,42.389604],[-71.100603,42.389599],[-71.100578,42.38959],[-71.100563,42.389584],[-71.100394,42.389521],[-71.100306,42.389489],[-71.100245,42.389464],[-71.100194,42.389442],[-71.100139,42.389417],[-71.10007,42.389385],[-71.099972,42.389339],[-71.099558,42.389145],[-71.099485,42.389111],[-71.099461,42.3891],[-71.099423,42.389082],[-71.099306,42.389025],[-71.099082,42.388915],[-71.098702,42.388728],[-71.098625,42.38869],[-71.098548,42.388652],[-71.098499,42.388629],[-71.098431,42.388599],[-71.097852,42.388339],[-71.097831,42.388329],[-71.097804,42.388317],[-71.097813,42.388305],[-71.09784,42.388271],[-71.097772,42.388252],[-71.09783,42.388163]]}},{"type":"Feature","properties":{"name":"Central Street","separation_level":"none","street_classification":"medium-capacity","maxspeed_int":20.0,"lanes_int":2.0},"geometry":{"type":"LineString","coordinates":[[-71.102136,42.39027],[-71.101968,42.390497],[-71.101941,42.390538]]}},{"type":"Feature","properties":{"name":"Somerville Community Path","separation_level":"separate","street_classification":"dedicated_path","maxspeed_int":null,"lanes_int":null},"geometry":{"type":"LineString","coordinates":[[-71.102136,42.39027],[-71.102181,42.390286],[-71.102196,42.390292],[-71.102219,42.3903],[-71.10224,42.390307],[-71.10226,42.390313],[-71.10229,42.39032],[-71.10233,42.39033],[-71.102366,42.390337],[-71.102409,42.390346],[-71.102427,42.390349],[-71.102442,42.390352],[-71.102459,42.390356],[-71.102473,42.390359],[-71.102488,42.390363],[-71.102507,42.390369],[-71.10253,42.390377],[-71.10255,42.390384],[-71.102727,42.390452],[-71.102825,42.390493],[-71.102874,42.390513],[-71.10292,42.390533],[-71.102963,42.390553],[-71.103002,42.390573],[-71.103122,42.390636],[-71.103364,42.390765],[-71.103402,42.390786],[-71.103431,42.390803],[-71.103465,42.390824],[-71.1035,42.390849],[-71.103544,42.390881],[-71.103565,42.390898],[-71.103685,42.390993],[-71.103766,42.391058],[-71.103806,42.391089],[-71.10384,42.391112],[-71.103877,42.391134],[-71.103911,42.391153],[-71.103951,42.391174],[-71.103993,42.391198],[-71.104052,42.391231],[-71.104101,42.391259],[-71.104107,42.391263],[-71.104111,42.391267],[-71.104114,42.39127],[-71.104117,42.391273]]}},{"type":"Feature","properties":{"name":"Albion Street","separation_level":"none","street_classification":"residential","maxspeed_int":20.0,"lanes_int":1.0},"geometry":{"type":"LineString","coordinates":[[-71.103229,42.389975],[-71.103415,42.390038],[-71.103687,42.390128]]}},{"type":"Feature","properties":{"name":null,"separation_level":"none","street_classification":"residential","maxspeed_int":null,"lanes_int":null},"geometry":{"type":"LineString","coordinates":[[-71.103229,42.389975],[-71.103201,42.390022],[-71.103061,42.390259]]}},{"type":"Feature","properties":{"name":"Montrose Street","separation_level":"none","street_classification":"residential","maxspeed_int":25.0,"lanes_int":1.0},"geometry":{"type":"LineString","coordinates":[[-71.100354,42.388974],[-71.1009,42.389173],[-71.100953,42.389193],[-71.100909,42.389256]]}},{"type":"Feature","properties":{"name":"Somerville Community Path","separation_level":"separate","street_classification":"dedicated_path","maxspeed_int":null,"lanes_int":null},"geometry":{"type":"LineString","coordinates":[[-71.09783,42.388163],[-71.097772,42.388252],[-71.097701,42.388232],[-71.097683,42.38823],[-71.097616,42.3882],[-71.097293,42.388052],[-71.096484,42.38768],[-71.096456,42.387667],[-71.096443,42.387661],[-71.09643,42.387655],[-71.09641,42.387644],[-71.09639,42.387632],[-71.096368,42.387618],[-71.096341,42.387598],[-71.096316,42.38758],[-71.096299,42.387568],[-71.096282,42.387557],[-71.096267,42.387549],[-71.096261,42.387546],[-71.096251,42.387542],[-71.096235,42.387535],[-71.096213,42.387528],[-71.0962,42.387524],[-71.096186,42.38752],[-71.09617,42.387517],[-71.096139,42.387511],[-71.096128,42.387509],[-71.096112,42.387506],[-71.096101,42.387503],[-71.096089,42.3875],[-71.096078,42.387497],[-71.09607,42.387494],[-71.096051,42.387487],[-71.095702,42.387351],[-71.095642,42.387327],[-71.095602,42.387309],[-71.095571,42.387294],[-71.095541,42.387279],[-71.09551,42.387261],[-71.09547,42.387238],[-71.095449,42.387226],[-71.095432,42.387215],[-71.095414,42.387204],[-71.095381,42.387181],[-71.095316,42.387139],[-71.095302,42.387131],[-71.095287,42.387124],[-71.095273,42.387119],[-71.095254,42.387113],[-71.095239,42.387109],[-71.095153,42.387088],[-71.095132,42.3871]]}},{"type":"Feature","properties":{"name":"School Street","separation_level":"shared_lane","street_classification":"medium-capacity","maxspeed_int":20.0,"lanes_int":2.0},"geometry":{"type":"LineString","coordinates":[[-71.09783,42.388163],[-71.097888,42.388071],[-71.098093,42.387772],[-71.098149,42.38769]]}},{"type":"Feature","properties":{"name":"Montrose Street","separation_level":"none","street_classification":"residential","maxspeed_int":25.0,"lanes_int":1.0},"geometry":{"type":"LineString","coordinates":[[-71.09783,42.388163],[-71.097888,42.388071],[-71.098,42.388111],[-71.099034,42.388478],[-71.099233,42.388552],[-71.099454,42.388634],[-71.099842,42.388777]]}},{"type":"Feature","properties":{"name":"Pearl Street","separation_level":"none","street_classification":"medium-capacity","maxspeed_int":20.0,"lanes_int":2.0},"geometry":{"type":"LineString","coordinates":[[-71.089542,42.38623],[-71.089921,42.38635]]}},{"type":"Feature","properties":{"name":"Delaware Street","separation_level":"none","street_classification":"residential","maxspeed_int":20.0,"lanes_int":1.0},"geometry":{"type":"LineString","coordinates":[[-71.089542,42.38623],[-71.089574,42.386174],[-71.089756,42.385873],[-71.089821,42.385894],[-71.09053,42.38612],[-71.090638,42.386155]]}},{"type":"Feature","properties":{"name":"McGrath Highway","separation_level":"track","street_classification":"motorway","maxspeed_int":40.0,"lanes_int":4.0},"geometry":{"type":"LineString","coordinates":[[-71.090638,42.386155],[-71.090629,42.386176],[-71.090596,42.386259],[-71.090561,42.386349],[-71.090536,42.38641],[-71.090526,42.386434],[-71.090489,42.386531],[-71.090757,42.386615]]}},{"type":"Feature","properties":{"name":"Everett Avenue","separation_level":"none","street_classification":"residential","maxspeed_int":20.0,"lanes_int":1.0},"geometry":{"type":"LineString","coordinates":[[-71.087367,42.38644],[-71.087465,42.386473],[-71.089936,42.387308],[-71.090072,42.387354]]}},{"type":"Feature","properties":{"name":"Cross Street","separation_level":"shared_lane","street_classification":"medium-capacity","maxspeed_int":20.0,"lanes_int":2.0},"geometry":{"type":"LineString","coordinates":[[-71.087367,42.38644],[-71.087014,42.387006],[-71.086988,42.387048],[-71.086975,42.387068]]}},{"type":"Feature","properties":{"name":"Everett Street","separation_level":"none","street_classification":"residential","maxspeed_int":20.0,"lanes_int":1.0},"geometry":{"type":"LineString","coordinates":[[-71.09465,42.378615],[-71.094706,42.378632],[-71.095239,42.378796],[-71.095307,42.378809],[-71.095332,42.37881]]}},{"type":"Feature","properties":{"name":"Washington Street","separation_level":"none","street_classification":"residential","maxspeed_int":null,"lanes_int":null},"geometry":{"type":"LineString","coordinates":[[-71.093789,42.379542],[-71.093954,42.379589],[-71.094017,42.379585],[-71.094084,42.379586],[-71.094475,42.379611],[-71.094689,42.379626]]}},{"type":"Feature","properties":{"name":"Bonner Avenue","separation_level":"none","street_classification":"residential","maxspeed_int":20.0,"lanes_int":2.0},"geometry":{"type":"LineString","coordinates":[[-71.093789,42.379542],[-71.093954,42.379589],[-71.093958,42.379665],[-71.093953,42.379678],[-71.093907,42.37981],[-71.093896,42.379842],[-71.093801,42.380111]]}},{"type":"Feature","properties":{"name":"Prospect Street","separation_level":"separate","street_classification":"dedicated_path","maxspeed_int":null,"lanes_int":null},"geometry":{"type":"LineString","coordinates":[[-71.093789,42.379542],[-71.093863,42.379538],[-71.093884,42.379534],[-71.093906,42.379522],[-71.09393,42.379505],[-71.093944,42.379489],[-71.094064,42.379316],[-71.094098,42.379273],[-71.094114,42.379256],[-71.09412,42.379251],[-71.094126,42.379247],[-71.094132,42.379243],[-71.094142,42.379239],[-71.094247,42.379047]]}},{"type":"Feature","properties":{"name":"Lowell Street","separation_level":"none","street_classification":"medium-capacity","maxspeed_int":20.0,"lanes_int":2.0},"geometry":{"type":"LineString","coordinates":[[-71.109628,42.387804],[-71.109591,42.387864],[-71.109468,42.388038],[-71.109295,42.3883],[-71.109259,42.388355]]}},{"type":"Feature","properties":{"name":"Summer Street","separation_level":"lane","street_classification":"medium-capacity","maxspeed_int":20.0,"lanes_int":2.0},"geometry":{"type":"LineString","coordinates":[[-71.109628,42.387804],[-71.109533,42.387758],[-71.109298,42.387643],[-71.108966,42.387476]]}},{"type":"Feature","properties":{"name":"Belmont Street","separation_level":"none","street_classification":"residential","maxspeed_int":20.0,"lanes_int":1.0},"geometry":{"type":"LineString","coordinates":[[-71.108966,42.387476],[-71.10893,42.387526],[-71.108759,42.387759],[-71.10857,42.388017],[-71.108533,42.388069],[-71.108488,42.388133]]}},{"type":"Feature","properties":{"name":"Belmont Street","separation_level":"none","street_classification":"residential","maxspeed_int":20.0,"lanes_int":1.0},"geometry":{"type":"LineString","coordinates":[[-71.108966,42.387476],[-71.109002,42.387427],[-71.109295,42.386979],[-71.10933,42.386931]]}},{"type":"Feature","properties":{"name":"Craigie Street","separation_level":"none","street_classification":"residential","maxspeed_int":20.0,"lanes_int":2.0},"geometry":{"type":"LineString","coordinates":[[-71.110778,42.388218],[-71.111035,42.387855]]}},{"type":"Feature","properties":{"name":"Belmont Street","separation_level":"none","street_classification":"residential","maxspeed_int":20.0,"lanes_int":1.0},"geometry":{"type":"LineString","coordinates":[[-71.108488,42.388133],[-71.108444,42.388196],[-71.108259,42.388479]]}},{"type":"Feature","properties":{"name":null,"separation_level":"none","street_classification":"residential","maxspeed_int":null,"lanes_int":null},"geometry":{"type":"LineString","coordinates":[[-71.108488,42.388133],[-71.108444,42.388196],[-71.108405,42.388186],[-71.107744,42.387938],[-71.107722,42.387852]]}},{"type":"Feature","properties":{"name":"Belmont Street","separation_level":"none","street_classification":"residential","maxspeed_int":20.0,"lanes_int":1.0},"geometry":{"type":"LineString","coordinates":[[-71.10933,42.386931],[-71.109647,42.386495],[-71.109719,42.386388]]}},{"type":"Feature","properties":{"name":"Willow Avenue","separation_level":"shared_lane","street_classification":"medium-capacity","maxspeed_int":20.0,"lanes_int":2.0},"geometry":{"type":"LineString","coordinates":[[-71.11573,42.395695],[-71.115681,42.395762],[-71.115314,42.396282]]}},{"type":"Feature","properties":{"name":"Morrison Avenue","separation_level":"none","street_classification":"medium-capacity","maxspeed_int":20.0,"lanes_int":2.0},"geometry":{"type":"LineString","coordinates":[[-71.11573,42.395695],[-71.115628,42.395667],[-71.114977,42.395499]]}},{"type":"Feature","properties":{"name":"Morrison Avenue","separation_level":"none","street_classification":"medium-capacity","maxspeed_int":20.0,"lanes_int":2.0},"geometry":{"type":"LineString","coordinates":[[-71.11573,42.395695],[-71.115856,42.395747],[-71.116544,42.396012],[-71.116633,42.396045]]}},{"type":"Feature","properties":{"name":"Broadway","separation_level":"share_busway","street_classification":"medium-capacity","maxspeed_int":25.0,"lanes_int":2.0},"geometry":{"type":"LineString","coordinates":[[-71.091327,42.39126],[-71.091107,42.391098],[-71.091026,42.391217]]}},{"type":"Feature","properties":{"name":"Kenneson Road / Walnut Road","separation_level":"none","street_classification":"residential","maxspeed_int":20.0,"lanes_int":1.0},"geometry":{"type":"LineString","coordinates":[[-71.091327,42.39126],[-71.091387,42.391205],[-71.092292,42.390449],[-71.091581,42.390006],[-71.0915,42.389956],[-71.091455,42.390017]]}},{"type":"Feature","properties":{"name":"Walnut Street","separation_level":"none","street_classification":"residential","maxspeed_int":20.0,"lanes_int":2.0},"geometry":{"type":"LineString","coordinates":[[-71.091455,42.390017],[-71.09141,42.390077],[-71.091023,42.390551]]}},{"type":"Feature","properties":{"name":"Grant Street","separation_level":"none","street_classification":"residential","maxspeed_int":20.0,"lanes_int":1.0},"geometry":{"type":"LineString","coordinates":[[-71.09171,42.391629],[-71.091694,42.39169],[-71.09154,42.3918],[-71.090792,42.392336]]}},{"type":"Feature","properties":{"name":"Broadway","separation_level":"share_busway","street_classification":"medium-capacity","maxspeed_int":25.0,"lanes_int":2.0},"geometry":{"type":"LineString","coordinates":[[-71.09171,42.391629],[-71.091934,42.391865],[-71.09212,42.391999],[-71.092268,42.392096],[-71.092423,42.392188],[-71.092407,42.39224]]}},{"type":"Feature","properties":{"name":"Broadway","separation_level":"share_busway","street_classification":"medium-capacity","maxspeed_int":25.0,"lanes_int":2.0},"geometry":{"type":"LineString","coordinates":[[-71.09171,42.391629],[-71.09154,42.391416],[-71.091327,42.39126]]}},{"type":"Feature","properties":{"name":"Walnut Street","separation_level":"none","street_classification":"residential","maxspeed_int":20.0,"lanes_int":2.0},"geometry":{"type":"LineString","coordinates":[[-71.091023,42.390551],[-71.09084,42.390773],[-71.09082,42.390798],[-71.09074,42.39084],[-71.090694,42.390918]]}},{"type":"Feature","properties":{"name":"South Street","separation_level":"separate","street_classification":"dedicated_path","maxspeed_int":null,"lanes_int":null},"geometry":{"type":"LineString","coordinates":[[-71.091305,42.374554],[-71.091315,42.37454],[-71.091202,42.374497],[-71.091089,42.374464],[-71.091063,42.374456],[-71.090816,42.374407],[-71.090747,42.374422],[-71.090693,42.374457]]}},{"type":"Feature","properties":{"name":"South Street","separation_level":"separate","street_classification":"residential","maxspeed_int":20.0,"lanes_int":2.0},"geometry":{"type":"LineString","coordinates":[[-71.091305,42.374554],[-71.091295,42.374568],[-71.091503,42.374669],[-71.091619,42.374727],[-71.091748,42.374791],[-71.091847,42.37484],[-71.091904,42.374868],[-71.091926,42.374879],[-71.092174,42.375003],[-71.09231,42.375067],[-71.092448,42.375124],[-71.092526,42.375148],[-71.092611,42.37517],[-71.092699,42.375192],[-71.092831,42.375224],[-71.092836,42.375195]]}},{"type":"Feature","properties":{"name":"Earle Street","separation_level":"none","street_classification":"residential","maxspeed_int":25.0,"lanes_int":2.0},"geometry":{"type":"LineString","coordinates":[[-71.092339,42.375718],[-71.092454,42.37574],[-71.092492,42.37574],[-71.092506,42.37574],[-71.092573,42.375734],[-71.092655,42.375731],[-71.092736,42.375728],[-71.092757,42.375775]]}},{"type":"Feature","properties":{"name":"Windsor Street","separation_level":"separate","street_classification":"residential","maxspeed_int":25.0,"lanes_int":2.0},"geometry":{"type":"LineString","coordinates":[[-71.092836,42.375195],[-71.092831,42.375224],[-71.092736,42.375728],[-71.092757,42.375775]]}},{"type":"Feature","properties":{"name":"Windsor Street","separation_level":"separate","street_classification":"dedicated_path","maxspeed_int":null,"lanes_int":null},"geometry":{"type":"LineString","coordinates":[[-71.092836,42.375195],[-71.092769,42.375244],[-71.092764,42.37529],[-71.092755,42.375363],[-71.09272,42.375524],[-71.092704,42.375605],[-71.092697,42.375643],[-71.092736,42.375728],[-71.092757,42.375775]]}},{"type":"Feature","properties":{"name":"South Street","separation_level":"separate","street_classification":"dedicated_path","maxspeed_int":null,"lanes_int":null},"geometry":{"type":"LineString","coordinates":[[-71.092836,42.375195],[-71.092846,42.375173],[-71.092713,42.375147],[-71.092668,42.375138],[-71.092572,42.375121],[-71.092435,42.375081],[-71.092285,42.375018],[-71.091951,42.374851],[-71.091386,42.374567],[-71.091315,42.37454],[-71.091305,42.374554]]}},{"type":"Feature","properties":{"name":"Middlesex Avenue","separation_level":"none","street_classification":"medium-capacity","maxspeed_int":30.0,"lanes_int":2.0},"geometry":{"type":"LineString","coordinates":[[-71.083545,42.394439],[-71.083701,42.395005],[-71.083588,42.395022]]}},{"type":"Feature","properties":{"name":"Middlesex Avenue","separation_level":"none","street_classification":"medium-capacity","maxspeed_int":30.0,"lanes_int":2.0},"geometry":{"type":"LineString","coordinates":[[-71.083545,42.394439],[-71.083448,42.39411]]}},{"type":"Feature","properties":{"name":"Cummings Street","separation_level":"none","street_classification":"residential","maxspeed_int":25.0,"lanes_int":2.0},"geometry":{"type":"LineString","coordinates":[[-71.083545,42.394439],[-71.083624,42.394425],[-71.083686,42.394404],[-71.083695,42.394401],[-71.083751,42.394372],[-71.084161,42.394085],[-71.084206,42.394054],[-71.084256,42.394019],[-71.084255,42.394025]]}},{"type":"Feature","properties":{"name":"Middlesex Avenue","separation_level":"none","street_classification":"medium-capacity","maxspeed_int":30.0,"lanes_int":2.0},"geometry":{"type":"LineString","coordinates":[[-71.083588,42.395022],[-71.083701,42.395005],[-71.083717,42.395064],[-71.083756,42.395206],[-71.083782,42.395299]]}},{"type":"Feature","properties":{"name":null,"separation_level":"none","street_classification":"residential","maxspeed_int":null,"lanes_int":null},"geometry":{"type":"LineString","coordinates":[[-71.083588,42.395022],[-71.083476,42.395038],[-71.083575,42.395429],[-71.0837,42.395409],[-71.083808,42.395392],[-71.083782,42.395299]]}},{"type":"Feature","properties":{"name":null,"separation_level":"none","street_classification":"residential","maxspeed_int":null,"lanes_int":null},"geometry":{"type":"LineString","coordinates":[[-71.083448,42.39411],[-71.083582,42.394084],[-71.08377,42.394041]]}},{"type":"Feature","properties":{"name":null,"separation_level":"none","street_classification":"residential","maxspeed_int":null,"lanes_int":null},"geometry":{"type":"LineString","coordinates":[[-71.084255,42.394025],[-71.084256,42.394019],[-71.084542,42.393803],[-71.084611,42.393747]]}},{"type":"Feature","properties":{"name":null,"separation_level":"none","street_classification":"residential","maxspeed_int":null,"lanes_int":2.0},"geometry":{"type":"LineString","coordinates":[[-71.084255,42.394025],[-71.084102,42.393914],[-71.083816,42.394136],[-71.08377,42.394041]]}},{"type":"Feature","properties":{"name":null,"separation_level":"none","street_classification":"residential","maxspeed_int":null,"lanes_int":2.0},"geometry":{"type":"LineString","coordinates":[[-71.084255,42.394025],[-71.084102,42.393914],[-71.083929,42.393795],[-71.083732,42.393964],[-71.08377,42.394041]]}},{"type":"Feature","properties":{"name":null,"separation_level":"none","street_classification":"residential","maxspeed_int":null,"lanes_int":null},"geometry":{"type":"LineString","coordinates":[[-71.084255,42.394025],[-71.084406,42.394142],[-71.084847,42.393823]]}},{"type":"Feature","properties":{"name":null,"separation_level":"none","street_classification":"residential","maxspeed_int":null,"lanes_int":null},"geometry":{"type":"LineString","coordinates":[[-71.084255,42.394025],[-71.084406,42.394142],[-71.084528,42.394241],[-71.084696,42.394207],[-71.085027,42.393959]]}},{"type":"Feature","properties":{"name":"Middlesex Avenue","separation_level":"none","street_classification":"medium-capacity","maxspeed_int":30.0,"lanes_int":2.0},"geometry":{"type":"LineString","coordinates":[[-71.083782,42.395299],[-71.083808,42.395392],[-71.083901,42.395731]]}},{"type":"Feature","properties":{"name":null,"separation_level":"none","street_classification":"residential","maxspeed_int":null,"lanes_int":null},"geometry":{"type":"LineString","coordinates":[[-71.084611,42.393747],[-71.084542,42.393803],[-71.084238,42.393572],[-71.084401,42.393467]]}},{"type":"Feature","properties":{"name":null,"separation_level":"none","street_classification":"residential","maxspeed_int":null,"lanes_int":null},"geometry":{"type":"LineString","coordinates":[[-71.084611,42.393747],[-71.08468,42.39369],[-71.084401,42.393467]]}},{"type":"Feature","properties":{"name":null,"separation_level":"none","street_classification":"residential","maxspeed_int":null,"lanes_int":null},"geometry":{"type":"LineString","coordinates":[[-71.084611,42.393747],[-71.08468,42.39369],[-71.084847,42.393823]]}},{"type":"Feature","properties":{"name":null,"separation_level":"none","street_classification":"residential","maxspeed_int":null,"lanes_int":null},"geometry":{"type":"LineString","coordinates":[[-71.084847,42.393823],[-71.085027,42.393959]]}},{"type":"Feature","properties":{"name":null,"separation_level":"none","street_classification":"residential","maxspeed_int":null,"lanes_int":null},"geometry":{"type":"LineString","coordinates":[[-71.085027,42.393959],[-71.085109,42.394103],[-71.085122,42.394201],[-71.085114,42.394477],[-71.085102,42.394522]]}},{"type":"Feature","properties":{"name":"Windsor Place","separation_level":"none","street_classification":"residential","maxspeed_int":25.0,"lanes_int":null},"geometry":{"type":"LineString","coordinates":[[-71.09427,42.375806],[-71.0942,42.375817],[-71.094007,42.375825],[-71.093888,42.375822]]}},{"type":"Feature","properties":{"name":"Columbia Street","separation_level":"none","street_classification":"residential","maxspeed_int":25.0,"lanes_int":2.0},"geometry":{"type":"LineString","coordinates":[[-71.09427,42.375806],[-71.094701,42.375842],[-71.095123,42.375872],[-71.095146,42.375872],[-71.095247,42.375877],[-71.095193,42.375843]]}},{"type":"Feature","properties":{"name":"Windsor Place","separation_level":"none","street_classification":"residential","maxspeed_int":25.0,"lanes_int":null},"geometry":{"type":"LineString","coordinates":[[-71.093888,42.375822],[-71.093504,42.375812],[-71.09333,42.375794]]}},{"type":"Feature","properties":{"name":"Tremont Street","separation_level":"none","street_classification":"residential","maxspeed_int":25.0,"lanes_int":1.0},"geometry":{"type":"LineString","coordinates":[[-71.095193,42.375843],[-71.095247,42.375877],[-71.095285,42.375848],[-71.09531,42.375828],[-71.095323,42.375819],[-71.0958,42.375123]]}},{"type":"Feature","properties":{"name":"Webster Avenue","separation_level":"separate","street_classification":"medium-capacity","maxspeed_int":25.0,"lanes_int":2.0},"geometry":{"type":"LineString","coordinates":[[-71.095193,42.375843],[-71.095247,42.375877],[-71.095143,42.375536],[-71.095075,42.375324]]}},{"type":"Feature","properties":{"name":"Columbia Street","separation_level":"separate","street_classification":"dedicated_path","maxspeed_int":null,"lanes_int":null},"geometry":{"type":"LineString","coordinates":[[-71.095193,42.375843],[-71.09514,42.375809],[-71.095122,42.375808],[-71.094317,42.37575],[-71.09427,42.375806]]}},{"type":"Feature","properties":{"name":"Windsor Place","separation_level":"none","street_classification":"residential","maxspeed_int":25.0,"lanes_int":null},"geometry":{"type":"LineString","coordinates":[[-71.09333,42.375794],[-71.092989,42.375758],[-71.09278,42.375733],[-71.092757,42.375775]]}},{"type":"Feature","properties":{"name":null,"separation_level":"none","street_classification":"residential","maxspeed_int":null,"lanes_int":null},"geometry":{"type":"LineString","coordinates":[[-71.09333,42.375794],[-71.093322,42.37584],[-71.093315,42.375885],[-71.092757,42.375833],[-71.092757,42.375775]]}},{"type":"Feature","properties":{"name":"Webster Avenue","separation_level":"track","street_classification":"medium-capacity","maxspeed_int":25.0,"lanes_int":2.0},"geometry":{"type":"LineString","coordinates":[[-71.095075,42.375324],[-71.095015,42.37514]]}},{"type":"Feature","properties":{"name":"Webster Avenue","separation_level":"separate","street_classification":"dedicated_path","maxspeed_int":null,"lanes_int":null},"geometry":{"type":"LineString","coordinates":[[-71.095075,42.375324],[-71.095035,42.375453],[-71.09514,42.375809],[-71.095193,42.375843]]}},{"type":"Feature","properties":{"name":"Lake Street","separation_level":"none","street_classification":"residential","maxspeed_int":20.0,"lanes_int":2.0},"geometry":{"type":"LineString","coordinates":[[-71.099632,42.380179],[-71.099539,42.380165],[-71.099362,42.380148]]}},{"type":"Feature","properties":{"name":"Olive Square","separation_level":"none","street_classification":"residential","maxspeed_int":null,"lanes_int":2.0},"geometry":{"type":"LineString","coordinates":[[-71.099632,42.380179],[-71.09964,42.380147],[-71.099647,42.380114],[-71.099694,42.379941],[-71.099692,42.379914],[-71.099579,42.379867],[-71.099434,42.379811],[-71.099333,42.379783],[-71.099129,42.379768],[-71.098687,42.379723],[-71.098666,42.37983],[-71.098624,42.380036],[-71.098616,42.380071]]}},{"type":"Feature","properties":{"name":"Ten Hills Road / Bailey Road","separation_level":"none","street_classification":"residential","maxspeed_int":20.0,"lanes_int":2.0},"geometry":{"type":"LineString","coordinates":[[-71.088426,42.396053],[-71.088375,42.396014],[-71.088352,42.395996],[-71.086208,42.394387],[-71.086188,42.394374],[-71.086167,42.394366],[-71.086143,42.394363],[-71.086121,42.394363],[-71.086104,42.394369],[-71.086069,42.394436],[-71.085873,42.394991]]}},{"type":"Feature","properties":{"name":"Temple Road","separation_level":"none","street_classification":"residential","maxspeed_int":20.0,"lanes_int":1.0},"geometry":{"type":"LineString","coordinates":[[-71.088426,42.396053],[-71.087914,42.396425],[-71.08785,42.396471]]}},{"type":"Feature","properties":{"name":"Bailey Road","separation_level":"none","street_classification":"residential","maxspeed_int":20.0,"lanes_int":2.0},"geometry":{"type":"LineString","coordinates":[[-71.088426,42.396053],[-71.088486,42.396097],[-71.088544,42.39614],[-71.089913,42.397157],[-71.090594,42.397664],[-71.090616,42.397684],[-71.090649,42.397714],[-71.090671,42.397738],[-71.090604,42.397769]]}},{"type":"Feature","properties":{"name":"Ten Hills Road","separation_level":"none","street_classification":"residential","maxspeed_int":20.0,"lanes_int":2.0},"geometry":{"type":"LineString","coordinates":[[-71.085873,42.394991],[-71.085703,42.395455],[-71.085653,42.395592],[-71.085645,42.395612],[-71.085625,42.395667]]}},{"type":"Feature","properties":{"name":"Governor Winthrop Road","separation_level":"none","street_classification":"residential","maxspeed_int":20.0,"lanes_int":2.0},"geometry":{"type":"LineString","coordinates":[[-71.085873,42.394991],[-71.085836,42.394964],[-71.085625,42.394827]]}},{"type":"Feature","properties":{"name":"Governor Winthrop Road","separation_level":"none","street_classification":"residential","maxspeed_int":20.0,"lanes_int":2.0},"geometry":{"type":"LineString","coordinates":[[-71.085873,42.394991],[-71.085931,42.395033],[-71.087759,42.396403],[-71.087774,42.396415],[-71.08785,42.396471]]}},{"type":"Feature","properties":{"name":"Governor Winthrop Road","separation_level":"none","street_classification":"residential","maxspeed_int":20.0,"lanes_int":2.0},"geometry":{"type":"LineString","coordinates":[[-71.08785,42.396471],[-71.087915,42.396521],[-71.087941,42.39654],[-71.088674,42.397089],[-71.089246,42.397519]]}},{"type":"Feature","properties":{"name":"Temple Road","separation_level":"none","street_classification":"residential","maxspeed_int":20.0,"lanes_int":1.0},"geometry":{"type":"LineString","coordinates":[[-71.08785,42.396471],[-71.087358,42.39683],[-71.087272,42.396895]]}},{"type":"Feature","properties":{"name":"Shore Drive","separation_level":"shared_lane","street_classification":"medium-capacity","maxspeed_int":20.0,"lanes_int":2.0},"geometry":{"type":"LineString","coordinates":[[-71.090604,42.397769],[-71.090671,42.397738],[-71.090719,42.397712],[-71.090762,42.397684],[-71.090804,42.397653],[-71.091208,42.397342],[-71.091299,42.397272]]}},{"type":"Feature","properties":{"name":null,"separation_level":"none","street_classification":"residential","maxspeed_int":null,"lanes_int":null},"geometry":{"type":"LineString","coordinates":[[-71.090604,42.397769],[-71.090537,42.397801],[-71.090568,42.39784],[-71.090639,42.39792],[-71.090732,42.398031],[-71.090527,42.398159]]}},{"type":"Feature","properties":{"name":"Shore Drive","separation_level":"track","street_classification":"medium-capacity","maxspeed_int":20.0,"lanes_int":2.0},"geometry":{"type":"LineString","coordinates":[[-71.090604,42.397769],[-71.090537,42.397801],[-71.090495,42.39782],[-71.089944,42.398064]]}},{"type":"Feature","properties":{"name":"Sydney Street","separation_level":"none","street_classification":"residential","maxspeed_int":20.0,"lanes_int":2.0},"geometry":{"type":"LineString","coordinates":[[-71.090612,42.395327],[-71.09051,42.395248],[-71.089442,42.39444]]}},{"type":"Feature","properties":{"name":"Temple Street","separation_level":"lane","street_classification":"medium-capacity","maxspeed_int":25.0,"lanes_int":2.0},"geometry":{"type":"LineString","coordinates":[[-71.090612,42.395327],[-71.090647,42.395321],[-71.091256,42.395218]]}},{"type":"Feature","properties":{"name":"Mystic Avenue","separation_level":"shared_lane","street_classification":"medium-capacity","maxspeed_int":null,"lanes_int":5.0},"geometry":{"type":"LineString","coordinates":[[-71.090084,42.396252],[-71.090093,42.396368],[-71.090524,42.396696],[-71.090989,42.397041],[-71.091231,42.397221],[-71.091299,42.397272]]}},{"type":"Feature","properties":{"name":"Butler Drive","separation_level":"none","street_classification":"residential","maxspeed_int":25.0,"lanes_int":null},"geometry":{"type":"LineString","coordinates":[[-71.090084,42.396252],[-71.090216,42.396154],[-71.090454,42.39598]]}},{"type":"Feature","properties":{"name":null,"separation_level":"none","street_classification":"residential","maxspeed_int":null,"lanes_int":null},"geometry":{"type":"LineString","coordinates":[[-71.090084,42.396252],[-71.090202,42.396164],[-71.090611,42.396473],[-71.091116,42.396103],[-71.091055,42.396057]]}},{"type":"Feature","properties":{"name":"Ten Hills Road","separation_level":"none","street_classification":"residential","maxspeed_int":20.0,"lanes_int":2.0},"geometry":{"type":"LineString","coordinates":[[-71.085625,42.395667],[-71.085595,42.395752],[-71.085374,42.396364]]}},{"type":"Feature","properties":{"name":"Puritan Road","separation_level":"none","street_classification":"residential","maxspeed_int":20.0,"lanes_int":2.0},"geometry":{"type":"LineString","coordinates":[[-71.085625,42.395667],[-71.085695,42.395719],[-71.087186,42.396829],[-71.087202,42.396843],[-71.087272,42.396895]]}},{"type":"Feature","properties":{"name":"Puritan Road","separation_level":"none","street_classification":"residential","maxspeed_int":20.0,"lanes_int":2.0},"geometry":{"type":"LineString","coordinates":[[-71.085625,42.395667],[-71.085496,42.395571],[-71.085366,42.395474]]}},{"type":"Feature","properties":{"name":"Fellsway","separation_level":"none","street_classification":"motorway","maxspeed_int":null,"lanes_int":3.0},"geometry":{"type":"LineString","coordinates":[[-71.085625,42.394827],[-71.085666,42.39472],[-71.085704,42.394617],[-71.085722,42.394566],[-71.08574,42.394516],[-71.08575,42.394487],[-71.085759,42.394458],[-71.085769,42.394427],[-71.085779,42.394397]]}},{"type":"Feature","properties":{"name":"Governor Winthrop Road","separation_level":"none","street_classification":"residential","maxspeed_int":20.0,"lanes_int":2.0},"geometry":{"type":"LineString","coordinates":[[-71.089246,42.397519],[-71.089875,42.397991],[-71.089899,42.398012],[-71.089901,42.398015],[-71.089923,42.398038],[-71.089944,42.398064]]}},{"type":"Feature","properties":{"name":"Puritan Road","separation_level":"none","street_classification":"residential","maxspeed_int":20.0,"lanes_int":2.0},"geometry":{"type":"LineString","coordinates":[[-71.087272,42.396895],[-71.087327,42.396936],[-71.087355,42.396957],[-71.088286,42.397657],[-71.089141,42.398301],[-71.089156,42.398313],[-71.089176,42.398329],[-71.089185,42.398338],[-71.089201,42.398354],[-71.089226,42.398383]]}},{"type":"Feature","properties":{"name":"Temple Road","separation_level":"none","street_classification":"residential","maxspeed_int":20.0,"lanes_int":1.0},"geometry":{"type":"LineString","coordinates":[[-71.087272,42.396895],[-71.086769,42.397264],[-71.086753,42.397276],[-71.086744,42.397282],[-71.086693,42.39732]]}},{"type":"Feature","properties":{"name":null,"separation_level":"none","street_classification":"residential","maxspeed_int":null,"lanes_int":null},"geometry":{"type":"LineString","coordinates":[[-71.091299,42.397272],[-71.091413,42.397193],[-71.091542,42.397103]]}},{"type":"Feature","properties":{"name":null,"separation_level":"separate","street_classification":"dedicated_path","maxspeed_int":null,"lanes_int":null},"geometry":{"type":"LineString","coordinates":[[-71.090527,42.398159],[-71.090667,42.398253],[-71.090738,42.398269],[-71.090812,42.398277],[-71.090882,42.398276],[-71.090945,42.398278],[-71.091043,42.398288]]}},{"type":"Feature","properties":{"name":null,"separation_level":"separate","street_classification":"dedicated_path","maxspeed_int":null,"lanes_int":null},"geometry":{"type":"LineString","coordinates":[[-71.090527,42.398159],[-71.090817,42.398132],[-71.090857,42.398161],[-71.090954,42.39822],[-71.091039,42.398273],[-71.091043,42.398288]]}},{"type":"Feature","properties":{"name":"Shore Drive","separation_level":"track","street_classification":"medium-capacity","maxspeed_int":20.0,"lanes_int":2.0},"geometry":{"type":"LineString","coordinates":[[-71.089944,42.398064],[-71.089226,42.398383]]}},{"type":"Feature","properties":{"name":"Middlesex Avenue","separation_level":"none","street_classification":"medium-capacity","maxspeed_int":30.0,"lanes_int":null},"geometry":{"type":"LineString","coordinates":[[-71.083901,42.395731],[-71.083912,42.395855],[-71.083924,42.395945],[-71.083943,42.396048],[-71.083981,42.396191],[-71.084005,42.39625],[-71.084037,42.396299],[-71.083496,42.396399]]}},{"type":"Feature","properties":{"name":"Middlesex Avenue","separation_level":"none","street_classification":"medium-capacity","maxspeed_int":30.0,"lanes_int":3.0},"geometry":{"type":"LineString","coordinates":[[-71.083496,42.396399],[-71.084037,42.396299],[-71.084095,42.396356],[-71.084151,42.396397],[-71.084236,42.39645]]}},{"type":"Feature","properties":{"name":null,"separation_level":"none","street_classification":"residential","maxspeed_int":null,"lanes_int":null},"geometry":{"type":"LineString","coordinates":[[-71.083496,42.396399],[-71.083813,42.396352],[-71.083899,42.396674],[-71.083763,42.397029]]}},{"type":"Feature","properties":{"name":null,"separation_level":"none","street_classification":"residential","maxspeed_int":null,"lanes_int":null},"geometry":{"type":"LineString","coordinates":[[-71.083496,42.396399],[-71.083594,42.396387],[-71.083763,42.397029]]}},{"type":"Feature","properties":{"name":null,"separation_level":"none","street_classification":"residential","maxspeed_int":null,"lanes_int":null},"geometry":{"type":"LineString","coordinates":[[-71.083496,42.396399],[-71.082962,42.396487],[-71.083105,42.396996],[-71.083125,42.397036],[-71.083179,42.397068],[-71.083354,42.397121]]}},{"type":"Feature","properties":{"name":null,"separation_level":"none","street_classification":"residential","maxspeed_int":null,"lanes_int":null},"geometry":{"type":"LineString","coordinates":[[-71.083496,42.396399],[-71.083164,42.396455],[-71.083354,42.397121]]}},{"type":"Feature","properties":{"name":null,"separation_level":"none","street_classification":"residential","maxspeed_int":null,"lanes_int":null},"geometry":{"type":"LineString","coordinates":[[-71.083496,42.396399],[-71.083378,42.396421],[-71.083588,42.397196]]}},{"type":"Feature","properties":{"name":null,"separation_level":"none","street_classification":"motorway","maxspeed_int":null,"lanes_int":1.0},"geometry":{"type":"LineString","coordinates":[[-71.084236,42.39645],[-71.084321,42.396531],[-71.084373,42.396585],[-71.084424,42.39665],[-71.084449,42.396704],[-71.084457,42.396755],[-71.084469,42.396827],[-71.084482,42.396899],[-71.084495,42.396994],[-71.08447,42.397066]]}},{"type":"Feature","properties":{"name":"Middlesex Avenue","separation_level":"none","street_classification":"medium-capacity","maxspeed_int":null,"lanes_int":2.0},"geometry":{"type":"LineString","coordinates":[[-71.084236,42.39645],[-71.084362,42.3965],[-71.084438,42.396517],[-71.084501,42.396525],[-71.08454,42.39653],[-71.084571,42.396534],[-71.084657,42.396539]]}},{"type":"Feature","properties":{"name":null,"separation_level":"none","street_classification":"residential","maxspeed_int":null,"lanes_int":null},"geometry":{"type":"LineString","coordinates":[[-71.083763,42.397029],[-71.083727,42.397123],[-71.083656,42.397168],[-71.083588,42.397196]]}},{"type":"Feature","properties":{"name":null,"separation_level":"none","street_classification":"residential","maxspeed_int":null,"lanes_int":null},"geometry":{"type":"LineString","coordinates":[[-71.083354,42.397121],[-71.08348,42.397168],[-71.083588,42.397196]]}},{"type":"Feature","properties":{"name":"Webster Avenue","separation_level":"lane_buffered","street_classification":"medium-capacity","maxspeed_int":25.0,"lanes_int":2.0},"geometry":{"type":"LineString","coordinates":[[-71.095015,42.37514],[-71.094964,42.374978],[-71.094951,42.374941]]}},{"type":"Feature","properties":{"name":"Heath Street","separation_level":"none","street_classification":"residential","maxspeed_int":20.0,"lanes_int":1.0},"geometry":{"type":"LineString","coordinates":[[-71.093253,42.393972],[-71.092681,42.393691],[-71.092648,42.393675],[-71.092591,42.393647],[-71.09256,42.393628]]}},{"type":"Feature","properties":{"name":"Langmaid Avenue","separation_level":"none","street_classification":"residential","maxspeed_int":25.0,"lanes_int":1.0},"geometry":{"type":"LineString","coordinates":[[-71.093253,42.393972],[-71.093288,42.393924],[-71.093682,42.39348]]}},{"type":"Feature","properties":{"name":"Temple Street","separation_level":"none","street_classification":"medium-capacity","maxspeed_int":25.0,"lanes_int":1.0},"geometry":{"type":"LineString","coordinates":[[-71.09256,42.393628],[-71.092591,42.393647],[-71.092665,42.39355],[-71.092709,42.393492],[-71.092717,42.393424]]}},{"type":"Feature","properties":{"name":"Sewall Street","separation_level":"none","street_classification":"residential","maxspeed_int":20.0,"lanes_int":1.0},"geometry":{"type":"LineString","coordinates":[[-71.09256,42.393628],[-71.092529,42.39361],[-71.092493,42.393584],[-71.091715,42.393017]]}},{"type":"Feature","properties":{"name":"Temple Street","separation_level":"lane","street_classification":"medium-capacity","maxspeed_int":25.0,"lanes_int":1.0},"geometry":{"type":"LineString","coordinates":[[-71.09256,42.393628],[-71.092529,42.39361],[-71.092436,42.393739],[-71.092386,42.393853]]}},{"type":"Feature","properties":{"name":"Langmaid Avenue","separation_level":"none","street_classification":"residential","maxspeed_int":25.0,"lanes_int":1.0},"geometry":{"type":"LineString","coordinates":[[-71.093682,42.39348],[-71.094018,42.393103],[-71.094037,42.39308],[-71.094077,42.393029]]}},{"type":"Feature","properties":{"name":"Temple Street","separation_level":"lane","street_classification":"medium-capacity","maxspeed_int":25.0,"lanes_int":2.0},"geometry":{"type":"LineString","coordinates":[[-71.092717,42.393424],[-71.092891,42.393198]]}},{"type":"Feature","properties":{"name":"Temple Street","separation_level":"lane","street_classification":"medium-capacity","maxspeed_int":25.0,"lanes_int":1.0},"geometry":{"type":"LineString","coordinates":[[-71.092717,42.393424],[-71.092622,42.39348],[-71.092602,42.393508],[-71.092529,42.39361],[-71.09256,42.393628]]}},{"type":"Feature","properties":{"name":"Sewall Street","separation_level":"none","street_classification":"residential","maxspeed_int":20.0,"lanes_int":1.0},"geometry":{"type":"LineString","coordinates":[[-71.091715,42.393017],[-71.090844,42.392375],[-71.090792,42.392336]]}},{"type":"Feature","properties":{"name":"Temple Street","separation_level":"lane","street_classification":"medium-capacity","maxspeed_int":25.0,"lanes_int":2.0},"geometry":{"type":"LineString","coordinates":[[-71.092386,42.393853],[-71.092348,42.393901],[-71.092054,42.394297],[-71.092022,42.394342]]}},{"type":"Feature","properties":{"name":"Temple Street","separation_level":"none","street_classification":"medium-capacity","maxspeed_int":25.0,"lanes_int":1.0},"geometry":{"type":"LineString","coordinates":[[-71.092386,42.393853],[-71.092501,42.393763],[-71.092546,42.393705],[-71.092591,42.393647],[-71.09256,42.393628]]}},{"type":"Feature","properties":{"name":"Broadway","separation_level":"track","street_classification":"medium-capacity","maxspeed_int":25.0,"lanes_int":3.0},"geometry":{"type":"LineString","coordinates":[[-71.094077,42.393029],[-71.094361,42.393177],[-71.094437,42.393228],[-71.094649,42.393398]]}},{"type":"Feature","properties":{"name":"Dana Street","separation_level":"none","street_classification":"residential","maxspeed_int":20.0,"lanes_int":1.0},"geometry":{"type":"LineString","coordinates":[[-71.090001,42.388034],[-71.089851,42.388257],[-71.08963,42.388587],[-71.089523,42.388597]]}},{"type":"Feature","properties":{"name":"McGrath Highway","separation_level":"track","street_classification":"motorway","maxspeed_int":40.0,"lanes_int":3.0},"geometry":{"type":"LineString","coordinates":[[-71.090072,42.387354],[-71.090048,42.387396],[-71.089929,42.387595],[-71.089807,42.387798],[-71.089731,42.387923],[-71.089721,42.387939]]}},{"type":"Feature","properties":{"name":"Bonair Street","separation_level":"none","street_classification":"residential","maxspeed_int":25.0,"lanes_int":2.0},"geometry":{"type":"LineString","coordinates":[[-71.089523,42.388597],[-71.08963,42.388587],[-71.089785,42.388639],[-71.090246,42.388795]]}},{"type":"Feature","properties":{"name":"McGrath Highway","separation_level":"track","street_classification":"motorway","maxspeed_int":40.0,"lanes_int":3.0},"geometry":{"type":"LineString","coordinates":[[-71.089523,42.388597],[-71.089415,42.388607],[-71.089434,42.388583],[-71.089506,42.388485],[-71.089574,42.388387],[-71.089638,42.388291],[-71.089705,42.388185],[-71.089765,42.388086],[-71.089825,42.387988],[-71.089887,42.387888],[-71.089946,42.387791],[-71.090008,42.387689],[-71.090072,42.387592],[-71.09014,42.387491],[-71.090208,42.387389],[-71.09023,42.387353],[-71.090248,42.387326],[-71.090267,42.387294],[-71.090298,42.38724],[-71.090339,42.387168],[-71.090384,42.387087],[-71.090429,42.387005],[-71.090451,42.386961],[-71.090477,42.38691],[-71.090512,42.386838],[-71.090545,42.386771],[-71.09056,42.386738],[-71.090576,42.386702],[-71.090587,42.386674],[-71.090626,42.386573],[-71.090757,42.386615]]}},{"type":"Feature","properties":{"name":"A. Alfred Lombardi Street","separation_level":"none","street_classification":"medium-capacity","maxspeed_int":null,"lanes_int":2.0},"geometry":{"type":"LineString","coordinates":[[-71.078534,42.386599],[-71.078587,42.386619],[-71.078647,42.386573],[-71.078694,42.386517],[-71.078735,42.386465],[-71.078781,42.386404],[-71.078797,42.386382],[-71.078851,42.386318],[-71.078756,42.386217]]}},{"type":"Feature","properties":{"name":"A. Alfred Lombardi Street","separation_level":"lane","street_classification":"medium-capacity","maxspeed_int":null,"lanes_int":3.0},"geometry":{"type":"LineString","coordinates":[[-71.078534,42.386599],[-71.078482,42.386579],[-71.078303,42.386688],[-71.077794,42.386941],[-71.077677,42.386998],[-71.077585,42.387047]]}},{"type":"Feature","properties":{"name":"Broadway","separation_level":"lane","street_classification":"medium-capacity","maxspeed_int":25.0,"lanes_int":1.0},"geometry":{"type":"LineString","coordinates":[[-71.078756,42.386217],[-71.078851,42.386318],[-71.078939,42.386342],[-71.079689,42.386554],[-71.079714,42.386506]]}},{"type":"Feature","properties":{"name":"A. Alfred Lombardi Street","separation_level":"lane","street_classification":"medium-capacity","maxspeed_int":null,"lanes_int":null},"geometry":{"type":"LineString","coordinates":[[-71.078756,42.386217],[-71.078773,42.38626],[-71.078694,42.386336],[-71.078655,42.386413],[-71.078618,42.386464],[-71.07855,42.386529],[-71.078533,42.386546],[-71.078482,42.386579],[-71.078534,42.386599]]}},{"type":"Feature","properties":{"name":"Lombardi Street","separation_level":"separate","street_classification":"dedicated_path","maxspeed_int":null,"lanes_int":null},"geometry":{"type":"LineString","coordinates":[[-71.078756,42.386217],[-71.07871,42.386169],[-71.078691,42.386208],[-71.078636,42.386313],[-71.0786,42.386381],[-71.07854,42.386468],[-71.078486,42.386522],[-71.078443,42.386546],[-71.078344,42.386593],[-71.078255,42.386642],[-71.077821,42.386872],[-71.077739,42.386915],[-71.077712,42.386927],[-71.07769,42.386923],[-71.07766,42.386893],[-71.077641,42.386903],[-71.077584,42.38692],[-71.077585,42.387047]]}},{"type":"Feature","properties":{"name":"Broadway","separation_level":"lane","street_classification":"medium-capacity","maxspeed_int":25.0,"lanes_int":1.0},"geometry":{"type":"LineString","coordinates":[[-71.078756,42.386217],[-71.078606,42.38614],[-71.078063,42.385989],[-71.078035,42.385981]]}},{"type":"Feature","properties":{"name":null,"separation_level":"none","street_classification":"residential","maxspeed_int":null,"lanes_int":null},"geometry":{"type":"LineString","coordinates":[[-71.078756,42.386217],[-71.078606,42.38614],[-71.078575,42.386178],[-71.078556,42.386197],[-71.078518,42.386203],[-71.078163,42.386102],[-71.07811,42.386082],[-71.078079,42.386063],[-71.078065,42.386045],[-71.078063,42.385989],[-71.078035,42.385981]]}},{"type":"Feature","properties":{"name":"Grand Union Boulevard","separation_level":"track","street_classification":"medium-capacity","maxspeed_int":25.0,"lanes_int":1.0},"geometry":{"type":"LineString","coordinates":[[-71.077585,42.387047],[-71.077471,42.387092],[-71.077459,42.387101],[-71.077416,42.387142],[-71.077382,42.387187],[-71.077359,42.387242],[-71.07734,42.387318],[-71.077329,42.387401],[-71.077322,42.387494],[-71.077325,42.387598],[-71.077336,42.387726],[-71.077382,42.387726]]}},{"type":"Feature","properties":{"name":"A. Alfred Lombardi Street","separation_level":"none","street_classification":"medium-capacity","maxspeed_int":null,"lanes_int":2.0},"geometry":{"type":"LineString","coordinates":[[-71.077585,42.387047],[-71.077742,42.387055],[-71.077898,42.386984],[-71.078002,42.386937],[-71.078052,42.386913],[-71.078366,42.386762],[-71.078456,42.386713],[-71.078533,42.386662],[-71.078587,42.386619],[-71.078534,42.386599]]}},{"type":"Feature","properties":{"name":"Mystic Avenue","separation_level":"none","street_classification":"medium-capacity","maxspeed_int":30.0,"lanes_int":2.0},"geometry":{"type":"LineString","coordinates":[[-71.077585,42.387047],[-71.077742,42.387055],[-71.077954,42.387246],[-71.078183,42.387427]]}},{"type":"Feature","properties":{"name":"Mystic Avenue","separation_level":"separate","street_classification":"dedicated_path","maxspeed_int":null,"lanes_int":null},"geometry":{"type":"LineString","coordinates":[[-71.077585,42.387047],[-71.077485,42.386949],[-71.077474,42.386929],[-71.077451,42.386906],[-71.077317,42.386798]]}},{"type":"Feature","properties":{"name":"George Street","separation_level":"none","street_classification":"residential","maxspeed_int":20.0,"lanes_int":1.0},"geometry":{"type":"LineString","coordinates":[[-71.079714,42.386506],[-71.07974,42.386458],[-71.079773,42.386397],[-71.080147,42.385671],[-71.080165,42.385636]]}},{"type":"Feature","properties":{"name":"Broadway","separation_level":"lane","street_classification":"medium-capacity","maxspeed_int":25.0,"lanes_int":1.0},"geometry":{"type":"LineString","coordinates":[[-71.079714,42.386506],[-71.07974,42.386458],[-71.079089,42.386275],[-71.07902,42.386258],[-71.078985,42.386247],[-71.078856,42.38621],[-71.078756,42.386217]]}},{"type":"Feature","properties":{"name":"Broadway","separation_level":"lane","street_classification":"medium-capacity","maxspeed_int":25.0,"lanes_int":1.0},"geometry":{"type":"LineString","coordinates":[[-71.079714,42.386506],[-71.079689,42.386554],[-71.08015,42.386684]]}},{"type":"Feature","properties":{"name":"Mount Pleasant Street","separation_level":"none","street_classification":"residential","maxspeed_int":20.0,"lanes_int":null},"geometry":{"type":"LineString","coordinates":[[-71.078035,42.385981],[-71.078007,42.385973],[-71.078045,42.385916],[-71.078051,42.385906],[-71.078214,42.385682],[-71.078307,42.385553]]}},{"type":"Feature","properties":{"name":null,"separation_level":"none","street_classification":"medium-capacity","maxspeed_int":null,"lanes_int":1.0},"geometry":{"type":"LineString","coordinates":[[-71.078939,42.386965],[-71.07877,42.386882],[-71.078692,42.386859],[-71.078632,42.386851],[-71.078561,42.386851],[-71.078497,42.386862],[-71.078429,42.386885],[-71.078323,42.386929],[-71.078243,42.386975],[-71.078175,42.387022],[-71.078128,42.387083],[-71.078103,42.387143],[-71.078084,42.387204],[-71.078084,42.387262],[-71.078099,42.387314],[-71.078183,42.387427]]}},{"type":"Feature","properties":{"name":null,"separation_level":"none","street_classification":"medium-capacity","maxspeed_int":null,"lanes_int":2.0},"geometry":{"type":"LineString","coordinates":[[-71.078939,42.386965],[-71.07865,42.386681],[-71.078587,42.386619],[-71.078534,42.386599]]}},{"type":"Feature","properties":{"name":"Mystic Avenue","separation_level":"none","street_classification":"medium-capacity","maxspeed_int":30.0,"lanes_int":3.0},"geometry":{"type":"LineString","coordinates":[[-71.078183,42.387427],[-71.078418,42.387592]]}},{"type":"Feature","properties":{"name":"Mystic Avenue","separation_level":"none","street_classification":"medium-capacity","maxspeed_int":30.0,"lanes_int":3.0},"geometry":{"type":"LineString","coordinates":[[-71.078418,42.387592],[-71.078717,42.387818]]}},{"type":"Feature","properties":{"name":"North Union Street","separation_level":"none","street_classification":"residential","maxspeed_int":25.0,"lanes_int":2.0},"geometry":{"type":"LineString","coordinates":[[-71.078418,42.387592],[-71.078344,42.387646],[-71.078248,42.387714],[-71.078193,42.387765],[-71.078171,42.387795]]}},{"type":"Feature","properties":{"name":null,"separation_level":"none","street_classification":"medium-capacity","maxspeed_int":null,"lanes_int":3.0},"geometry":{"type":"LineString","coordinates":[[-71.080141,42.388194],[-71.079905,42.387938],[-71.079635,42.387664],[-71.079455,42.387482],[-71.079212,42.387238],[-71.079175,42.387201],[-71.078939,42.386965]]}},{"type":"Feature","properties":{"name":"Joseph Street","separation_level":"none","street_classification":"residential","maxspeed_int":20.0,"lanes_int":2.0},"geometry":{"type":"LineString","coordinates":[[-71.097094,42.377209],[-71.097142,42.377236],[-71.097915,42.377667]]}},{"type":"Feature","properties":{"name":"Newton Street","separation_level":"none","street_classification":"medium-capacity","maxspeed_int":20.0,"lanes_int":2.0},"geometry":{"type":"LineString","coordinates":[[-71.097094,42.377209],[-71.097069,42.377221],[-71.096371,42.377566],[-71.096335,42.377584]]}},{"type":"Feature","properties":{"name":"Broadway","separation_level":"lane","street_classification":"medium-capacity","maxspeed_int":25.0,"lanes_int":2.0},"geometry":{"type":"LineString","coordinates":[[-71.086797,42.38905],[-71.08667,42.38909],[-71.086734,42.389121],[-71.086759,42.389132],[-71.087402,42.389427]]}},{"type":"Feature","properties":{"name":"Broadway","separation_level":"shared_lane","street_classification":"medium-capacity","maxspeed_int":30.0,"lanes_int":3.0},"geometry":{"type":"LineString","coordinates":[[-71.086797,42.38905],[-71.086758,42.388988],[-71.086312,42.38879],[-71.086106,42.388699],[-71.086061,42.388679],[-71.085983,42.388644],[-71.085955,42.388691]]}},{"type":"Feature","properties":{"name":"Broadway","separation_level":"lane","street_classification":"medium-capacity","maxspeed_int":30.0,"lanes_int":2.0},"geometry":{"type":"LineString","coordinates":[[-71.085955,42.388691],[-71.085927,42.388737],[-71.086008,42.388777],[-71.08667,42.38909],[-71.086797,42.38905]]}},{"type":"Feature","properties":{"name":"Cross Street","separation_level":"shared_lane","street_classification":"medium-capacity","maxspeed_int":20.0,"lanes_int":2.0},"geometry":{"type":"LineString","coordinates":[[-71.085955,42.388691],[-71.085983,42.388644],[-71.086016,42.388591],[-71.086033,42.388563],[-71.086332,42.388077]]}},{"type":"Feature","properties":{"name":"Broadway","separation_level":"lane","street_classification":"medium-capacity","maxspeed_int":25.0,"lanes_int":1.0},"geometry":{"type":"LineString","coordinates":[[-71.085955,42.388691],[-71.085983,42.388644],[-71.085907,42.388609],[-71.085074,42.388222]]}},{"type":"Feature","properties":{"name":"Clyde Street","separation_level":"none","street_classification":"residential","maxspeed_int":20.0,"lanes_int":1.0},"geometry":{"type":"LineString","coordinates":[[-71.108421,42.394445],[-71.109701,42.395002],[-71.109721,42.39501]]}},{"type":"Feature","properties":{"name":"Murdock Street","separation_level":"none","street_classification":"residential","maxspeed_int":25.0,"lanes_int":2.0},"geometry":{"type":"LineString","coordinates":[[-71.108421,42.394445],[-71.108399,42.394474],[-71.108072,42.394919],[-71.108082,42.394996],[-71.108431,42.395466]]}},{"type":"Feature","properties":{"name":"Clyde Street","separation_level":"none","street_classification":"residential","maxspeed_int":20.0,"lanes_int":1.0},"geometry":{"type":"LineString","coordinates":[[-71.109721,42.39501],[-71.10974,42.395018],[-71.110131,42.395205],[-71.110218,42.395241]]}},{"type":"Feature","properties":{"name":"Murdock Street","separation_level":"none","street_classification":"residential","maxspeed_int":25.0,"lanes_int":2.0},"geometry":{"type":"LineString","coordinates":[[-71.108431,42.395466],[-71.10862,42.395721],[-71.108831,42.395998]]}},{"type":"Feature","properties":{"name":"Cedar Street","separation_level":"none","street_classification":"medium-capacity","maxspeed_int":20.0,"lanes_int":2.0},"geometry":{"type":"LineString","coordinates":[[-71.110218,42.395241],[-71.109835,42.395785],[-71.109797,42.395837]]}},{"type":"Feature","properties":{"name":"Cedar Street","separation_level":"none","street_classification":"medium-capacity","maxspeed_int":20.0,"lanes_int":2.0},"geometry":{"type":"LineString","coordinates":[[-71.110218,42.395241],[-71.110713,42.394538],[-71.110746,42.394493]]}},{"type":"Feature","properties":{"name":"Murdock Street","separation_level":"none","street_classification":"residential","maxspeed_int":25.0,"lanes_int":2.0},"geometry":{"type":"LineString","coordinates":[[-71.108831,42.395998],[-71.108919,42.396113],[-71.109259,42.396561],[-71.109277,42.396585]]}},{"type":"Feature","properties":{"name":"Clyde Street","separation_level":"none","street_classification":"residential","maxspeed_int":20.0,"lanes_int":1.0},"geometry":{"type":"LineString","coordinates":[[-71.107992,42.394245],[-71.108098,42.394294],[-71.108421,42.394445]]}},{"type":"Feature","properties":{"name":"Maxwells Green","separation_level":"none","street_classification":"residential","maxspeed_int":null,"lanes_int":null},"geometry":{"type":"LineString","coordinates":[[-71.107992,42.394245],[-71.107769,42.394125],[-71.10775,42.394113],[-71.107601,42.394024]]}},{"type":"Feature","properties":{"name":"Maxwells Green","separation_level":"none","street_classification":"residential","maxspeed_int":null,"lanes_int":null},"geometry":{"type":"LineString","coordinates":[[-71.107601,42.394024],[-71.107639,42.393967],[-71.107778,42.393771],[-71.107815,42.393718]]}},{"type":"Feature","properties":{"name":"Maxwells Green","separation_level":"none","street_classification":"residential","maxspeed_int":null,"lanes_int":null},"geometry":{"type":"LineString","coordinates":[[-71.107815,42.393718],[-71.107757,42.393696],[-71.107145,42.393468],[-71.107069,42.393442],[-71.106932,42.393631]]}},{"type":"Feature","properties":{"name":"Linwood Street","separation_level":"none","street_classification":"residential","maxspeed_int":25.0,"lanes_int":2.0},"geometry":{"type":"LineString","coordinates":[[-71.085365,42.375656],[-71.085493,42.375792],[-71.08688,42.377274]]}},{"type":"Feature","properties":{"name":"Linwood Street","separation_level":"none","street_classification":"residential","maxspeed_int":25.0,"lanes_int":2.0},"geometry":{"type":"LineString","coordinates":[[-71.085365,42.375656],[-71.085292,42.375578],[-71.085275,42.375562],[-71.085255,42.375546],[-71.085247,42.37554],[-71.085234,42.375531],[-71.085211,42.375517],[-71.085188,42.375504]]}},{"type":"Feature","properties":{"name":"Linwood Street","separation_level":"none","street_classification":"residential","maxspeed_int":25.0,"lanes_int":2.0},"geometry":{"type":"LineString","coordinates":[[-71.08688,42.377274],[-71.087031,42.377436],[-71.087087,42.377495]]}},{"type":"Feature","properties":{"name":null,"separation_level":"none","street_classification":"residential","maxspeed_int":null,"lanes_int":null},"geometry":{"type":"LineString","coordinates":[[-71.08688,42.377274],[-71.086944,42.37724],[-71.087082,42.377161]]}},{"type":"Feature","properties":{"name":"Fitchburg Street","separation_level":"none","street_classification":"residential","maxspeed_int":25.0,"lanes_int":2.0},"geometry":{"type":"LineString","coordinates":[[-71.085188,42.375504],[-71.084517,42.375836],[-71.08442,42.375883],[-71.084365,42.375911]]}},{"type":"Feature","properties":{"name":null,"separation_level":"none","street_classification":"residential","maxspeed_int":null,"lanes_int":null},"geometry":{"type":"LineString","coordinates":[[-71.085188,42.375504],[-71.085154,42.375488],[-71.085127,42.375477],[-71.085099,42.37547],[-71.085063,42.375462],[-71.084889,42.375436]]}},{"type":"Feature","properties":{"name":"Linwood Street","separation_level":"none","street_classification":"residential","maxspeed_int":25.0,"lanes_int":2.0},"geometry":{"type":"LineString","coordinates":[[-71.087087,42.377495],[-71.087148,42.377561],[-71.08725,42.37767],[-71.087173,42.377706]]}},{"type":"Feature","properties":{"name":"Poplar Street","separation_level":"none","street_classification":"residential","maxspeed_int":25.0,"lanes_int":2.0},"geometry":{"type":"LineString","coordinates":[[-71.087087,42.377495],[-71.087009,42.377536],[-71.086417,42.377845],[-71.086336,42.377888],[-71.086281,42.377957]]}},{"type":"Feature","properties":{"name":"Poplar Street","separation_level":"none","street_classification":"residential","maxspeed_int":25.0,"lanes_int":2.0},"geometry":{"type":"LineString","coordinates":[[-71.087087,42.377495],[-71.08717,42.377452],[-71.087205,42.377434],[-71.087612,42.377223],[-71.087678,42.377191]]}},{"type":"Feature","properties":{"name":null,"separation_level":"none","street_classification":"residential","maxspeed_int":null,"lanes_int":null},"geometry":{"type":"LineString","coordinates":[[-71.087082,42.377161],[-71.086785,42.376871]]}},{"type":"Feature","properties":{"name":"Chestnut Street","separation_level":"separate","street_classification":"dedicated_path","maxspeed_int":null,"lanes_int":null},"geometry":{"type":"LineString","coordinates":[[-71.084365,42.375911],[-71.08431,42.375938],[-71.084338,42.375966],[-71.085256,42.37688],[-71.085403,42.376894]]}},{"type":"Feature","properties":{"name":"Chestnut Street","separation_level":"separate","street_classification":"residential","maxspeed_int":25.0,"lanes_int":2.0},"geometry":{"type":"LineString","coordinates":[[-71.084365,42.375911],[-71.08442,42.375883],[-71.085403,42.376894]]}},{"type":"Feature","properties":{"name":"Michigan Avenue","separation_level":"none","street_classification":"residential","maxspeed_int":20.0,"lanes_int":1.0},"geometry":{"type":"LineString","coordinates":[[-71.084088,42.387852],[-71.084042,42.387884],[-71.083956,42.387947],[-71.082893,42.388979],[-71.082839,42.389033],[-71.082891,42.389063]]}},{"type":"Feature","properties":{"name":"Broadway","separation_level":"lane","street_classification":"medium-capacity","maxspeed_int":25.0,"lanes_int":1.0},"geometry":{"type":"LineString","coordinates":[[-71.084088,42.387852],[-71.084042,42.387884],[-71.084131,42.38792],[-71.084679,42.388159],[-71.084721,42.388124]]}},{"type":"Feature","properties":{"name":"Glen Street","separation_level":"shared_lane","street_classification":"residential","maxspeed_int":20.0,"lanes_int":1.0},"geometry":{"type":"LineString","coordinates":[[-71.084088,42.387852],[-71.084134,42.38782],[-71.084212,42.387769],[-71.084287,42.387663],[-71.084421,42.387477]]}},{"type":"Feature","properties":{"name":"Broadway","separation_level":"lane_buffered","street_classification":"medium-capacity","maxspeed_int":25.0,"lanes_int":1.0},"geometry":{"type":"LineString","coordinates":[[-71.084088,42.387852],[-71.084134,42.38782],[-71.084056,42.387788],[-71.083919,42.387735],[-71.083832,42.387702],[-71.083606,42.387617],[-71.083515,42.387583],[-71.083434,42.387553],[-71.0834,42.387541],[-71.083343,42.387519],[-71.083314,42.38756]]}},{"type":"Feature","properties":{"name":"Pennsylvania Avenue","separation_level":"none","street_classification":"residential","maxspeed_int":20.0,"lanes_int":1.0},"geometry":{"type":"LineString","coordinates":[[-71.082891,42.389063],[-71.082839,42.389033],[-71.082387,42.388778],[-71.082327,42.388742]]}},{"type":"Feature","properties":{"name":"New Hampshire Avenue / Vermont Avenue","separation_level":"none","street_classification":"residential","maxspeed_int":20.0,"lanes_int":1.0},"geometry":{"type":"LineString","coordinates":[[-71.082891,42.389063],[-71.082942,42.389093],[-71.082883,42.38915],[-71.082512,42.389509],[-71.082467,42.389533],[-71.082417,42.389539],[-71.082373,42.389524],[-71.082178,42.389409],[-71.082007,42.389312],[-71.081964,42.389268],[-71.081958,42.389246],[-71.081951,42.389224],[-71.081974,42.389177],[-71.082323,42.38884],[-71.082387,42.388778],[-71.082327,42.388742]]}},{"type":"Feature","properties":{"name":"Broadway","separation_level":"lane","street_classification":"medium-capacity","maxspeed_int":25.0,"lanes_int":1.0},"geometry":{"type":"LineString","coordinates":[[-71.084721,42.388124],[-71.084679,42.388159],[-71.085327,42.388459]]}},{"type":"Feature","properties":{"name":"Wisconsin Avenue","separation_level":"none","street_classification":"residential","maxspeed_int":20.0,"lanes_int":1.0},"geometry":{"type":"LineString","coordinates":[[-71.084721,42.388124],[-71.084679,42.388159],[-71.084612,42.388218],[-71.083498,42.389309],[-71.083431,42.389374],[-71.083467,42.389394]]}},{"type":"Feature","properties":{"name":"Broadway","separation_level":"lane_buffered","street_classification":"medium-capacity","maxspeed_int":25.0,"lanes_int":1.0},"geometry":{"type":"LineString","coordinates":[[-71.084721,42.388124],[-71.084763,42.388088],[-71.084218,42.387854],[-71.084134,42.38782],[-71.084088,42.387852]]}},{"type":"Feature","properties":{"name":"Glen Street","separation_level":"shared_lane","street_classification":"residential","maxspeed_int":20.0,"lanes_int":1.0},"geometry":{"type":"LineString","coordinates":[[-71.084421,42.387477],[-71.084907,42.386797]]}},{"type":"Feature","properties":{"name":"Pennsylvania Avenue","separation_level":"none","street_classification":"residential","maxspeed_int":20.0,"lanes_int":1.0},"geometry":{"type":"LineString","coordinates":[[-71.082327,42.388742],[-71.082267,42.388706],[-71.081813,42.388464],[-71.081741,42.388421]]}},{"type":"Feature","properties":{"name":"Illinois Avenue","separation_level":"none","street_classification":"residential","maxspeed_int":20.0,"lanes_int":1.0},"geometry":{"type":"LineString","coordinates":[[-71.082327,42.388742],[-71.082267,42.388706],[-71.082327,42.388648],[-71.083264,42.387735],[-71.083286,42.387713],[-71.083345,42.387621],[-71.083314,42.38756]]}},{"type":"Feature","properties":{"name":"Broadway","separation_level":"lane","street_classification":"medium-capacity","maxspeed_int":25.0,"lanes_int":3.0},"geometry":{"type":"LineString","coordinates":[[-71.085327,42.388459],[-71.085536,42.388554],[-71.085779,42.388666],[-71.08582,42.388684],[-71.085851,42.3887],[-71.085927,42.388737],[-71.085955,42.388691]]}},{"type":"Feature","properties":{"name":"Pennsylvania Avenue","separation_level":"none","street_classification":"residential","maxspeed_int":20.0,"lanes_int":1.0},"geometry":{"type":"LineString","coordinates":[[-71.083467,42.389394],[-71.083431,42.389374],[-71.082942,42.389093],[-71.082891,42.389063]]}},{"type":"Feature","properties":{"name":"Connecticut Avenue / Rhode Island Avenue","separation_level":"none","street_classification":"residential","maxspeed_int":20.0,"lanes_int":1.0},"geometry":{"type":"LineString","coordinates":[[-71.083467,42.389394],[-71.083503,42.389413],[-71.083444,42.38947],[-71.083034,42.389862],[-71.083006,42.389901],[-71.083007,42.389912],[-71.083011,42.389939],[-71.083045,42.389979],[-71.083218,42.390114],[-71.083391,42.390256],[-71.08345,42.390267],[-71.083501,42.390261],[-71.083543,42.390234],[-71.084005,42.389785],[-71.084065,42.389726],[-71.084049,42.389717]]}},{"type":"Feature","properties":{"name":"Brook Street","separation_level":"none","street_classification":"residential","maxspeed_int":20.0,"lanes_int":2.0},"geometry":{"type":"LineString","coordinates":[[-71.084907,42.386797],[-71.084966,42.386819],[-71.085748,42.387111],[-71.085796,42.387129]]}},{"type":"Feature","properties":{"name":"Glen Street","separation_level":"shared_lane","street_classification":"residential","maxspeed_int":20.0,"lanes_int":1.0},"geometry":{"type":"LineString","coordinates":[[-71.084907,42.386797],[-71.085022,42.386633],[-71.085133,42.386473],[-71.085367,42.386136],[-71.085483,42.38618]]}},{"type":"Feature","properties":{"name":"Pennsylvania Avenue","separation_level":"none","street_classification":"residential","maxspeed_int":20.0,"lanes_int":1.0},"geometry":{"type":"LineString","coordinates":[[-71.084049,42.389717],[-71.084032,42.389708],[-71.083503,42.389413],[-71.083467,42.389394]]}},{"type":"Feature","properties":{"name":"Minnesota Avenue","separation_level":"none","street_classification":"residential","maxspeed_int":20.0,"lanes_int":1.0},"geometry":{"type":"LineString","coordinates":[[-71.084049,42.389717],[-71.084032,42.389708],[-71.084074,42.389667],[-71.085251,42.388528],[-71.085327,42.388459]]}},{"type":"Feature","properties":{"name":"Windsor Street","separation_level":"separate","street_classification":"dedicated_path","maxspeed_int":null,"lanes_int":null},"geometry":{"type":"LineString","coordinates":[[-71.092757,42.375775],[-71.092736,42.375728],[-71.092806,42.375639],[-71.092807,42.37563],[-71.092903,42.375184],[-71.092836,42.375195]]}},{"type":"Feature","properties":{"name":"Grant Street","separation_level":"none","street_classification":"residential","maxspeed_int":20.0,"lanes_int":1.0},"geometry":{"type":"LineString","coordinates":[[-71.090792,42.392336],[-71.090138,42.392827],[-71.090056,42.392875]]}},{"type":"Feature","properties":{"name":"Broadway","separation_level":"share_busway","street_classification":"medium-capacity","maxspeed_int":25.0,"lanes_int":3.0},"geometry":{"type":"LineString","coordinates":[[-71.092407,42.39224],[-71.092491,42.392225],[-71.092764,42.392377],[-71.092977,42.392489],[-71.092985,42.392505]]}},{"type":"Feature","properties":{"name":null,"separation_level":"shared_lane","street_classification":"medium-capacity","maxspeed_int":25.0,"lanes_int":1.0},"geometry":{"type":"LineString","coordinates":[[-71.092407,42.39224],[-71.092491,42.392225],[-71.092596,42.392238],[-71.09268,42.392266],[-71.092877,42.392369],[-71.092945,42.39239],[-71.09301,42.392399],[-71.093075,42.392395],[-71.092985,42.392505]]}},{"type":"Feature","properties":{"name":null,"separation_level":"none","street_classification":"residential","maxspeed_int":null,"lanes_int":null},"geometry":{"type":"LineString","coordinates":[[-71.092407,42.39224],[-71.092306,42.392306],[-71.092897,42.392619],[-71.092985,42.392505]]}},{"type":"Feature","properties":{"name":null,"separation_level":"none","street_classification":"residential","maxspeed_int":null,"lanes_int":null},"geometry":{"type":"LineString","coordinates":[[-71.092407,42.39224],[-71.092306,42.392306],[-71.092175,42.39244],[-71.092606,42.392673],[-71.092544,42.392736],[-71.092724,42.392816]]}},{"type":"Feature","properties":{"name":null,"separation_level":"none","street_classification":"motorway","maxspeed_int":25.0,"lanes_int":1.0},"geometry":{"type":"LineString","coordinates":[[-71.08447,42.397066],[-71.084444,42.397138],[-71.084368,42.39724],[-71.084319,42.397302],[-71.084276,42.397344],[-71.08422,42.397383],[-71.084161,42.39741],[-71.084088,42.397433],[-71.084016,42.397446],[-71.083939,42.397456],[-71.083756,42.397469]]}},{"type":"Feature","properties":{"name":"Fellsway","separation_level":"none","street_classification":"motorway","maxspeed_int":null,"lanes_int":3.0},"geometry":{"type":"LineString","coordinates":[[-71.08447,42.397066],[-71.084444,42.397138],[-71.084306,42.397532],[-71.084274,42.397626],[-71.08445,42.397644]]}},{"type":"Feature","properties":{"name":"Capen Court","separation_level":"none","street_classification":"residential","maxspeed_int":null,"lanes_int":2.0},"geometry":{"type":"LineString","coordinates":[[-71.130182,42.414647],[-71.130103,42.414697],[-71.130081,42.414665],[-71.130009,42.414575],[-71.129969,42.414541],[-71.129957,42.414535],[-71.129859,42.414485],[-71.129825,42.414469],[-71.129434,42.414262],[-71.1294,42.414247]]}},{"type":"Feature","properties":{"name":"Capen Court","separation_level":"none","street_classification":"residential","maxspeed_int":20.0,"lanes_int":2.0},"geometry":{"type":"LineString","coordinates":[[-71.130182,42.414647],[-71.130498,42.414525],[-71.130574,42.414509]]}},{"type":"Feature","properties":{"name":null,"separation_level":"none","street_classification":"residential","maxspeed_int":null,"lanes_int":null},"geometry":{"type":"LineString","coordinates":[[-71.130182,42.414647],[-71.130168,42.414621],[-71.130119,42.414529],[-71.130311,42.414323],[-71.130372,42.414259]]}},{"type":"Feature","properties":{"name":null,"separation_level":"none","street_classification":"residential","maxspeed_int":null,"lanes_int":null},"geometry":{"type":"LineString","coordinates":[[-71.1294,42.414247],[-71.129377,42.414181],[-71.129386,42.414151],[-71.129647,42.413836],[-71.129683,42.413807],[-71.129729,42.413788],[-71.129784,42.413782],[-71.129835,42.413793],[-71.13011,42.413932],[-71.130372,42.414087],[-71.130433,42.414195],[-71.130372,42.414259]]}},{"type":"Feature","properties":{"name":"Capen Court","separation_level":"none","street_classification":"residential","maxspeed_int":20.0,"lanes_int":2.0},"geometry":{"type":"LineString","coordinates":[[-71.130574,42.414509],[-71.130656,42.414513],[-71.130736,42.414542],[-71.130867,42.41461],[-71.130999,42.414681],[-71.131026,42.414693],[-71.131054,42.414702],[-71.13108,42.414708],[-71.131109,42.414714],[-71.131141,42.414719],[-71.131173,42.414723],[-71.131309,42.414651]]}},{"type":"Feature","properties":{"name":null,"separation_level":"none","street_classification":"residential","maxspeed_int":null,"lanes_int":null},"geometry":{"type":"LineString","coordinates":[[-71.130574,42.414509],[-71.130536,42.414451],[-71.130311,42.414323],[-71.130372,42.414259]]}},{"type":"Feature","properties":{"name":"Mystic Valley Parkway","separation_level":"none","street_classification":"medium-capacity","maxspeed_int":null,"lanes_int":2.0},"geometry":{"type":"LineString","coordinates":[[-71.131309,42.414651],[-71.131173,42.414723],[-71.131159,42.414762],[-71.131142,42.414803],[-71.131123,42.414842],[-71.131097,42.414892],[-71.131076,42.41493],[-71.13105,42.41497],[-71.13102,42.41501]]}},{"type":"Feature","properties":{"name":"Mystic Valley Parkway","separation_level":"none","street_classification":"medium-capacity","maxspeed_int":35.0,"lanes_int":2.0},"geometry":{"type":"LineString","coordinates":[[-71.131309,42.414651],[-71.131421,42.414717],[-71.131485,42.414711],[-71.131535,42.414704],[-71.13159,42.414693],[-71.131649,42.414679],[-71.131952,42.414597]]}},{"type":"Feature","properties":{"name":"Alewife Brook Parkway","separation_level":"none","street_classification":"medium-capacity","maxspeed_int":null,"lanes_int":2.0},"geometry":{"type":"LineString","coordinates":[[-71.131309,42.414651],[-71.131389,42.414542],[-71.131327,42.414434],[-71.131297,42.414378],[-71.131276,42.414339],[-71.13126,42.4143],[-71.131249,42.414264],[-71.131241,42.414229],[-71.131235,42.414195],[-71.131231,42.414157],[-71.13128,42.414052]]}},{"type":"Feature","properties":{"name":"Franklin Street","separation_level":"none","street_classification":"residential","maxspeed_int":20.0,"lanes_int":2.0},"geometry":{"type":"LineString","coordinates":[[-71.085387,42.382821],[-71.085567,42.382557],[-71.085718,42.382327],[-71.0859,42.382053],[-71.085912,42.382036]]}},{"type":"Feature","properties":{"name":"Franklin Street","separation_level":"none","street_classification":"residential","maxspeed_int":20.0,"lanes_int":2.0},"geometry":{"type":"LineString","coordinates":[[-71.086084,42.381791],[-71.086167,42.38163],[-71.086186,42.381587],[-71.08621,42.381526],[-71.08622,42.381497],[-71.08623,42.381469],[-71.086235,42.38144],[-71.086238,42.381414],[-71.086237,42.381387],[-71.086232,42.381363],[-71.086224,42.381335]]}},{"type":"Feature","properties":{"name":"Washington Street","separation_level":"track","street_classification":"medium-capacity","maxspeed_int":25.0,"lanes_int":2.0},"geometry":{"type":"LineString","coordinates":[[-71.086224,42.381335],[-71.086176,42.381347],[-71.086081,42.381367],[-71.085997,42.381382],[-71.085803,42.381412],[-71.085226,42.381497],[-71.085094,42.381517],[-71.084973,42.381534]]}},{"type":"Feature","properties":{"name":"Washington Street","separation_level":"separate","street_classification":"medium-capacity","maxspeed_int":25.0,"lanes_int":3.0},"geometry":{"type":"LineString","coordinates":[[-71.086224,42.381335],[-71.08632,42.38131],[-71.08641,42.381289],[-71.086631,42.381231],[-71.086721,42.381208],[-71.087036,42.381126]]}},{"type":"Feature","properties":{"name":"Franklin Avenue","separation_level":"none","street_classification":"residential","maxspeed_int":20.0,"lanes_int":1.0},"geometry":{"type":"LineString","coordinates":[[-71.084973,42.381534],[-71.084972,42.381628],[-71.084966,42.383075],[-71.085126,42.383119],[-71.085176,42.383134],[-71.085161,42.383159]]}},{"type":"Feature","properties":{"name":"New Washington Street","separation_level":"none","street_classification":"residential","maxspeed_int":25.0,"lanes_int":2.0},"geometry":{"type":"LineString","coordinates":[[-71.087036,42.381126],[-71.087021,42.381098],[-71.087005,42.381077],[-71.086998,42.38107],[-71.086986,42.381058],[-71.086964,42.381044],[-71.086289,42.380625]]}},{"type":"Feature","properties":{"name":"Charles E Ryan Road","separation_level":"none","street_classification":"residential","maxspeed_int":20.0,"lanes_int":2.0},"geometry":{"type":"LineString","coordinates":[[-71.107141,42.395765],[-71.106874,42.396125],[-71.106594,42.39652],[-71.106429,42.396724]]}},{"type":"Feature","properties":{"name":"Charles E Ryan Road / Berwick Street","separation_level":"none","street_classification":"dedicated_path","maxspeed_int":25.0,"lanes_int":2.0},"geometry":{"type":"LineString","coordinates":[[-71.107141,42.395765],[-71.107324,42.395536],[-71.107335,42.395455],[-71.107333,42.395415],[-71.10732,42.395382],[-71.107303,42.395362],[-71.107249,42.395331],[-71.106781,42.395056],[-71.10673,42.395026]]}},{"type":"Feature","properties":{"name":"Franey Road","separation_level":"none","street_classification":"residential","maxspeed_int":20.0,"lanes_int":2.0},"geometry":{"type":"LineString","coordinates":[[-71.106429,42.396724],[-71.107491,42.397116]]}},{"type":"Feature","properties":{"name":"Wilton Street","separation_level":"none","street_classification":"residential","maxspeed_int":20.0,"lanes_int":1.0},"geometry":{"type":"LineString","coordinates":[[-71.10673,42.395026],[-71.106705,42.395001],[-71.106367,42.394849]]}},{"type":"Feature","properties":{"name":"Franey Road","separation_level":"none","street_classification":"residential","maxspeed_int":20.0,"lanes_int":2.0},"geometry":{"type":"LineString","coordinates":[[-71.107491,42.397116],[-71.107499,42.397119],[-71.107526,42.397129],[-71.107605,42.397163],[-71.108023,42.397344],[-71.108454,42.397699],[-71.108491,42.397728]]}},{"type":"Feature","properties":{"name":"Wilton Street","separation_level":"none","street_classification":"residential","maxspeed_int":20.0,"lanes_int":1.0},"geometry":{"type":"LineString","coordinates":[[-71.106367,42.394849],[-71.106055,42.394708],[-71.105998,42.394685]]}},{"type":"Feature","properties":{"name":"Winslow Avenue","separation_level":"none","street_classification":"residential","maxspeed_int":20.0,"lanes_int":1.0},"geometry":{"type":"LineString","coordinates":[[-71.120731,42.397118],[-71.120952,42.397207],[-71.121135,42.397276],[-71.121229,42.397311],[-71.121267,42.397325]]}},{"type":"Feature","properties":{"name":"Villa Avenue","separation_level":"none","street_classification":"residential","maxspeed_int":20.0,"lanes_int":2.0},"geometry":{"type":"LineString","coordinates":[[-71.120731,42.397118],[-71.120763,42.397066],[-71.120996,42.396687]]}},{"type":"Feature","properties":{"name":"Winslow Avenue","separation_level":"none","street_classification":"residential","maxspeed_int":20.0,"lanes_int":1.0},"geometry":{"type":"LineString","coordinates":[[-71.121267,42.397325],[-71.121304,42.397339],[-71.121625,42.39746],[-71.121658,42.397472],[-71.121717,42.397492],[-71.121693,42.39753]]}},{"type":"Feature","properties":{"name":"College Avenue","separation_level":"track","street_classification":"medium-capacity","maxspeed_int":20.0,"lanes_int":3.0},"geometry":{"type":"LineString","coordinates":[[-71.121693,42.39753],[-71.121669,42.397568],[-71.121441,42.397956]]}},{"type":"Feature","properties":{"name":"College Avenue","separation_level":"track","street_classification":"medium-capacity","maxspeed_int":20.0,"lanes_int":3.0},"geometry":{"type":"LineString","coordinates":[[-71.121693,42.39753],[-71.121717,42.397492],[-71.121926,42.397143],[-71.121989,42.397036]]}},{"type":"Feature","properties":{"name":"Cedar Street","separation_level":"none","street_classification":"medium-capacity","maxspeed_int":20.0,"lanes_int":2.0},"geometry":{"type":"LineString","coordinates":[[-71.109797,42.395837],[-71.109759,42.395889],[-71.10966,42.396031],[-71.109399,42.396409],[-71.109277,42.396585]]}},{"type":"Feature","properties":{"name":"Cedar Street","separation_level":"no","street_classification":"medium-capacity","maxspeed_int":20.0,"lanes_int":2.0},"geometry":{"type":"LineString","coordinates":[[-71.109277,42.396585],[-71.108947,42.397074],[-71.108794,42.397296],[-71.108491,42.397728]]}},{"type":"Feature","properties":{"name":"Cedar Street","separation_level":"lane","street_classification":"medium-capacity","maxspeed_int":20.0,"lanes_int":2.0},"geometry":{"type":"LineString","coordinates":[[-71.108491,42.397728],[-71.108178,42.39818]]}},{"type":"Feature","properties":{"name":"Pearl Street","separation_level":"none","street_classification":"medium-capacity","maxspeed_int":20.0,"lanes_int":2.0},"geometry":{"type":"LineString","coordinates":[[-71.095726,42.388161],[-71.096057,42.388263],[-71.096114,42.388312]]}},{"type":"Feature","properties":{"name":"Pearl Street","separation_level":"none","street_classification":"medium-capacity","maxspeed_int":20.0,"lanes_int":2.0},"geometry":{"type":"LineString","coordinates":[[-71.095726,42.388161],[-71.09563,42.388132],[-71.095108,42.387965]]}},{"type":"Feature","properties":{"name":"Medford Street","separation_level":"lane","street_classification":"medium-capacity","maxspeed_int":25.0,"lanes_int":2.0},"geometry":{"type":"LineString","coordinates":[[-71.096114,42.388312],[-71.096283,42.388296],[-71.096552,42.388548]]}},{"type":"Feature","properties":{"name":"Medford Street","separation_level":"lane","street_classification":"medium-capacity","maxspeed_int":25.0,"lanes_int":2.0},"geometry":{"type":"LineString","coordinates":[[-71.096114,42.388312],[-71.096283,42.388296],[-71.096106,42.388106],[-71.095961,42.387964],[-71.095816,42.387822],[-71.095568,42.387575],[-71.095454,42.387465]]}},{"type":"Feature","properties":{"name":null,"separation_level":"none","street_classification":"residential","maxspeed_int":null,"lanes_int":null},"geometry":{"type":"LineString","coordinates":[[-71.096114,42.388312],[-71.095986,42.388379],[-71.095907,42.388501],[-71.095692,42.388426],[-71.095767,42.388308],[-71.095986,42.388379]]}},{"type":"Feature","properties":{"name":null,"separation_level":"none","street_classification":"residential","maxspeed_int":null,"lanes_int":null},"geometry":{"type":"LineString","coordinates":[[-71.096114,42.388312],[-71.095986,42.388379],[-71.095767,42.388308],[-71.095692,42.388426],[-71.095907,42.388501],[-71.095986,42.388379]]}},{"type":"Feature","properties":{"name":"Pearl Street","separation_level":"none","street_classification":"medium-capacity","maxspeed_int":20.0,"lanes_int":2.0},"geometry":{"type":"LineString","coordinates":[[-71.095108,42.387965],[-71.094733,42.387844],[-71.094664,42.387789]]}},{"type":"Feature","properties":{"name":null,"separation_level":"none","street_classification":"residential","maxspeed_int":null,"lanes_int":null},"geometry":{"type":"LineString","coordinates":[[-71.095108,42.387965],[-71.095109,42.387908],[-71.095094,42.387866],[-71.095043,42.387837],[-71.094646,42.38772],[-71.094664,42.387789]]}},{"type":"Feature","properties":{"name":"Medford Street","separation_level":"lane","street_classification":"medium-capacity","maxspeed_int":25.0,"lanes_int":2.0},"geometry":{"type":"LineString","coordinates":[[-71.096552,42.388548],[-71.096712,42.38871],[-71.096778,42.388774]]}},{"type":"Feature","properties":{"name":"Medford Street","separation_level":"separate","street_classification":"medium-capacity","maxspeed_int":25.0,"lanes_int":2.0},"geometry":{"type":"LineString","coordinates":[[-71.095454,42.387465],[-71.095416,42.387428],[-71.095378,42.387392],[-71.095341,42.387359],[-71.095295,42.387318],[-71.095233,42.387263],[-71.095197,42.387232],[-71.095173,42.387211],[-71.095152,42.387192],[-71.09512,42.387164],[-71.095091,42.387137],[-71.095027,42.387076],[-71.09483,42.386885],[-71.094855,42.38687]]}},{"type":"Feature","properties":{"name":null,"separation_level":"separate","street_classification":"dedicated_path","maxspeed_int":null,"lanes_int":null},"geometry":{"type":"LineString","coordinates":[[-71.095454,42.387465],[-71.095377,42.387333],[-71.09516,42.387122],[-71.095132,42.3871]]}},{"type":"Feature","properties":{"name":"Bradley Street","separation_level":"none","street_classification":"residential","maxspeed_int":20.0,"lanes_int":2.0},"geometry":{"type":"LineString","coordinates":[[-71.094664,42.387789],[-71.094733,42.387844],[-71.094697,42.387901],[-71.094109,42.388831],[-71.09408,42.388876]]}},{"type":"Feature","properties":{"name":"Pearl Street","separation_level":"none","street_classification":"medium-capacity","maxspeed_int":20.0,"lanes_int":2.0},"geometry":{"type":"LineString","coordinates":[[-71.094664,42.387789],[-71.0946,42.387802],[-71.093996,42.387621]]}},{"type":"Feature","properties":{"name":"Mystic Avenue","separation_level":"none","street_classification":"medium-capacity","maxspeed_int":null,"lanes_int":2.0},"geometry":{"type":"LineString","coordinates":[[-71.081669,42.390053],[-71.082106,42.390384],[-71.082278,42.390529],[-71.082427,42.390666]]}},{"type":"Feature","properties":{"name":"Middlesex Avenue","separation_level":"none","street_classification":"medium-capacity","maxspeed_int":null,"lanes_int":2.0},"geometry":{"type":"LineString","coordinates":[[-71.082427,42.390666],[-71.082499,42.390911]]}},{"type":"Feature","properties":{"name":"Mystic Avenue","separation_level":"none","street_classification":"medium-capacity","maxspeed_int":null,"lanes_int":1.0},"geometry":{"type":"LineString","coordinates":[[-71.082427,42.390666],[-71.08255,42.390801],[-71.082651,42.390919],[-71.083282,42.391673]]}},{"type":"Feature","properties":{"name":"Middlesex Avenue","separation_level":"none","street_classification":"medium-capacity","maxspeed_int":null,"lanes_int":2.0},"geometry":{"type":"LineString","coordinates":[[-71.082499,42.390911],[-71.082644,42.391406],[-71.082705,42.391602],[-71.082501,42.391626]]}},{"type":"Feature","properties":{"name":"Middlesex Avenue","separation_level":"separate","street_classification":"dedicated_path","maxspeed_int":null,"lanes_int":null},"geometry":{"type":"LineString","coordinates":[[-71.082499,42.390911],[-71.082483,42.390943],[-71.082611,42.391411],[-71.082665,42.391608],[-71.082501,42.391626]]}},{"type":"Feature","properties":{"name":"Warwick Street","separation_level":"none","street_classification":"residential","maxspeed_int":20.0,"lanes_int":1.0},"geometry":{"type":"LineString","coordinates":[[-71.110746,42.394493],[-71.110713,42.394538],[-71.110657,42.394514],[-71.110035,42.394242]]}},{"type":"Feature","properties":{"name":"Cedar Street","separation_level":"none","street_classification":"medium-capacity","maxspeed_int":20.0,"lanes_int":2.0},"geometry":{"type":"LineString","coordinates":[[-71.110746,42.394493],[-71.110779,42.394448],[-71.111071,42.394046]]}},{"type":"Feature","properties":{"name":"Morrison Avenue","separation_level":"none","street_classification":"medium-capacity","maxspeed_int":20.0,"lanes_int":2.0},"geometry":{"type":"LineString","coordinates":[[-71.110746,42.394493],[-71.110779,42.394448],[-71.110848,42.394464],[-71.110871,42.39447],[-71.111392,42.394605]]}},{"type":"Feature","properties":{"name":null,"separation_level":"none","street_classification":"residential","maxspeed_int":null,"lanes_int":null},"geometry":{"type":"LineString","coordinates":[[-71.101941,42.390538],[-71.102,42.390566],[-71.102558,42.390836],[-71.10302,42.391069],[-71.103491,42.391323],[-71.103808,42.391559]]}},{"type":"Feature","properties":{"name":null,"separation_level":"separate","street_classification":"dedicated_path","maxspeed_int":null,"lanes_int":null},"geometry":{"type":"LineString","coordinates":[[-71.104117,42.391273],[-71.104143,42.39126],[-71.104257,42.391195],[-71.104295,42.391164],[-71.104319,42.391135],[-71.104346,42.391088],[-71.104414,42.391059]]}},{"type":"Feature","properties":{"name":"Somerville Community Path","separation_level":"separate","street_classification":"dedicated_path","maxspeed_int":null,"lanes_int":null},"geometry":{"type":"LineString","coordinates":[[-71.104117,42.391273],[-71.104119,42.391276],[-71.104122,42.391279],[-71.104125,42.391284],[-71.104128,42.391289],[-71.104131,42.391294],[-71.104172,42.391365],[-71.104187,42.391388],[-71.1042,42.391409],[-71.104215,42.391428],[-71.10423,42.391446],[-71.104249,42.391466],[-71.104268,42.391486],[-71.104294,42.391509],[-71.104323,42.391534],[-71.104348,42.391553],[-71.104393,42.391588],[-71.104505,42.391673],[-71.104736,42.391857],[-71.105144,42.392178],[-71.105183,42.392208],[-71.105214,42.392232],[-71.105246,42.392254],[-71.105304,42.392291],[-71.105376,42.392336],[-71.105457,42.392387],[-71.105537,42.392438],[-71.105649,42.392523],[-71.105711,42.392571],[-71.106067,42.392735],[-71.106164,42.392781],[-71.106743,42.392951],[-71.10731,42.393108]]}},{"type":"Feature","properties":{"name":"Somerville Community Path","separation_level":"separate","street_classification":"dedicated_path","maxspeed_int":null,"lanes_int":null},"geometry":{"type":"LineString","coordinates":[[-71.095132,42.3871],[-71.094881,42.386856],[-71.094855,42.38687]]}},{"type":"Feature","properties":{"name":"Montrose Street","separation_level":"none","street_classification":"residential","maxspeed_int":25.0,"lanes_int":1.0},"geometry":{"type":"LineString","coordinates":[[-71.099842,42.388777],[-71.100098,42.388874],[-71.100354,42.388974]]}},{"type":"Feature","properties":{"name":"Medford Street","separation_level":"separate","street_classification":"medium-capacity","maxspeed_int":25.0,"lanes_int":2.0},"geometry":{"type":"LineString","coordinates":[[-71.094533,42.386565],[-71.09465,42.386685],[-71.09483,42.386885],[-71.094855,42.38687]]}},{"type":"Feature","properties":{"name":null,"separation_level":"separate","street_classification":"dedicated_path","maxspeed_int":null,"lanes_int":null},"geometry":{"type":"LineString","coordinates":[[-71.094855,42.38687],[-71.094881,42.386856],[-71.09486,42.386828],[-71.094632,42.386605],[-71.094533,42.386565]]}},{"type":"Feature","properties":{"name":"Cedar Street","separation_level":"lane","street_classification":"medium-capacity","maxspeed_int":20.0,"lanes_int":2.0},"geometry":{"type":"LineString","coordinates":[[-71.108178,42.39818],[-71.10807,42.398353],[-71.108084,42.398453]]}},{"type":"Feature","properties":{"name":null,"separation_level":"none","street_classification":"residential","maxspeed_int":null,"lanes_int":null},"geometry":{"type":"LineString","coordinates":[[-71.108178,42.39818],[-71.108244,42.398206],[-71.108296,42.398229],[-71.108197,42.398397],[-71.108084,42.398453]]}},{"type":"Feature","properties":{"name":"Turner Court","separation_level":"none","street_classification":"residential","maxspeed_int":25.0,"lanes_int":2.0},"geometry":{"type":"LineString","coordinates":[[-71.085912,42.382036],[-71.0859,42.382053],[-71.085969,42.382074],[-71.086453,42.382218]]}},{"type":"Feature","properties":{"name":"Franklin Street","separation_level":"none","street_classification":"residential","maxspeed_int":20.0,"lanes_int":2.0},"geometry":{"type":"LineString","coordinates":[[-71.085912,42.382036],[-71.085924,42.382018],[-71.086032,42.381876],[-71.086059,42.381833],[-71.086084,42.381791]]}},{"type":"Feature","properties":{"name":"Meacham Road","separation_level":"none","street_classification":"residential","maxspeed_int":20.0,"lanes_int":1.0},"geometry":{"type":"LineString","coordinates":[[-71.124778,42.396779],[-71.124794,42.39677],[-71.125218,42.396518],[-71.125268,42.396488]]}},{"type":"Feature","properties":{"name":"Glover Circle","separation_level":"none","street_classification":"dedicated_path","maxspeed_int":null,"lanes_int":2.0},"geometry":{"type":"LineString","coordinates":[[-71.124778,42.396779],[-71.124763,42.396787],[-71.12473,42.396761],[-71.124445,42.396535],[-71.124167,42.396284],[-71.12412,42.396242]]}},{"type":"Feature","properties":{"name":"Meacham Road","separation_level":"none","street_classification":"residential","maxspeed_int":20.0,"lanes_int":1.0},"geometry":{"type":"LineString","coordinates":[[-71.125268,42.396488],[-71.125316,42.39646],[-71.125794,42.396179]]}},{"type":"Feature","properties":{"name":"Kingston Street","separation_level":"none","street_classification":"residential","maxspeed_int":20.0,"lanes_int":2.0},"geometry":{"type":"LineString","coordinates":[[-71.125268,42.396488],[-71.12532,42.396535],[-71.125906,42.397057],[-71.126012,42.397064]]}},{"type":"Feature","properties":{"name":"Dover Street","separation_level":"none","street_classification":"medium-capacity","maxspeed_int":20.0,"lanes_int":1.0},"geometry":{"type":"LineString","coordinates":[[-71.12412,42.396242],[-71.12443,42.396063],[-71.124511,42.396016]]}},{"type":"Feature","properties":{"name":"Meacham Road","separation_level":"none","street_classification":"residential","maxspeed_int":20.0,"lanes_int":1.0},"geometry":{"type":"LineString","coordinates":[[-71.125794,42.396179],[-71.126013,42.396042],[-71.126064,42.39601],[-71.126121,42.395978]]}},{"type":"Feature","properties":{"name":"Campbell Park","separation_level":"none","street_classification":"residential","maxspeed_int":20.0,"lanes_int":2.0},"geometry":{"type":"LineString","coordinates":[[-71.125794,42.396179],[-71.125836,42.396218],[-71.126745,42.397042],[-71.126826,42.397123]]}},{"type":"Feature","properties":{"name":"Kingston Street","separation_level":"none","street_classification":"residential","maxspeed_int":20.0,"lanes_int":2.0},"geometry":{"type":"LineString","coordinates":[[-71.126012,42.397064],[-71.126826,42.397123]]}},{"type":"Feature","properties":{"name":"Thorndike Street","separation_level":"none","street_classification":"dedicated_path","maxspeed_int":null,"lanes_int":2.0},"geometry":{"type":"LineString","coordinates":[[-71.126012,42.397064],[-71.125718,42.397314],[-71.125665,42.397321],[-71.12565,42.397329],[-71.125477,42.397422],[-71.125386,42.397466]]}},{"type":"Feature","properties":{"name":"Sanborn Court","separation_level":"none","street_classification":"residential","maxspeed_int":25.0,"lanes_int":2.0},"geometry":{"type":"LineString","coordinates":[[-71.094689,42.379626],[-71.09468,42.379705],[-71.094674,42.379723],[-71.094551,42.380036]]}},{"type":"Feature","properties":{"name":"Sanborn Court","separation_level":"none","street_classification":"dedicated_path","maxspeed_int":25.0,"lanes_int":2.0},"geometry":{"type":"LineString","coordinates":[[-71.094551,42.380036],[-71.0945,42.380163],[-71.094554,42.380186],[-71.094591,42.380196],[-71.094661,42.380203]]}},{"type":"Feature","properties":{"name":"Homer Square","separation_level":"none","street_classification":"dedicated_path","maxspeed_int":25.0,"lanes_int":2.0},"geometry":{"type":"LineString","coordinates":[[-71.093801,42.380111],[-71.093861,42.38015],[-71.094109,42.380336],[-71.094329,42.380441],[-71.094382,42.380424],[-71.094454,42.380395],[-71.094495,42.380373],[-71.094505,42.380361],[-71.094558,42.380319],[-71.094629,42.380235],[-71.094661,42.380203]]}},{"type":"Feature","properties":{"name":"Stone Place","separation_level":"none","street_classification":"dedicated_path","maxspeed_int":25.0,"lanes_int":2.0},"geometry":{"type":"LineString","coordinates":[[-71.094661,42.380203],[-71.094714,42.380196],[-71.094769,42.380183],[-71.09483,42.38018],[-71.094859,42.380198],[-71.095218,42.380409],[-71.095302,42.380458]]}},{"type":"Feature","properties":{"name":"Mystic Avenue","separation_level":"none","street_classification":"medium-capacity","maxspeed_int":30.0,"lanes_int":3.0},"geometry":{"type":"LineString","coordinates":[[-71.078717,42.387818],[-71.079621,42.388502]]}},{"type":"Feature","properties":{"name":"North Union Street","separation_level":"none","street_classification":"residential","maxspeed_int":25.0,"lanes_int":2.0},"geometry":{"type":"LineString","coordinates":[[-71.078171,42.387795],[-71.07815,42.387825],[-71.078121,42.387893],[-71.078094,42.387974],[-71.078054,42.388151]]}},{"type":"Feature","properties":{"name":"Assembly Square Drive","separation_level":"none","street_classification":"residential","maxspeed_int":null,"lanes_int":null},"geometry":{"type":"LineString","coordinates":[[-71.078171,42.387795],[-71.07815,42.387825],[-71.078085,42.387815],[-71.077774,42.387764],[-71.077638,42.387742],[-71.077562,42.387733],[-71.077494,42.387728],[-71.077486,42.387728],[-71.077429,42.387725],[-71.077382,42.387726]]}},{"type":"Feature","properties":{"name":"Mystic Avenue","separation_level":"none","street_classification":"medium-capacity","maxspeed_int":30.0,"lanes_int":3.0},"geometry":{"type":"LineString","coordinates":[[-71.079621,42.388502],[-71.080516,42.38918]]}},{"type":"Feature","properties":{"name":null,"separation_level":"none","street_classification":"residential","maxspeed_int":null,"lanes_int":1.0},"geometry":{"type":"LineString","coordinates":[[-71.079621,42.388502],[-71.079671,42.388606],[-71.079692,42.388669],[-71.079702,42.388712],[-71.079703,42.388719],[-71.079703,42.388756],[-71.079698,42.388788],[-71.07968,42.38882],[-71.079655,42.388845],[-71.080354,42.389368]]}},{"type":"Feature","properties":{"name":"Grand Union Boulevard","separation_level":"track","street_classification":"medium-capacity","maxspeed_int":25.0,"lanes_int":1.0},"geometry":{"type":"LineString","coordinates":[[-71.077382,42.387726],[-71.077429,42.387725],[-71.077426,42.387558],[-71.077434,42.387379],[-71.077444,42.387312],[-71.077463,42.387258],[-71.077494,42.387206],[-71.077535,42.387164],[-71.077585,42.387047]]}},{"type":"Feature","properties":{"name":"Grand Union Boulevard","separation_level":"track","street_classification":"medium-capacity","maxspeed_int":25.0,"lanes_int":1.0},"geometry":{"type":"LineString","coordinates":[[-71.077382,42.387726],[-71.077336,42.387726],[-71.077426,42.388655],[-71.077443,42.388755],[-71.077461,42.388836],[-71.077494,42.388938],[-71.077538,42.388927]]}},{"type":"Feature","properties":{"name":"Chestnut Street","separation_level":"none","street_classification":"residential","maxspeed_int":25.0,"lanes_int":2.0},"geometry":{"type":"LineString","coordinates":[[-71.085403,42.376894],[-71.085634,42.377139],[-71.085937,42.377463],[-71.086336,42.377888],[-71.086281,42.377957]]}},{"type":"Feature","properties":{"name":"Radcliffe Road","separation_level":"none","street_classification":"residential","maxspeed_int":20.0,"lanes_int":2.0},"geometry":{"type":"LineString","coordinates":[[-71.09408,42.388876],[-71.094008,42.388838],[-71.09346,42.388549],[-71.093433,42.388535]]}},{"type":"Feature","properties":{"name":"Radcliffe Road","separation_level":"none","street_classification":"residential","maxspeed_int":20.0,"lanes_int":2.0},"geometry":{"type":"LineString","coordinates":[[-71.09408,42.388876],[-71.094165,42.388919],[-71.094925,42.38931],[-71.094984,42.38934]]}},{"type":"Feature","properties":{"name":"Bradley Street","separation_level":"none","street_classification":"residential","maxspeed_int":20.0,"lanes_int":2.0},"geometry":{"type":"LineString","coordinates":[[-71.09408,42.388876],[-71.094052,42.388918],[-71.093487,42.389801],[-71.093463,42.389839]]}},{"type":"Feature","properties":{"name":"James Street","separation_level":"none","street_classification":"residential","maxspeed_int":20.0,"lanes_int":1.0},"geometry":{"type":"LineString","coordinates":[[-71.093433,42.388535],[-71.093407,42.388521],[-71.093443,42.388466],[-71.093958,42.387679],[-71.093996,42.387621]]}},{"type":"Feature","properties":{"name":"Marshall Street","separation_level":"lane","street_classification":"residential","maxspeed_int":20.0,"lanes_int":null},"geometry":{"type":"LineString","coordinates":[[-71.094984,42.38934],[-71.095134,42.389091]]}},{"type":"Feature","properties":{"name":"Jackson Road","separation_level":"none","street_classification":"residential","maxspeed_int":20.0,"lanes_int":2.0},"geometry":{"type":"LineString","coordinates":[[-71.093463,42.389839],[-71.092789,42.389399]]}},{"type":"Feature","properties":{"name":"Webster Avenue","separation_level":"lane_buffered","street_classification":"medium-capacity","maxspeed_int":25.0,"lanes_int":2.0},"geometry":{"type":"LineString","coordinates":[[-71.094951,42.374941],[-71.094901,42.374782],[-71.09485,42.374623],[-71.094803,42.374468]]}},{"type":"Feature","properties":{"name":null,"separation_level":"none","street_classification":"residential","maxspeed_int":null,"lanes_int":null},"geometry":{"type":"LineString","coordinates":[[-71.094803,42.374468],[-71.094747,42.374479],[-71.094728,42.374482],[-71.094609,42.374481],[-71.094501,42.374501],[-71.094432,42.374533],[-71.094338,42.37456],[-71.094085,42.374571],[-71.093958,42.374577]]}},{"type":"Feature","properties":{"name":"Broadway","separation_level":"none","street_classification":"medium-capacity","maxspeed_int":25.0,"lanes_int":2.0},"geometry":{"type":"LineString","coordinates":[[-71.126575,42.402994],[-71.12651,42.402966],[-71.125742,42.402636]]}},{"type":"Feature","properties":{"name":"Broadway","separation_level":"none","street_classification":"medium-capacity","maxspeed_int":25.0,"lanes_int":2.0},"geometry":{"type":"LineString","coordinates":[[-71.126575,42.402994],[-71.126641,42.403022],[-71.126833,42.403108],[-71.127012,42.403189],[-71.127028,42.403196],[-71.127069,42.403216],[-71.127081,42.40322],[-71.127183,42.403267]]}},{"type":"Feature","properties":{"name":"Lovell Street","separation_level":"none","street_classification":"residential","maxspeed_int":20.0,"lanes_int":2.0},"geometry":{"type":"LineString","coordinates":[[-71.125742,42.402636],[-71.125692,42.402703],[-71.124982,42.403638],[-71.124956,42.403673]]}},{"type":"Feature","properties":{"name":"Broadway","separation_level":"none","street_classification":"medium-capacity","maxspeed_int":25.0,"lanes_int":2.0},"geometry":{"type":"LineString","coordinates":[[-71.125742,42.402636],[-71.125083,42.402353],[-71.124956,42.402299]]}},{"type":"Feature","properties":{"name":"Broadway","separation_level":"none","street_classification":"medium-capacity","maxspeed_int":25.0,"lanes_int":2.0},"geometry":{"type":"LineString","coordinates":[[-71.127183,42.403267],[-71.127286,42.403313],[-71.127385,42.403357],[-71.127419,42.40337],[-71.12762,42.403451]]}},{"type":"Feature","properties":{"name":"Curtis Street","separation_level":"track","street_classification":"medium-capacity","maxspeed_int":null,"lanes_int":1.0},"geometry":{"type":"LineString","coordinates":[[-71.127183,42.403267],[-71.127286,42.403313],[-71.127211,42.403428],[-71.127065,42.403652],[-71.126889,42.40392],[-71.126744,42.404131]]}},{"type":"Feature","properties":{"name":"Holland Street","separation_level":"track","street_classification":"medium-capacity","maxspeed_int":25.0,"lanes_int":2.0},"geometry":{"type":"LineString","coordinates":[[-71.127183,42.403267],[-71.127081,42.40322],[-71.127101,42.403132],[-71.127091,42.403113],[-71.127084,42.403098],[-71.127061,42.403053],[-71.127042,42.403007],[-71.127003,42.402912]]}},{"type":"Feature","properties":{"name":"Electric Avenue","separation_level":"none","street_classification":"residential","maxspeed_int":20.0,"lanes_int":2.0},"geometry":{"type":"LineString","coordinates":[[-71.124956,42.403673],[-71.124303,42.403417],[-71.124211,42.403381]]}},{"type":"Feature","properties":{"name":"Electric Avenue","separation_level":"none","street_classification":"residential","maxspeed_int":20.0,"lanes_int":2.0},"geometry":{"type":"LineString","coordinates":[[-71.124956,42.403673],[-71.125545,42.403904],[-71.125736,42.403973]]}},{"type":"Feature","properties":{"name":"Broadway","separation_level":"lane","street_classification":"medium-capacity","maxspeed_int":25.0,"lanes_int":2.0},"geometry":{"type":"LineString","coordinates":[[-71.124956,42.402299],[-71.12483,42.402249],[-71.124794,42.402233],[-71.124318,42.402043],[-71.124022,42.401941],[-71.123712,42.401848]]}},{"type":"Feature","properties":{"name":"Packard Avenue","separation_level":"none","street_classification":"residential","maxspeed_int":25.0,"lanes_int":2.0},"geometry":{"type":"LineString","coordinates":[[-71.124956,42.402299],[-71.124901,42.402366],[-71.124888,42.402384],[-71.124568,42.402842]]}},{"type":"Feature","properties":{"name":"Fairmount Avenue","separation_level":"none","street_classification":"residential","maxspeed_int":20.0,"lanes_int":2.0},"geometry":{"type":"LineString","coordinates":[[-71.126744,42.404131],[-71.126788,42.404154],[-71.127505,42.404498]]}},{"type":"Feature","properties":{"name":"Curtis Street","separation_level":"track","street_classification":"medium-capacity","maxspeed_int":null,"lanes_int":1.0},"geometry":{"type":"LineString","coordinates":[[-71.126744,42.404131],[-71.126656,42.40426],[-71.126608,42.404321]]}},{"type":"Feature","properties":{"name":"Fairmount Avenue","separation_level":"none","street_classification":"residential","maxspeed_int":20.0,"lanes_int":2.0},"geometry":{"type":"LineString","coordinates":[[-71.127505,42.404498],[-71.128052,42.404775]]}},{"type":"Feature","properties":{"name":"Hill Street","separation_level":"none","street_classification":"residential","maxspeed_int":20.0,"lanes_int":1.0},"geometry":{"type":"LineString","coordinates":[[-71.127505,42.404498],[-71.127535,42.40446],[-71.128066,42.403764],[-71.128125,42.403689]]}},{"type":"Feature","properties":{"name":"Curtis Street","separation_level":"shared_lane","street_classification":"medium-capacity","maxspeed_int":null,"lanes_int":1.0},"geometry":{"type":"LineString","coordinates":[[-71.126608,42.404321],[-71.126557,42.404392],[-71.126368,42.404679],[-71.126253,42.40481],[-71.126238,42.404834]]}},{"type":"Feature","properties":{"name":"Electric Avenue","separation_level":"none","street_classification":"residential","maxspeed_int":20.0,"lanes_int":2.0},"geometry":{"type":"LineString","coordinates":[[-71.126608,42.404321],[-71.126549,42.404306],[-71.125736,42.403973]]}},{"type":"Feature","properties":{"name":"Fairmount Avenue","separation_level":"none","street_classification":"residential","maxspeed_int":20.0,"lanes_int":2.0},"geometry":{"type":"LineString","coordinates":[[-71.128052,42.404775],[-71.128614,42.405052]]}},{"type":"Feature","properties":{"name":"Dickson Street","separation_level":"none","street_classification":"residential","maxspeed_int":20.0,"lanes_int":2.0},"geometry":{"type":"LineString","coordinates":[[-71.128052,42.404775],[-71.128086,42.404731],[-71.128608,42.404062],[-71.128658,42.403998]]}},{"type":"Feature","properties":{"name":"Broadway","separation_level":"none","street_classification":"medium-capacity","maxspeed_int":25.0,"lanes_int":2.0},"geometry":{"type":"LineString","coordinates":[[-71.128125,42.403689],[-71.12762,42.403451]]}},{"type":"Feature","properties":{"name":"Broadway","separation_level":"none","street_classification":"medium-capacity","maxspeed_int":25.0,"lanes_int":2.0},"geometry":{"type":"LineString","coordinates":[[-71.128125,42.403689],[-71.128488,42.403877],[-71.12854,42.403914],[-71.128588,42.403948],[-71.12862,42.40397],[-71.128658,42.403998]]}},{"type":"Feature","properties":{"name":"Curtis Street","separation_level":"shared_lane","street_classification":"medium-capacity","maxspeed_int":null,"lanes_int":1.0},"geometry":{"type":"LineString","coordinates":[[-71.126238,42.404834],[-71.126223,42.404858],[-71.126061,42.405112],[-71.125914,42.405326],[-71.125895,42.405353],[-71.125837,42.405437]]}},{"type":"Feature","properties":{"name":"Ossipee Road","separation_level":"none","street_classification":"residential","maxspeed_int":20.0,"lanes_int":2.0},"geometry":{"type":"LineString","coordinates":[[-71.126238,42.404834],[-71.126223,42.404858],[-71.126183,42.404843],[-71.126071,42.404806],[-71.123945,42.403935],[-71.123868,42.403904]]}},{"type":"Feature","properties":{"name":"Ware Street","separation_level":"none","street_classification":"residential","maxspeed_int":20.0,"lanes_int":2.0},"geometry":{"type":"LineString","coordinates":[[-71.126238,42.404834],[-71.126253,42.40481],[-71.126346,42.40483],[-71.127364,42.405181]]}},{"type":"Feature","properties":{"name":"Westminster Street","separation_level":"none","street_classification":"residential","maxspeed_int":20.0,"lanes_int":1.0},"geometry":{"type":"LineString","coordinates":[[-71.125736,42.403973],[-71.125778,42.403924],[-71.126456,42.403036],[-71.12651,42.402966],[-71.126575,42.402994]]}},{"type":"Feature","properties":{"name":"Clarendon Avenue","separation_level":"none","street_classification":"residential","maxspeed_int":20.0,"lanes_int":1.0},"geometry":{"type":"LineString","coordinates":[[-71.12762,42.403451],[-71.127685,42.403398],[-71.128504,42.402729]]}},{"type":"Feature","properties":{"name":"Newbury Street","separation_level":"none","street_classification":"residential","maxspeed_int":20.0,"lanes_int":1.0},"geometry":{"type":"LineString","coordinates":[[-71.127003,42.402912],[-71.127042,42.403007],[-71.127101,42.402979],[-71.127134,42.402963],[-71.12848,42.401855],[-71.129114,42.40134],[-71.129591,42.400953],[-71.130266,42.400403]]}},{"type":"Feature","properties":{"name":null,"separation_level":"none","street_classification":"medium-capacity","maxspeed_int":null,"lanes_int":1.0},"geometry":{"type":"LineString","coordinates":[[-71.127003,42.402912],[-71.12701,42.402924],[-71.126987,42.402937],[-71.126948,42.402955],[-71.126903,42.402977],[-71.126817,42.403015],[-71.126722,42.403021],[-71.126641,42.403022],[-71.126575,42.402994]]}},{"type":"Feature","properties":{"name":"Holland Street","separation_level":"track","street_classification":"medium-capacity","maxspeed_int":25.0,"lanes_int":2.0},"geometry":{"type":"LineString","coordinates":[[-71.127003,42.402912],[-71.126964,42.402817],[-71.12686,42.402571],[-71.126793,42.402427]]}},{"type":"Feature","properties":{"name":"Clarendon Avenue","separation_level":"none","street_classification":"residential","maxspeed_int":20.0,"lanes_int":1.0},"geometry":{"type":"LineString","coordinates":[[-71.128504,42.402729],[-71.128779,42.402506]]}},{"type":"Feature","properties":{"name":"Weston Avenue","separation_level":"none","street_classification":"residential","maxspeed_int":20.0,"lanes_int":2.0},"geometry":{"type":"LineString","coordinates":[[-71.128504,42.402729],[-71.128551,42.402762],[-71.129073,42.403118],[-71.129227,42.403232]]}},{"type":"Feature","properties":{"name":"Powder House Boulevard","separation_level":"lane","street_classification":"medium-capacity","maxspeed_int":null,"lanes_int":2.0},"geometry":{"type":"LineString","coordinates":[[-71.125837,42.405437],[-71.125766,42.405405],[-71.12574,42.405392],[-71.12544,42.405276],[-71.124692,42.404953],[-71.124008,42.404672],[-71.123635,42.404525],[-71.123597,42.40451],[-71.123482,42.40446]]}},{"type":"Feature","properties":{"name":"Powder House Boulevard","separation_level":"lane","street_classification":"medium-capacity","maxspeed_int":null,"lanes_int":2.0},"geometry":{"type":"LineString","coordinates":[[-71.125837,42.405437],[-71.125942,42.405486],[-71.125973,42.405503],[-71.126041,42.405539],[-71.12622,42.405682],[-71.126469,42.405853],[-71.12651,42.405874],[-71.126786,42.406016]]}},{"type":"Feature","properties":{"name":"Curtis Street","separation_level":"none","street_classification":"medium-capacity","maxspeed_int":null,"lanes_int":2.0},"geometry":{"type":"LineString","coordinates":[[-71.125837,42.405437],[-71.125773,42.405534],[-71.125756,42.405559],[-71.125465,42.405999]]}},{"type":"Feature","properties":{"name":"Packard Avenue","separation_level":"none","street_classification":"residential","maxspeed_int":25.0,"lanes_int":2.0},"geometry":{"type":"LineString","coordinates":[[-71.123868,42.403904],[-71.124211,42.403381]]}},{"type":"Feature","properties":{"name":"Ossipee Road","separation_level":"none","street_classification":"residential","maxspeed_int":20.0,"lanes_int":2.0},"geometry":{"type":"LineString","coordinates":[[-71.123868,42.403904],[-71.123786,42.403864],[-71.121787,42.402912],[-71.121732,42.402886]]}},{"type":"Feature","properties":{"name":"Packard Avenue","separation_level":"none","street_classification":"residential","maxspeed_int":25.0,"lanes_int":2.0},"geometry":{"type":"LineString","coordinates":[[-71.123868,42.403904],[-71.123559,42.40435],[-71.12354,42.404378],[-71.123482,42.40446]]}},{"type":"Feature","properties":{"name":"Hardan Road","separation_level":"none","street_classification":"residential","maxspeed_int":20.0,"lanes_int":2.0},"geometry":{"type":"LineString","coordinates":[[-71.127364,42.405181],[-71.127334,42.405219],[-71.127202,42.40537],[-71.127199,42.405374],[-71.127169,42.40542],[-71.12683,42.405947],[-71.126786,42.406016]]}},{"type":"Feature","properties":{"name":"Ware Street","separation_level":"none","street_classification":"residential","maxspeed_int":20.0,"lanes_int":2.0},"geometry":{"type":"LineString","coordinates":[[-71.127364,42.405181],[-71.127439,42.405212],[-71.12822,42.405583]]}},{"type":"Feature","properties":{"name":"Packard Avenue","separation_level":"none","street_classification":"residential","maxspeed_int":25.0,"lanes_int":2.0},"geometry":{"type":"LineString","coordinates":[[-71.123482,42.40446],[-71.12341,42.404554],[-71.123394,42.404577],[-71.12306,42.405055]]}},{"type":"Feature","properties":{"name":"Powder House Boulevard","separation_level":"lane","street_classification":"medium-capacity","maxspeed_int":null,"lanes_int":2.0},"geometry":{"type":"LineString","coordinates":[[-71.123482,42.40446],[-71.123378,42.404417],[-71.123347,42.404404],[-71.123099,42.404295],[-71.122626,42.404083],[-71.122569,42.404058],[-71.122235,42.403893],[-71.122129,42.403841],[-71.121716,42.403637],[-71.121365,42.403419]]}},{"type":"Feature","properties":{"name":"Powder House Boulevard","separation_level":"lane","street_classification":"medium-capacity","maxspeed_int":null,"lanes_int":2.0},"geometry":{"type":"LineString","coordinates":[[-71.126786,42.406016],[-71.127371,42.406243],[-71.127677,42.406362]]}},{"type":"Feature","properties":{"name":"Packard Avenue","separation_level":"none","street_classification":"residential","maxspeed_int":25.0,"lanes_int":2.0},"geometry":{"type":"LineString","coordinates":[[-71.124211,42.403381],[-71.124568,42.402842]]}},{"type":"Feature","properties":{"name":"Electric Avenue","separation_level":"none","street_classification":"residential","maxspeed_int":20.0,"lanes_int":2.0},"geometry":{"type":"LineString","coordinates":[[-71.124211,42.403381],[-71.12414,42.403348],[-71.122921,42.402776],[-71.122048,42.402528],[-71.121992,42.402512]]}},{"type":"Feature","properties":{"name":"Mason Street","separation_level":"none","street_classification":"residential","maxspeed_int":20.0,"lanes_int":2.0},"geometry":{"type":"LineString","coordinates":[[-71.121732,42.402886],[-71.121992,42.402512]]}},{"type":"Feature","properties":{"name":"Mason Street","separation_level":"none","street_classification":"residential","maxspeed_int":20.0,"lanes_int":2.0},"geometry":{"type":"LineString","coordinates":[[-71.121732,42.402886],[-71.121414,42.403349],[-71.121365,42.403419]]}},{"type":"Feature","properties":{"name":null,"separation_level":"none","street_classification":"residential","maxspeed_int":null,"lanes_int":null},"geometry":{"type":"LineString","coordinates":[[-71.09575,42.38003],[-71.095796,42.380066],[-71.096172,42.380328],[-71.096329,42.380437]]}},{"type":"Feature","properties":{"name":"Stone Avenue","separation_level":"none","street_classification":"residential","maxspeed_int":25.0,"lanes_int":1.0},"geometry":{"type":"LineString","coordinates":[[-71.09575,42.38003],[-71.095586,42.380187],[-71.095302,42.380458]]}},{"type":"Feature","properties":{"name":null,"separation_level":"none","street_classification":"residential","maxspeed_int":null,"lanes_int":null},"geometry":{"type":"LineString","coordinates":[[-71.11601,42.389058],[-71.115954,42.389136],[-71.115934,42.389164],[-71.115899,42.389226],[-71.115891,42.389263],[-71.115886,42.389289],[-71.115904,42.389344],[-71.115931,42.389392],[-71.115966,42.389432],[-71.116033,42.389469],[-71.116148,42.389521],[-71.116179,42.389535],[-71.116253,42.389568]]}},{"type":"Feature","properties":{"name":"Warwick Street","separation_level":"none","street_classification":"residential","maxspeed_int":20.0,"lanes_int":1.0},"geometry":{"type":"LineString","coordinates":[[-71.110035,42.394242],[-71.108501,42.393573],[-71.108252,42.393903],[-71.108049,42.394195],[-71.107992,42.394245]]}},{"type":"Feature","properties":{"name":"Somerville Community Path","separation_level":"separate","street_classification":"dedicated_path","maxspeed_int":null,"lanes_int":null},"geometry":{"type":"LineString","coordinates":[[-71.111071,42.394046],[-71.111019,42.39403],[-71.110974,42.394016],[-71.110665,42.39392],[-71.110409,42.393864],[-71.110111,42.393796],[-71.109814,42.393733],[-71.109437,42.393637],[-71.10888,42.393512],[-71.108634,42.393447],[-71.108445,42.393403],[-71.107826,42.393253],[-71.107636,42.393198],[-71.10731,42.393108]]}},{"type":"Feature","properties":{"name":"Cedar Street","separation_level":"none","street_classification":"medium-capacity","maxspeed_int":20.0,"lanes_int":2.0},"geometry":{"type":"LineString","coordinates":[[-71.111071,42.394046],[-71.111228,42.393829],[-71.111259,42.393786]]}},{"type":"Feature","properties":{"name":"Morrison Avenue","separation_level":"none","street_classification":"medium-capacity","maxspeed_int":20.0,"lanes_int":2.0},"geometry":{"type":"LineString","coordinates":[[-71.111392,42.394605],[-71.111715,42.394683],[-71.112036,42.39476]]}},{"type":"Feature","properties":{"name":null,"separation_level":"none","street_classification":"dedicated_path","maxspeed_int":null,"lanes_int":null},"geometry":{"type":"LineString","coordinates":[[-71.10731,42.393108],[-71.107094,42.393409],[-71.107069,42.393442],[-71.106932,42.393631]]}},{"type":"Feature","properties":{"name":"Cedar Street","separation_level":"none","street_classification":"medium-capacity","maxspeed_int":20.0,"lanes_int":2.0},"geometry":{"type":"LineString","coordinates":[[-71.111259,42.393786],[-71.111539,42.393397],[-71.111565,42.39336],[-71.111594,42.393319]]}},{"type":"Feature","properties":{"name":"Alpine Street","separation_level":"none","street_classification":"residential","maxspeed_int":20.0,"lanes_int":1.0},"geometry":{"type":"LineString","coordinates":[[-71.111259,42.393786],[-71.111211,42.393771],[-71.111095,42.393732],[-71.108609,42.392926]]}},{"type":"Feature","properties":{"name":"Prichard Avenue","separation_level":"none","street_classification":"residential","maxspeed_int":20.0,"lanes_int":1.0},"geometry":{"type":"LineString","coordinates":[[-71.112036,42.39476],[-71.111991,42.394832],[-71.110937,42.396356],[-71.110897,42.396411]]}},{"type":"Feature","properties":{"name":"Morrison Avenue","separation_level":"none","street_classification":"medium-capacity","maxspeed_int":20.0,"lanes_int":2.0},"geometry":{"type":"LineString","coordinates":[[-71.112036,42.39476],[-71.112118,42.394777],[-71.112712,42.394933]]}},{"type":"Feature","properties":{"name":"Teele Avenue","separation_level":"none","street_classification":"residential","maxspeed_int":20.0,"lanes_int":1.0},"geometry":{"type":"LineString","coordinates":[[-71.12306,42.405055],[-71.123153,42.405092],[-71.125403,42.405977],[-71.125465,42.405999]]}},{"type":"Feature","properties":{"name":"Powder House Boulevard","separation_level":"lane","street_classification":"medium-capacity","maxspeed_int":null,"lanes_int":2.0},"geometry":{"type":"LineString","coordinates":[[-71.121365,42.403419],[-71.121071,42.403188],[-71.120766,42.402915],[-71.120681,42.402855]]}},{"type":"Feature","properties":{"name":"Dow Street","separation_level":"none","street_classification":"residential","maxspeed_int":20.0,"lanes_int":2.0},"geometry":{"type":"LineString","coordinates":[[-71.127677,42.406362],[-71.127727,42.40629],[-71.128185,42.405636],[-71.12822,42.405583]]}},{"type":"Feature","properties":{"name":"Powder House Boulevard","separation_level":"lane","street_classification":"medium-capacity","maxspeed_int":null,"lanes_int":2.0},"geometry":{"type":"LineString","coordinates":[[-71.127677,42.406362],[-71.128675,42.406734],[-71.128721,42.406752],[-71.12963,42.40711],[-71.129813,42.407184],[-71.129998,42.407254],[-71.130103,42.407293],[-71.130226,42.407346]]}},{"type":"Feature","properties":{"name":"Ware Street","separation_level":"none","street_classification":"residential","maxspeed_int":20.0,"lanes_int":2.0},"geometry":{"type":"LineString","coordinates":[[-71.12822,42.405583],[-71.128265,42.405604],[-71.128494,42.405713],[-71.128772,42.405832],[-71.128829,42.405856]]}},{"type":"Feature","properties":{"name":"Medford Street","separation_level":"lane_buffered","street_classification":"medium-capacity","maxspeed_int":25.0,"lanes_int":2.0},"geometry":{"type":"LineString","coordinates":[[-71.088146,42.374353],[-71.088061,42.374156]]}},{"type":"Feature","properties":{"name":null,"separation_level":"separate","street_classification":"dedicated_path","maxspeed_int":null,"lanes_int":null},"geometry":{"type":"LineString","coordinates":[[-71.088146,42.374353],[-71.088163,42.374279],[-71.088172,42.374249],[-71.088183,42.374223],[-71.088197,42.374204],[-71.088218,42.374189],[-71.088247,42.374173],[-71.088278,42.37416],[-71.088374,42.374136],[-71.088501,42.37415]]}},{"type":"Feature","properties":{"name":null,"separation_level":"none","street_classification":"residential","maxspeed_int":null,"lanes_int":null},"geometry":{"type":"LineString","coordinates":[[-71.088106,42.374876],[-71.088091,42.374846],[-71.08791,42.374893],[-71.087678,42.374439],[-71.087637,42.374359]]}},{"type":"Feature","properties":{"name":null,"separation_level":"none","street_classification":"residential","maxspeed_int":null,"lanes_int":null},"geometry":{"type":"LineString","coordinates":[[-71.088106,42.374876],[-71.08812,42.374905],[-71.088162,42.374976],[-71.088411,42.375507],[-71.088411,42.375542],[-71.08838,42.375566],[-71.088276,42.375575],[-71.088217,42.375569],[-71.087427,42.375465],[-71.086935,42.375407],[-71.086652,42.375368],[-71.08652,42.375283],[-71.086728,42.375104],[-71.086998,42.374906],[-71.087027,42.374909],[-71.087882,42.374987],[-71.087969,42.37497],[-71.08812,42.374905]]}},{"type":"Feature","properties":{"name":null,"separation_level":"none","street_classification":"residential","maxspeed_int":null,"lanes_int":null},"geometry":{"type":"LineString","coordinates":[[-71.088106,42.374876],[-71.08812,42.374905],[-71.087969,42.37497],[-71.087882,42.374987],[-71.087027,42.374909],[-71.086998,42.374906],[-71.086728,42.375104],[-71.08652,42.375283],[-71.086652,42.375368],[-71.086935,42.375407],[-71.087427,42.375465],[-71.088217,42.375569],[-71.088276,42.375575],[-71.08838,42.375566],[-71.088411,42.375542],[-71.088411,42.375507],[-71.088162,42.374976],[-71.08812,42.374905]]}},{"type":"Feature","properties":{"name":"Weston Avenue","separation_level":"none","street_classification":"residential","maxspeed_int":20.0,"lanes_int":2.0},"geometry":{"type":"LineString","coordinates":[[-71.128658,42.403998],[-71.128709,42.40393],[-71.128887,42.403677]]}},{"type":"Feature","properties":{"name":null,"separation_level":"none","street_classification":"dedicated_path","maxspeed_int":null,"lanes_int":null},"geometry":{"type":"LineString","coordinates":[[-71.131474,42.402453],[-71.131391,42.402368],[-71.131349,42.402301],[-71.131662,42.402001]]}},{"type":"Feature","properties":{"name":"Weston Avenue","separation_level":"none","street_classification":"residential","maxspeed_int":20.0,"lanes_int":2.0},"geometry":{"type":"LineString","coordinates":[[-71.128887,42.403677],[-71.128932,42.403613],[-71.129172,42.403315],[-71.129227,42.403232]]}},{"type":"Feature","properties":{"name":null,"separation_level":"none","street_classification":"residential","maxspeed_int":null,"lanes_int":null},"geometry":{"type":"LineString","coordinates":[[-71.131662,42.402001],[-71.13147,42.40212],[-71.1314,42.402157],[-71.131325,42.40216],[-71.131274,42.402136],[-71.131019,42.401932],[-71.13101,42.401842]]}},{"type":"Feature","properties":{"name":"Laurel Street","separation_level":"none","street_classification":"residential","maxspeed_int":20.0,"lanes_int":1.0},"geometry":{"type":"LineString","coordinates":[[-71.104725,42.383999],[-71.104977,42.383661]]}},{"type":"Feature","properties":{"name":"Broadway","separation_level":"track","street_classification":"medium-capacity","maxspeed_int":25.0,"lanes_int":1.0},"geometry":{"type":"LineString","coordinates":[[-71.109374,42.399039],[-71.109416,42.398972],[-71.109368,42.39893],[-71.109345,42.398915],[-71.109321,42.398903],[-71.109279,42.39889],[-71.109259,42.398883],[-71.109231,42.398876],[-71.109196,42.398868],[-71.109157,42.398862],[-71.109114,42.398856],[-71.109037,42.398847]]}},{"type":"Feature","properties":{"name":"Broadway","separation_level":"track","street_classification":"medium-capacity","maxspeed_int":25.0,"lanes_int":2.0},"geometry":{"type":"LineString","coordinates":[[-71.109374,42.399039],[-71.109416,42.398972],[-71.109688,42.399065],[-71.109761,42.39909],[-71.109727,42.399152]]}},{"type":"Feature","properties":{"name":"Broadway","separation_level":"track","street_classification":"medium-capacity","maxspeed_int":25.0,"lanes_int":2.0},"geometry":{"type":"LineString","coordinates":[[-71.109037,42.398847],[-71.108618,42.398714]]}},{"type":"Feature","properties":{"name":"Broadway","separation_level":"track","street_classification":"medium-capacity","maxspeed_int":25.0,"lanes_int":1.0},"geometry":{"type":"LineString","coordinates":[[-71.109037,42.398847],[-71.109153,42.398911],[-71.109184,42.398925],[-71.109218,42.398939],[-71.109244,42.398948],[-71.109289,42.398963],[-71.109315,42.398969],[-71.109342,42.398973],[-71.10937,42.398974],[-71.109416,42.398972],[-71.109374,42.399039]]}},{"type":"Feature","properties":{"name":"Broadway","separation_level":"track","street_classification":"medium-capacity","maxspeed_int":25.0,"lanes_int":2.0},"geometry":{"type":"LineString","coordinates":[[-71.109727,42.399152],[-71.109761,42.39909],[-71.109882,42.39913],[-71.110068,42.399194],[-71.110178,42.39923]]}},{"type":"Feature","properties":{"name":null,"separation_level":"none","street_classification":"residential","maxspeed_int":null,"lanes_int":null},"geometry":{"type":"LineString","coordinates":[[-71.109727,42.399152],[-71.109693,42.399214],[-71.110107,42.399338],[-71.110128,42.399306],[-71.110178,42.39923]]}},{"type":"Feature","properties":{"name":"Broadway","separation_level":"track","street_classification":"medium-capacity","maxspeed_int":25.0,"lanes_int":2.0},"geometry":{"type":"LineString","coordinates":[[-71.108618,42.398714],[-71.108334,42.398624]]}},{"type":"Feature","properties":{"name":"Broadway","separation_level":"track","street_classification":"medium-capacity","maxspeed_int":25.0,"lanes_int":2.0},"geometry":{"type":"LineString","coordinates":[[-71.110178,42.39923],[-71.110296,42.399268],[-71.11084,42.39946],[-71.111252,42.399602],[-71.111303,42.399617],[-71.111363,42.399607]]}},{"type":"Feature","properties":{"name":"Broadway","separation_level":"lane","street_classification":"medium-capacity","maxspeed_int":25.0,"lanes_int":3.0},"geometry":{"type":"LineString","coordinates":[[-71.108334,42.398624],[-71.108109,42.398551],[-71.108084,42.398453]]}},{"type":"Feature","properties":{"name":null,"separation_level":"none","street_classification":"residential","maxspeed_int":null,"lanes_int":null},"geometry":{"type":"LineString","coordinates":[[-71.108334,42.398624],[-71.108397,42.398523],[-71.108425,42.398479],[-71.108197,42.398397],[-71.108084,42.398453]]}},{"type":"Feature","properties":{"name":"Broadway","separation_level":"lane","street_classification":"medium-capacity","maxspeed_int":25.0,"lanes_int":3.0},"geometry":{"type":"LineString","coordinates":[[-71.108084,42.398453],[-71.107966,42.398506],[-71.107894,42.398484],[-71.107862,42.398473],[-71.107733,42.398432]]}},{"type":"Feature","properties":{"name":"Boston Avenue","separation_level":"none","street_classification":"residential","maxspeed_int":20.0,"lanes_int":2.0},"geometry":{"type":"LineString","coordinates":[[-71.110886,42.398957],[-71.110418,42.398294]]}},{"type":"Feature","properties":{"name":"Highland Road","separation_level":"none","street_classification":"residential","maxspeed_int":20.0,"lanes_int":2.0},"geometry":{"type":"LineString","coordinates":[[-71.110886,42.398957],[-71.110945,42.398877],[-71.110976,42.398824],[-71.112091,42.397178],[-71.112231,42.396968],[-71.112256,42.396929]]}},{"type":"Feature","properties":{"name":"Boston Avenue","separation_level":"none","street_classification":"residential","maxspeed_int":20.0,"lanes_int":2.0},"geometry":{"type":"LineString","coordinates":[[-71.110886,42.398957],[-71.111158,42.3993],[-71.111239,42.399399],[-71.111287,42.399477],[-71.111295,42.399493],[-71.111304,42.399511],[-71.111309,42.399524],[-71.111363,42.399607]]}},{"type":"Feature","properties":{"name":"Boston Avenue","separation_level":"none","street_classification":"residential","maxspeed_int":20.0,"lanes_int":2.0},"geometry":{"type":"LineString","coordinates":[[-71.110418,42.398294],[-71.110012,42.397722]]}},{"type":"Feature","properties":{"name":"Kidder Avenue","separation_level":"none","street_classification":"residential","maxspeed_int":20.0,"lanes_int":2.0},"geometry":{"type":"LineString","coordinates":[[-71.112256,42.396929],[-71.112165,42.39689],[-71.111648,42.396691],[-71.111538,42.396649]]}},{"type":"Feature","properties":{"name":"Kidder Avenue","separation_level":"none","street_classification":"residential","maxspeed_int":20.0,"lanes_int":2.0},"geometry":{"type":"LineString","coordinates":[[-71.112256,42.396929],[-71.112366,42.396964],[-71.112893,42.397157],[-71.112972,42.397186]]}},{"type":"Feature","properties":{"name":"Rogers Avenue","separation_level":"none","street_classification":"residential","maxspeed_int":20.0,"lanes_int":1.0},"geometry":{"type":"LineString","coordinates":[[-71.111363,42.399607],[-71.111309,42.399524],[-71.111359,42.399506],[-71.1114,42.399469],[-71.111436,42.399444],[-71.111519,42.399344],[-71.112917,42.397262],[-71.112972,42.397186]]}},{"type":"Feature","properties":{"name":"Broadway","separation_level":"lane_buffered","street_classification":"medium-capacity","maxspeed_int":25.0,"lanes_int":2.0},"geometry":{"type":"LineString","coordinates":[[-71.111363,42.399607],[-71.11146,42.399673],[-71.111637,42.399731],[-71.111744,42.399766],[-71.111942,42.39983],[-71.11198,42.399843],[-71.11204,42.399863]]}},{"type":"Feature","properties":{"name":"Prichard Avenue","separation_level":"none","street_classification":"residential","maxspeed_int":20.0,"lanes_int":1.0},"geometry":{"type":"LineString","coordinates":[[-71.110012,42.397722],[-71.110073,42.397633],[-71.110385,42.397172],[-71.110851,42.396479],[-71.110897,42.396411]]}},{"type":"Feature","properties":{"name":"Pearson Avenue","separation_level":"none","street_classification":"residential","maxspeed_int":20.0,"lanes_int":1.0},"geometry":{"type":"LineString","coordinates":[[-71.111538,42.396649],[-71.111491,42.396724],[-71.111178,42.397175],[-71.110511,42.398166],[-71.110489,42.3982],[-71.110418,42.398294]]}},{"type":"Feature","properties":{"name":"Kidder Avenue","separation_level":"none","street_classification":"residential","maxspeed_int":20.0,"lanes_int":2.0},"geometry":{"type":"LineString","coordinates":[[-71.111538,42.396649],[-71.111455,42.396616],[-71.110997,42.396446],[-71.110897,42.396411]]}},{"type":"Feature","properties":{"name":"Pearson Avenue","separation_level":"none","street_classification":"residential","maxspeed_int":20.0,"lanes_int":1.0},"geometry":{"type":"LineString","coordinates":[[-71.111538,42.396649],[-71.111574,42.396598],[-71.112655,42.39504],[-71.112665,42.395021],[-71.112712,42.394933]]}},{"type":"Feature","properties":{"name":"Kidder Avenue","separation_level":"none","street_classification":"residential","maxspeed_int":20.0,"lanes_int":2.0},"geometry":{"type":"LineString","coordinates":[[-71.112972,42.397186],[-71.113086,42.397229],[-71.113576,42.397412],[-71.113647,42.397439]]}},{"type":"Feature","properties":{"name":"Broadway","separation_level":"lane","street_classification":"medium-capacity","maxspeed_int":25.0,"lanes_int":2.0},"geometry":{"type":"LineString","coordinates":[[-71.11204,42.399863],[-71.112145,42.399899],[-71.112345,42.399966],[-71.112647,42.400068],[-71.112712,42.40009]]}},{"type":"Feature","properties":{"name":"Kidder Avenue","separation_level":"none","street_classification":"residential","maxspeed_int":20.0,"lanes_int":2.0},"geometry":{"type":"LineString","coordinates":[[-71.113647,42.397439],[-71.113757,42.397481],[-71.113849,42.397514],[-71.114235,42.39766],[-71.114283,42.397678],[-71.11434,42.397699]]}},{"type":"Feature","properties":{"name":"Josephine Avenue","separation_level":"none","street_classification":"residential","maxspeed_int":20.0,"lanes_int":1.0},"geometry":{"type":"LineString","coordinates":[[-71.113647,42.397439],[-71.113723,42.397342],[-71.113819,42.397184],[-71.11492,42.395578],[-71.114941,42.395546],[-71.114977,42.395499]]}},{"type":"Feature","properties":{"name":"Josephine Avenue","separation_level":"none","street_classification":"residential","maxspeed_int":20.0,"lanes_int":1.0},"geometry":{"type":"LineString","coordinates":[[-71.113647,42.397439],[-71.1136,42.397513],[-71.112104,42.399766],[-71.112087,42.39979],[-71.11204,42.399863]]}},{"type":"Feature","properties":{"name":"College Avenue","separation_level":"none","street_classification":"medium-capacity","maxspeed_int":20.0,"lanes_int":2.0},"geometry":{"type":"LineString","coordinates":[[-71.117199,42.404015],[-71.117322,42.404854]]}},{"type":"Feature","properties":{"name":"Lower Campus Road","separation_level":"none","street_classification":"residential","maxspeed_int":20.0,"lanes_int":2.0},"geometry":{"type":"LineString","coordinates":[[-71.117199,42.404015],[-71.117302,42.404011],[-71.117412,42.404006],[-71.11751,42.404029],[-71.117609,42.404075]]}},{"type":"Feature","properties":{"name":"College Avenue","separation_level":"share_busway","street_classification":"medium-capacity","maxspeed_int":20.0,"lanes_int":2.0},"geometry":{"type":"LineString","coordinates":[[-71.117199,42.404015],[-71.117178,42.403877],[-71.117173,42.403843],[-71.11709,42.403336],[-71.116993,42.402728],[-71.116919,42.402039],[-71.116896,42.401912],[-71.116875,42.401797],[-71.116847,42.401644],[-71.11684,42.401607]]}},{"type":"Feature","properties":{"name":"Talbot Avenue","separation_level":"none","street_classification":"residential","maxspeed_int":20.0,"lanes_int":2.0},"geometry":{"type":"LineString","coordinates":[[-71.117322,42.404854],[-71.117417,42.404842],[-71.117429,42.404839],[-71.117939,42.404773],[-71.118007,42.40477],[-71.118292,42.404755],[-71.118524,42.404763],[-71.118709,42.40477],[-71.118741,42.404774],[-71.119087,42.404818],[-71.119537,42.40495],[-71.119571,42.404963],[-71.119709,42.405015],[-71.119805,42.405048]]}},{"type":"Feature","properties":{"name":"College Avenue","separation_level":"lane","street_classification":"medium-capacity","maxspeed_int":20.0,"lanes_int":2.0},"geometry":{"type":"LineString","coordinates":[[-71.117322,42.404854],[-71.117332,42.404919],[-71.117385,42.405242]]}},{"type":"Feature","properties":{"name":"Lower Campus Road","separation_level":"none","street_classification":"residential","maxspeed_int":20.0,"lanes_int":2.0},"geometry":{"type":"LineString","coordinates":[[-71.117609,42.404075],[-71.117708,42.404122],[-71.117936,42.404225],[-71.118018,42.404244],[-71.118097,42.404242],[-71.118289,42.404195],[-71.118507,42.404141],[-71.118597,42.404107]]}},{"type":"Feature","properties":{"name":"College Avenue","separation_level":"track","street_classification":"medium-capacity","maxspeed_int":null,"lanes_int":1.0},"geometry":{"type":"LineString","coordinates":[[-71.11684,42.401607],[-71.116854,42.40153],[-71.116844,42.401446],[-71.116856,42.401397],[-71.11688,42.401353],[-71.116906,42.401311],[-71.116927,42.401302]]}},{"type":"Feature","properties":{"name":null,"separation_level":"none","street_classification":"residential","maxspeed_int":null,"lanes_int":null},"geometry":{"type":"LineString","coordinates":[[-71.119805,42.405048],[-71.119709,42.405015],[-71.119695,42.40505],[-71.119569,42.405251],[-71.119537,42.40545]]}},{"type":"Feature","properties":{"name":"Talbot Avenue","separation_level":"none","street_classification":"residential","maxspeed_int":20.0,"lanes_int":2.0},"geometry":{"type":"LineString","coordinates":[[-71.119805,42.405048],[-71.119902,42.405082],[-71.120091,42.405152],[-71.120235,42.40521],[-71.120722,42.405394],[-71.120816,42.405422]]}},{"type":"Feature","properties":{"name":null,"separation_level":"none","street_classification":"residential","maxspeed_int":null,"lanes_int":null},"geometry":{"type":"LineString","coordinates":[[-71.119805,42.405048],[-71.119902,42.405082],[-71.119965,42.404998],[-71.120077,42.404835],[-71.12019,42.404663],[-71.120201,42.404655],[-71.120304,42.404581],[-71.120683,42.40454],[-71.121048,42.404683]]}},{"type":"Feature","properties":{"name":"Dearborn Road","separation_level":"none","street_classification":"residential","maxspeed_int":20.0,"lanes_int":2.0},"geometry":{"type":"LineString","coordinates":[[-71.117385,42.405242],[-71.117279,42.405252],[-71.117146,42.405225],[-71.117015,42.405152],[-71.116767,42.405079],[-71.116649,42.405058],[-71.116592,42.405048]]}},{"type":"Feature","properties":{"name":"College Avenue","separation_level":"lane","street_classification":"medium-capacity","maxspeed_int":null,"lanes_int":2.0},"geometry":{"type":"LineString","coordinates":[[-71.117385,42.405242],[-71.117409,42.405402],[-71.117445,42.405641]]}},{"type":"Feature","properties":{"name":"Lower Campus Road","separation_level":"none","street_classification":"residential","maxspeed_int":20.0,"lanes_int":2.0},"geometry":{"type":"LineString","coordinates":[[-71.118597,42.404107],[-71.118688,42.404072],[-71.119073,42.403868],[-71.119234,42.403779],[-71.119301,42.403769],[-71.119324,42.40377],[-71.119364,42.403778],[-71.119796,42.403927]]}},{"type":"Feature","properties":{"name":"Powder House Square","separation_level":"track","street_classification":"medium-capacity","maxspeed_int":null,"lanes_int":1.0},"geometry":{"type":"LineString","coordinates":[[-71.116927,42.401302],[-71.116949,42.401292],[-71.117028,42.40123],[-71.117075,42.401177],[-71.117096,42.401124],[-71.117109,42.401055],[-71.116966,42.400912]]}},{"type":"Feature","properties":{"name":"Powder House Boulevard","separation_level":"track","street_classification":"medium-capacity","maxspeed_int":null,"lanes_int":1.0},"geometry":{"type":"LineString","coordinates":[[-71.116927,42.401302],[-71.116949,42.401292],[-71.117043,42.401286],[-71.11713,42.401284],[-71.117174,42.40129],[-71.117252,42.401312],[-71.117332,42.401324]]}},{"type":"Feature","properties":{"name":"Latin Way","separation_level":"none","street_classification":"residential","maxspeed_int":20.0,"lanes_int":null},"geometry":{"type":"LineString","coordinates":[[-71.121361,42.404669],[-71.12144,42.404567],[-71.121574,42.404361]]}},{"type":"Feature","properties":{"name":"Lower Campus Road","separation_level":"none","street_classification":"residential","maxspeed_int":20.0,"lanes_int":2.0},"geometry":{"type":"LineString","coordinates":[[-71.121361,42.404669],[-71.12144,42.404567],[-71.121379,42.404542],[-71.120651,42.404239]]}},{"type":"Feature","properties":{"name":"Latin Way","separation_level":"none","street_classification":"residential","maxspeed_int":20.0,"lanes_int":2.0},"geometry":{"type":"LineString","coordinates":[[-71.121361,42.404669],[-71.121277,42.404774],[-71.121226,42.404843],[-71.120967,42.405218],[-71.120862,42.405367],[-71.120816,42.405422]]}},{"type":"Feature","properties":{"name":null,"separation_level":"none","street_classification":"residential","maxspeed_int":null,"lanes_int":null},"geometry":{"type":"LineString","coordinates":[[-71.121361,42.404669],[-71.121277,42.404774],[-71.121232,42.404757],[-71.121048,42.404683]]}},{"type":"Feature","properties":{"name":null,"separation_level":"none","street_classification":"residential","maxspeed_int":null,"lanes_int":null},"geometry":{"type":"LineString","coordinates":[[-71.121574,42.404361],[-71.121521,42.404316],[-71.121431,42.404172],[-71.121347,42.40406],[-71.121242,42.40402],[-71.121098,42.404021],[-71.120728,42.40411],[-71.120665,42.404216],[-71.120651,42.404239]]}},{"type":"Feature","properties":{"name":"Lower Campus Road","separation_level":"none","street_classification":"residential","maxspeed_int":20.0,"lanes_int":2.0},"geometry":{"type":"LineString","coordinates":[[-71.120651,42.404239],[-71.120617,42.404225],[-71.120389,42.404143],[-71.120093,42.404032],[-71.12003,42.404009]]}},{"type":"Feature","properties":{"name":"Latin Way","separation_level":"none","street_classification":"residential","maxspeed_int":20.0,"lanes_int":2.0},"geometry":{"type":"LineString","coordinates":[[-71.120816,42.405422],[-71.120791,42.405466],[-71.120548,42.405815]]}},{"type":"Feature","properties":{"name":"Lower Campus Road","separation_level":"none","street_classification":"residential","maxspeed_int":20.0,"lanes_int":2.0},"geometry":{"type":"LineString","coordinates":[[-71.12003,42.404009],[-71.119905,42.403963],[-71.119796,42.403927]]}},{"type":"Feature","properties":{"name":null,"separation_level":"none","street_classification":"residential","maxspeed_int":null,"lanes_int":null},"geometry":{"type":"LineString","coordinates":[[-71.12003,42.404009],[-71.119816,42.404443],[-71.119589,42.404379],[-71.119775,42.403972],[-71.119796,42.403927]]}},{"type":"Feature","properties":{"name":"Mystic Valley Parkway","separation_level":"none","street_classification":"medium-capacity","maxspeed_int":null,"lanes_int":1.0},"geometry":{"type":"LineString","coordinates":[[-71.131952,42.414597],[-71.13189,42.4146],[-71.131829,42.4146],[-71.131769,42.414598],[-71.131713,42.414592],[-71.131655,42.414586],[-71.131403,42.414547],[-71.131309,42.414651]]}},{"type":"Feature","properties":{"name":"Mystic Valley Parkway","separation_level":"none","street_classification":"medium-capacity","maxspeed_int":30.0,"lanes_int":4.0},"geometry":{"type":"LineString","coordinates":[[-71.13102,42.41501],[-71.130577,42.415437]]}},{"type":"Feature","properties":{"name":"Mystic Valley Parkway","separation_level":"none","street_classification":"medium-capacity","maxspeed_int":30.0,"lanes_int":2.0},"geometry":{"type":"LineString","coordinates":[[-71.13102,42.41501],[-71.131058,42.414983],[-71.131091,42.41496],[-71.13113,42.414936],[-71.131172,42.414911],[-71.131235,42.414873],[-71.131301,42.414835],[-71.131325,42.414817],[-71.131348,42.414797],[-71.13137,42.414773],[-71.13141,42.414723],[-71.131309,42.414651]]}},{"type":"Feature","properties":{"name":"Alewife Brook Parkway","separation_level":"none","street_classification":"medium-capacity","maxspeed_int":null,"lanes_int":null},"geometry":{"type":"LineString","coordinates":[[-71.13128,42.414052],[-71.131238,42.413984],[-71.131256,42.413608],[-71.131257,42.413491],[-71.131253,42.413363],[-71.131225,42.413224],[-71.131174,42.413229]]}},{"type":"Feature","properties":{"name":"Alewife Brook Parkway","separation_level":"none","street_classification":"medium-capacity","maxspeed_int":null,"lanes_int":2.0},"geometry":{"type":"LineString","coordinates":[[-71.13128,42.414052],[-71.131231,42.414157],[-71.131203,42.414275],[-71.131193,42.414333],[-71.131187,42.414387],[-71.131185,42.414439],[-71.131186,42.41449],[-71.131196,42.414628],[-71.131309,42.414651]]}},{"type":"Feature","properties":{"name":"Alewife Brook Greenway","separation_level":"separate","street_classification":"dedicated_path","maxspeed_int":null,"lanes_int":null},"geometry":{"type":"LineString","coordinates":[[-71.13128,42.414052],[-71.131362,42.413995],[-71.131365,42.413952],[-71.131368,42.413941],[-71.131382,42.413908],[-71.131387,42.41389],[-71.131392,42.413865],[-71.131396,42.413826],[-71.131399,42.413798],[-71.131408,42.413665],[-71.131409,42.413619],[-71.131407,42.413416],[-71.131405,42.413369],[-71.131402,42.413339],[-71.131398,42.413315],[-71.131361,42.413133],[-71.131354,42.413105],[-71.131302,42.412961],[-71.131302,42.412956],[-71.131305,42.412951],[-71.131332,42.412928],[-71.131606,42.412991]]}},{"type":"Feature","properties":{"name":null,"separation_level":"none","street_classification":"residential","maxspeed_int":null,"lanes_int":null},"geometry":{"type":"LineString","coordinates":[[-71.13128,42.414052],[-71.131377,42.413996],[-71.131545,42.413846],[-71.131842,42.413753]]}},{"type":"Feature","properties":{"name":null,"separation_level":"none","street_classification":"residential","maxspeed_int":null,"lanes_int":null},"geometry":{"type":"LineString","coordinates":[[-71.13128,42.414052],[-71.131377,42.413996],[-71.131461,42.414003],[-71.131511,42.414007],[-71.131556,42.414008],[-71.131595,42.414006],[-71.131631,42.414],[-71.131669,42.413991],[-71.1317,42.41398]]}},{"type":"Feature","properties":{"name":"Powder House Boulevard","separation_level":"lane","street_classification":"medium-capacity","maxspeed_int":null,"lanes_int":2.0},"geometry":{"type":"LineString","coordinates":[[-71.130629,42.40772],[-71.130591,42.407726],[-71.130585,42.407711],[-71.130574,42.407687],[-71.130564,42.407667],[-71.13055,42.407638],[-71.13054,42.407619],[-71.130525,42.407591],[-71.130509,42.407563],[-71.130491,42.407536],[-71.130476,42.407516],[-71.130459,42.407495],[-71.130443,42.407478],[-71.130423,42.407459],[-71.130401,42.40744],[-71.130384,42.407427],[-71.130374,42.407419],[-71.130363,42.40741],[-71.130326,42.407383],[-71.130297,42.407363],[-71.130226,42.407346]]}},{"type":"Feature","properties":{"name":"Powder House Boulevard","separation_level":"separate","street_classification":"dedicated_path","maxspeed_int":null,"lanes_int":null},"geometry":{"type":"LineString","coordinates":[[-71.130629,42.40772],[-71.130667,42.407714],[-71.130656,42.40769],[-71.130639,42.40765],[-71.130627,42.407623],[-71.130613,42.407595],[-71.130595,42.407564],[-71.130575,42.40753],[-71.130565,42.407514],[-71.130555,42.407499],[-71.130548,42.407489],[-71.130535,42.407473],[-71.130514,42.407445],[-71.130489,42.407416],[-71.130464,42.407385],[-71.130458,42.407377],[-71.130452,42.407371],[-71.130445,42.407365],[-71.130439,42.40736],[-71.130416,42.407345],[-71.130377,42.40732],[-71.130331,42.407311],[-71.130226,42.407346]]}},{"type":"Feature","properties":{"name":"Powder House Boulevard","separation_level":"lane","street_classification":"medium-capacity","maxspeed_int":null,"lanes_int":2.0},"geometry":{"type":"LineString","coordinates":[[-71.130629,42.40772],[-71.130591,42.407726],[-71.130594,42.407734],[-71.130602,42.407756],[-71.130611,42.407783],[-71.130617,42.407803],[-71.130623,42.407824],[-71.130629,42.407848],[-71.130635,42.407873],[-71.130641,42.407898],[-71.130646,42.40793],[-71.130648,42.40794],[-71.130652,42.407966],[-71.130657,42.408006],[-71.130661,42.408038],[-71.130665,42.408066],[-71.130667,42.408082],[-71.13067,42.408097],[-71.130674,42.408114],[-71.13068,42.408135],[-71.130687,42.408154],[-71.130694,42.408174],[-71.130704,42.408196],[-71.130688,42.408242]]}},{"type":"Feature","properties":{"name":null,"separation_level":"none","street_classification":"residential","maxspeed_int":null,"lanes_int":null},"geometry":{"type":"LineString","coordinates":[[-71.130629,42.40772],[-71.130667,42.407714],[-71.130707,42.407708],[-71.131272,42.407619],[-71.131462,42.407588],[-71.131553,42.40763],[-71.131631,42.407726],[-71.131754,42.407672],[-71.132203,42.407479]]}},{"type":"Feature","properties":{"name":"North Street","separation_level":"none","street_classification":"medium-capacity","maxspeed_int":null,"lanes_int":2.0},"geometry":{"type":"LineString","coordinates":[[-71.130226,42.407346],[-71.130245,42.407434],[-71.130234,42.40745],[-71.130212,42.407481],[-71.130201,42.407497],[-71.129942,42.407886],[-71.129905,42.407947]]}},{"type":"Feature","properties":{"name":"Powder House Boulevard","separation_level":"separate","street_classification":"dedicated_path","maxspeed_int":null,"lanes_int":null},"geometry":{"type":"LineString","coordinates":[[-71.130226,42.407346],[-71.130245,42.407434],[-71.130277,42.407464],[-71.130301,42.407477],[-71.13031,42.407482],[-71.13034,42.407497],[-71.13036,42.407508],[-71.13037,42.407514],[-71.130381,42.40752],[-71.130391,42.407526],[-71.130401,42.407534],[-71.130413,42.407543],[-71.130422,42.407552],[-71.130429,42.407559],[-71.130435,42.407567],[-71.130442,42.407577],[-71.13045,42.40759],[-71.130471,42.407626],[-71.130486,42.407655],[-71.130506,42.407695],[-71.130518,42.407719],[-71.13053,42.407747],[-71.130541,42.407775],[-71.130548,42.407795],[-71.130554,42.407815],[-71.130561,42.407844],[-71.130575,42.407913],[-71.130589,42.407989],[-71.1306,42.408059],[-71.130602,42.408074],[-71.130604,42.408083],[-71.130607,42.408096],[-71.13061,42.408111],[-71.130613,42.408125],[-71.130617,42.408143],[-71.130633,42.4082],[-71.130639,42.408222],[-71.130646,42.40824],[-71.13065,42.408252],[-71.130655,42.408262],[-71.130672,42.408288],[-71.130688,42.408242]]}},{"type":"Feature","properties":{"name":"North Street","separation_level":"none","street_classification":"medium-capacity","maxspeed_int":null,"lanes_int":2.0},"geometry":{"type":"LineString","coordinates":[[-71.130226,42.407346],[-71.130331,42.407311],[-71.130385,42.407232],[-71.130404,42.407203],[-71.130563,42.406963],[-71.130621,42.406884]]}},{"type":"Feature","properties":{"name":"Powder House Boulevard","separation_level":"lane","street_classification":"medium-capacity","maxspeed_int":null,"lanes_int":3.0},"geometry":{"type":"LineString","coordinates":[[-71.130688,42.408242],[-71.130704,42.408196],[-71.130715,42.40822],[-71.130726,42.40824],[-71.130738,42.408258],[-71.130749,42.408272],[-71.130757,42.408282],[-71.130773,42.408303],[-71.130798,42.408332],[-71.130818,42.408354],[-71.130838,42.408375],[-71.130862,42.408398],[-71.130882,42.408417],[-71.130904,42.408436],[-71.130924,42.408453],[-71.130948,42.408473],[-71.13095,42.408474],[-71.130984,42.408499],[-71.131096,42.408577],[-71.131125,42.408595]]}},{"type":"Feature","properties":{"name":"Powder House Boulevard","separation_level":"separate","street_classification":"dedicated_path","maxspeed_int":null,"lanes_int":null},"geometry":{"type":"LineString","coordinates":[[-71.130688,42.408242],[-71.130672,42.408288],[-71.130698,42.408326],[-71.130706,42.408338],[-71.130722,42.408357],[-71.130738,42.408374],[-71.130754,42.408391],[-71.130789,42.408426],[-71.130811,42.408447],[-71.130823,42.40846],[-71.130833,42.40847],[-71.130842,42.40848],[-71.130849,42.408489],[-71.130861,42.408505],[-71.130872,42.408524],[-71.130881,42.408542],[-71.130885,42.408553],[-71.13089,42.408562],[-71.130895,42.408569],[-71.130899,42.408576],[-71.130909,42.408585],[-71.130928,42.408598],[-71.130966,42.408621],[-71.131014,42.40865],[-71.131125,42.408595]]}},{"type":"Feature","properties":{"name":"Alewife Brook Parkway Residential Access","separation_level":"none","street_classification":"residential","maxspeed_int":null,"lanes_int":null},"geometry":{"type":"LineString","coordinates":[[-71.130688,42.408242],[-71.130672,42.408288],[-71.130651,42.408331],[-71.130613,42.408407],[-71.130545,42.408552],[-71.130516,42.408613],[-71.13049,42.408678],[-71.130458,42.408768],[-71.130427,42.408869],[-71.130413,42.408949],[-71.130405,42.409018],[-71.130405,42.409098],[-71.130413,42.409195],[-71.130421,42.409292],[-71.130432,42.409319],[-71.130446,42.409341],[-71.130466,42.409361],[-71.130473,42.409367],[-71.130575,42.409461]]}},{"type":"Feature","properties":{"name":"Stephenson Aman Street","separation_level":"none","street_classification":"residential","maxspeed_int":20.0,"lanes_int":null},"geometry":{"type":"LineString","coordinates":[[-71.132203,42.407479],[-71.132002,42.407329],[-71.131864,42.407218],[-71.13171,42.407162],[-71.131307,42.407033]]}},{"type":"Feature","properties":{"name":"Stephenson Aman Street","separation_level":"none","street_classification":"residential","maxspeed_int":20.0,"lanes_int":null},"geometry":{"type":"LineString","coordinates":[[-71.132203,42.407479],[-71.132317,42.4076],[-71.13242,42.407727],[-71.132485,42.407801]]}},{"type":"Feature","properties":{"name":"Raymond Avenue","separation_level":"none","street_classification":"residential","maxspeed_int":20.0,"lanes_int":2.0},"geometry":{"type":"LineString","coordinates":[[-71.129905,42.407947],[-71.129841,42.407922],[-71.128373,42.407368],[-71.126952,42.406854],[-71.126078,42.406533],[-71.126115,42.40648]]}},{"type":"Feature","properties":{"name":"North Street","separation_level":"none","street_classification":"medium-capacity","maxspeed_int":null,"lanes_int":2.0},"geometry":{"type":"LineString","coordinates":[[-71.129905,42.407947],[-71.129537,42.408501],[-71.129513,42.408539]]}},{"type":"Feature","properties":{"name":"North Street","separation_level":"none","street_classification":"medium-capacity","maxspeed_int":null,"lanes_int":2.0},"geometry":{"type":"LineString","coordinates":[[-71.130621,42.406884],[-71.130679,42.406806],[-71.131047,42.406247]]}},{"type":"Feature","properties":{"name":null,"separation_level":"none","street_classification":"residential","maxspeed_int":null,"lanes_int":null},"geometry":{"type":"LineString","coordinates":[[-71.130621,42.406884],[-71.130563,42.406963],[-71.130621,42.406988],[-71.130746,42.406995],[-71.131116,42.406963],[-71.13124,42.406993],[-71.131307,42.407033]]}},{"type":"Feature","properties":{"name":"Alewife Brook Parkway","separation_level":"separate","street_classification":"medium-capacity","maxspeed_int":30.0,"lanes_int":3.0},"geometry":{"type":"LineString","coordinates":[[-71.131125,42.408595],[-71.131185,42.408505],[-71.131215,42.408482],[-71.13123,42.408471],[-71.13124,42.408464],[-71.131256,42.408453],[-71.131285,42.408433],[-71.131319,42.408411],[-71.131358,42.408388],[-71.131403,42.408362],[-71.131455,42.408335],[-71.131548,42.40829],[-71.13165,42.408242],[-71.131768,42.408188],[-71.131879,42.408137],[-71.131989,42.408084],[-71.132085,42.408035],[-71.132117,42.408018],[-71.132192,42.407979],[-71.132277,42.407931],[-71.132345,42.407891],[-71.132405,42.407854],[-71.132456,42.40782],[-71.132485,42.407801]]}},{"type":"Feature","properties":{"name":"Powder House Boulevard","separation_level":"separate","street_classification":"dedicated_path","maxspeed_int":null,"lanes_int":null},"geometry":{"type":"LineString","coordinates":[[-71.131125,42.408595],[-71.131185,42.408505],[-71.131121,42.408455],[-71.131102,42.408439],[-71.131099,42.408437],[-71.131094,42.408436],[-71.131091,42.408435],[-71.131087,42.408435],[-71.131078,42.408434],[-71.131068,42.408433],[-71.131049,42.408427],[-71.131028,42.408419],[-71.131008,42.408411],[-71.130991,42.408402],[-71.13097,42.40839],[-71.130942,42.408372],[-71.130923,42.408358],[-71.130902,42.408341],[-71.130887,42.408327],[-71.130876,42.408315],[-71.130864,42.408301],[-71.130851,42.408284],[-71.130839,42.408267],[-71.130828,42.40825],[-71.130813,42.408225],[-71.130797,42.408198],[-71.130785,42.408176],[-71.130774,42.408151],[-71.130765,42.408131],[-71.130757,42.408108],[-71.13075,42.408083],[-71.130745,42.408065],[-71.130739,42.408039],[-71.130734,42.408007],[-71.130726,42.407944],[-71.130722,42.407915],[-71.130717,42.407886],[-71.130713,42.407861],[-71.130708,42.407838],[-71.130703,42.40782],[-71.130695,42.407791],[-71.130686,42.407764],[-71.130674,42.407733],[-71.130667,42.407714],[-71.130629,42.40772]]}},{"type":"Feature","properties":{"name":"Alewife Brook Parkway","separation_level":"none","street_classification":"medium-capacity","maxspeed_int":null,"lanes_int":3.0},"geometry":{"type":"LineString","coordinates":[[-71.131125,42.408595],[-71.131014,42.40865],[-71.130986,42.408675],[-71.130964,42.408697],[-71.130961,42.4087],[-71.130922,42.408742],[-71.130892,42.408775],[-71.130866,42.408806],[-71.13085,42.408825],[-71.130828,42.408852],[-71.130807,42.408879],[-71.130791,42.408901],[-71.130772,42.408927],[-71.130753,42.408956],[-71.130739,42.408976],[-71.13072,42.409007],[-71.130705,42.409033],[-71.130691,42.409058],[-71.130674,42.409091],[-71.130661,42.409117],[-71.130646,42.409148],[-71.130631,42.409181],[-71.130616,42.409224],[-71.130602,42.409267],[-71.130593,42.409305],[-71.130587,42.409337],[-71.130581,42.409373],[-71.130577,42.409417],[-71.130575,42.409461]]}},{"type":"Feature","properties":{"name":"Alewife Brook Greenway","separation_level":"separate","street_classification":"dedicated_path","maxspeed_int":null,"lanes_int":null},"geometry":{"type":"LineString","coordinates":[[-71.131125,42.408595],[-71.131242,42.408549],[-71.131247,42.408545],[-71.131272,42.408526],[-71.131276,42.408523],[-71.131327,42.408489],[-71.131387,42.408453],[-71.131483,42.408406]]}},{"type":"Feature","properties":{"name":"Alewife Brook Greenway","separation_level":"separate","street_classification":"dedicated_path","maxspeed_int":null,"lanes_int":null},"geometry":{"type":"LineString","coordinates":[[-71.131125,42.408595],[-71.131076,42.408688],[-71.13105,42.408714],[-71.131043,42.408721],[-71.131037,42.408726],[-71.130861,42.408939],[-71.130713,42.409197],[-71.130678,42.409334],[-71.130675,42.409497],[-71.130697,42.409643],[-71.130746,42.409806],[-71.130893,42.410235]]}},{"type":"Feature","properties":{"name":"Alewife Brook Parkway","separation_level":"none","street_classification":"medium-capacity","maxspeed_int":null,"lanes_int":4.0},"geometry":{"type":"LineString","coordinates":[[-71.130575,42.409461],[-71.130574,42.409501],[-71.130574,42.40952],[-71.130574,42.409538],[-71.130576,42.409576],[-71.13058,42.40961],[-71.130585,42.409652],[-71.130591,42.409684],[-71.1306,42.409721],[-71.130609,42.409759],[-71.130637,42.409845],[-71.130735,42.410134],[-71.130785,42.410291],[-71.130849,42.410485],[-71.13089,42.410622],[-71.130905,42.4107]]}},{"type":"Feature","properties":{"name":"Alewife Brook Parkway","separation_level":"separate","street_classification":"medium-capacity","maxspeed_int":30.0,"lanes_int":4.0},"geometry":{"type":"LineString","coordinates":[[-71.132485,42.407801],[-71.132574,42.407743],[-71.132672,42.407678],[-71.13276,42.407618],[-71.132877,42.407534],[-71.132921,42.407503],[-71.132964,42.407469],[-71.132885,42.407421]]}},{"type":"Feature","properties":{"name":"Alewife Brook Parkway","separation_level":"separate","street_classification":"medium-capacity","maxspeed_int":30.0,"lanes_int":4.0},"geometry":{"type":"LineString","coordinates":[[-71.132885,42.407421],[-71.132964,42.407469],[-71.133006,42.407438],[-71.133051,42.407404],[-71.133111,42.407352],[-71.133184,42.407289],[-71.133084,42.407195]]}},{"type":"Feature","properties":{"name":null,"separation_level":"none","street_classification":"residential","maxspeed_int":null,"lanes_int":null},"geometry":{"type":"LineString","coordinates":[[-71.132885,42.407421],[-71.132805,42.407373],[-71.132963,42.407217],[-71.133084,42.407195]]}},{"type":"Feature","properties":{"name":null,"separation_level":"none","street_classification":"residential","maxspeed_int":null,"lanes_int":null},"geometry":{"type":"LineString","coordinates":[[-71.132885,42.407421],[-71.132805,42.407373],[-71.132544,42.407248],[-71.132501,42.40703],[-71.132487,42.406962],[-71.132603,42.406832]]}},{"type":"Feature","properties":{"name":"Spring Street","separation_level":"none","street_classification":"residential","maxspeed_int":25.0,"lanes_int":null},"geometry":{"type":"LineString","coordinates":[[-71.109133,42.385165],[-71.109152,42.385135],[-71.108998,42.384987],[-71.108901,42.384818]]}},{"type":"Feature","properties":{"name":"Spring Street","separation_level":"none","street_classification":"residential","maxspeed_int":20.0,"lanes_int":1.0},"geometry":{"type":"LineString","coordinates":[[-71.108901,42.384818],[-71.109151,42.384433]]}},{"type":"Feature","properties":{"name":"Spring Street","separation_level":"none","street_classification":"residential","maxspeed_int":20.0,"lanes_int":1.0},"geometry":{"type":"LineString","coordinates":[[-71.109151,42.384433],[-71.109316,42.384157]]}},{"type":"Feature","properties":{"name":"Pitman Street","separation_level":"none","street_classification":"residential","maxspeed_int":20.0,"lanes_int":1.0},"geometry":{"type":"LineString","coordinates":[[-71.109151,42.384433],[-71.10921,42.384452],[-71.109472,42.384538],[-71.109805,42.384631],[-71.110065,42.384701],[-71.110597,42.384822],[-71.110636,42.384833]]}},{"type":"Feature","properties":{"name":"Spring Street","separation_level":"none","street_classification":"residential","maxspeed_int":20.0,"lanes_int":1.0},"geometry":{"type":"LineString","coordinates":[[-71.109316,42.384157],[-71.10942,42.383984],[-71.10947,42.3839]]}},{"type":"Feature","properties":{"name":"Belmont Street","separation_level":"none","street_classification":"residential","maxspeed_int":20.0,"lanes_int":1.0},"geometry":{"type":"LineString","coordinates":[[-71.110636,42.384833],[-71.110784,42.384584],[-71.110944,42.384335],[-71.110986,42.384259],[-71.111088,42.384294]]}},{"type":"Feature","properties":{"name":"Lowell Street","separation_level":"shared_lane","street_classification":"medium-capacity","maxspeed_int":20.0,"lanes_int":2.0},"geometry":{"type":"LineString","coordinates":[[-71.103888,42.396117],[-71.104111,42.39579]]}},{"type":"Feature","properties":{"name":"Middlesex Avenue","separation_level":"none","street_classification":"medium-capacity","maxspeed_int":30.0,"lanes_int":2.0},"geometry":{"type":"LineString","coordinates":[[-71.084313,42.396302],[-71.084258,42.396269],[-71.084203,42.396236],[-71.084152,42.396189],[-71.084106,42.396136],[-71.084073,42.396085],[-71.083901,42.395731]]}},{"type":"Feature","properties":{"name":"Fellsway","separation_level":"none","street_classification":"motorway","maxspeed_int":null,"lanes_int":2.0},"geometry":{"type":"LineString","coordinates":[[-71.085366,42.395474],[-71.085625,42.394827]]}},{"type":"Feature","properties":{"name":"Lowell Street","separation_level":"shared_lane","street_classification":"medium-capacity","maxspeed_int":20.0,"lanes_int":2.0},"geometry":{"type":"LineString","coordinates":[[-71.104111,42.39579],[-71.104399,42.395368]]}},{"type":"Feature","properties":{"name":"Fellsway","separation_level":"none","street_classification":"motorway","maxspeed_int":null,"lanes_int":2.0},"geometry":{"type":"LineString","coordinates":[[-71.085779,42.394397],[-71.085784,42.39438],[-71.085793,42.394352],[-71.0858,42.394327],[-71.085808,42.394296],[-71.085829,42.394213],[-71.085836,42.394187],[-71.085845,42.394141],[-71.085855,42.394084]]}},{"type":"Feature","properties":{"name":null,"separation_level":"none","street_classification":"motorway","maxspeed_int":null,"lanes_int":1.0},"geometry":{"type":"LineString","coordinates":[[-71.085779,42.394397],[-71.085799,42.394372],[-71.085841,42.394337],[-71.085859,42.394322],[-71.085886,42.394304],[-71.085914,42.394288],[-71.085937,42.394279],[-71.085947,42.394275],[-71.085965,42.39427],[-71.085984,42.394267],[-71.086012,42.394263],[-71.086042,42.394261],[-71.08618,42.394254]]}},{"type":"Feature","properties":{"name":"Ten Hills Road","separation_level":"none","street_classification":"residential","maxspeed_int":20.0,"lanes_int":2.0},"geometry":{"type":"LineString","coordinates":[[-71.085374,42.396364],[-71.085361,42.396411],[-71.085349,42.396462],[-71.085259,42.396947],[-71.085257,42.396993],[-71.085261,42.39704],[-71.08528,42.397087],[-71.085307,42.397129],[-71.085342,42.397168],[-71.085386,42.397206],[-71.086058,42.397706],[-71.086072,42.397717],[-71.086111,42.397746]]}},{"type":"Feature","properties":{"name":"Putnam Road","separation_level":"none","street_classification":"residential","maxspeed_int":20.0,"lanes_int":2.0},"geometry":{"type":"LineString","coordinates":[[-71.085374,42.396364],[-71.085415,42.396377],[-71.085448,42.396392],[-71.085456,42.396397],[-71.085477,42.39641],[-71.08661,42.397258],[-71.086622,42.397267],[-71.086652,42.39729],[-71.086693,42.39732]]}},{"type":"Feature","properties":{"name":"McGrath Highway","separation_level":"none","street_classification":"motorway","maxspeed_int":null,"lanes_int":2.0},"geometry":{"type":"LineString","coordinates":[[-71.085855,42.394084],[-71.085859,42.394061],[-71.085862,42.394036],[-71.085864,42.394012],[-71.085866,42.393978],[-71.085868,42.393924],[-71.085881,42.393392],[-71.085886,42.393303]]}},{"type":"Feature","properties":{"name":"Mystic Avenue","separation_level":"none","street_classification":"medium-capacity","maxspeed_int":null,"lanes_int":1.0},"geometry":{"type":"LineString","coordinates":[[-71.085855,42.394084],[-71.085914,42.394121],[-71.086002,42.394175],[-71.086086,42.394219],[-71.08618,42.394254]]}},{"type":"Feature","properties":{"name":"Mystic Avenue","separation_level":"none","street_classification":"medium-capacity","maxspeed_int":null,"lanes_int":1.0},"geometry":{"type":"LineString","coordinates":[[-71.08618,42.394254],[-71.086259,42.394279],[-71.086478,42.394346]]}},{"type":"Feature","properties":{"name":"Bolton Street","separation_level":"none","street_classification":"residential","maxspeed_int":20.0,"lanes_int":2.0},"geometry":{"type":"LineString","coordinates":[[-71.097855,42.375459],[-71.098012,42.375221],[-71.098348,42.374759],[-71.098384,42.374709]]}},{"type":"Feature","properties":{"name":null,"separation_level":"none","street_classification":"residential","maxspeed_int":null,"lanes_int":null},"geometry":{"type":"LineString","coordinates":[[-71.132887,42.406035],[-71.132842,42.406386],[-71.132825,42.40646],[-71.132806,42.40654],[-71.13281,42.406595]]}},{"type":"Feature","properties":{"name":null,"separation_level":"none","street_classification":"residential","maxspeed_int":null,"lanes_int":null},"geometry":{"type":"LineString","coordinates":[[-71.132887,42.406035],[-71.133004,42.406014],[-71.133031,42.40599],[-71.13313,42.405902],[-71.13308,42.405875]]}},{"type":"Feature","properties":{"name":"Broadway","separation_level":"none","street_classification":"medium-capacity","maxspeed_int":null,"lanes_int":2.0},"geometry":{"type":"LineString","coordinates":[[-71.13281,42.406595],[-71.13261,42.406447],[-71.132205,42.406244],[-71.132088,42.406188]]}},{"type":"Feature","properties":{"name":"Clarendon Hill Busway","separation_level":"none","street_classification":"motorway","maxspeed_int":null,"lanes_int":null},"geometry":{"type":"LineString","coordinates":[[-71.13281,42.406595],[-71.13261,42.406447],[-71.132658,42.406376],[-71.132681,42.406343],[-71.132697,42.406271],[-71.132677,42.406186],[-71.132624,42.406116],[-71.132538,42.406059],[-71.132438,42.406027],[-71.132355,42.406029],[-71.13225,42.406068],[-71.132162,42.406134],[-71.132088,42.406188]]}},{"type":"Feature","properties":{"name":"Broadway","separation_level":"none","street_classification":"medium-capacity","maxspeed_int":null,"lanes_int":2.0},"geometry":{"type":"LineString","coordinates":[[-71.13281,42.406595],[-71.132973,42.406625],[-71.133444,42.406856],[-71.133477,42.406871],[-71.133518,42.406891],[-71.13356,42.40691],[-71.133605,42.40693]]}},{"type":"Feature","properties":{"name":null,"separation_level":"none","street_classification":"residential","maxspeed_int":null,"lanes_int":null},"geometry":{"type":"LineString","coordinates":[[-71.13281,42.406595],[-71.132855,42.406769],[-71.132718,42.406702],[-71.132603,42.406832]]}},{"type":"Feature","properties":{"name":null,"separation_level":"none","street_classification":"residential","maxspeed_int":null,"lanes_int":null},"geometry":{"type":"LineString","coordinates":[[-71.13281,42.406595],[-71.132855,42.406769],[-71.133228,42.406954],[-71.133103,42.407078],[-71.133084,42.407195]]}},{"type":"Feature","properties":{"name":null,"separation_level":"none","street_classification":"residential","maxspeed_int":null,"lanes_int":null},"geometry":{"type":"LineString","coordinates":[[-71.13308,42.405875],[-71.13313,42.405902],[-71.133497,42.406106],[-71.133512,42.406114],[-71.133606,42.406107],[-71.133838,42.405892],[-71.133858,42.405847],[-71.133846,42.40579],[-71.133795,42.405721],[-71.133596,42.405591],[-71.133409,42.405469]]}},{"type":"Feature","properties":{"name":null,"separation_level":"none","street_classification":"residential","maxspeed_int":null,"lanes_int":null},"geometry":{"type":"LineString","coordinates":[[-71.13308,42.405875],[-71.133031,42.405848],[-71.133152,42.405726],[-71.133409,42.405469]]}},{"type":"Feature","properties":{"name":null,"separation_level":"none","street_classification":"residential","maxspeed_int":null,"lanes_int":null},"geometry":{"type":"LineString","coordinates":[[-71.13308,42.405875],[-71.133031,42.405848],[-71.132955,42.405924],[-71.132917,42.405963],[-71.132887,42.406035]]}},{"type":"Feature","properties":{"name":null,"separation_level":"none","street_classification":"residential","maxspeed_int":null,"lanes_int":null},"geometry":{"type":"LineString","coordinates":[[-71.132088,42.406188],[-71.13203,42.406251],[-71.131868,42.406438]]}},{"type":"Feature","properties":{"name":"Broadway","separation_level":"none","street_classification":"medium-capacity","maxspeed_int":25.0,"lanes_int":2.0},"geometry":{"type":"LineString","coordinates":[[-71.132088,42.406188],[-71.131963,42.406125],[-71.13164,42.405962]]}},{"type":"Feature","properties":{"name":"Alewife Brook Parkway","separation_level":"separate","street_classification":"medium-capacity","maxspeed_int":30.0,"lanes_int":4.0},"geometry":{"type":"LineString","coordinates":[[-71.133605,42.40693],[-71.13356,42.40691],[-71.133619,42.406839],[-71.13364,42.406814],[-71.133832,42.406585],[-71.13387,42.406538],[-71.133908,42.40649],[-71.133944,42.406443],[-71.133977,42.406395],[-71.134011,42.406347],[-71.134042,42.406299],[-71.134071,42.406251],[-71.134099,42.4062],[-71.134127,42.406148],[-71.134153,42.406096],[-71.134176,42.406048],[-71.134197,42.406],[-71.13422,42.405944],[-71.13424,42.405889],[-71.134257,42.405836],[-71.134273,42.405783],[-71.134288,42.40573],[-71.1343,42.405676],[-71.134312,42.405621],[-71.134321,42.405566],[-71.134328,42.405514],[-71.134334,42.405462],[-71.134338,42.405407],[-71.13434,42.405352],[-71.134341,42.405296],[-71.13434,42.405241],[-71.134334,42.405048],[-71.134312,42.404462],[-71.134311,42.40439],[-71.13436,42.40439]]}},{"type":"Feature","properties":{"name":"Alewife Brook Parkway","separation_level":"separate","street_classification":"medium-capacity","maxspeed_int":30.0,"lanes_int":4.0},"geometry":{"type":"LineString","coordinates":[[-71.133605,42.40693],[-71.13356,42.40691],[-71.133494,42.406983],[-71.133475,42.407005],[-71.133415,42.407069],[-71.133381,42.407103],[-71.133347,42.407137],[-71.133305,42.407178],[-71.133262,42.407218],[-71.133184,42.407289],[-71.133084,42.407195]]}},{"type":"Feature","properties":{"name":"Alewife Brook Greenway","separation_level":"separate","street_classification":"dedicated_path","maxspeed_int":null,"lanes_int":null},"geometry":{"type":"LineString","coordinates":[[-71.133605,42.40693],[-71.133651,42.406949],[-71.133702,42.406878],[-71.133889,42.406673],[-71.134006,42.40654],[-71.134052,42.406484],[-71.134116,42.406393],[-71.134154,42.406336],[-71.134194,42.406268],[-71.13426,42.406144],[-71.134287,42.406086],[-71.134314,42.40602],[-71.134363,42.405883],[-71.134394,42.405774]]}},{"type":"Feature","properties":{"name":"Alewife Brook Greenway","separation_level":"separate","street_classification":"dedicated_path","maxspeed_int":null,"lanes_int":null},"geometry":{"type":"LineString","coordinates":[[-71.133605,42.40693],[-71.133651,42.406949],[-71.133603,42.407018],[-71.133592,42.40702],[-71.133583,42.407028],[-71.133477,42.407132],[-71.13338,42.407236],[-71.13334,42.407275],[-71.133294,42.407316],[-71.133139,42.407448],[-71.132931,42.407616]]}},{"type":"Feature","properties":{"name":null,"separation_level":"none","street_classification":"residential","maxspeed_int":null,"lanes_int":null},"geometry":{"type":"LineString","coordinates":[[-71.132603,42.406832],[-71.133103,42.407078],[-71.133084,42.407195]]}},{"type":"Feature","properties":{"name":null,"separation_level":"none","street_classification":"residential","maxspeed_int":null,"lanes_int":null},"geometry":{"type":"LineString","coordinates":[[-71.133409,42.405469],[-71.133357,42.405437],[-71.133271,42.405386],[-71.133204,42.405345],[-71.133267,42.405282]]}},{"type":"Feature","properties":{"name":"College Avenue","separation_level":"lane","street_classification":"medium-capacity","maxspeed_int":null,"lanes_int":2.0},"geometry":{"type":"LineString","coordinates":[[-71.116966,42.400912],[-71.117125,42.400696],[-71.117238,42.400604],[-71.117433,42.400457],[-71.117542,42.400375],[-71.117693,42.400266],[-71.117996,42.400048]]}},{"type":"Feature","properties":{"name":"Broadway","separation_level":"track","street_classification":"medium-capacity","maxspeed_int":25.0,"lanes_int":1.0},"geometry":{"type":"LineString","coordinates":[[-71.116966,42.400912],[-71.117108,42.401024],[-71.117137,42.40098],[-71.117165,42.400957],[-71.117212,42.400927],[-71.11724,42.400915],[-71.117315,42.400898],[-71.117429,42.400862]]}},{"type":"Feature","properties":{"name":"Broadway","separation_level":"track","street_classification":"medium-capacity","maxspeed_int":25.0,"lanes_int":1.0},"geometry":{"type":"LineString","coordinates":[[-71.116966,42.400912],[-71.116634,42.400984],[-71.116388,42.401017],[-71.116347,42.401022],[-71.11614,42.401033],[-71.116008,42.40105]]}},{"type":"Feature","properties":{"name":null,"separation_level":"track","street_classification":"medium-capacity","maxspeed_int":null,"lanes_int":1.0},"geometry":{"type":"LineString","coordinates":[[-71.116966,42.400912],[-71.116634,42.400984],[-71.116517,42.401049],[-71.116458,42.401102],[-71.116437,42.401122],[-71.116459,42.401214]]}},{"type":"Feature","properties":{"name":"Powder House Boulevard","separation_level":"track","street_classification":"medium-capacity","maxspeed_int":null,"lanes_int":1.0},"geometry":{"type":"LineString","coordinates":[[-71.117332,42.401324],[-71.117298,42.401265],[-71.117245,42.401217],[-71.117217,42.401193],[-71.117173,42.40115],[-71.117147,42.401112],[-71.117109,42.401055],[-71.116966,42.400912]]}},{"type":"Feature","properties":{"name":"Powder House Boulevard","separation_level":"ep","street_classification":"medium-capacity","maxspeed_int":null,"lanes_int":2.0},"geometry":{"type":"LineString","coordinates":[[-71.117332,42.401324],[-71.117534,42.401467],[-71.117568,42.40149],[-71.117717,42.401593],[-71.117931,42.401712],[-71.118343,42.40188],[-71.118688,42.401969],[-71.118749,42.401985],[-71.119249,42.402109],[-71.119687,42.402272],[-71.120083,42.402453]]}},{"type":"Feature","properties":{"name":"Myrtle Street","separation_level":"none","street_classification":"residential","maxspeed_int":20.0,"lanes_int":1.0},"geometry":{"type":"LineString","coordinates":[[-71.083949,42.382364],[-71.083968,42.382823]]}},{"type":"Feature","properties":{"name":null,"separation_level":"none","street_classification":"residential","maxspeed_int":null,"lanes_int":null},"geometry":{"type":"LineString","coordinates":[[-71.133566,42.405006],[-71.13364,42.404938],[-71.133802,42.404791]]}},{"type":"Feature","properties":{"name":null,"separation_level":"none","street_classification":"residential","maxspeed_int":null,"lanes_int":null},"geometry":{"type":"LineString","coordinates":[[-71.133566,42.405006],[-71.133491,42.405074],[-71.13333,42.40522],[-71.133267,42.405282]]}},{"type":"Feature","properties":{"name":null,"separation_level":"none","street_classification":"residential","maxspeed_int":null,"lanes_int":null},"geometry":{"type":"LineString","coordinates":[[-71.126115,42.40648],[-71.126151,42.406427],[-71.126126,42.406407],[-71.126103,42.406391],[-71.1261,42.406366],[-71.126157,42.406278],[-71.126167,42.406276],[-71.1262,42.40628],[-71.12631,42.406325],[-71.126317,42.406337],[-71.126317,42.406356],[-71.126267,42.406435],[-71.126242,42.406442],[-71.126198,42.406439],[-71.126151,42.406427]]}},{"type":"Feature","properties":{"name":null,"separation_level":"none","street_classification":"residential","maxspeed_int":null,"lanes_int":null},"geometry":{"type":"LineString","coordinates":[[-71.126115,42.40648],[-71.126151,42.406427],[-71.126198,42.406439],[-71.126242,42.406442],[-71.126267,42.406435],[-71.126317,42.406356],[-71.126317,42.406337],[-71.12631,42.406325],[-71.1262,42.40628],[-71.126167,42.406276],[-71.126157,42.406278],[-71.1261,42.406366],[-71.126103,42.406391],[-71.126126,42.406407],[-71.126151,42.406427]]}},{"type":"Feature","properties":{"name":"Russell Road","separation_level":"none","street_classification":"residential","maxspeed_int":20.0,"lanes_int":2.0},"geometry":{"type":"LineString","coordinates":[[-71.128829,42.405856],[-71.128656,42.406105]]}},{"type":"Feature","properties":{"name":"Russell Road","separation_level":"none","street_classification":"residential","maxspeed_int":20.0,"lanes_int":1.0},"geometry":{"type":"LineString","coordinates":[[-71.128829,42.405856],[-71.129556,42.404773],[-71.12961,42.404692],[-71.129658,42.404726]]}},{"type":"Feature","properties":{"name":"Professors Row","separation_level":"none","street_classification":"residential","maxspeed_int":20.0,"lanes_int":2.0},"geometry":{"type":"LineString","coordinates":[[-71.121908,42.406741],[-71.122011,42.40678],[-71.122682,42.407035]]}},{"type":"Feature","properties":{"name":"Professors Row","separation_level":"none","street_classification":"residential","maxspeed_int":20.0,"lanes_int":2.0},"geometry":{"type":"LineString","coordinates":[[-71.121908,42.406741],[-71.12186,42.406722],[-71.120882,42.406352],[-71.120324,42.406141]]}},{"type":"Feature","properties":{"name":"Packard Avenue","separation_level":"none","street_classification":"residential","maxspeed_int":20.0,"lanes_int":2.0},"geometry":{"type":"LineString","coordinates":[[-71.121908,42.406741],[-71.121875,42.406794],[-71.121759,42.406969],[-71.121673,42.406948]]}},{"type":"Feature","properties":{"name":"Professors Row","separation_level":"none","street_classification":"residential","maxspeed_int":20.0,"lanes_int":2.0},"geometry":{"type":"LineString","coordinates":[[-71.122682,42.407035],[-71.123074,42.407184],[-71.123744,42.40744]]}},{"type":"Feature","properties":{"name":null,"separation_level":"none","street_classification":"residential","maxspeed_int":null,"lanes_int":null},"geometry":{"type":"LineString","coordinates":[[-71.122682,42.407035],[-71.122719,42.406978],[-71.122864,42.406757]]}},{"type":"Feature","properties":{"name":"Latin Way","separation_level":"none","street_classification":"residential","maxspeed_int":20.0,"lanes_int":2.0},"geometry":{"type":"LineString","coordinates":[[-71.120324,42.406141],[-71.120359,42.406088],[-71.120548,42.405815]]}},{"type":"Feature","properties":{"name":"Professors Row","separation_level":"none","street_classification":"residential","maxspeed_int":20.0,"lanes_int":2.0},"geometry":{"type":"LineString","coordinates":[[-71.120324,42.406141],[-71.120243,42.406118],[-71.119637,42.405881],[-71.119576,42.405856],[-71.119178,42.405719],[-71.118877,42.40562],[-71.118577,42.405575],[-71.118342,42.405555],[-71.118282,42.405554],[-71.118263,42.405555],[-71.118131,42.405561],[-71.117544,42.40563],[-71.117445,42.405641]]}},{"type":"Feature","properties":{"name":"Edgar Avenue","separation_level":"none","street_classification":"residential","maxspeed_int":20.0,"lanes_int":2.0},"geometry":{"type":"LineString","coordinates":[[-71.096762,42.396378],[-71.096548,42.3966],[-71.096508,42.39664]]}},{"type":"Feature","properties":{"name":"Edgar Avenue","separation_level":"none","street_classification":"residential","maxspeed_int":20.0,"lanes_int":2.0},"geometry":{"type":"LineString","coordinates":[[-71.096762,42.396378],[-71.096906,42.396223],[-71.097084,42.396037],[-71.097128,42.395992]]}},{"type":"Feature","properties":{"name":"Edgar Terrace","separation_level":"none","street_classification":"residential","maxspeed_int":25.0,"lanes_int":2.0},"geometry":{"type":"LineString","coordinates":[[-71.096508,42.39664],[-71.096548,42.3966],[-71.096627,42.396641],[-71.097004,42.396839],[-71.09703,42.396853]]}},{"type":"Feature","properties":{"name":"Edgar Avenue","separation_level":"none","street_classification":"residential","maxspeed_int":20.0,"lanes_int":2.0},"geometry":{"type":"LineString","coordinates":[[-71.096508,42.39664],[-71.096469,42.396681],[-71.096147,42.397032]]}},{"type":"Feature","properties":{"name":"Heath Street","separation_level":"none","street_classification":"residential","maxspeed_int":20.0,"lanes_int":2.0},"geometry":{"type":"LineString","coordinates":[[-71.097128,42.395992],[-71.097068,42.395957],[-71.096493,42.395621],[-71.095977,42.395332],[-71.095927,42.395304]]}},{"type":"Feature","properties":{"name":"Heath Street","separation_level":"none","street_classification":"residential","maxspeed_int":20.0,"lanes_int":2.0},"geometry":{"type":"LineString","coordinates":[[-71.097128,42.395992],[-71.097188,42.396028],[-71.098175,42.39664],[-71.098211,42.396662]]}},{"type":"Feature","properties":{"name":"Edgar Avenue","separation_level":"none","street_classification":"residential","maxspeed_int":20.0,"lanes_int":2.0},"geometry":{"type":"LineString","coordinates":[[-71.097128,42.395992],[-71.097156,42.395962],[-71.097487,42.395614]]}},{"type":"Feature","properties":{"name":null,"separation_level":"none","street_classification":"residential","maxspeed_int":null,"lanes_int":null},"geometry":{"type":"LineString","coordinates":[[-71.090286,42.378234],[-71.090272,42.378171],[-71.090199,42.378177],[-71.089965,42.378198]]}},{"type":"Feature","properties":{"name":"Mansfield Street","separation_level":"none","street_classification":"residential","maxspeed_int":20.0,"lanes_int":1.0},"geometry":{"type":"LineString","coordinates":[[-71.090286,42.378234],[-71.0903,42.378298],[-71.090364,42.378586]]}},{"type":"Feature","properties":{"name":null,"separation_level":"none","street_classification":"residential","maxspeed_int":null,"lanes_int":null},"geometry":{"type":"LineString","coordinates":[[-71.090286,42.378234],[-71.0903,42.378298],[-71.09023,42.378306],[-71.089929,42.378343]]}},{"type":"Feature","properties":{"name":null,"separation_level":"none","street_classification":"residential","maxspeed_int":null,"lanes_int":null},"geometry":{"type":"LineString","coordinates":[[-71.090888,42.377429],[-71.091053,42.37716],[-71.091204,42.376972]]}},{"type":"Feature","properties":{"name":null,"separation_level":"none","street_classification":"residential","maxspeed_int":null,"lanes_int":null},"geometry":{"type":"LineString","coordinates":[[-71.089992,42.377954],[-71.089965,42.378198]]}},{"type":"Feature","properties":{"name":null,"separation_level":"none","street_classification":"residential","maxspeed_int":null,"lanes_int":null},"geometry":{"type":"LineString","coordinates":[[-71.089992,42.377954],[-71.089927,42.3779],[-71.089911,42.377819],[-71.089894,42.377772],[-71.089859,42.377749],[-71.089823,42.377748],[-71.089767,42.377776],[-71.089674,42.377928],[-71.08965,42.377964],[-71.089592,42.378034],[-71.089556,42.378078],[-71.089483,42.378052]]}},{"type":"Feature","properties":{"name":"Dearborn Road","separation_level":"none","street_classification":"residential","maxspeed_int":20.0,"lanes_int":2.0},"geometry":{"type":"LineString","coordinates":[[-71.115861,42.405123],[-71.116039,42.405075],[-71.116447,42.405043],[-71.116592,42.405048]]}},{"type":"Feature","properties":{"name":"Pearson Road","separation_level":"none","street_classification":"residential","maxspeed_int":20.0,"lanes_int":1.0},"geometry":{"type":"LineString","coordinates":[[-71.115861,42.405123],[-71.115849,42.405047],[-71.115661,42.403872],[-71.115557,42.403225],[-71.115476,42.402719],[-71.115431,42.402573],[-71.115124,42.402134],[-71.115082,42.402071]]}},{"type":"Feature","properties":{"name":"Pearson Road","separation_level":"none","street_classification":"residential","maxspeed_int":20.0,"lanes_int":1.0},"geometry":{"type":"LineString","coordinates":[[-71.115082,42.402071],[-71.115036,42.402011],[-71.114099,42.40073],[-71.114115,42.400653],[-71.114183,42.400585],[-71.114258,42.40061]]}},{"type":"Feature","properties":{"name":"Warner Street","separation_level":"none","street_classification":"medium-capacity","maxspeed_int":null,"lanes_int":2.0},"geometry":{"type":"LineString","coordinates":[[-71.115082,42.402071],[-71.115104,42.402058],[-71.115146,42.40203],[-71.115566,42.401767],[-71.116027,42.401473],[-71.116082,42.401434]]}},{"type":"Feature","properties":{"name":"Broadway","separation_level":"lane","street_classification":"medium-capacity","maxspeed_int":25.0,"lanes_int":2.0},"geometry":{"type":"LineString","coordinates":[[-71.114258,42.40061],[-71.114183,42.400585],[-71.113585,42.400384]]}},{"type":"Feature","properties":{"name":"Broadway","separation_level":"lane","street_classification":"medium-capacity","maxspeed_int":25.0,"lanes_int":2.0},"geometry":{"type":"LineString","coordinates":[[-71.114258,42.40061],[-71.114333,42.400635],[-71.115073,42.400885]]}},{"type":"Feature","properties":{"name":"Bay State Avenue","separation_level":"none","street_classification":"residential","maxspeed_int":20.0,"lanes_int":1.0},"geometry":{"type":"LineString","coordinates":[[-71.114258,42.40061],[-71.114333,42.400635],[-71.114382,42.400563],[-71.114973,42.399693],[-71.114992,42.399665],[-71.115027,42.399613]]}},{"type":"Feature","properties":{"name":"Bromfield Road","separation_level":"none","street_classification":"residential","maxspeed_int":20.0,"lanes_int":1.0},"geometry":{"type":"LineString","coordinates":[[-71.116082,42.401434],[-71.116027,42.401473],[-71.116042,42.401566],[-71.116396,42.403874],[-71.116583,42.404997],[-71.116592,42.405048]]}},{"type":"Feature","properties":{"name":"Warner Street","separation_level":"track","street_classification":"medium-capacity","maxspeed_int":null,"lanes_int":1.0},"geometry":{"type":"LineString","coordinates":[[-71.116082,42.401434],[-71.116137,42.401396],[-71.11622,42.401364],[-71.116291,42.401311],[-71.116324,42.401293],[-71.116365,42.401281],[-71.116409,42.401272],[-71.116463,42.401269],[-71.116506,42.401278],[-71.116459,42.401214]]}},{"type":"Feature","properties":{"name":null,"separation_level":"none","street_classification":"residential","maxspeed_int":null,"lanes_int":null},"geometry":{"type":"LineString","coordinates":[[-71.129227,42.403232],[-71.129361,42.403257],[-71.129572,42.403346],[-71.129716,42.403219],[-71.129727,42.403174],[-71.129624,42.403093],[-71.129312,42.402899],[-71.129019,42.402687],[-71.128826,42.402542],[-71.128779,42.402506]]}},{"type":"Feature","properties":{"name":"Broadway","separation_level":"none","street_classification":"medium-capacity","maxspeed_int":25.0,"lanes_int":2.0},"geometry":{"type":"LineString","coordinates":[[-71.13164,42.405962],[-71.131433,42.405865],[-71.131403,42.405852],[-71.131332,42.405819]]}},{"type":"Feature","properties":{"name":"North Street","separation_level":"none","street_classification":"medium-capacity","maxspeed_int":null,"lanes_int":2.0},"geometry":{"type":"LineString","coordinates":[[-71.131332,42.405819],[-71.131285,42.405887],[-71.131238,42.405958],[-71.131047,42.406247]]}},{"type":"Feature","properties":{"name":null,"separation_level":"none","street_classification":"residential","maxspeed_int":null,"lanes_int":null},"geometry":{"type":"LineString","coordinates":[[-71.131868,42.406438],[-71.131881,42.406461],[-71.131879,42.406485],[-71.131879,42.406496],[-71.131863,42.406515],[-71.131823,42.406534],[-71.131806,42.406532],[-71.131786,42.406527],[-71.131766,42.406501],[-71.131764,42.406474],[-71.131775,42.406452],[-71.131818,42.406442],[-71.131868,42.406438]]}},{"type":"Feature","properties":{"name":null,"separation_level":"none","street_classification":"residential","maxspeed_int":null,"lanes_int":null},"geometry":{"type":"LineString","coordinates":[[-71.131868,42.406438],[-71.131818,42.406442],[-71.131775,42.406452],[-71.131764,42.406474],[-71.131766,42.406501],[-71.131786,42.406527],[-71.131806,42.406532],[-71.131823,42.406534],[-71.131863,42.406515],[-71.131879,42.406496],[-71.131879,42.406485],[-71.131881,42.406461],[-71.131868,42.406438]]}},{"type":"Feature","properties":{"name":"Burnham Street","separation_level":"none","street_classification":"residential","maxspeed_int":20.0,"lanes_int":2.0},"geometry":{"type":"LineString","coordinates":[[-71.120681,42.402855],[-71.120737,42.402775],[-71.121689,42.401417],[-71.121745,42.40134]]}},{"type":"Feature","properties":{"name":"Powder House Boulevard","separation_level":"lane","street_classification":"medium-capacity","maxspeed_int":null,"lanes_int":2.0},"geometry":{"type":"LineString","coordinates":[[-71.120681,42.402855],[-71.120566,42.402772],[-71.120332,42.402604],[-71.120175,42.402508],[-71.120083,42.402453]]}},{"type":"Feature","properties":{"name":"Broadway","separation_level":"lane","street_classification":"medium-capacity","maxspeed_int":25.0,"lanes_int":2.0},"geometry":{"type":"LineString","coordinates":[[-71.123712,42.401848],[-71.12293,42.401642]]}},{"type":"Feature","properties":{"name":"Broadway","separation_level":"lane","street_classification":"medium-capacity","maxspeed_int":25.0,"lanes_int":2.0},"geometry":{"type":"LineString","coordinates":[[-71.12293,42.401642],[-71.122647,42.401566]]}},{"type":"Feature","properties":{"name":"Corinthian Road","separation_level":"none","street_classification":"residential","maxspeed_int":20.0,"lanes_int":2.0},"geometry":{"type":"LineString","coordinates":[[-71.12293,42.401642],[-71.122994,42.401591],[-71.124132,42.400263],[-71.124168,42.400223]]}},{"type":"Feature","properties":{"name":"Mason Street","separation_level":"none","street_classification":"residential","maxspeed_int":20.0,"lanes_int":2.0},"geometry":{"type":"LineString","coordinates":[[-71.122647,42.401566],[-71.122581,42.401648],[-71.122347,42.401996],[-71.122321,42.402036]]}},{"type":"Feature","properties":{"name":"Broadway","separation_level":"lane","street_classification":"medium-capacity","maxspeed_int":25.0,"lanes_int":2.0},"geometry":{"type":"LineString","coordinates":[[-71.122647,42.401566],[-71.122333,42.401484],[-71.122239,42.401459]]}},{"type":"Feature","properties":{"name":"Cady Avenue","separation_level":"none","street_classification":"residential","maxspeed_int":20.0,"lanes_int":2.0},"geometry":{"type":"LineString","coordinates":[[-71.124168,42.400223],[-71.123738,42.399986],[-71.123677,42.399955]]}},{"type":"Feature","properties":{"name":"Whitman Street","separation_level":"none","street_classification":"residential","maxspeed_int":20.0,"lanes_int":1.0},"geometry":{"type":"LineString","coordinates":[[-71.124568,42.402842],[-71.1245,42.402814],[-71.123259,42.402306],[-71.122373,42.402051],[-71.122321,42.402036]]}},{"type":"Feature","properties":{"name":"Curtis Street","separation_level":"none","street_classification":"medium-capacity","maxspeed_int":null,"lanes_int":2.0},"geometry":{"type":"LineString","coordinates":[[-71.124179,42.407977],[-71.123963,42.408301],[-71.123913,42.408356],[-71.123879,42.408409]]}},{"type":"Feature","properties":{"name":"Chetwynd Road","separation_level":"none","street_classification":"residential","maxspeed_int":20.0,"lanes_int":1.0},"geometry":{"type":"LineString","coordinates":[[-71.124179,42.407977],[-71.12427,42.408009],[-71.126413,42.408729],[-71.126508,42.40876]]}},{"type":"Feature","properties":{"name":"Chetwynd Road","separation_level":"none","street_classification":"residential","maxspeed_int":20.0,"lanes_int":2.0},"geometry":{"type":"LineString","coordinates":[[-71.126508,42.40876],[-71.126566,42.408782],[-71.127206,42.409032],[-71.127287,42.409055]]}},{"type":"Feature","properties":{"name":"Hillsdale Road","separation_level":"none","street_classification":"residential","maxspeed_int":20.0,"lanes_int":2.0},"geometry":{"type":"LineString","coordinates":[[-71.126508,42.40876],[-71.126477,42.408807],[-71.126188,42.409243]]}},{"type":"Feature","properties":{"name":"Curtis Street","separation_level":"none","street_classification":"medium-capacity","maxspeed_int":null,"lanes_int":2.0},"geometry":{"type":"LineString","coordinates":[[-71.123879,42.408409],[-71.123845,42.408462],[-71.123633,42.408769],[-71.123537,42.408931]]}},{"type":"Feature","properties":{"name":"Sunset Road","separation_level":"none","street_classification":"residential","maxspeed_int":20.0,"lanes_int":2.0},"geometry":{"type":"LineString","coordinates":[[-71.123879,42.408409],[-71.123845,42.408462],[-71.123907,42.408482],[-71.126091,42.409215],[-71.126188,42.409243]]}},{"type":"Feature","properties":{"name":"Upland Road","separation_level":"none","street_classification":"residential","maxspeed_int":20.0,"lanes_int":2.0},"geometry":{"type":"LineString","coordinates":[[-71.123537,42.408931],[-71.123587,42.408951],[-71.125774,42.409703],[-71.125854,42.409726]]}},{"type":"Feature","properties":{"name":"Hillsdale Road","separation_level":"none","street_classification":"residential","maxspeed_int":20.0,"lanes_int":2.0},"geometry":{"type":"LineString","coordinates":[[-71.126188,42.409243],[-71.125854,42.409726]]}},{"type":"Feature","properties":{"name":"West Adams Street","separation_level":"none","street_classification":"residential","maxspeed_int":20.0,"lanes_int":2.0},"geometry":{"type":"LineString","coordinates":[[-71.127287,42.409055],[-71.127164,42.409243]]}},{"type":"Feature","properties":{"name":"Craigie Street","separation_level":"none","street_classification":"residential","maxspeed_int":20.0,"lanes_int":2.0},"geometry":{"type":"LineString","coordinates":[[-71.111035,42.387855],[-71.111287,42.387497],[-71.1113,42.387479]]}},{"type":"Feature","properties":{"name":"Hudson Street","separation_level":"none","street_classification":"residential","maxspeed_int":20.0,"lanes_int":1.0},"geometry":{"type":"LineString","coordinates":[[-71.10377,42.389562],[-71.102931,42.389283],[-71.102901,42.389273],[-71.102836,42.389251]]}},{"type":"Feature","properties":{"name":"Hudson Street","separation_level":"none","street_classification":"residential","maxspeed_int":20.0,"lanes_int":1.0},"geometry":{"type":"LineString","coordinates":[[-71.104708,42.389875],[-71.10377,42.389562]]}},{"type":"Feature","properties":{"name":"Central Street","separation_level":"separate","street_classification":"medium-capacity","maxspeed_int":25.0,"lanes_int":1.0},"geometry":{"type":"LineString","coordinates":[[-71.103838,42.387841],[-71.103815,42.387879],[-71.10369,42.388058],[-71.103677,42.388125]]}},{"type":"Feature","properties":{"name":"Central Street","separation_level":"separate","street_classification":"dedicated_path","maxspeed_int":null,"lanes_int":null},"geometry":{"type":"LineString","coordinates":[[-71.103838,42.387841],[-71.10383,42.387794],[-71.103736,42.387931],[-71.103554,42.388182],[-71.103677,42.388125]]}},{"type":"Feature","properties":{"name":"Central Street","separation_level":"separate","street_classification":"dedicated_path","maxspeed_int":null,"lanes_int":null},"geometry":{"type":"LineString","coordinates":[[-71.103838,42.387841],[-71.103843,42.387888],[-71.104016,42.387642],[-71.104209,42.387366],[-71.104197,42.387362]]}},{"type":"Feature","properties":{"name":"Central Road","separation_level":"none","street_classification":"residential","maxspeed_int":25.0,"lanes_int":1.0},"geometry":{"type":"LineString","coordinates":[[-71.102124,42.389097],[-71.101501,42.388887],[-71.101305,42.388822],[-71.101249,42.388802],[-71.101272,42.388771]]}},{"type":"Feature","properties":{"name":null,"separation_level":"none","street_classification":"residential","maxspeed_int":null,"lanes_int":null},"geometry":{"type":"LineString","coordinates":[[-71.106219,42.389016],[-71.106301,42.389022],[-71.106331,42.388928],[-71.106398,42.388772],[-71.106453,42.388702],[-71.106353,42.38867]]}},{"type":"Feature","properties":{"name":null,"separation_level":"none","street_classification":"residential","maxspeed_int":null,"lanes_int":null},"geometry":{"type":"LineString","coordinates":[[-71.106219,42.389016],[-71.106314,42.389046],[-71.106443,42.389009],[-71.106563,42.388961],[-71.106619,42.388891],[-71.106615,42.38879],[-71.106505,42.38872],[-71.106453,42.388702],[-71.106353,42.38867]]}},{"type":"Feature","properties":{"name":null,"separation_level":"none","street_classification":"residential","maxspeed_int":null,"lanes_int":null},"geometry":{"type":"LineString","coordinates":[[-71.106219,42.389016],[-71.106112,42.388995],[-71.10617,42.388795],[-71.106253,42.388637],[-71.106353,42.38867]]}},{"type":"Feature","properties":{"name":"Cross Street","separation_level":"shared_lane","street_classification":"medium-capacity","maxspeed_int":20.0,"lanes_int":2.0},"geometry":{"type":"LineString","coordinates":[[-71.086332,42.388077],[-71.086646,42.387593],[-71.086683,42.387535]]}},{"type":"Feature","properties":{"name":"Broadway","separation_level":"lane_buffered","street_classification":"medium-capacity","maxspeed_int":25.0,"lanes_int":1.0},"geometry":{"type":"LineString","coordinates":[[-71.085074,42.388222],[-71.084763,42.388088],[-71.084721,42.388124]]}},{"type":"Feature","properties":{"name":"MacArthur Street","separation_level":"none","street_classification":"residential","maxspeed_int":20.0,"lanes_int":2.0},"geometry":{"type":"LineString","coordinates":[[-71.087805,42.38944],[-71.087859,42.389377],[-71.088743,42.388345],[-71.088771,42.388305]]}},{"type":"Feature","properties":{"name":"Broadway","separation_level":"shared_lane","street_classification":"medium-capacity","maxspeed_int":25.0,"lanes_int":2.0},"geometry":{"type":"LineString","coordinates":[[-71.087805,42.38944],[-71.087383,42.389262],[-71.087327,42.389237]]}},{"type":"Feature","properties":{"name":"Bonair Street","separation_level":"none","street_classification":"residential","maxspeed_int":20.0,"lanes_int":1.0},"geometry":{"type":"LineString","coordinates":[[-71.088771,42.388305],[-71.088474,42.388203]]}},{"type":"Feature","properties":{"name":"Broadway","separation_level":"shared_lane","street_classification":"medium-capacity","maxspeed_int":25.0,"lanes_int":3.0},"geometry":{"type":"LineString","coordinates":[[-71.087327,42.389237],[-71.087064,42.389121],[-71.086947,42.389069],[-71.086797,42.38905]]}},{"type":"Feature","properties":{"name":"Bonair Street","separation_level":"none","street_classification":"residential","maxspeed_int":20.0,"lanes_int":1.0},"geometry":{"type":"LineString","coordinates":[[-71.088474,42.388203],[-71.087859,42.387999]]}},{"type":"Feature","properties":{"name":null,"separation_level":"none","street_classification":"residential","maxspeed_int":null,"lanes_int":null},"geometry":{"type":"LineString","coordinates":[[-71.088474,42.388203],[-71.088494,42.388172],[-71.088631,42.387956],[-71.088813,42.387996]]}},{"type":"Feature","properties":{"name":"Richdale Avenue","separation_level":"none","street_classification":"residential","maxspeed_int":20.0,"lanes_int":1.0},"geometry":{"type":"LineString","coordinates":[[-71.097407,42.388785],[-71.097529,42.38884],[-71.098034,42.389067],[-71.098464,42.38926]]}},{"type":"Feature","properties":{"name":"School Street","separation_level":"separate","street_classification":"medium-capacity","maxspeed_int":20.0,"lanes_int":2.0},"geometry":{"type":"LineString","coordinates":[[-71.097407,42.388785],[-71.097581,42.388531],[-71.097751,42.388281],[-71.097772,42.388252],[-71.09783,42.388163]]}},{"type":"Feature","properties":{"name":"School Street","separation_level":"shared_lane","street_classification":"medium-capacity","maxspeed_int":20.0,"lanes_int":2.0},"geometry":{"type":"LineString","coordinates":[[-71.096915,42.389508],[-71.096536,42.390078]]}},{"type":"Feature","properties":{"name":"Stickney Avenue","separation_level":"none","street_classification":"residential","maxspeed_int":20.0,"lanes_int":1.0},"geometry":{"type":"LineString","coordinates":[[-71.096915,42.389508],[-71.096847,42.389475],[-71.096492,42.389305],[-71.09599,42.38904],[-71.095463,42.388782],[-71.095364,42.388734]]}},{"type":"Feature","properties":{"name":"School Street","separation_level":"shared_lane","street_classification":"medium-capacity","maxspeed_int":20.0,"lanes_int":2.0},"geometry":{"type":"LineString","coordinates":[[-71.096536,42.390078],[-71.096081,42.390762]]}},{"type":"Feature","properties":{"name":"Marshall Street","separation_level":"lane","street_classification":"residential","maxspeed_int":20.0,"lanes_int":null},"geometry":{"type":"LineString","coordinates":[[-71.095364,42.388734],[-71.09567,42.388251],[-71.095726,42.388161]]}},{"type":"Feature","properties":{"name":"Albion Street","separation_level":"none","street_classification":"residential","maxspeed_int":20.0,"lanes_int":null},"geometry":{"type":"LineString","coordinates":[[-71.107137,42.391383],[-71.107219,42.391421],[-71.107689,42.391636]]}},{"type":"Feature","properties":{"name":"Lowell Street","separation_level":"none","street_classification":"medium-capacity","maxspeed_int":25.0,"lanes_int":2.0},"geometry":{"type":"LineString","coordinates":[[-71.107137,42.391383],[-71.107098,42.391437],[-71.107038,42.39153],[-71.106939,42.391685]]}},{"type":"Feature","properties":{"name":null,"separation_level":"none","street_classification":"residential","maxspeed_int":null,"lanes_int":null},"geometry":{"type":"LineString","coordinates":[[-71.109424,42.389618],[-71.109498,42.389645],[-71.10963,42.389693],[-71.109773,42.389469],[-71.10977,42.389432],[-71.109741,42.389406],[-71.109702,42.389397],[-71.109652,42.389411],[-71.109498,42.389645]]}},{"type":"Feature","properties":{"name":"New Washington Street","separation_level":"none","street_classification":"residential","maxspeed_int":25.0,"lanes_int":2.0},"geometry":{"type":"LineString","coordinates":[[-71.086289,42.380625],[-71.086058,42.380483]]}},{"type":"Feature","properties":{"name":"Middlesex Avenue","separation_level":"separate","street_classification":"dedicated_path","maxspeed_int":null,"lanes_int":null},"geometry":{"type":"LineString","coordinates":[[-71.082501,42.391626],[-71.082665,42.391608],[-71.08269,42.391697],[-71.082906,42.392495],[-71.082901,42.39253],[-71.082899,42.392541],[-71.082896,42.392558],[-71.083002,42.392656]]}},{"type":"Feature","properties":{"name":"Middlesex Avenue","separation_level":"none","street_classification":"medium-capacity","maxspeed_int":null,"lanes_int":2.0},"geometry":{"type":"LineString","coordinates":[[-71.082501,42.391626],[-71.082705,42.391602],[-71.082764,42.391812],[-71.082804,42.391911],[-71.082854,42.392015]]}},{"type":"Feature","properties":{"name":null,"separation_level":"none","street_classification":"medium-capacity","maxspeed_int":null,"lanes_int":1.0},"geometry":{"type":"LineString","coordinates":[[-71.086478,42.394346],[-71.086562,42.394346],[-71.086636,42.394341],[-71.086703,42.394331],[-71.086775,42.394315],[-71.086843,42.394292],[-71.086908,42.394262],[-71.086981,42.394222],[-71.087032,42.394185],[-71.087082,42.394148]]}},{"type":"Feature","properties":{"name":"Mystic Avenue","separation_level":"none","street_classification":"medium-capacity","maxspeed_int":null,"lanes_int":1.0},"geometry":{"type":"LineString","coordinates":[[-71.086478,42.394346],[-71.087562,42.39466],[-71.087633,42.394683],[-71.087705,42.394709],[-71.08777,42.394737],[-71.087849,42.394773],[-71.088189,42.394952]]}},{"type":"Feature","properties":{"name":"Willow Avenue","separation_level":"shared_lane","street_classification":"medium-capacity","maxspeed_int":20.0,"lanes_int":2.0},"geometry":{"type":"LineString","coordinates":[[-71.115314,42.396282],[-71.114913,42.39686]]}},{"type":"Feature","properties":{"name":"Appleton Street","separation_level":"none","street_classification":"residential","maxspeed_int":20.0,"lanes_int":2.0},"geometry":{"type":"LineString","coordinates":[[-71.115314,42.396282],[-71.115396,42.396316],[-71.115423,42.396327],[-71.115599,42.396399],[-71.116228,42.396642]]}},{"type":"Feature","properties":{"name":"Morrison Avenue","separation_level":"none","street_classification":"medium-capacity","maxspeed_int":20.0,"lanes_int":2.0},"geometry":{"type":"LineString","coordinates":[[-71.114977,42.395499],[-71.114813,42.395458],[-71.114253,42.395317]]}},{"type":"Feature","properties":{"name":"Morrison Avenue","separation_level":"none","street_classification":"medium-capacity","maxspeed_int":20.0,"lanes_int":2.0},"geometry":{"type":"LineString","coordinates":[[-71.116633,42.396045],[-71.117045,42.396209],[-71.117418,42.396358],[-71.117528,42.396402]]}},{"type":"Feature","properties":{"name":"Willow Avenue","separation_level":"shared_lane","street_classification":"medium-capacity","maxspeed_int":20.0,"lanes_int":2.0},"geometry":{"type":"LineString","coordinates":[[-71.114913,42.39686],[-71.114689,42.397187],[-71.114393,42.39762],[-71.114363,42.397664],[-71.11434,42.397699]]}},{"type":"Feature","properties":{"name":"Foskett Street","separation_level":"none","street_classification":"residential","maxspeed_int":20.0,"lanes_int":2.0},"geometry":{"type":"LineString","coordinates":[[-71.114913,42.39686],[-71.114999,42.396892],[-71.115595,42.397116],[-71.115731,42.397168]]}},{"type":"Feature","properties":{"name":"Appleton Street","separation_level":"none","street_classification":"residential","maxspeed_int":20.0,"lanes_int":2.0},"geometry":{"type":"LineString","coordinates":[[-71.116228,42.396642],[-71.117121,42.396996]]}},{"type":"Feature","properties":{"name":"Newberne Street","separation_level":"none","street_classification":"residential","maxspeed_int":20.0,"lanes_int":1.0},"geometry":{"type":"LineString","coordinates":[[-71.116228,42.396642],[-71.116255,42.396601],[-71.11659,42.396122],[-71.116633,42.396045]]}},{"type":"Feature","properties":{"name":"Rogers Avenue","separation_level":"none","street_classification":"residential","maxspeed_int":20.0,"lanes_int":null},"geometry":{"type":"LineString","coordinates":[[-71.114253,42.395317],[-71.114219,42.395364],[-71.113023,42.397114],[-71.112972,42.397186]]}},{"type":"Feature","properties":{"name":"Morrison Avenue","separation_level":"none","street_classification":"medium-capacity","maxspeed_int":20.0,"lanes_int":2.0},"geometry":{"type":"LineString","coordinates":[[-71.117528,42.396402],[-71.118002,42.396599]]}},{"type":"Feature","properties":{"name":"Clifton Street","separation_level":"none","street_classification":"residential","maxspeed_int":20.0,"lanes_int":2.0},"geometry":{"type":"LineString","coordinates":[[-71.117528,42.396402],[-71.117575,42.396341],[-71.11775,42.396101],[-71.117801,42.396032]]}},{"type":"Feature","properties":{"name":"McGrath Highway","separation_level":"none","street_classification":"motorway","maxspeed_int":null,"lanes_int":2.0},"geometry":{"type":"LineString","coordinates":[[-71.085886,42.393303],[-71.085892,42.393191],[-71.0859,42.393077]]}},{"type":"Feature","properties":{"name":null,"separation_level":"none","street_classification":"motorway","maxspeed_int":null,"lanes_int":2.0},"geometry":{"type":"LineString","coordinates":[[-71.085886,42.393303],[-71.08602,42.393431],[-71.086182,42.393585],[-71.086301,42.393681],[-71.086454,42.393795],[-71.086884,42.394086],[-71.087032,42.394185],[-71.087082,42.394148]]}},{"type":"Feature","properties":{"name":"McGrath Highway","separation_level":"none","street_classification":"motorway","maxspeed_int":40.0,"lanes_int":3.0},"geometry":{"type":"LineString","coordinates":[[-71.0859,42.393077],[-71.085898,42.393033],[-71.085895,42.392979],[-71.085896,42.392879],[-71.085909,42.392768],[-71.085933,42.392659],[-71.08596,42.392554],[-71.085991,42.392447],[-71.086028,42.392342],[-71.08607,42.392235],[-71.086112,42.392134],[-71.086167,42.392028],[-71.086228,42.391922],[-71.086286,42.39183],[-71.086351,42.391732],[-71.086418,42.39164],[-71.086499,42.391541],[-71.08658,42.391448],[-71.086665,42.391359],[-71.086967,42.391059],[-71.087006,42.391022],[-71.086981,42.390931]]}},{"type":"Feature","properties":{"name":"Mystic Avenue","separation_level":"none","street_classification":"medium-capacity","maxspeed_int":null,"lanes_int":2.0},"geometry":{"type":"LineString","coordinates":[[-71.0859,42.393077],[-71.085787,42.392935],[-71.085701,42.392828],[-71.08563,42.392742],[-71.085591,42.392696],[-71.085569,42.39267],[-71.085523,42.392621],[-71.085448,42.392544]]}},{"type":"Feature","properties":{"name":"Mystic Avenue","separation_level":"none","street_classification":"medium-capacity","maxspeed_int":null,"lanes_int":2.0},"geometry":{"type":"LineString","coordinates":[[-71.081379,42.389832],[-71.081669,42.390053]]}},{"type":"Feature","properties":{"name":"Revolution Drive","separation_level":"none","street_classification":"residential","maxspeed_int":25.0,"lanes_int":2.0},"geometry":{"type":"LineString","coordinates":[[-71.081379,42.389832],[-71.081408,42.389886],[-71.081426,42.389932],[-71.081438,42.389986],[-71.081437,42.390032],[-71.081424,42.390062],[-71.08139,42.390101],[-71.080805,42.390531],[-71.079976,42.389837]]}},{"type":"Feature","properties":{"name":"Revolution Drive","separation_level":"none","street_classification":"residential","maxspeed_int":25.0,"lanes_int":2.0},"geometry":{"type":"LineString","coordinates":[[-71.079976,42.389837],[-71.080805,42.390531],[-71.080429,42.390807],[-71.080337,42.390878],[-71.080248,42.390952],[-71.080164,42.391027],[-71.080081,42.3911],[-71.079997,42.391257]]}},{"type":"Feature","properties":{"name":"Revolution Drive","separation_level":"none","street_classification":"residential","maxspeed_int":25.0,"lanes_int":2.0},"geometry":{"type":"LineString","coordinates":[[-71.079976,42.389837],[-71.080894,42.390603],[-71.081279,42.390332],[-71.081582,42.390119],[-71.081669,42.390053]]}},{"type":"Feature","properties":{"name":"Harold Cohen Way","separation_level":"none","street_classification":"residential","maxspeed_int":20.0,"lanes_int":null},"geometry":{"type":"LineString","coordinates":[[-71.079976,42.389837],[-71.080894,42.390603],[-71.080939,42.390651],[-71.080946,42.390667],[-71.080987,42.390769]]}},{"type":"Feature","properties":{"name":null,"separation_level":"none","street_classification":"residential","maxspeed_int":null,"lanes_int":null},"geometry":{"type":"LineString","coordinates":[[-71.079976,42.389837],[-71.080659,42.39041],[-71.081212,42.390009],[-71.08106,42.389896],[-71.080354,42.389368]]}},{"type":"Feature","properties":{"name":null,"separation_level":"none","street_classification":"residential","maxspeed_int":null,"lanes_int":null},"geometry":{"type":"LineString","coordinates":[[-71.079976,42.389837],[-71.07934,42.389305],[-71.07972,42.389017],[-71.079802,42.388955],[-71.080354,42.389368]]}},{"type":"Feature","properties":{"name":null,"separation_level":"none","street_classification":"residential","maxspeed_int":null,"lanes_int":null},"geometry":{"type":"LineString","coordinates":[[-71.079976,42.389837],[-71.080521,42.390294],[-71.08106,42.389896],[-71.080354,42.389368]]}},{"type":"Feature","properties":{"name":null,"separation_level":"none","street_classification":"residential","maxspeed_int":null,"lanes_int":null},"geometry":{"type":"LineString","coordinates":[[-71.079976,42.389837],[-71.080375,42.390172],[-71.080903,42.389778],[-71.080354,42.389368]]}},{"type":"Feature","properties":{"name":null,"separation_level":"none","street_classification":"residential","maxspeed_int":null,"lanes_int":null},"geometry":{"type":"LineString","coordinates":[[-71.079976,42.389837],[-71.080221,42.390043],[-71.080746,42.389661],[-71.080354,42.389368]]}},{"type":"Feature","properties":{"name":null,"separation_level":"none","street_classification":"residential","maxspeed_int":null,"lanes_int":null},"geometry":{"type":"LineString","coordinates":[[-71.079976,42.389837],[-71.080083,42.389927],[-71.080583,42.389539],[-71.080354,42.389368]]}},{"type":"Feature","properties":{"name":null,"separation_level":"none","street_classification":"residential","maxspeed_int":null,"lanes_int":null},"geometry":{"type":"LineString","coordinates":[[-71.079976,42.389837],[-71.079933,42.389802],[-71.080429,42.389424],[-71.080354,42.389368]]}},{"type":"Feature","properties":{"name":null,"separation_level":"none","street_classification":"residential","maxspeed_int":null,"lanes_int":null},"geometry":{"type":"LineString","coordinates":[[-71.079976,42.389837],[-71.079785,42.389678],[-71.08027,42.389305],[-71.080354,42.389368]]}},{"type":"Feature","properties":{"name":null,"separation_level":"none","street_classification":"residential","maxspeed_int":null,"lanes_int":null},"geometry":{"type":"LineString","coordinates":[[-71.079976,42.389837],[-71.079632,42.38955],[-71.080122,42.389194],[-71.080354,42.389368]]}},{"type":"Feature","properties":{"name":null,"separation_level":"none","street_classification":"residential","maxspeed_int":null,"lanes_int":null},"geometry":{"type":"LineString","coordinates":[[-71.079976,42.389837],[-71.079485,42.389426],[-71.079962,42.389075],[-71.080354,42.389368]]}},{"type":"Feature","properties":{"name":null,"separation_level":"none","street_classification":"residential","maxspeed_int":null,"lanes_int":null},"geometry":{"type":"LineString","coordinates":[[-71.079976,42.389837],[-71.079045,42.389058],[-71.078875,42.388916],[-71.078641,42.388759]]}},{"type":"Feature","properties":{"name":null,"separation_level":"none","street_classification":"residential","maxspeed_int":null,"lanes_int":null},"geometry":{"type":"LineString","coordinates":[[-71.079976,42.389837],[-71.079045,42.389058],[-71.07951,42.388698],[-71.079351,42.388573],[-71.079272,42.388516]]}},{"type":"Feature","properties":{"name":"Grand Union Boulevard","separation_level":"track","street_classification":"medium-capacity","maxspeed_int":25.0,"lanes_int":3.0},"geometry":{"type":"LineString","coordinates":[[-71.079997,42.391257],[-71.080026,42.391319],[-71.080063,42.391391],[-71.080079,42.391426],[-71.0801,42.39147],[-71.080132,42.391551],[-71.080156,42.391627],[-71.080211,42.391799],[-71.080232,42.39188]]}},{"type":"Feature","properties":{"name":"Grand Union Boulevard","separation_level":"track","street_classification":"medium-capacity","maxspeed_int":25.0,"lanes_int":1.0},"geometry":{"type":"LineString","coordinates":[[-71.079997,42.391257],[-71.079923,42.391121],[-71.07977,42.390982],[-71.079684,42.390907],[-71.078897,42.390253],[-71.078859,42.390277]]}},{"type":"Feature","properties":{"name":"Revolution Drive","separation_level":"none","street_classification":"residential","maxspeed_int":25.0,"lanes_int":3.0},"geometry":{"type":"LineString","coordinates":[[-71.079997,42.391257],[-71.079886,42.391378],[-71.079872,42.391397],[-71.079728,42.391547],[-71.079616,42.391642]]}},{"type":"Feature","properties":{"name":"Revolution Drive","separation_level":"none","street_classification":"residential","maxspeed_int":25.0,"lanes_int":2.0},"geometry":{"type":"LineString","coordinates":[[-71.079997,42.391257],[-71.080138,42.391155],[-71.080894,42.390603],[-71.079976,42.389837]]}},{"type":"Feature","properties":{"name":"Harold Cohen Way","separation_level":"none","street_classification":"residential","maxspeed_int":20.0,"lanes_int":null},"geometry":{"type":"LineString","coordinates":[[-71.080987,42.390769],[-71.081064,42.39096]]}},{"type":"Feature","properties":{"name":null,"separation_level":"none","street_classification":"residential","maxspeed_int":null,"lanes_int":null},"geometry":{"type":"LineString","coordinates":[[-71.080987,42.390769],[-71.081665,42.390299],[-71.081834,42.390425],[-71.081554,42.390635],[-71.081064,42.39096]]}},{"type":"Feature","properties":{"name":null,"separation_level":"none","street_classification":"residential","maxspeed_int":null,"lanes_int":null},"geometry":{"type":"LineString","coordinates":[[-71.080354,42.389368],[-71.079655,42.388845],[-71.079188,42.389178],[-71.079976,42.389837]]}},{"type":"Feature","properties":{"name":null,"separation_level":"none","street_classification":"residential","maxspeed_int":null,"lanes_int":null},"geometry":{"type":"LineString","coordinates":[[-71.080354,42.389368],[-71.080167,42.389228],[-71.080221,42.389205],[-71.080344,42.389187],[-71.080516,42.38918]]}},{"type":"Feature","properties":{"name":null,"separation_level":"none","street_classification":"residential","maxspeed_int":null,"lanes_int":null},"geometry":{"type":"LineString","coordinates":[[-71.078641,42.388759],[-71.078376,42.388653],[-71.078075,42.388851]]}},{"type":"Feature","properties":{"name":null,"separation_level":"none","street_classification":"residential","maxspeed_int":null,"lanes_int":null},"geometry":{"type":"LineString","coordinates":[[-71.078641,42.388759],[-71.078376,42.388653],[-71.078334,42.388596],[-71.078131,42.388568],[-71.078049,42.388796],[-71.078075,42.388851]]}},{"type":"Feature","properties":{"name":null,"separation_level":"none","street_classification":"residential","maxspeed_int":null,"lanes_int":null},"geometry":{"type":"LineString","coordinates":[[-71.078641,42.388759],[-71.078582,42.388671],[-71.079052,42.388338],[-71.079193,42.388459],[-71.079272,42.388516]]}},{"type":"Feature","properties":{"name":null,"separation_level":"none","street_classification":"residential","maxspeed_int":null,"lanes_int":null},"geometry":{"type":"LineString","coordinates":[[-71.078641,42.388759],[-71.078725,42.38879],[-71.079193,42.388459],[-71.079272,42.388516]]}},{"type":"Feature","properties":{"name":null,"separation_level":"none","street_classification":"residential","maxspeed_int":null,"lanes_int":null},"geometry":{"type":"LineString","coordinates":[[-71.078641,42.388759],[-71.078875,42.388916],[-71.079351,42.388573],[-71.079272,42.388516]]}},{"type":"Feature","properties":{"name":null,"separation_level":"none","street_classification":"residential","maxspeed_int":null,"lanes_int":null},"geometry":{"type":"LineString","coordinates":[[-71.088835,42.389906],[-71.088901,42.389823],[-71.088911,42.38981],[-71.089086,42.389583],[-71.08886,42.389476],[-71.088851,42.389473],[-71.088812,42.389454],[-71.088704,42.389474]]}},{"type":"Feature","properties":{"name":"Broadway","separation_level":"share_busway","street_classification":"medium-capacity","maxspeed_int":25.0,"lanes_int":5.0},"geometry":{"type":"LineString","coordinates":[[-71.088835,42.389906],[-71.088582,42.389792],[-71.088555,42.38978],[-71.088385,42.389706],[-71.088243,42.389731]]}},{"type":"Feature","properties":{"name":"McGrath Highway","separation_level":"shared_lane","street_classification":"medium-capacity","maxspeed_int":null,"lanes_int":2.0},"geometry":{"type":"LineString","coordinates":[[-71.089868,42.379892],[-71.089844,42.379804],[-71.08975,42.379419],[-71.089745,42.379396]]}},{"type":"Feature","properties":{"name":"Washington Street","separation_level":"lane","street_classification":"medium-capacity","maxspeed_int":null,"lanes_int":2.0},"geometry":{"type":"LineString","coordinates":[[-71.089868,42.379892],[-71.089814,42.379892],[-71.089772,42.379894],[-71.08972,42.379897],[-71.089664,42.379902],[-71.089617,42.379909],[-71.089578,42.379916],[-71.089539,42.379926],[-71.089519,42.379932],[-71.089468,42.379955],[-71.089431,42.379974],[-71.0894,42.379993],[-71.089371,42.380012],[-71.089349,42.380031],[-71.089325,42.380055],[-71.089238,42.380034]]}},{"type":"Feature","properties":{"name":"McGrath Highway","separation_level":"shared_lane","street_classification":"medium-capacity","maxspeed_int":null,"lanes_int":2.0},"geometry":{"type":"LineString","coordinates":[[-71.089745,42.379396],[-71.089739,42.379373],[-71.089614,42.378859],[-71.089411,42.378026],[-71.089483,42.378052]]}},{"type":"Feature","properties":{"name":null,"separation_level":"none","street_classification":"medium-capacity","maxspeed_int":null,"lanes_int":null},"geometry":{"type":"LineString","coordinates":[[-71.089745,42.379396],[-71.089739,42.379373],[-71.089712,42.379354],[-71.089687,42.37934],[-71.089655,42.379327],[-71.089621,42.379318],[-71.089582,42.379311],[-71.089545,42.379307],[-71.0895,42.379307],[-71.089467,42.37931],[-71.089436,42.379315],[-71.0894,42.379324],[-71.089365,42.379336],[-71.089334,42.379351],[-71.089314,42.379364],[-71.089294,42.379383],[-71.089278,42.379409],[-71.089288,42.379452]]}},{"type":"Feature","properties":{"name":"McGrath Highway","separation_level":"track","street_classification":"motorway","maxspeed_int":40.0,"lanes_int":2.0},"geometry":{"type":"LineString","coordinates":[[-71.088704,42.389474],[-71.088596,42.389494],[-71.088757,42.389333],[-71.088889,42.3892],[-71.088981,42.389105],[-71.089054,42.389027],[-71.08913,42.388943],[-71.089203,42.388862],[-71.089282,42.388771],[-71.089359,42.388678],[-71.089415,42.388607],[-71.089523,42.388597]]}},{"type":"Feature","properties":{"name":"Edmands Street","separation_level":"none","street_classification":"residential","maxspeed_int":20.0,"lanes_int":1.0},"geometry":{"type":"LineString","coordinates":[[-71.088704,42.389474],[-71.088812,42.389454],[-71.089109,42.38915],[-71.089303,42.388947],[-71.08947,42.388769],[-71.08963,42.388587],[-71.089523,42.388597]]}},{"type":"Feature","properties":{"name":"Chandler Street","separation_level":"none","street_classification":"residential","maxspeed_int":20.0,"lanes_int":2.0},"geometry":{"type":"LineString","coordinates":[[-71.119931,42.400904],[-71.119972,42.400846],[-71.121027,42.399769]]}},{"type":"Feature","properties":{"name":"Broadway","separation_level":"lane","street_classification":"medium-capacity","maxspeed_int":25.0,"lanes_int":2.0},"geometry":{"type":"LineString","coordinates":[[-71.119931,42.400904],[-71.119576,42.400848],[-71.119254,42.400814],[-71.119044,42.400804]]}},{"type":"Feature","properties":{"name":"Broadway","separation_level":"lane","street_classification":"medium-capacity","maxspeed_int":25.0,"lanes_int":2.0},"geometry":{"type":"LineString","coordinates":[[-71.119931,42.400904],[-71.119958,42.40091],[-71.120761,42.401107]]}},{"type":"Feature","properties":{"name":"Chandler Street","separation_level":"none","street_classification":"residential","maxspeed_int":20.0,"lanes_int":2.0},"geometry":{"type":"LineString","coordinates":[[-71.121027,42.399769],[-71.12156,42.399217]]}},{"type":"Feature","properties":{"name":"William Street","separation_level":"none","street_classification":"residential","maxspeed_int":20.0,"lanes_int":2.0},"geometry":{"type":"LineString","coordinates":[[-71.121027,42.399769],[-71.12097,42.399736],[-71.120391,42.399429]]}},{"type":"Feature","properties":{"name":"Broadway","separation_level":"lane","street_classification":"medium-capacity","maxspeed_int":25.0,"lanes_int":2.0},"geometry":{"type":"LineString","coordinates":[[-71.119044,42.400804],[-71.118764,42.400806],[-71.118084,42.400835]]}},{"type":"Feature","properties":{"name":"Wallace Street","separation_level":"none","street_classification":"residential","maxspeed_int":20.0,"lanes_int":1.0},"geometry":{"type":"LineString","coordinates":[[-71.120761,42.401107],[-71.120803,42.401035],[-71.12139,42.400419],[-71.122116,42.399657],[-71.122474,42.399281],[-71.122695,42.39902],[-71.123299,42.398306]]}},{"type":"Feature","properties":{"name":"Leonard Street","separation_level":"none","street_classification":"residential","maxspeed_int":20.0,"lanes_int":2.0},"geometry":{"type":"LineString","coordinates":[[-71.120761,42.401107],[-71.120716,42.401199],[-71.12043,42.401786]]}},{"type":"Feature","properties":{"name":"Broadway","separation_level":"lane","street_classification":"medium-capacity","maxspeed_int":25.0,"lanes_int":2.0},"geometry":{"type":"LineString","coordinates":[[-71.120761,42.401107],[-71.120819,42.401121],[-71.12147,42.401274]]}},{"type":"Feature","properties":{"name":"Chapel Street","separation_level":"none","street_classification":"residential","maxspeed_int":20.0,"lanes_int":2.0},"geometry":{"type":"LineString","coordinates":[[-71.12156,42.399217],[-71.121532,42.399203],[-71.120659,42.398759],[-71.120581,42.398717],[-71.12067,42.398676]]}},{"type":"Feature","properties":{"name":"Chandler Street","separation_level":"none","street_classification":"residential","maxspeed_int":20.0,"lanes_int":2.0},"geometry":{"type":"LineString","coordinates":[[-71.12156,42.399217],[-71.121916,42.398849],[-71.122587,42.398067],[-71.122649,42.397998]]}},{"type":"Feature","properties":{"name":"Billingham Street","separation_level":"none","street_classification":"residential","maxspeed_int":20.0,"lanes_int":1.0},"geometry":{"type":"LineString","coordinates":[[-71.120391,42.399429],[-71.12035,42.399473],[-71.119873,42.39995]]}},{"type":"Feature","properties":{"name":"William Street","separation_level":"none","street_classification":"residential","maxspeed_int":20.0,"lanes_int":2.0},"geometry":{"type":"LineString","coordinates":[[-71.120391,42.399429],[-71.119851,42.399147],[-71.119827,42.399134],[-71.119749,42.399077]]}},{"type":"Feature","properties":{"name":"Broadway","separation_level":"separate","street_classification":"medium-capacity","maxspeed_int":25.0,"lanes_int":2.0},"geometry":{"type":"LineString","coordinates":[[-71.118084,42.400835],[-71.117696,42.400852],[-71.11761,42.400856],[-71.117429,42.400862]]}},{"type":"Feature","properties":{"name":"Wallace Street","separation_level":"none","street_classification":"residential","maxspeed_int":20.0,"lanes_int":1.0},"geometry":{"type":"LineString","coordinates":[[-71.123299,42.398306],[-71.123361,42.398233],[-71.12357,42.397986],[-71.123593,42.397959],[-71.123608,42.397939],[-71.12365,42.397889]]}},{"type":"Feature","properties":{"name":"Park Avenue","separation_level":"none","street_classification":"residential","maxspeed_int":20.0,"lanes_int":1.0},"geometry":{"type":"LineString","coordinates":[[-71.123299,42.398306],[-71.123233,42.398275],[-71.122954,42.398143],[-71.122649,42.397998]]}},{"type":"Feature","properties":{"name":"Walker Street","separation_level":"none","street_classification":"residential","maxspeed_int":20.0,"lanes_int":2.0},"geometry":{"type":"LineString","coordinates":[[-71.12043,42.401786],[-71.120368,42.401766],[-71.119405,42.401481],[-71.118783,42.401321],[-71.118515,42.401232],[-71.118243,42.401106],[-71.118098,42.401022],[-71.118081,42.400922],[-71.118075,42.400875],[-71.118084,42.400835]]}},{"type":"Feature","properties":{"name":"Leonard Street","separation_level":"none","street_classification":"residential","maxspeed_int":20.0,"lanes_int":2.0},"geometry":{"type":"LineString","coordinates":[[-71.12043,42.401786],[-71.120149,42.402333],[-71.120083,42.402453]]}},{"type":"Feature","properties":{"name":"Broadway","separation_level":"lane","street_classification":"medium-capacity","maxspeed_int":25.0,"lanes_int":2.0},"geometry":{"type":"LineString","coordinates":[[-71.12147,42.401274],[-71.121745,42.40134]]}},{"type":"Feature","properties":{"name":"Irving Street","separation_level":"none","street_classification":"residential","maxspeed_int":20.0,"lanes_int":1.0},"geometry":{"type":"LineString","coordinates":[[-71.12147,42.401274],[-71.121513,42.401206],[-71.124054,42.398606],[-71.124069,42.39859],[-71.124114,42.398562],[-71.124168,42.398525]]}},{"type":"Feature","properties":{"name":"Broadway","separation_level":"lane","street_classification":"medium-capacity","maxspeed_int":25.0,"lanes_int":2.0},"geometry":{"type":"LineString","coordinates":[[-71.112712,42.40009],[-71.113585,42.400384]]}},{"type":"Feature","properties":{"name":"Willow Avenue","separation_level":"shared_lane","street_classification":"medium-capacity","maxspeed_int":20.0,"lanes_int":2.0},"geometry":{"type":"LineString","coordinates":[[-71.112712,42.40009],[-71.1128,42.399972],[-71.11344,42.399033]]}},{"type":"Feature","properties":{"name":"Willow Avenue","separation_level":"shared_lane","street_classification":"medium-capacity","maxspeed_int":20.0,"lanes_int":2.0},"geometry":{"type":"LineString","coordinates":[[-71.11344,42.399033],[-71.114281,42.397782],[-71.114301,42.397752],[-71.11434,42.397699]]}},{"type":"Feature","properties":{"name":"Kidder Avenue","separation_level":"none","street_classification":"residential","maxspeed_int":20.0,"lanes_int":2.0},"geometry":{"type":"LineString","coordinates":[[-71.11434,42.397699],[-71.114422,42.397729],[-71.114459,42.397743],[-71.115081,42.397977],[-71.115162,42.398006]]}},{"type":"Feature","properties":{"name":"Lowden Avenue","separation_level":"none","street_classification":"residential","maxspeed_int":20.0,"lanes_int":1.0},"geometry":{"type":"LineString","coordinates":[[-71.115162,42.398006],[-71.115124,42.398074],[-71.114305,42.399306],[-71.114282,42.39934]]}},{"type":"Feature","properties":{"name":"Kidder Avenue","separation_level":"none","street_classification":"residential","maxspeed_int":20.0,"lanes_int":2.0},"geometry":{"type":"LineString","coordinates":[[-71.115162,42.398006],[-71.115248,42.398038],[-71.115676,42.398196],[-71.115846,42.398259],[-71.115918,42.398289]]}},{"type":"Feature","properties":{"name":"Mason Street","separation_level":"none","street_classification":"residential","maxspeed_int":20.0,"lanes_int":2.0},"geometry":{"type":"LineString","coordinates":[[-71.122321,42.402036],[-71.12229,42.402081],[-71.121992,42.402512]]}},{"type":"Feature","properties":{"name":"Broadway","separation_level":"lane","street_classification":"medium-capacity","maxspeed_int":25.0,"lanes_int":2.0},"geometry":{"type":"LineString","coordinates":[[-71.122239,42.401459],[-71.121745,42.40134]]}},{"type":"Feature","properties":{"name":"Simpson Avenue","separation_level":"none","street_classification":"residential","maxspeed_int":20.0,"lanes_int":1.0},"geometry":{"type":"LineString","coordinates":[[-71.122239,42.401459],[-71.122296,42.40139],[-71.123677,42.399955]]}},{"type":"Feature","properties":{"name":"Simpson Avenue","separation_level":"none","street_classification":"residential","maxspeed_int":20.0,"lanes_int":1.0},"geometry":{"type":"LineString","coordinates":[[-71.123677,42.399955],[-71.124492,42.399139],[-71.124514,42.399118],[-71.124561,42.399065],[-71.124599,42.399041],[-71.124644,42.399099]]}},{"type":"Feature","properties":{"name":"Holland Street","separation_level":"track","street_classification":"medium-capacity","maxspeed_int":20.0,"lanes_int":2.0},"geometry":{"type":"LineString","coordinates":[[-71.124168,42.398525],[-71.123886,42.398188]]}},{"type":"Feature","properties":{"name":"Thorndike Street","separation_level":"none","street_classification":"residential","maxspeed_int":20.0,"lanes_int":2.0},"geometry":{"type":"LineString","coordinates":[[-71.124168,42.398525],[-71.124218,42.398497],[-71.124237,42.398486],[-71.124256,42.398471],[-71.125117,42.397794]]}},{"type":"Feature","properties":{"name":"Holland Street","separation_level":"track","street_classification":"medium-capacity","maxspeed_int":20.0,"lanes_int":2.0},"geometry":{"type":"LineString","coordinates":[[-71.124168,42.398525],[-71.124487,42.39892],[-71.124546,42.398979],[-71.124599,42.399041],[-71.124644,42.399099]]}},{"type":"Feature","properties":{"name":"Buena Vista Road","separation_level":"none","street_classification":"residential","maxspeed_int":20.0,"lanes_int":2.0},"geometry":{"type":"LineString","coordinates":[[-71.123886,42.398188],[-71.123891,42.398186],[-71.123932,42.398169],[-71.123963,42.398156],[-71.123993,42.398142],[-71.12406,42.398106],[-71.124215,42.397986],[-71.124156,42.397944]]}},{"type":"Feature","properties":{"name":"Holland Street","separation_level":"track","street_classification":"medium-capacity","maxspeed_int":20.0,"lanes_int":2.0},"geometry":{"type":"LineString","coordinates":[[-71.123886,42.398188],[-71.123793,42.39807],[-71.12365,42.397889]]}},{"type":"Feature","properties":{"name":"Thorndike Street","separation_level":"none","street_classification":"residential","maxspeed_int":20.0,"lanes_int":2.0},"geometry":{"type":"LineString","coordinates":[[-71.125117,42.397794],[-71.125398,42.397555],[-71.125386,42.397466]]}},{"type":"Feature","properties":{"name":"Howard Street","separation_level":"none","street_classification":"residential","maxspeed_int":20.0,"lanes_int":2.0},"geometry":{"type":"LineString","coordinates":[[-71.125117,42.397794],[-71.125213,42.397804],[-71.125788,42.397843],[-71.125874,42.39785]]}},{"type":"Feature","properties":{"name":"Jay Street","separation_level":"none","street_classification":"residential","maxspeed_int":20.0,"lanes_int":1.0},"geometry":{"type":"LineString","coordinates":[[-71.124644,42.399099],[-71.12469,42.399157],[-71.124726,42.399123],[-71.124748,42.399103],[-71.125918,42.397904],[-71.125961,42.397856],[-71.125874,42.39785]]}},{"type":"Feature","properties":{"name":"Holland Street","separation_level":"track","street_classification":"medium-capacity","maxspeed_int":20.0,"lanes_int":2.0},"geometry":{"type":"LineString","coordinates":[[-71.124644,42.399099],[-71.12469,42.399157],[-71.124806,42.399301],[-71.124842,42.399371],[-71.124923,42.399468],[-71.124997,42.399557],[-71.125178,42.399763],[-71.125247,42.399854]]}},{"type":"Feature","properties":{"name":"Holland Street","separation_level":"track","street_classification":"medium-capacity","maxspeed_int":20.0,"lanes_int":2.0},"geometry":{"type":"LineString","coordinates":[[-71.12365,42.397889],[-71.12344,42.397626],[-71.123404,42.397579]]}},{"type":"Feature","properties":{"name":"Park Avenue","separation_level":"none","street_classification":"residential","maxspeed_int":20.0,"lanes_int":1.0},"geometry":{"type":"LineString","coordinates":[[-71.122649,42.397998],[-71.122212,42.397805],[-71.121776,42.397612],[-71.121746,42.397598],[-71.121669,42.397568],[-71.121693,42.39753]]}},{"type":"Feature","properties":{"name":"Lexington Avenue","separation_level":"none","street_classification":"residential","maxspeed_int":20.0,"lanes_int":1.0},"geometry":{"type":"LineString","coordinates":[[-71.113096,42.393978],[-71.111678,42.393409],[-71.111644,42.393395],[-71.111565,42.39336],[-71.111594,42.393319]]}},{"type":"Feature","properties":{"name":"Broadway","separation_level":"track","street_classification":"medium-capacity","maxspeed_int":30.0,"lanes_int":3.0},"geometry":{"type":"LineString","coordinates":[[-71.106057,42.397898],[-71.107636,42.398402],[-71.107733,42.398432]]}},{"type":"Feature","properties":{"name":"Orchard Street","separation_level":"none","street_classification":"residential","maxspeed_int":20.0,"lanes_int":1.0},"geometry":{"type":"LineString","coordinates":[[-71.123492,42.393831],[-71.12313,42.393536],[-71.123081,42.393493]]}},{"type":"Feature","properties":{"name":"Cottage Avenue","separation_level":"none","street_classification":"residential","maxspeed_int":20.0,"lanes_int":2.0},"geometry":{"type":"LineString","coordinates":[[-71.122084,42.393878],[-71.121533,42.393442],[-71.121488,42.393405]]}},{"type":"Feature","properties":{"name":"Shore Drive","separation_level":"shared_lane","street_classification":"medium-capacity","maxspeed_int":20.0,"lanes_int":2.0},"geometry":{"type":"LineString","coordinates":[[-71.085187,42.39844],[-71.084885,42.398267]]}},{"type":"Feature","properties":{"name":"Shore Drive","separation_level":"track","street_classification":"medium-capacity","maxspeed_int":20.0,"lanes_int":2.0},"geometry":{"type":"LineString","coordinates":[[-71.085187,42.39844],[-71.08526,42.39848],[-71.085835,42.398802]]}},{"type":"Feature","properties":{"name":"Shore Drive","separation_level":"shared_lane","street_classification":"medium-capacity","maxspeed_int":25.0,"lanes_int":1.0},"geometry":{"type":"LineString","coordinates":[[-71.084885,42.398267],[-71.08484,42.398209],[-71.084789,42.398171],[-71.084745,42.398129],[-71.084723,42.398099],[-71.084699,42.398057],[-71.084682,42.398025],[-71.084667,42.397984],[-71.084654,42.397942],[-71.084649,42.397902],[-71.084646,42.39786],[-71.084649,42.397816],[-71.084663,42.397767],[-71.084676,42.397724],[-71.084712,42.39761],[-71.084737,42.39753]]}},{"type":"Feature","properties":{"name":"Shore Drive","separation_level":"track","street_classification":"medium-capacity","maxspeed_int":20.0,"lanes_int":2.0},"geometry":{"type":"LineString","coordinates":[[-71.085835,42.398802],[-71.086475,42.399178]]}},{"type":"Feature","properties":{"name":"Melville Road","separation_level":"none","street_classification":"residential","maxspeed_int":20.0,"lanes_int":2.0},"geometry":{"type":"LineString","coordinates":[[-71.085835,42.398802],[-71.085891,42.398758],[-71.086634,42.398209],[-71.086682,42.398173]]}},{"type":"Feature","properties":{"name":"Shore Drive","separation_level":"none","street_classification":"medium-capacity","maxspeed_int":25.0,"lanes_int":1.0},"geometry":{"type":"LineString","coordinates":[[-71.084737,42.39753],[-71.084762,42.39745],[-71.084831,42.397227],[-71.084849,42.397162],[-71.084863,42.397095],[-71.084873,42.397034],[-71.084924,42.396657],[-71.084951,42.396584]]}},{"type":"Feature","properties":{"name":"Crest Hill Road","separation_level":"none","street_classification":"residential","maxspeed_int":20.0,"lanes_int":2.0},"geometry":{"type":"LineString","coordinates":[[-71.086475,42.399178],[-71.086537,42.399133],[-71.087216,42.398637],[-71.087258,42.398606]]}},{"type":"Feature","properties":{"name":"Shore Drive","separation_level":"track","street_classification":"medium-capacity","maxspeed_int":20.0,"lanes_int":2.0},"geometry":{"type":"LineString","coordinates":[[-71.086475,42.399178],[-71.086509,42.399197],[-71.086548,42.399216],[-71.08659,42.399232],[-71.08664,42.399247],[-71.086688,42.399257],[-71.086733,42.399261],[-71.086779,42.399261],[-71.086833,42.399257],[-71.086889,42.399252],[-71.086975,42.399241],[-71.087071,42.399226],[-71.087163,42.399209],[-71.087249,42.399191],[-71.087335,42.399172],[-71.087423,42.39915],[-71.087511,42.399127],[-71.087601,42.399101],[-71.08767,42.39908],[-71.087735,42.399058],[-71.087801,42.399034]]}},{"type":"Feature","properties":{"name":"Ten Hills Road","separation_level":"none","street_classification":"residential","maxspeed_int":20.0,"lanes_int":2.0},"geometry":{"type":"LineString","coordinates":[[-71.086682,42.398173],[-71.087258,42.398606]]}},{"type":"Feature","properties":{"name":"Ten Hills Road","separation_level":"none","street_classification":"residential","maxspeed_int":20.0,"lanes_int":2.0},"geometry":{"type":"LineString","coordinates":[[-71.086682,42.398173],[-71.08616,42.397783],[-71.086148,42.397774],[-71.086111,42.397746]]}},{"type":"Feature","properties":{"name":"Clifton Street","separation_level":"none","street_classification":"dedicated_path","maxspeed_int":20.0,"lanes_int":null},"geometry":{"type":"LineString","coordinates":[[-71.117801,42.396032],[-71.117852,42.395963],[-71.117892,42.395925],[-71.117964,42.395824],[-71.117999,42.395783],[-71.118014,42.395737]]}},{"type":"Feature","properties":{"name":"Meacham Road","separation_level":"none","street_classification":"residential","maxspeed_int":20.0,"lanes_int":1.0},"geometry":{"type":"LineString","coordinates":[[-71.124484,42.396943],[-71.124763,42.396787],[-71.124778,42.396779]]}},{"type":"Feature","properties":{"name":"Buena Vista Road","separation_level":"none","street_classification":"residential","maxspeed_int":20.0,"lanes_int":2.0},"geometry":{"type":"LineString","coordinates":[[-71.124484,42.396943],[-71.124502,42.396998],[-71.124508,42.397016],[-71.124634,42.397333]]}},{"type":"Feature","properties":{"name":"Buena Vista Road","separation_level":"none","street_classification":"residential","maxspeed_int":20.0,"lanes_int":2.0},"geometry":{"type":"LineString","coordinates":[[-71.124634,42.397333],[-71.124689,42.397465],[-71.124701,42.397519],[-71.124695,42.397567],[-71.124635,42.397662],[-71.124377,42.397861],[-71.124215,42.397986],[-71.124156,42.397944]]}},{"type":"Feature","properties":{"name":"Somerville Community Path","separation_level":"separate","street_classification":"dedicated_path","maxspeed_int":null,"lanes_int":null},"geometry":{"type":"LineString","coordinates":[[-71.124634,42.397333],[-71.124684,42.397346],[-71.124826,42.397383],[-71.124972,42.397411],[-71.125098,42.397418],[-71.125225,42.397418],[-71.125286,42.397419],[-71.125386,42.397466]]}},{"type":"Feature","properties":{"name":null,"separation_level":"none","street_classification":"residential","maxspeed_int":null,"lanes_int":null},"geometry":{"type":"LineString","coordinates":[[-71.124156,42.397944],[-71.124096,42.397902],[-71.124141,42.397872],[-71.124497,42.397594],[-71.124527,42.397532]]}},{"type":"Feature","properties":{"name":"Somerville Community Path / Alewife Linear Park","separation_level":"separate","street_classification":"dedicated_path","maxspeed_int":null,"lanes_int":null},"geometry":{"type":"LineString","coordinates":[[-71.125386,42.397466],[-71.125477,42.397422],[-71.125803,42.397439],[-71.126856,42.397516],[-71.127084,42.397532],[-71.127203,42.397547],[-71.127329,42.397577],[-71.127534,42.397652]]}},{"type":"Feature","properties":{"name":"Temple Road","separation_level":"none","street_classification":"residential","maxspeed_int":20.0,"lanes_int":1.0},"geometry":{"type":"LineString","coordinates":[[-71.086111,42.397746],[-71.086051,42.39779],[-71.085302,42.398339],[-71.08528,42.398357],[-71.085258,42.398375],[-71.085241,42.398391],[-71.085222,42.398408],[-71.085187,42.39844]]}},{"type":"Feature","properties":{"name":"Ten Hills Road","separation_level":"none","street_classification":"residential","maxspeed_int":20.0,"lanes_int":2.0},"geometry":{"type":"LineString","coordinates":[[-71.087258,42.398606],[-71.087728,42.398959],[-71.087744,42.398971],[-71.087758,42.398984],[-71.087766,42.398991],[-71.087784,42.399011],[-71.087801,42.399034]]}},{"type":"Feature","properties":{"name":"Putnam Road","separation_level":"none","street_classification":"residential","maxspeed_int":20.0,"lanes_int":2.0},"geometry":{"type":"LineString","coordinates":[[-71.086693,42.39732],[-71.086742,42.397357],[-71.086749,42.397362],[-71.088447,42.39864],[-71.088479,42.398664],[-71.088537,42.398708]]}},{"type":"Feature","properties":{"name":"Temple Road","separation_level":"none","street_classification":"residential","maxspeed_int":20.0,"lanes_int":1.0},"geometry":{"type":"LineString","coordinates":[[-71.086693,42.39732],[-71.086653,42.39735],[-71.086633,42.397364],[-71.086167,42.397706],[-71.086157,42.397713],[-71.086111,42.397746]]}},{"type":"Feature","properties":{"name":"Shore Drive","separation_level":"track","street_classification":"medium-capacity","maxspeed_int":20.0,"lanes_int":2.0},"geometry":{"type":"LineString","coordinates":[[-71.088537,42.398708],[-71.088595,42.398676],[-71.08867,42.398635],[-71.088748,42.398597],[-71.088817,42.398563],[-71.088888,42.398531],[-71.089226,42.398383]]}},{"type":"Feature","properties":{"name":"Shore Drive","separation_level":"track","street_classification":"medium-capacity","maxspeed_int":20.0,"lanes_int":2.0},"geometry":{"type":"LineString","coordinates":[[-71.088537,42.398708],[-71.088471,42.398744],[-71.088464,42.398748],[-71.088393,42.398782],[-71.088322,42.398814],[-71.08792,42.398987],[-71.087801,42.399034]]}},{"type":"Feature","properties":{"name":"Meacham Road","separation_level":"none","street_classification":"residential","maxspeed_int":20.0,"lanes_int":1.0},"geometry":{"type":"LineString","coordinates":[[-71.123257,42.396415],[-71.123278,42.39646],[-71.123463,42.396858],[-71.123494,42.39688],[-71.123532,42.396894],[-71.123583,42.396901],[-71.124484,42.396943]]}},{"type":"Feature","properties":{"name":"Dover Street","separation_level":"none","street_classification":"medium-capacity","maxspeed_int":20.0,"lanes_int":1.0},"geometry":{"type":"LineString","coordinates":[[-71.123257,42.396415],[-71.123497,42.396376],[-71.124056,42.396279],[-71.12412,42.396242]]}},{"type":"Feature","properties":{"name":"Dover Street","separation_level":"none","street_classification":"medium-capacity","maxspeed_int":20.0,"lanes_int":1.0},"geometry":{"type":"LineString","coordinates":[[-71.124511,42.396016],[-71.124592,42.395969],[-71.125393,42.395504],[-71.12542,42.395488],[-71.125476,42.395459]]}},{"type":"Feature","properties":{"name":"Orchard Street","separation_level":"none","street_classification":"residential","maxspeed_int":20.0,"lanes_int":1.0},"geometry":{"type":"LineString","coordinates":[[-71.126121,42.395978],[-71.126064,42.39601],[-71.126033,42.395981],[-71.125536,42.395514],[-71.125513,42.395492],[-71.125476,42.395459]]}},{"type":"Feature","properties":{"name":"Orchard Street","separation_level":"none","street_classification":"residential","maxspeed_int":20.0,"lanes_int":1.0},"geometry":{"type":"LineString","coordinates":[[-71.125476,42.395459],[-71.125429,42.395416],[-71.12487,42.39494],[-71.124847,42.39492],[-71.124802,42.394882]]}},{"type":"Feature","properties":{"name":"Orchard Street","separation_level":"none","street_classification":"residential","maxspeed_int":20.0,"lanes_int":1.0},"geometry":{"type":"LineString","coordinates":[[-71.124802,42.394882],[-71.124761,42.394848],[-71.124363,42.39452],[-71.123815,42.394094],[-71.12377,42.39406]]}},{"type":"Feature","properties":{"name":"Day Street","separation_level":"none","street_classification":"medium-capacity","maxspeed_int":20.0,"lanes_int":1.0},"geometry":{"type":"LineString","coordinates":[[-71.124802,42.394882],[-71.124751,42.394912],[-71.123198,42.395813],[-71.123111,42.395768]]}},{"type":"Feature","properties":{"name":"Kidder Avenue","separation_level":"none","street_classification":"residential","maxspeed_int":20.0,"lanes_int":2.0},"geometry":{"type":"LineString","coordinates":[[-71.110897,42.396411],[-71.110832,42.39639],[-71.110456,42.396246],[-71.110416,42.396231],[-71.110306,42.396186]]}},{"type":"Feature","properties":{"name":"Boston Avenue","separation_level":"none","street_classification":"residential","maxspeed_int":20.0,"lanes_int":1.0},"geometry":{"type":"LineString","coordinates":[[-71.110306,42.396186],[-71.111339,42.39469],[-71.111349,42.394673],[-71.111392,42.394605]]}},{"type":"Feature","properties":{"name":"Boston Avenue","separation_level":"none","street_classification":"residential","maxspeed_int":20.0,"lanes_int":1.0},"geometry":{"type":"LineString","coordinates":[[-71.110306,42.396186],[-71.109804,42.396937],[-71.109721,42.397058],[-71.109718,42.39717],[-71.109718,42.397179],[-71.109799,42.397357],[-71.110012,42.397722]]}},{"type":"Feature","properties":{"name":null,"separation_level":"none","street_classification":"motorway","maxspeed_int":null,"lanes_int":1.0},"geometry":{"type":"LineString","coordinates":[[-71.084846,42.396068],[-71.084762,42.396159],[-71.084705,42.396211],[-71.084663,42.396249],[-71.084609,42.396282],[-71.084574,42.3963],[-71.084564,42.396306],[-71.0845,42.396322],[-71.084441,42.396326],[-71.084371,42.396319],[-71.084313,42.396302]]}},{"type":"Feature","properties":{"name":"Fellsway","separation_level":"none","street_classification":"motorway","maxspeed_int":35.0,"lanes_int":3.0},"geometry":{"type":"LineString","coordinates":[[-71.084846,42.396068],[-71.08469,42.396458],[-71.084657,42.396539]]}},{"type":"Feature","properties":{"name":"Morrison Avenue","separation_level":"none","street_classification":"medium-capacity","maxspeed_int":20.0,"lanes_int":2.0},"geometry":{"type":"LineString","coordinates":[[-71.118002,42.396599],[-71.118604,42.39683]]}},{"type":"Feature","properties":{"name":"Liberty Road","separation_level":"none","street_classification":"residential","maxspeed_int":20.0,"lanes_int":1.0},"geometry":{"type":"LineString","coordinates":[[-71.118002,42.396599],[-71.117975,42.39664],[-71.117634,42.397152],[-71.117608,42.39719]]}},{"type":"Feature","properties":{"name":"Foskett Street","separation_level":"none","street_classification":"residential","maxspeed_int":20.0,"lanes_int":2.0},"geometry":{"type":"LineString","coordinates":[[-71.115731,42.397168],[-71.115791,42.39719],[-71.11648,42.397449]]}},{"type":"Feature","properties":{"name":"Lowden Avenue","separation_level":"none","street_classification":"residential","maxspeed_int":20.0,"lanes_int":1.0},"geometry":{"type":"LineString","coordinates":[[-71.115731,42.397168],[-71.115717,42.39719],[-71.115695,42.397223],[-71.115593,42.397375],[-71.115229,42.397921],[-71.115213,42.397944],[-71.115162,42.398006]]}},{"type":"Feature","properties":{"name":"Appleton Street","separation_level":"none","street_classification":"residential","maxspeed_int":20.0,"lanes_int":2.0},"geometry":{"type":"LineString","coordinates":[[-71.117121,42.396996],[-71.117608,42.39719]]}},{"type":"Feature","properties":{"name":"Clifton Street","separation_level":"none","street_classification":"residential","maxspeed_int":20.0,"lanes_int":1.0},"geometry":{"type":"LineString","coordinates":[[-71.117121,42.396996],[-71.11715,42.396954],[-71.117477,42.396479],[-71.117528,42.396402]]}},{"type":"Feature","properties":{"name":"Highland Avenue","separation_level":"none","street_classification":"medium-capacity","maxspeed_int":20.0,"lanes_int":1.0},"geometry":{"type":"LineString","coordinates":[[-71.122325,42.396486],[-71.122573,42.396508]]}},{"type":"Feature","properties":{"name":"College Avenue","separation_level":"share_busway","street_classification":"medium-capacity","maxspeed_int":20.0,"lanes_int":1.0},"geometry":{"type":"LineString","coordinates":[[-71.122325,42.396486],[-71.122376,42.396334],[-71.122409,42.39624]]}},{"type":"Feature","properties":{"name":"Holland Street","separation_level":"track","street_classification":"medium-capacity","maxspeed_int":20.0,"lanes_int":1.0},"geometry":{"type":"LineString","coordinates":[[-71.122325,42.396486],[-71.122447,42.396552],[-71.122546,42.396608],[-71.122636,42.39667],[-71.122721,42.396728]]}},{"type":"Feature","properties":{"name":"Holland Street","separation_level":"none","street_classification":"medium-capacity","maxspeed_int":20.0,"lanes_int":2.0},"geometry":{"type":"LineString","coordinates":[[-71.122573,42.396508],[-71.122409,42.39624]]}},{"type":"Feature","properties":{"name":"Dover Street","separation_level":"none","street_classification":"medium-capacity","maxspeed_int":25.0,"lanes_int":1.0},"geometry":{"type":"LineString","coordinates":[[-71.122573,42.396508],[-71.122656,42.396504],[-71.123257,42.396415]]}},{"type":"Feature","properties":{"name":"Holland Street","separation_level":"track","street_classification":"medium-capacity","maxspeed_int":20.0,"lanes_int":3.0},"geometry":{"type":"LineString","coordinates":[[-71.122721,42.396728],[-71.122883,42.396921],[-71.122919,42.396963],[-71.123404,42.397579]]}},{"type":"Feature","properties":{"name":"Holland Street","separation_level":"share_busway","street_classification":"medium-capacity","maxspeed_int":20.0,"lanes_int":2.0},"geometry":{"type":"LineString","coordinates":[[-71.122721,42.396728],[-71.12267,42.396652],[-71.122633,42.396597],[-71.122618,42.396575],[-71.122573,42.396508]]}},{"type":"Feature","properties":{"name":"Winter Street","separation_level":"none","street_classification":"residential","maxspeed_int":20.0,"lanes_int":1.0},"geometry":{"type":"LineString","coordinates":[[-71.121989,42.397036],[-71.121984,42.397047],[-71.122051,42.397076],[-71.122296,42.397185],[-71.122317,42.397155]]}},{"type":"Feature","properties":{"name":"Kingston Street","separation_level":"none","street_classification":"residential","maxspeed_int":20.0,"lanes_int":2.0},"geometry":{"type":"LineString","coordinates":[[-71.126826,42.397123],[-71.126998,42.397137],[-71.127129,42.397148]]}},{"type":"Feature","properties":{"name":"Foskett Street","separation_level":"none","street_classification":"residential","maxspeed_int":20.0,"lanes_int":2.0},"geometry":{"type":"LineString","coordinates":[[-71.11648,42.397449],[-71.117221,42.397728],[-71.117264,42.397744]]}},{"type":"Feature","properties":{"name":"Spring Street","separation_level":"none","street_classification":"residential","maxspeed_int":20.0,"lanes_int":1.0},"geometry":{"type":"LineString","coordinates":[[-71.108785,42.385001],[-71.108901,42.384818]]}},{"type":"Feature","properties":{"name":"Atherton Street","separation_level":"none","street_classification":"residential","maxspeed_int":20.0,"lanes_int":1.0},"geometry":{"type":"LineString","coordinates":[[-71.108785,42.385001],[-71.109152,42.385135],[-71.109133,42.385165]]}},{"type":"Feature","properties":{"name":"Glen Street","separation_level":"shared_lane","street_classification":"residential","maxspeed_int":20.0,"lanes_int":1.0},"geometry":{"type":"LineString","coordinates":[[-71.085543,42.385894],[-71.085565,42.385863],[-71.085668,42.385723]]}},{"type":"Feature","properties":{"name":"Medford Street","separation_level":"lane_buffered","street_classification":"medium-capacity","maxspeed_int":25.0,"lanes_int":2.0},"geometry":{"type":"LineString","coordinates":[[-71.087597,42.373868],[-71.087643,42.373791],[-71.087719,42.37385],[-71.087837,42.373945],[-71.087935,42.374024],[-71.087991,42.374074],[-71.088006,42.374087],[-71.088037,42.374119],[-71.088061,42.374156]]}},{"type":"Feature","properties":{"name":"Medford Street","separation_level":"separate","street_classification":"medium-capacity","maxspeed_int":25.0,"lanes_int":2.0},"geometry":{"type":"LineString","coordinates":[[-71.087597,42.373868],[-71.087643,42.373791],[-71.087413,42.373606],[-71.087263,42.373487],[-71.087187,42.373409]]}},{"type":"Feature","properties":{"name":null,"separation_level":"none","street_classification":"residential","maxspeed_int":null,"lanes_int":null},"geometry":{"type":"LineString","coordinates":[[-71.087597,42.373868],[-71.087551,42.373946],[-71.087507,42.374105],[-71.087596,42.374279],[-71.087637,42.374359]]}},{"type":"Feature","properties":{"name":"South Street","separation_level":"none","street_classification":"residential","maxspeed_int":25.0,"lanes_int":1.0},"geometry":{"type":"LineString","coordinates":[[-71.088061,42.374156],[-71.088097,42.374144],[-71.088104,42.374142],[-71.088157,42.374129],[-71.088213,42.374124],[-71.088267,42.374125],[-71.088374,42.374136],[-71.088501,42.37415]]}},{"type":"Feature","properties":{"name":null,"separation_level":"none","street_classification":"residential","maxspeed_int":null,"lanes_int":null},"geometry":{"type":"LineString","coordinates":[[-71.087187,42.373409],[-71.087263,42.373487],[-71.08721,42.373531],[-71.08719,42.373548],[-71.087177,42.373559],[-71.087091,42.37394]]}},{"type":"Feature","properties":{"name":null,"separation_level":"none","street_classification":"residential","maxspeed_int":null,"lanes_int":null},"geometry":{"type":"LineString","coordinates":[[-71.087187,42.373409],[-71.087096,42.373359],[-71.087063,42.373415],[-71.087047,42.373441],[-71.086975,42.373529],[-71.086902,42.373529]]}},{"type":"Feature","properties":{"name":"South Street","separation_level":"none","street_classification":"residential","maxspeed_int":25.0,"lanes_int":1.0},"geometry":{"type":"LineString","coordinates":[[-71.088501,42.37415],[-71.088627,42.374164],[-71.089565,42.374273],[-71.089584,42.374275]]}},{"type":"Feature","properties":{"name":null,"separation_level":"none","street_classification":"residential","maxspeed_int":null,"lanes_int":null},"geometry":{"type":"LineString","coordinates":[[-71.087091,42.37394],[-71.087135,42.374023],[-71.086956,42.374391],[-71.086765,42.374523],[-71.086652,42.374591],[-71.086559,42.374582],[-71.08642,42.374525],[-71.086809,42.373957],[-71.086833,42.37394],[-71.086899,42.373931],[-71.086968,42.373935],[-71.087091,42.37394]]}},{"type":"Feature","properties":{"name":null,"separation_level":"none","street_classification":"residential","maxspeed_int":null,"lanes_int":null},"geometry":{"type":"LineString","coordinates":[[-71.086902,42.373529],[-71.086828,42.373544],[-71.086463,42.373408],[-71.086097,42.373644]]}},{"type":"Feature","properties":{"name":null,"separation_level":"none","street_classification":"residential","maxspeed_int":null,"lanes_int":null},"geometry":{"type":"LineString","coordinates":[[-71.086902,42.373529],[-71.086913,42.373505],[-71.086927,42.373452],[-71.086776,42.373316],[-71.086572,42.373257],[-71.086463,42.373408],[-71.086097,42.373644]]}},{"type":"Feature","properties":{"name":null,"separation_level":"none","street_classification":"residential","maxspeed_int":null,"lanes_int":null},"geometry":{"type":"LineString","coordinates":[[-71.086902,42.373529],[-71.086975,42.373529],[-71.086323,42.374626]]}},{"type":"Feature","properties":{"name":null,"separation_level":"none","street_classification":"residential","maxspeed_int":null,"lanes_int":null},"geometry":{"type":"LineString","coordinates":[[-71.1074,42.387541],[-71.107536,42.387592],[-71.107633,42.387707],[-71.107722,42.387852]]}},{"type":"Feature","properties":{"name":"Benedict Avenue","separation_level":"none","street_classification":"residential","maxspeed_int":25.0,"lanes_int":1.0},"geometry":{"type":"LineString","coordinates":[[-71.080022,42.387392],[-71.080029,42.387349],[-71.080136,42.386764],[-71.08015,42.386684]]}},{"type":"Feature","properties":{"name":"Clarendon Avenue","separation_level":"none","street_classification":"residential","maxspeed_int":20.0,"lanes_int":1.0},"geometry":{"type":"LineString","coordinates":[[-71.128779,42.402506],[-71.130723,42.400922]]}},{"type":"Feature","properties":{"name":"Fellsway","separation_level":"none","street_classification":"motorway","maxspeed_int":null,"lanes_int":3.0},"geometry":{"type":"LineString","coordinates":[[-71.084191,42.39847],[-71.08421,42.398437],[-71.084261,42.398352],[-71.084289,42.398303],[-71.084313,42.398262],[-71.084331,42.398231],[-71.084345,42.398203],[-71.084363,42.398167],[-71.084378,42.398132],[-71.084387,42.39811],[-71.084489,42.397834],[-71.084499,42.397806],[-71.084537,42.397705],[-71.08445,42.397644]]}},{"type":"Feature","properties":{"name":null,"separation_level":"none","street_classification":"motorway","maxspeed_int":25.0,"lanes_int":2.0},"geometry":{"type":"LineString","coordinates":[[-71.084191,42.39847],[-71.084172,42.398503],[-71.084197,42.398328],[-71.084209,42.398251],[-71.084234,42.398175],[-71.084362,42.397794],[-71.084371,42.397769],[-71.084404,42.397667],[-71.08445,42.397644]]}},{"type":"Feature","properties":{"name":"Shore Drive","separation_level":"track","street_classification":"medium-capacity","maxspeed_int":25.0,"lanes_int":1.0},"geometry":{"type":"LineString","coordinates":[[-71.084191,42.39847],[-71.08421,42.398437],[-71.084427,42.398319],[-71.084486,42.398289],[-71.084539,42.398272],[-71.084595,42.398262],[-71.084661,42.398254],[-71.084722,42.398251],[-71.084787,42.398258],[-71.084885,42.398267]]}},{"type":"Feature","properties":{"name":"Harvard Street","separation_level":"none","street_classification":"residential","maxspeed_int":20.0,"lanes_int":1.0},"geometry":{"type":"LineString","coordinates":[[-71.107635,42.385298],[-71.108016,42.38473],[-71.107923,42.384698]]}},{"type":"Feature","properties":{"name":"Cleveland Street","separation_level":"none","street_classification":"residential","maxspeed_int":20.0,"lanes_int":2.0},"geometry":{"type":"LineString","coordinates":[[-71.107635,42.385298],[-71.107597,42.385285],[-71.107257,42.38516],[-71.107101,42.385111],[-71.106922,42.38507],[-71.106822,42.385047],[-71.106019,42.384768],[-71.105966,42.38475],[-71.10588,42.384748]]}},{"type":"Feature","properties":{"name":"Central Street","separation_level":"lane","street_classification":"medium-capacity","maxspeed_int":20.0,"lanes_int":2.0},"geometry":{"type":"LineString","coordinates":[[-71.105612,42.385279],[-71.1054,42.385594]]}},{"type":"Feature","properties":{"name":null,"separation_level":"none","street_classification":"residential","maxspeed_int":null,"lanes_int":null},"geometry":{"type":"LineString","coordinates":[[-71.084277,42.393274],[-71.084339,42.393339],[-71.084401,42.393404],[-71.084401,42.393467]]}},{"type":"Feature","properties":{"name":"Woodstock Street","separation_level":"none","street_classification":"residential","maxspeed_int":20.0,"lanes_int":1.0},"geometry":{"type":"LineString","coordinates":[[-71.133791,42.404042],[-71.133854,42.404088],[-71.134156,42.404315],[-71.134184,42.404336],[-71.134211,42.404354],[-71.134241,42.404368],[-71.134274,42.40438],[-71.134311,42.40439],[-71.13436,42.40439]]}},{"type":"Feature","properties":{"name":"Waterhouse Street","separation_level":"none","street_classification":"residential","maxspeed_int":20.0,"lanes_int":1.0},"geometry":{"type":"LineString","coordinates":[[-71.133791,42.404042],[-71.133756,42.404076],[-71.1317,42.405909],[-71.13164,42.405962]]}},{"type":"Feature","properties":{"name":"Belknap Street","separation_level":"none","street_classification":"residential","maxspeed_int":20.0,"lanes_int":2.0},"geometry":{"type":"LineString","coordinates":[[-71.129315,42.406333],[-71.129341,42.406297],[-71.130118,42.405199],[-71.130178,42.405117],[-71.130255,42.405174]]}},{"type":"Feature","properties":{"name":"Hamilton Road","separation_level":"none","street_classification":"residential","maxspeed_int":20.0,"lanes_int":2.0},"geometry":{"type":"LineString","coordinates":[[-71.129315,42.406333],[-71.12874,42.406135],[-71.128656,42.406105]]}},{"type":"Feature","properties":{"name":"Rufo Road","separation_level":"none","street_classification":"residential","maxspeed_int":25.0,"lanes_int":2.0},"geometry":{"type":"LineString","coordinates":[[-71.082537,42.37346],[-71.082505,42.373468],[-71.082432,42.373489],[-71.082373,42.373508],[-71.082352,42.373515],[-71.082309,42.373531],[-71.082259,42.373552],[-71.082217,42.373571],[-71.082158,42.373601],[-71.082122,42.37362],[-71.082023,42.373675],[-71.081962,42.373709]]}},{"type":"Feature","properties":{"name":"Rufo Road","separation_level":"none","street_classification":"residential","maxspeed_int":25.0,"lanes_int":2.0},"geometry":{"type":"LineString","coordinates":[[-71.082537,42.37346],[-71.082583,42.37345],[-71.0826,42.373446],[-71.082631,42.37344],[-71.08267,42.373435],[-71.082712,42.373431],[-71.082816,42.373423],[-71.082993,42.373411],[-71.083027,42.37341],[-71.083075,42.373409],[-71.083088,42.373408],[-71.083107,42.373409],[-71.083128,42.37341],[-71.083148,42.373414],[-71.083185,42.373423],[-71.083213,42.373431],[-71.083231,42.373437],[-71.083246,42.373442],[-71.083261,42.373448],[-71.083278,42.373454],[-71.083457,42.373535],[-71.083287,42.373743]]}},{"type":"Feature","properties":{"name":"McGrath Highway / Monsignor O'Brien Highway","separation_level":"track","street_classification":"motorway","maxspeed_int":30.0,"lanes_int":3.0},"geometry":{"type":"LineString","coordinates":[[-71.081962,42.373709],[-71.0819,42.373743],[-71.081981,42.373782],[-71.082137,42.373856],[-71.082576,42.374056]]}},{"type":"Feature","properties":{"name":null,"separation_level":"none","street_classification":"residential","maxspeed_int":25.0,"lanes_int":2.0},"geometry":{"type":"LineString","coordinates":[[-71.083287,42.373743],[-71.083457,42.373535],[-71.083503,42.373556],[-71.083564,42.373584],[-71.083781,42.373681]]}},{"type":"Feature","properties":{"name":null,"separation_level":"none","street_classification":"residential","maxspeed_int":null,"lanes_int":null},"geometry":{"type":"LineString","coordinates":[[-71.083287,42.373743],[-71.083341,42.373674],[-71.083134,42.373571],[-71.083087,42.373562],[-71.082666,42.373565]]}},{"type":"Feature","properties":{"name":null,"separation_level":"none","street_classification":"residential","maxspeed_int":null,"lanes_int":null},"geometry":{"type":"LineString","coordinates":[[-71.083287,42.373743],[-71.083122,42.373947],[-71.083153,42.374035],[-71.083167,42.374042],[-71.085381,42.375102],[-71.085537,42.375147],[-71.08565,42.375138],[-71.085904,42.375073],[-71.086005,42.375025],[-71.086099,42.374922]]}},{"type":"Feature","properties":{"name":"McGrath Highway","separation_level":"track","street_classification":"motorway","maxspeed_int":40.0,"lanes_int":2.0},"geometry":{"type":"LineString","coordinates":[[-71.082576,42.374056],[-71.082705,42.374114],[-71.082825,42.374169],[-71.082951,42.374227],[-71.083075,42.374285],[-71.083201,42.374343],[-71.083325,42.374401],[-71.083451,42.374459],[-71.083574,42.374515],[-71.083701,42.374573],[-71.083825,42.37463],[-71.083952,42.374687],[-71.084078,42.374744],[-71.084202,42.374802],[-71.084327,42.374862],[-71.084383,42.37489],[-71.084448,42.374922],[-71.084743,42.375073],[-71.085912,42.375672],[-71.085971,42.375704],[-71.086031,42.375736],[-71.08609,42.37577],[-71.086141,42.375805],[-71.086194,42.375846],[-71.08624,42.375886],[-71.086287,42.375931],[-71.08633,42.375975],[-71.086377,42.376022],[-71.086422,42.376065],[-71.08647,42.37611],[-71.086512,42.37615],[-71.086563,42.376194],[-71.086612,42.376233],[-71.086667,42.376274],[-71.08672,42.376311],[-71.086779,42.376349],[-71.086835,42.376382],[-71.086897,42.376416],[-71.086956,42.376445],[-71.087079,42.376505],[-71.087208,42.376566],[-71.087332,42.376626],[-71.087456,42.376685],[-71.087583,42.376746],[-71.087705,42.376805],[-71.08774,42.376821]]}},{"type":"Feature","properties":{"name":null,"separation_level":"none","street_classification":"residential","maxspeed_int":null,"lanes_int":null},"geometry":{"type":"LineString","coordinates":[[-71.082576,42.374056],[-71.082456,42.374101],[-71.082477,42.374226],[-71.082751,42.374291],[-71.083052,42.374392],[-71.083443,42.37458],[-71.083389,42.37462],[-71.083364,42.374638]]}},{"type":"Feature","properties":{"name":null,"separation_level":"none","street_classification":"residential","maxspeed_int":25.0,"lanes_int":2.0},"geometry":{"type":"LineString","coordinates":[[-71.083781,42.373681],[-71.083852,42.373713],[-71.084022,42.373789],[-71.084338,42.373898]]}},{"type":"Feature","properties":{"name":null,"separation_level":"none","street_classification":"residential","maxspeed_int":null,"lanes_int":null},"geometry":{"type":"LineString","coordinates":[[-71.083781,42.373681],[-71.083809,42.37365],[-71.083983,42.373464],[-71.084184,42.373541],[-71.084022,42.373789],[-71.084338,42.373898]]}},{"type":"Feature","properties":{"name":null,"separation_level":"none","street_classification":"residential","maxspeed_int":null,"lanes_int":null},"geometry":{"type":"LineString","coordinates":[[-71.082666,42.373565],[-71.082593,42.373578],[-71.08255,42.373594],[-71.082531,42.373619],[-71.082527,42.373652],[-71.082534,42.373677],[-71.082553,42.373698],[-71.082627,42.373764],[-71.082653,42.373782],[-71.082673,42.37379],[-71.082711,42.373792],[-71.082787,42.373791],[-71.083019,42.373789],[-71.08304,42.373793],[-71.083135,42.373795],[-71.083229,42.373814],[-71.083287,42.373743]]}},{"type":"Feature","properties":{"name":null,"separation_level":"none","street_classification":"residential","maxspeed_int":null,"lanes_int":null},"geometry":{"type":"LineString","coordinates":[[-71.082666,42.373565],[-71.082572,42.373567],[-71.082513,42.373598],[-71.082494,42.373638],[-71.082499,42.373686],[-71.082614,42.373798],[-71.082648,42.373814],[-71.082729,42.373836],[-71.082786,42.373841],[-71.083101,42.373834],[-71.083215,42.373834],[-71.083287,42.373743]]}},{"type":"Feature","properties":{"name":null,"separation_level":"none","street_classification":"residential","maxspeed_int":null,"lanes_int":null},"geometry":{"type":"LineString","coordinates":[[-71.086099,42.374922],[-71.086181,42.374833],[-71.08632,42.374631],[-71.086323,42.374626]]}},{"type":"Feature","properties":{"name":"Broadway","separation_level":"track","street_classification":"medium-capacity","maxspeed_int":25.0,"lanes_int":1.0},"geometry":{"type":"LineString","coordinates":[[-71.117429,42.400862],[-71.117305,42.400845],[-71.117245,42.400851],[-71.117204,42.400858],[-71.117136,42.400868],[-71.117107,42.400875],[-71.116966,42.400912]]}},{"type":"Feature","properties":{"name":"College Avenue","separation_level":"lane","street_classification":"medium-capacity","maxspeed_int":null,"lanes_int":2.0},"geometry":{"type":"LineString","coordinates":[[-71.117996,42.400048],[-71.118207,42.399884]]}},{"type":"Feature","properties":{"name":"Broadway","separation_level":"track","street_classification":"medium-capacity","maxspeed_int":25.0,"lanes_int":1.0},"geometry":{"type":"LineString","coordinates":[[-71.116008,42.40105],[-71.116139,42.401088],[-71.116227,42.401115],[-71.11627,42.401129],[-71.116309,42.401147],[-71.116344,42.401166],[-71.116371,42.401181],[-71.116459,42.401214]]}},{"type":"Feature","properties":{"name":"Broadway","separation_level":"separate","street_classification":"medium-capacity","maxspeed_int":25.0,"lanes_int":2.0},"geometry":{"type":"LineString","coordinates":[[-71.116008,42.40105],[-71.115921,42.401046],[-71.115709,42.40103],[-71.115599,42.401017],[-71.115506,42.401005],[-71.11534,42.400968],[-71.11532,42.400962],[-71.115073,42.400885]]}},{"type":"Feature","properties":{"name":"Warner Street","separation_level":"track","street_classification":"medium-capacity","maxspeed_int":null,"lanes_int":1.0},"geometry":{"type":"LineString","coordinates":[[-71.116459,42.401214],[-71.116371,42.401181],[-71.116275,42.401257],[-71.116246,42.40128],[-71.116174,42.401337],[-71.116137,42.401396],[-71.116082,42.401434]]}},{"type":"Feature","properties":{"name":"College Avenue","separation_level":"track","street_classification":"medium-capacity","maxspeed_int":null,"lanes_int":1.0},"geometry":{"type":"LineString","coordinates":[[-71.116459,42.401214],[-71.116543,42.401304],[-71.116642,42.401384],[-71.116678,42.401422],[-71.116697,42.401442],[-71.11678,42.401542],[-71.11684,42.401607]]}},{"type":"Feature","properties":{"name":"Powder House Square","separation_level":"track","street_classification":"medium-capacity","maxspeed_int":null,"lanes_int":1.0},"geometry":{"type":"LineString","coordinates":[[-71.116459,42.401214],[-71.116543,42.401304],[-71.116651,42.401329],[-71.116785,42.40133],[-71.116837,42.401324],[-71.116906,42.401311],[-71.116927,42.401302]]}},{"type":"Feature","properties":{"name":null,"separation_level":"none","street_classification":"residential","maxspeed_int":null,"lanes_int":null},"geometry":{"type":"LineString","coordinates":[[-71.086097,42.373644],[-71.085712,42.374147],[-71.08523,42.373984],[-71.085028,42.374093]]}},{"type":"Feature","properties":{"name":null,"separation_level":"none","street_classification":"residential","maxspeed_int":null,"lanes_int":null},"geometry":{"type":"LineString","coordinates":[[-71.086097,42.373644],[-71.085712,42.374147],[-71.085619,42.374208],[-71.085482,42.374244]]}},{"type":"Feature","properties":{"name":null,"separation_level":"none","street_classification":"residential","maxspeed_int":null,"lanes_int":null},"geometry":{"type":"LineString","coordinates":[[-71.085028,42.374093],[-71.084828,42.37398],[-71.084608,42.373888],[-71.084338,42.373898]]}},{"type":"Feature","properties":{"name":null,"separation_level":"none","street_classification":"residential","maxspeed_int":null,"lanes_int":null},"geometry":{"type":"LineString","coordinates":[[-71.085028,42.374093],[-71.084919,42.374199],[-71.08485,42.374168],[-71.084588,42.374049],[-71.084522,42.374019],[-71.084338,42.373898]]}},{"type":"Feature","properties":{"name":null,"separation_level":"none","street_classification":"residential","maxspeed_int":null,"lanes_int":null},"geometry":{"type":"LineString","coordinates":[[-71.085028,42.374093],[-71.085048,42.374256],[-71.08514,42.374294],[-71.085252,42.374305],[-71.0853,42.374292],[-71.085482,42.374244]]}},{"type":"Feature","properties":{"name":null,"separation_level":"none","street_classification":"residential","maxspeed_int":null,"lanes_int":null},"geometry":{"type":"LineString","coordinates":[[-71.085028,42.374093],[-71.085138,42.374122],[-71.085482,42.374244]]}},{"type":"Feature","properties":{"name":null,"separation_level":"none","street_classification":"residential","maxspeed_int":null,"lanes_int":null},"geometry":{"type":"LineString","coordinates":[[-71.084338,42.373898],[-71.084166,42.373854],[-71.084367,42.373605],[-71.084527,42.373663],[-71.084674,42.373554]]}},{"type":"Feature","properties":{"name":null,"separation_level":"none","street_classification":"residential","maxspeed_int":25.0,"lanes_int":2.0},"geometry":{"type":"LineString","coordinates":[[-71.084338,42.373898],[-71.084347,42.373936],[-71.084513,42.373682],[-71.084527,42.373663],[-71.084674,42.373554]]}},{"type":"Feature","properties":{"name":null,"separation_level":"none","street_classification":"residential","maxspeed_int":null,"lanes_int":null},"geometry":{"type":"LineString","coordinates":[[-71.084338,42.373898],[-71.084608,42.373888],[-71.084847,42.373522],[-71.084674,42.373554]]}},{"type":"Feature","properties":{"name":"Wigglesworth Street","separation_level":"none","street_classification":"residential","maxspeed_int":20.0,"lanes_int":1.0},"geometry":{"type":"LineString","coordinates":[[-71.091146,42.388476],[-71.091182,42.388412],[-71.09129,42.38825]]}},{"type":"Feature","properties":{"name":"McGregor Avenue","separation_level":"none","street_classification":"residential","maxspeed_int":null,"lanes_int":1.0},"geometry":{"type":"LineString","coordinates":[[-71.091146,42.388476],[-71.09111,42.388539],[-71.09117,42.388559],[-71.091663,42.388722],[-71.091762,42.388785],[-71.092203,42.388933],[-71.092261,42.388952],[-71.092241,42.388983]]}},{"type":"Feature","properties":{"name":"Central Street","separation_level":"shared_lane","street_classification":"medium-capacity","maxspeed_int":20.0,"lanes_int":2.0},"geometry":{"type":"LineString","coordinates":[[-71.098621,42.395258],[-71.098675,42.395218],[-71.098707,42.395177],[-71.098722,42.395154],[-71.098918,42.394871]]}},{"type":"Feature","properties":{"name":"Broadway","separation_level":"track","street_classification":"medium-capacity","maxspeed_int":25.0,"lanes_int":3.0},"geometry":{"type":"LineString","coordinates":[[-71.098621,42.395258],[-71.098556,42.39522],[-71.098406,42.395154],[-71.098244,42.395082]]}},{"type":"Feature","properties":{"name":"Adams Street","separation_level":"none","street_classification":"residential","maxspeed_int":20.0,"lanes_int":1.0},"geometry":{"type":"LineString","coordinates":[[-71.100026,42.394969],[-71.100043,42.394943],[-71.100368,42.394463],[-71.100658,42.394005],[-71.100948,42.393606],[-71.101119,42.39335],[-71.101137,42.393324],[-71.101185,42.39326]]}},{"type":"Feature","properties":{"name":"Central Street","separation_level":"shared_lane","street_classification":"medium-capacity","maxspeed_int":20.0,"lanes_int":2.0},"geometry":{"type":"LineString","coordinates":[[-71.098918,42.394871],[-71.099043,42.394695]]}},{"type":"Feature","properties":{"name":"Broadway","separation_level":"track","street_classification":"medium-capacity","maxspeed_int":30.0,"lanes_int":2.0},"geometry":{"type":"LineString","coordinates":[[-71.098244,42.395082],[-71.098132,42.395003],[-71.097926,42.394904],[-71.097865,42.394874],[-71.097838,42.394861],[-71.097693,42.394788],[-71.09754,42.394825]]}},{"type":"Feature","properties":{"name":null,"separation_level":"none","street_classification":"residential","maxspeed_int":null,"lanes_int":null},"geometry":{"type":"LineString","coordinates":[[-71.113781,42.388727],[-71.113773,42.388745],[-71.113776,42.388763],[-71.113786,42.388776],[-71.113808,42.388789],[-71.113836,42.388793],[-71.113857,42.388789],[-71.113868,42.388784],[-71.113882,42.388774],[-71.113889,42.388765],[-71.113893,42.38875],[-71.113891,42.388738],[-71.113883,42.388724],[-71.113875,42.388717],[-71.113857,42.388708],[-71.113845,42.388705],[-71.113824,42.388705],[-71.113805,42.388709],[-71.113788,42.388719],[-71.113781,42.388727]]}},{"type":"Feature","properties":{"name":null,"separation_level":"none","street_classification":"residential","maxspeed_int":null,"lanes_int":null},"geometry":{"type":"LineString","coordinates":[[-71.113781,42.388727],[-71.113788,42.388719],[-71.113805,42.388709],[-71.113824,42.388705],[-71.113845,42.388705],[-71.113857,42.388708],[-71.113875,42.388717],[-71.113883,42.388724],[-71.113891,42.388738],[-71.113893,42.38875],[-71.113889,42.388765],[-71.113882,42.388774],[-71.113868,42.388784],[-71.113857,42.388789],[-71.113836,42.388793],[-71.113808,42.388789],[-71.113786,42.388776],[-71.113776,42.388763],[-71.113773,42.388745],[-71.113781,42.388727]]}},{"type":"Feature","properties":{"name":"Washington Street","separation_level":"separate","street_classification":"medium-capacity","maxspeed_int":20.0,"lanes_int":2.0},"geometry":{"type":"LineString","coordinates":[[-71.100898,42.379442],[-71.100787,42.379449],[-71.100725,42.379447],[-71.100668,42.379443],[-71.100609,42.379438],[-71.10056,42.379435],[-71.10052,42.37943],[-71.100473,42.379425],[-71.100428,42.379417],[-71.100383,42.379408],[-71.100326,42.379395],[-71.100272,42.379384],[-71.100215,42.379372],[-71.100135,42.379358],[-71.099811,42.379293]]}},{"type":"Feature","properties":{"name":"Washington Street","separation_level":"separate","street_classification":"dedicated_path","maxspeed_int":null,"lanes_int":null},"geometry":{"type":"LineString","coordinates":[[-71.100898,42.379442],[-71.100794,42.379384],[-71.100744,42.379384],[-71.100719,42.379388],[-71.100669,42.379385],[-71.10064,42.379383],[-71.100599,42.37938],[-71.100561,42.379377],[-71.100542,42.379376],[-71.100531,42.379375],[-71.100508,42.379372],[-71.100485,42.379369],[-71.100463,42.379366],[-71.100423,42.379361],[-71.100375,42.379354],[-71.100199,42.379325],[-71.100143,42.379316],[-71.099811,42.379293]]}},{"type":"Feature","properties":{"name":"Bowdoin Street","separation_level":"none","street_classification":"residential","maxspeed_int":20.0,"lanes_int":1.0},"geometry":{"type":"LineString","coordinates":[[-71.100898,42.379442],[-71.100794,42.379384],[-71.100795,42.37937],[-71.10083,42.378719]]}},{"type":"Feature","properties":{"name":"Washington Street","separation_level":"separate","street_classification":"medium-capacity","maxspeed_int":20.0,"lanes_int":2.0},"geometry":{"type":"LineString","coordinates":[[-71.100898,42.379442],[-71.101017,42.379449],[-71.101088,42.379446],[-71.10116,42.379442],[-71.101239,42.379436],[-71.101298,42.379431],[-71.101346,42.379425],[-71.101419,42.379415],[-71.101421,42.379386]]}},{"type":"Feature","properties":{"name":null,"separation_level":"none","street_classification":"residential","maxspeed_int":null,"lanes_int":null},"geometry":{"type":"LineString","coordinates":[[-71.100898,42.379442],[-71.10102,42.37949],[-71.10102,42.37951],[-71.101019,42.379529],[-71.101041,42.379773],[-71.101059,42.379888],[-71.101059,42.37991]]}},{"type":"Feature","properties":{"name":"Washington Street","separation_level":"separate","street_classification":"dedicated_path","maxspeed_int":null,"lanes_int":null},"geometry":{"type":"LineString","coordinates":[[-71.100898,42.379442],[-71.10102,42.37949],[-71.101089,42.379487],[-71.101167,42.379482],[-71.101228,42.379478],[-71.101302,42.379471],[-71.101355,42.379465],[-71.101382,42.379461],[-71.101498,42.379445],[-71.101727,42.379412],[-71.101722,42.379393]]}},{"type":"Feature","properties":{"name":"Washington Street","separation_level":"separate","street_classification":"dedicated_path","maxspeed_int":null,"lanes_int":null},"geometry":{"type":"LineString","coordinates":[[-71.099811,42.379293],[-71.099612,42.379357],[-71.09966,42.379375],[-71.099724,42.379376],[-71.099746,42.379377],[-71.099782,42.379378],[-71.099813,42.37938],[-71.099853,42.379382],[-71.099894,42.379386],[-71.099951,42.379391],[-71.099984,42.379395],[-71.100012,42.379399],[-71.100027,42.379402],[-71.100072,42.37941],[-71.100101,42.379415],[-71.100168,42.379426],[-71.100192,42.37943],[-71.100213,42.379434],[-71.10029,42.379441],[-71.100439,42.379462],[-71.100544,42.379474],[-71.100582,42.379477],[-71.100621,42.37948],[-71.100656,42.379483],[-71.100752,42.379488],[-71.100801,42.379489],[-71.100854,42.379491],[-71.100897,42.379491],[-71.100935,42.379491],[-71.100978,42.379491],[-71.10102,42.37949],[-71.100898,42.379442]]}},{"type":"Feature","properties":{"name":null,"separation_level":"none","street_classification":"residential","maxspeed_int":null,"lanes_int":null},"geometry":{"type":"LineString","coordinates":[[-71.099811,42.379293],[-71.099693,42.379146],[-71.099603,42.379147],[-71.099572,42.379151],[-71.099515,42.379145],[-71.099487,42.379135],[-71.099461,42.379118],[-71.099438,42.379096],[-71.099428,42.379078],[-71.099422,42.379056],[-71.099423,42.379029],[-71.099429,42.379014],[-71.099433,42.379005],[-71.09945,42.378982],[-71.099469,42.378967],[-71.099503,42.37895],[-71.099525,42.378944],[-71.099549,42.378941],[-71.09959,42.378942],[-71.099625,42.378951],[-71.099647,42.37896],[-71.099669,42.378974],[-71.099687,42.378993],[-71.099698,42.379009],[-71.099704,42.379026],[-71.099705,42.379063],[-71.099696,42.3791],[-71.099693,42.379146]]}},{"type":"Feature","properties":{"name":null,"separation_level":"none","street_classification":"residential","maxspeed_int":null,"lanes_int":null},"geometry":{"type":"LineString","coordinates":[[-71.099811,42.379293],[-71.099693,42.379146],[-71.099696,42.3791],[-71.099705,42.379063],[-71.099704,42.379026],[-71.099698,42.379009],[-71.099687,42.378993],[-71.099669,42.378974],[-71.099647,42.37896],[-71.099625,42.378951],[-71.09959,42.378942],[-71.099549,42.378941],[-71.099525,42.378944],[-71.099503,42.37895],[-71.099469,42.378967],[-71.09945,42.378982],[-71.099433,42.379005],[-71.099429,42.379014],[-71.099423,42.379029],[-71.099422,42.379056],[-71.099428,42.379078],[-71.099438,42.379096],[-71.099461,42.379118],[-71.099487,42.379135],[-71.099515,42.379145],[-71.099572,42.379151],[-71.099603,42.379147],[-71.099693,42.379146]]}},{"type":"Feature","properties":{"name":"Washington Street","separation_level":"separate","street_classification":"dedicated_path","maxspeed_int":null,"lanes_int":null},"geometry":{"type":"LineString","coordinates":[[-71.099811,42.379293],[-71.099686,42.379272],[-71.09964,42.379272],[-71.099602,42.379272],[-71.099448,42.379279],[-71.099409,42.379281],[-71.099385,42.379282],[-71.099365,42.379283],[-71.099334,42.379286],[-71.099305,42.379288],[-71.099288,42.37929],[-71.099239,42.379295],[-71.09919,42.3793],[-71.09896,42.379324],[-71.098806,42.379341],[-71.098573,42.379367],[-71.098106,42.379415],[-71.098033,42.379422],[-71.09801,42.379425],[-71.097943,42.379431],[-71.097885,42.3795]]}},{"type":"Feature","properties":{"name":"Fremont Avenue","separation_level":"none","street_classification":"residential","maxspeed_int":20.0,"lanes_int":1.0},"geometry":{"type":"LineString","coordinates":[[-71.10083,42.378719],[-71.100792,42.378716],[-71.100223,42.378693]]}},{"type":"Feature","properties":{"name":"Washington Street","separation_level":"separate","street_classification":"dedicated_path","maxspeed_int":null,"lanes_int":null},"geometry":{"type":"LineString","coordinates":[[-71.101421,42.379386],[-71.101423,42.379356],[-71.101373,42.379363],[-71.101333,42.379367],[-71.101288,42.379371],[-71.101203,42.379378],[-71.101129,42.379383],[-71.101035,42.379388],[-71.100958,42.379391],[-71.100868,42.37939],[-71.100844,42.379384],[-71.100794,42.379384],[-71.100898,42.379442]]}},{"type":"Feature","properties":{"name":"Washington Street","separation_level":"separate","street_classification":"medium-capacity","maxspeed_int":20.0,"lanes_int":2.0},"geometry":{"type":"LineString","coordinates":[[-71.101421,42.379386],[-71.101419,42.379415],[-71.10147,42.379408],[-71.101718,42.379373],[-71.101722,42.379393]]}},{"type":"Feature","properties":{"name":"Wyatt Street / Perry Street","separation_level":"none","street_classification":"residential","maxspeed_int":20.0,"lanes_int":2.0},"geometry":{"type":"LineString","coordinates":[[-71.101421,42.379386],[-71.101423,42.379356],[-71.101425,42.379332],[-71.101497,42.378377],[-71.10152,42.377773],[-71.101378,42.377712],[-71.101241,42.377658],[-71.101188,42.377626],[-71.10116,42.377595],[-71.101141,42.377568],[-71.101126,42.377529],[-71.101124,42.377411],[-71.101124,42.377385],[-71.101122,42.377303]]}},{"type":"Feature","properties":{"name":"Washington Street","separation_level":"separate","street_classification":"medium-capacity","maxspeed_int":20.0,"lanes_int":2.0},"geometry":{"type":"LineString","coordinates":[[-71.101722,42.379393],[-71.101718,42.379373],[-71.101923,42.379344],[-71.10204,42.379327],[-71.102105,42.379317],[-71.102144,42.379311],[-71.102145,42.379275]]}},{"type":"Feature","properties":{"name":"Washington Street","separation_level":"separate","street_classification":"dedicated_path","maxspeed_int":null,"lanes_int":null},"geometry":{"type":"LineString","coordinates":[[-71.101722,42.379393],[-71.101727,42.379412],[-71.101902,42.379387],[-71.102052,42.379365],[-71.102201,42.379343],[-71.102273,42.379331],[-71.102336,42.37932],[-71.102396,42.379308],[-71.102478,42.379292],[-71.102543,42.379278],[-71.102555,42.379276],[-71.10257,42.379272],[-71.102605,42.379264],[-71.102687,42.379245],[-71.10279,42.379219],[-71.1028,42.379165]]}},{"type":"Feature","properties":{"name":"Washington Street","separation_level":"separate","street_classification":"medium-capacity","maxspeed_int":20.0,"lanes_int":2.0},"geometry":{"type":"LineString","coordinates":[[-71.102145,42.379275],[-71.102144,42.379311],[-71.102185,42.379304],[-71.102274,42.37929],[-71.102381,42.37927],[-71.102454,42.379256],[-71.102503,42.379246],[-71.102554,42.379236],[-71.102593,42.379227],[-71.102619,42.379221],[-71.102644,42.379213],[-71.102694,42.379196],[-71.102755,42.379175],[-71.102805,42.379159],[-71.1028,42.379165]]}},{"type":"Feature","properties":{"name":"Parkdale Street","separation_level":"none","street_classification":"residential","maxspeed_int":20.0,"lanes_int":1.0},"geometry":{"type":"LineString","coordinates":[[-71.102145,42.379275],[-71.102146,42.379239],[-71.102146,42.379227],[-71.102163,42.377841],[-71.102163,42.377791]]}},{"type":"Feature","properties":{"name":"Washington Street","separation_level":"separate","street_classification":"dedicated_path","maxspeed_int":null,"lanes_int":null},"geometry":{"type":"LineString","coordinates":[[-71.102145,42.379275],[-71.102146,42.379239],[-71.102096,42.379248],[-71.102072,42.379259],[-71.101486,42.379347],[-71.101423,42.379356],[-71.101421,42.379386]]}},{"type":"Feature","properties":{"name":"Washington Street","separation_level":"separate","street_classification":"dedicated_path","maxspeed_int":null,"lanes_int":null},"geometry":{"type":"LineString","coordinates":[[-71.1028,42.379165],[-71.102807,42.379112],[-71.102763,42.379123],[-71.102731,42.37913],[-71.102703,42.379137],[-71.102597,42.379162],[-71.102467,42.379191],[-71.102372,42.37921],[-71.102291,42.379226],[-71.102231,42.379237],[-71.102182,42.379233],[-71.102146,42.379239],[-71.102145,42.379275]]}},{"type":"Feature","properties":{"name":"Leland Street / Dane Avenue","separation_level":"none","street_classification":"residential","maxspeed_int":20.0,"lanes_int":1.0},"geometry":{"type":"LineString","coordinates":[[-71.1028,42.379165],[-71.10279,42.379219],[-71.102785,42.379244],[-71.102707,42.379411],[-71.102391,42.380128],[-71.102406,42.380162],[-71.102453,42.380179],[-71.102893,42.380229],[-71.103726,42.380306],[-71.103902,42.380331]]}},{"type":"Feature","properties":{"name":"Washington Street","separation_level":"separate","street_classification":"dedicated_path","maxspeed_int":null,"lanes_int":null},"geometry":{"type":"LineString","coordinates":[[-71.1028,42.379165],[-71.10279,42.379219],[-71.10326,42.379099],[-71.103355,42.379074],[-71.103385,42.379067],[-71.10361,42.379009],[-71.103635,42.379002],[-71.103699,42.378984],[-71.10397,42.378909],[-71.103978,42.378907],[-71.104069,42.378883],[-71.104071,42.37883]]}},{"type":"Feature","properties":{"name":"Washington Street","separation_level":"separate","street_classification":"medium-capacity","maxspeed_int":20.0,"lanes_int":2.0},"geometry":{"type":"LineString","coordinates":[[-71.1028,42.379165],[-71.102805,42.379159],[-71.102855,42.379142],[-71.102883,42.379133],[-71.102897,42.379129],[-71.102986,42.379107],[-71.103072,42.379084],[-71.103152,42.379063],[-71.103233,42.379042],[-71.103357,42.37901],[-71.103432,42.37899],[-71.103479,42.378978],[-71.10348,42.378956]]}},{"type":"Feature","properties":{"name":"Lewis Street","separation_level":"none","street_classification":"residential","maxspeed_int":20.0,"lanes_int":1.0},"geometry":{"type":"LineString","coordinates":[[-71.102163,42.377791],[-71.102829,42.37779]]}},{"type":"Feature","properties":{"name":"Horace Street","separation_level":"none","street_classification":"residential","maxspeed_int":25.0,"lanes_int":1.0},"geometry":{"type":"LineString","coordinates":[[-71.089584,42.374275],[-71.089565,42.374273],[-71.08956,42.374299],[-71.089439,42.374913],[-71.089432,42.374951]]}},{"type":"Feature","properties":{"name":"South Street","separation_level":"none","street_classification":"residential","maxspeed_int":25.0,"lanes_int":1.0},"geometry":{"type":"LineString","coordinates":[[-71.089584,42.374275],[-71.089603,42.374277],[-71.090233,42.374344]]}},{"type":"Feature","properties":{"name":"New Washington Street","separation_level":"none","street_classification":"residential","maxspeed_int":25.0,"lanes_int":2.0},"geometry":{"type":"LineString","coordinates":[[-71.086058,42.380483],[-71.085945,42.380423],[-71.085831,42.38037],[-71.085722,42.380332],[-71.085611,42.380303],[-71.085509,42.380284],[-71.085394,42.380272],[-71.085284,42.380262],[-71.085255,42.380261]]}},{"type":"Feature","properties":{"name":"East Somerville Station Access Path","separation_level":"separate","street_classification":"dedicated_path","maxspeed_int":null,"lanes_int":null},"geometry":{"type":"LineString","coordinates":[[-71.088167,42.380737],[-71.087746,42.380304],[-71.087668,42.380252],[-71.086977,42.379582],[-71.08688,42.379481],[-71.086864,42.379464],[-71.086826,42.379423],[-71.086809,42.379403],[-71.086772,42.379378],[-71.086744,42.379369]]}},{"type":"Feature","properties":{"name":"Tufts Street","separation_level":"lane","street_classification":"residential","maxspeed_int":20.0,"lanes_int":2.0},"geometry":{"type":"LineString","coordinates":[[-71.088324,42.381828],[-71.088619,42.382145]]}},{"type":"Feature","properties":{"name":"Joseph Street","separation_level":"none","street_classification":"residential","maxspeed_int":20.0,"lanes_int":2.0},"geometry":{"type":"LineString","coordinates":[[-71.097915,42.377667],[-71.098472,42.377972],[-71.098551,42.378017]]}},{"type":"Feature","properties":{"name":"Adrian Street","separation_level":"none","street_classification":"residential","maxspeed_int":20.0,"lanes_int":1.0},"geometry":{"type":"LineString","coordinates":[[-71.097915,42.377667],[-71.097985,42.377635],[-71.09835,42.377469],[-71.09872,42.377331],[-71.099129,42.37729],[-71.099304,42.377271],[-71.099538,42.377246],[-71.099966,42.377206],[-71.100086,42.377194]]}},{"type":"Feature","properties":{"name":"Lincoln Parkway / Clark Street","separation_level":"none","street_classification":"residential","maxspeed_int":20.0,"lanes_int":1.0},"geometry":{"type":"LineString","coordinates":[[-71.096335,42.377584],[-71.096371,42.377566],[-71.096445,42.377607],[-71.097985,42.378452],[-71.098074,42.378482],[-71.098087,42.378483],[-71.098163,42.378485]]}},{"type":"Feature","properties":{"name":"Perkins Street","separation_level":"none","street_classification":"residential","maxspeed_int":20.0,"lanes_int":2.0},"geometry":{"type":"LineString","coordinates":[[-71.081029,42.385067],[-71.080701,42.384964]]}},{"type":"Feature","properties":{"name":"Perkins Street","separation_level":"none","street_classification":"residential","maxspeed_int":20.0,"lanes_int":2.0},"geometry":{"type":"LineString","coordinates":[[-71.081029,42.385067],[-71.081384,42.385167],[-71.081473,42.385193]]}},{"type":"Feature","properties":{"name":"Mount Vernon Street","separation_level":"lane","street_classification":"residential","maxspeed_int":20.0,"lanes_int":1.0},"geometry":{"type":"LineString","coordinates":[[-71.080414,42.384108],[-71.080015,42.384643],[-71.079946,42.384711],[-71.079995,42.384727]]}},{"type":"Feature","properties":{"name":"Mount Vernon Street","separation_level":"none","street_classification":"residential","maxspeed_int":20.0,"lanes_int":1.0},"geometry":{"type":"LineString","coordinates":[[-71.081416,42.382708],[-71.081858,42.382094],[-71.081944,42.381981]]}},{"type":"Feature","properties":{"name":"Park Street","separation_level":"lane","street_classification":"medium-capacity","maxspeed_int":20.0,"lanes_int":2.0},"geometry":{"type":"LineString","coordinates":[[-71.107636,42.380988],[-71.107337,42.381238],[-71.107284,42.381297]]}},{"type":"Feature","properties":{"name":"Eliot Street","separation_level":"none","street_classification":"residential","maxspeed_int":20.0,"lanes_int":2.0},"geometry":{"type":"LineString","coordinates":[[-71.107636,42.380988],[-71.107585,42.380951],[-71.106834,42.380358],[-71.106802,42.380332]]}},{"type":"Feature","properties":{"name":"Wellington Undercarriage","separation_level":"separate","street_classification":"dedicated_path","maxspeed_int":null,"lanes_int":null},"geometry":{"type":"LineString","coordinates":[[-71.083633,42.398198],[-71.083665,42.398252],[-71.083646,42.398356],[-71.083577,42.398698],[-71.083575,42.398758],[-71.083582,42.3988],[-71.083605,42.39884],[-71.083638,42.398873],[-71.083681,42.398902],[-71.083736,42.398922],[-71.083991,42.398984],[-71.08405,42.398992],[-71.084107,42.398991],[-71.084161,42.398983],[-71.084208,42.398969],[-71.084248,42.398949],[-71.084721,42.398651],[-71.084756,42.398634],[-71.084788,42.398622]]}},{"type":"Feature","properties":{"name":null,"separation_level":"separate","street_classification":"dedicated_path","maxspeed_int":null,"lanes_int":null},"geometry":{"type":"LineString","coordinates":[[-71.083633,42.398198],[-71.083687,42.39814],[-71.083701,42.39805],[-71.083711,42.397997],[-71.083709,42.397939],[-71.083708,42.397899],[-71.083701,42.397838],[-71.08369,42.3978],[-71.083679,42.397774],[-71.08366,42.397747],[-71.083634,42.397663]]}},{"type":"Feature","properties":{"name":null,"separation_level":"none","street_classification":"dedicated_path","maxspeed_int":null,"lanes_int":null},"geometry":{"type":"LineString","coordinates":[[-71.083633,42.398198],[-71.083629,42.398172],[-71.083584,42.398081],[-71.083594,42.397948],[-71.083599,42.397866],[-71.083585,42.397761],[-71.083598,42.397667],[-71.083634,42.397663]]}},{"type":"Feature","properties":{"name":null,"separation_level":"separate","street_classification":"dedicated_path","maxspeed_int":null,"lanes_int":null},"geometry":{"type":"LineString","coordinates":[[-71.084788,42.398622],[-71.084825,42.398611],[-71.084866,42.398605],[-71.084907,42.398602],[-71.085027,42.398605],[-71.085066,42.398602]]}},{"type":"Feature","properties":{"name":null,"separation_level":"separate","street_classification":"dedicated_path","maxspeed_int":null,"lanes_int":null},"geometry":{"type":"LineString","coordinates":[[-71.083634,42.397663],[-71.083549,42.397632],[-71.083501,42.397607],[-71.083451,42.397584],[-71.082719,42.39728]]}},{"type":"Feature","properties":{"name":null,"separation_level":"none","street_classification":"residential","maxspeed_int":null,"lanes_int":null},"geometry":{"type":"LineString","coordinates":[[-71.124527,42.397532],[-71.124492,42.397495],[-71.124353,42.397466],[-71.124287,42.39748],[-71.123862,42.397797],[-71.123854,42.397833],[-71.123876,42.39788],[-71.123933,42.397942],[-71.124,42.397956],[-71.12407,42.39792],[-71.124096,42.397902],[-71.124156,42.397944]]}},{"type":"Feature","properties":{"name":"Alewife Linear Park","separation_level":"separate","street_classification":"dedicated_path","maxspeed_int":null,"lanes_int":null},"geometry":{"type":"LineString","coordinates":[[-71.127534,42.397652],[-71.127527,42.39758],[-71.127554,42.397545],[-71.127587,42.397532],[-71.12764,42.397514],[-71.127777,42.397509],[-71.127871,42.397538],[-71.127908,42.397597],[-71.127907,42.397684],[-71.127631,42.397661],[-71.127534,42.397652]]}},{"type":"Feature","properties":{"name":"Alewife Linear Park","separation_level":"separate","street_classification":"dedicated_path","maxspeed_int":null,"lanes_int":null},"geometry":{"type":"LineString","coordinates":[[-71.127534,42.397652],[-71.127631,42.397661],[-71.127907,42.397684],[-71.127908,42.397597],[-71.127871,42.397538],[-71.127777,42.397509],[-71.12764,42.397514],[-71.127587,42.397532],[-71.127554,42.397545],[-71.127527,42.39758],[-71.127534,42.397652]]}},{"type":"Feature","properties":{"name":"Auburn Street","separation_level":"none","street_classification":"medium-capacity","maxspeed_int":null,"lanes_int":2.0},"geometry":{"type":"LineString","coordinates":[[-71.127233,42.417808],[-71.127116,42.417821],[-71.127015,42.417828],[-71.126912,42.417832],[-71.126835,42.417832],[-71.126755,42.417827],[-71.126669,42.41781],[-71.126471,42.417748]]}},{"type":"Feature","properties":{"name":"Mystic Valley Parkway","separation_level":"none","street_classification":"medium-capacity","maxspeed_int":30.0,"lanes_int":4.0},"geometry":{"type":"LineString","coordinates":[[-71.127233,42.417808],[-71.127334,42.41778],[-71.127424,42.417753],[-71.127518,42.417721],[-71.127631,42.417682],[-71.12772,42.41765]]}},{"type":"Feature","properties":{"name":"Mystic Valley Parkway","separation_level":"none","street_classification":"medium-capacity","maxspeed_int":30.0,"lanes_int":4.0},"geometry":{"type":"LineString","coordinates":[[-71.127233,42.417808],[-71.127154,42.417825],[-71.127085,42.417845],[-71.12702,42.417868],[-71.126974,42.417893],[-71.126922,42.417921],[-71.126862,42.417959],[-71.126829,42.417999]]}},{"type":"Feature","properties":{"name":"Auburn Street","separation_level":"none","street_classification":"medium-capacity","maxspeed_int":null,"lanes_int":2.0},"geometry":{"type":"LineString","coordinates":[[-71.126471,42.417748],[-71.126462,42.417747],[-71.126562,42.417834],[-71.126694,42.417953],[-71.126797,42.41804],[-71.126829,42.417999]]}},{"type":"Feature","properties":{"name":null,"separation_level":"none","street_classification":"residential","maxspeed_int":null,"lanes_int":null},"geometry":{"type":"LineString","coordinates":[[-71.12772,42.41765],[-71.127599,42.41762],[-71.127514,42.417594],[-71.127456,42.417581],[-71.127376,42.417522],[-71.127311,42.417439],[-71.127256,42.417334],[-71.127205,42.417312],[-71.126934,42.417336]]}},{"type":"Feature","properties":{"name":"Mystic Valley Parkway","separation_level":"none","street_classification":"medium-capacity","maxspeed_int":30.0,"lanes_int":4.0},"geometry":{"type":"LineString","coordinates":[[-71.12772,42.41765],[-71.12787,42.417586],[-71.128014,42.417523],[-71.128136,42.417456],[-71.128254,42.417388],[-71.128406,42.4173],[-71.128541,42.417219],[-71.128638,42.417158],[-71.128745,42.417088],[-71.1288,42.417051]]}},{"type":"Feature","properties":{"name":"Auburn Street","separation_level":"none","street_classification":"medium-capacity","maxspeed_int":null,"lanes_int":2.0},"geometry":{"type":"LineString","coordinates":[[-71.126829,42.417999],[-71.126862,42.417959],[-71.126782,42.417899],[-71.126669,42.41781],[-71.126471,42.417748]]}},{"type":"Feature","properties":{"name":null,"separation_level":"none","street_classification":"residential","maxspeed_int":null,"lanes_int":null},"geometry":{"type":"LineString","coordinates":[[-71.126934,42.417336],[-71.126876,42.417342],[-71.126929,42.417609],[-71.126824,42.417607]]}},{"type":"Feature","properties":{"name":null,"separation_level":"none","street_classification":"residential","maxspeed_int":null,"lanes_int":null},"geometry":{"type":"LineString","coordinates":[[-71.126934,42.417336],[-71.127101,42.41733],[-71.127139,42.417567],[-71.127002,42.417608],[-71.126929,42.417609],[-71.126824,42.417607]]}},{"type":"Feature","properties":{"name":null,"separation_level":"none","street_classification":"residential","maxspeed_int":null,"lanes_int":null},"geometry":{"type":"LineString","coordinates":[[-71.126934,42.417336],[-71.126653,42.417353],[-71.126719,42.417604],[-71.126824,42.417607]]}},{"type":"Feature","properties":{"name":null,"separation_level":"none","street_classification":"residential","maxspeed_int":null,"lanes_int":null},"geometry":{"type":"LineString","coordinates":[[-71.126934,42.417336],[-71.126653,42.417353],[-71.126411,42.417368]]}},{"type":"Feature","properties":{"name":"Mystic Valley Parkway","separation_level":"none","street_classification":"medium-capacity","maxspeed_int":30.0,"lanes_int":4.0},"geometry":{"type":"LineString","coordinates":[[-71.1288,42.417051],[-71.128859,42.41701],[-71.128968,42.416931],[-71.129029,42.41688],[-71.128975,42.41681]]}},{"type":"Feature","properties":{"name":null,"separation_level":"none","street_classification":"residential","maxspeed_int":null,"lanes_int":null},"geometry":{"type":"LineString","coordinates":[[-71.1288,42.417051],[-71.128727,42.41699],[-71.128155,42.416571],[-71.128042,42.416493]]}},{"type":"Feature","properties":{"name":"Walnut Street","separation_level":"none","street_classification":"residential","maxspeed_int":20.0,"lanes_int":2.0},"geometry":{"type":"LineString","coordinates":[[-71.093301,42.38664],[-71.09338,42.386708],[-71.09334,42.386818],[-71.093295,42.387],[-71.093205,42.387261],[-71.093191,42.387378]]}},{"type":"Feature","properties":{"name":"Bonair Street","separation_level":"none","street_classification":"residential","maxspeed_int":25.0,"lanes_int":2.0},"geometry":{"type":"LineString","coordinates":[[-71.091927,42.389438],[-71.091976,42.389364],[-71.091866,42.389327],[-71.090844,42.388983]]}},{"type":"Feature","properties":{"name":"Walnut Street","separation_level":"none","street_classification":"residential","maxspeed_int":20.0,"lanes_int":2.0},"geometry":{"type":"LineString","coordinates":[[-71.091927,42.389438],[-71.091879,42.389511],[-71.0915,42.389956],[-71.091455,42.390017]]}},{"type":"Feature","properties":{"name":"Sargent Avenue","separation_level":"none","street_classification":"residential","maxspeed_int":20.0,"lanes_int":1.0},"geometry":{"type":"LineString","coordinates":[[-71.091927,42.389438],[-71.091879,42.389511],[-71.091932,42.389552],[-71.093284,42.390471],[-71.093338,42.390513],[-71.093354,42.390557],[-71.093325,42.390611],[-71.093289,42.390662],[-71.092705,42.391096]]}},{"type":"Feature","properties":{"name":"Bonair Street","separation_level":"none","street_classification":"residential","maxspeed_int":25.0,"lanes_int":2.0},"geometry":{"type":"LineString","coordinates":[[-71.090844,42.388983],[-71.090246,42.388795]]}},{"type":"Feature","properties":{"name":"Wigglesworth Street","separation_level":"none","street_classification":"residential","maxspeed_int":20.0,"lanes_int":1.0},"geometry":{"type":"LineString","coordinates":[[-71.090844,42.388983],[-71.090872,42.388936],[-71.09111,42.388539],[-71.091146,42.388476]]}},{"type":"Feature","properties":{"name":"Sargent Avenue","separation_level":"none","street_classification":"residential","maxspeed_int":20.0,"lanes_int":1.0},"geometry":{"type":"LineString","coordinates":[[-71.092705,42.391096],[-71.091988,42.391642],[-71.091929,42.391687],[-71.09171,42.391629]]}},{"type":"Feature","properties":{"name":"Sherman Court","separation_level":"none","street_classification":"dedicated_path","maxspeed_int":null,"lanes_int":null},"geometry":{"type":"LineString","coordinates":[[-71.092705,42.391096],[-71.09278,42.391126],[-71.093077,42.391231],[-71.0932,42.391262],[-71.093262,42.391276],[-71.093317,42.39129],[-71.093371,42.391308],[-71.093435,42.391329],[-71.09348,42.391345],[-71.093536,42.391362],[-71.093642,42.391396],[-71.093687,42.391411],[-71.093675,42.39143]]}},{"type":"Feature","properties":{"name":"Melvin Street","separation_level":"none","street_classification":"residential","maxspeed_int":20.0,"lanes_int":1.0},"geometry":{"type":"LineString","coordinates":[[-71.090246,42.388795],[-71.090214,42.388849],[-71.089954,42.389284],[-71.08932,42.390006],[-71.089243,42.390095]]}},{"type":"Feature","properties":{"name":"Stone Avenue","separation_level":"none","street_classification":"residential","maxspeed_int":20.0,"lanes_int":1.0},"geometry":{"type":"LineString","coordinates":[[-71.095302,42.380458],[-71.09442,42.381304],[-71.094364,42.381348]]}},{"type":"Feature","properties":{"name":"Fenwick Street","separation_level":"none","street_classification":"residential","maxspeed_int":20.0,"lanes_int":1.0},"geometry":{"type":"LineString","coordinates":[[-71.09602,42.393991],[-71.096,42.394043],[-71.095964,42.39409],[-71.095947,42.394108],[-71.095235,42.394895],[-71.095193,42.394941]]}},{"type":"Feature","properties":{"name":"Broadway","separation_level":"track","street_classification":"medium-capacity","maxspeed_int":25.0,"lanes_int":2.0},"geometry":{"type":"LineString","coordinates":[[-71.09602,42.393991],[-71.096,42.394043],[-71.096099,42.394109],[-71.096744,42.394446]]}},{"type":"Feature","properties":{"name":"Broadway","separation_level":"share_busway","street_classification":"medium-capacity","maxspeed_int":25.0,"lanes_int":2.0},"geometry":{"type":"LineString","coordinates":[[-71.09602,42.393991],[-71.096041,42.393939],[-71.095629,42.393725],[-71.095266,42.393537],[-71.095244,42.393612]]}},{"type":"Feature","properties":{"name":"Thurston Street","separation_level":"none","street_classification":"residential","maxspeed_int":25.0,"lanes_int":1.0},"geometry":{"type":"LineString","coordinates":[[-71.09602,42.393991],[-71.096041,42.393939],[-71.096084,42.393878],[-71.0962,42.39371]]}},{"type":"Feature","properties":{"name":"Heath Street","separation_level":"none","street_classification":"residential","maxspeed_int":20.0,"lanes_int":1.0},"geometry":{"type":"LineString","coordinates":[[-71.095193,42.394941],[-71.095151,42.39492],[-71.093253,42.393972]]}},{"type":"Feature","properties":{"name":"Heath Street","separation_level":"none","street_classification":"residential","maxspeed_int":20.0,"lanes_int":2.0},"geometry":{"type":"LineString","coordinates":[[-71.095193,42.394941],[-71.095245,42.394967],[-71.095874,42.395278],[-71.095927,42.395304]]}},{"type":"Feature","properties":{"name":"Fenwick Street","separation_level":"none","street_classification":"residential","maxspeed_int":20.0,"lanes_int":1.0},"geometry":{"type":"LineString","coordinates":[[-71.095193,42.394941],[-71.095152,42.394986],[-71.094611,42.395568],[-71.094558,42.395622]]}},{"type":"Feature","properties":{"name":"Broadway","separation_level":"track","street_classification":"medium-capacity","maxspeed_int":30.0,"lanes_int":2.0},"geometry":{"type":"LineString","coordinates":[[-71.096744,42.394446],[-71.096937,42.394549],[-71.097199,42.394676],[-71.097349,42.394747],[-71.097387,42.394765],[-71.09754,42.394825]]}},{"type":"Feature","properties":{"name":null,"separation_level":"none","street_classification":"residential","maxspeed_int":null,"lanes_int":null},"geometry":{"type":"LineString","coordinates":[[-71.0962,42.39371],[-71.09626,42.393735],[-71.096664,42.393905]]}},{"type":"Feature","properties":{"name":"Thurston Street","separation_level":"none","street_classification":"residential","maxspeed_int":25.0,"lanes_int":1.0},"geometry":{"type":"LineString","coordinates":[[-71.0962,42.39371],[-71.096916,42.392663],[-71.097374,42.392019]]}},{"type":"Feature","properties":{"name":"Bond Street","separation_level":"none","street_classification":"residential","maxspeed_int":20.0,"lanes_int":1.0},"geometry":{"type":"LineString","coordinates":[[-71.095927,42.395304],[-71.095964,42.395265],[-71.096673,42.394521],[-71.096695,42.394497],[-71.09672,42.394471],[-71.096744,42.394446]]}},{"type":"Feature","properties":{"name":"Jaques Street","separation_level":"none","street_classification":"residential","maxspeed_int":20.0,"lanes_int":1.0},"geometry":{"type":"LineString","coordinates":[[-71.094558,42.395622],[-71.095241,42.395965]]}},{"type":"Feature","properties":{"name":"Broadway","separation_level":"none","street_classification":"residential","maxspeed_int":15.0,"lanes_int":null},"geometry":{"type":"LineString","coordinates":[[-71.09754,42.394825],[-71.097634,42.394864],[-71.097695,42.394919],[-71.097773,42.394988],[-71.097853,42.395029],[-71.098107,42.395162],[-71.098407,42.395294],[-71.098685,42.395417],[-71.099188,42.395639],[-71.099249,42.395663],[-71.099917,42.395962],[-71.10028,42.396126],[-71.100448,42.396202],[-71.100483,42.396217],[-71.100524,42.396231],[-71.10109,42.396426]]}},{"type":"Feature","properties":{"name":"Broadway","separation_level":"track","street_classification":"medium-capacity","maxspeed_int":25.0,"lanes_int":null},"geometry":{"type":"LineString","coordinates":[[-71.09754,42.394825],[-71.097634,42.394864],[-71.097791,42.394928],[-71.09809,42.395056],[-71.098244,42.395082]]}},{"type":"Feature","properties":{"name":"Broadway","separation_level":"share_busway","street_classification":"medium-capacity","maxspeed_int":25.0,"lanes_int":1.0},"geometry":{"type":"LineString","coordinates":[[-71.09754,42.394825],[-71.097693,42.394788],[-71.097469,42.394666],[-71.097045,42.394458]]}},{"type":"Feature","properties":{"name":"Main Street","separation_level":"none","street_classification":"medium-capacity","maxspeed_int":null,"lanes_int":1.0},"geometry":{"type":"LineString","coordinates":[[-71.09754,42.394825],[-71.0975,42.394901],[-71.097638,42.395076]]}},{"type":"Feature","properties":{"name":"Charlestown Street","separation_level":"none","street_classification":"residential","maxspeed_int":25.0,"lanes_int":2.0},"geometry":{"type":"LineString","coordinates":[[-71.092572,42.37679],[-71.091956,42.37679]]}},{"type":"Feature","properties":{"name":"Charlestown Street","separation_level":"none","street_classification":"residential","maxspeed_int":25.0,"lanes_int":2.0},"geometry":{"type":"LineString","coordinates":[[-71.092572,42.37679],[-71.092906,42.376825],[-71.093301,42.376869]]}},{"type":"Feature","properties":{"name":"Charlestown Street","separation_level":"none","street_classification":"residential","maxspeed_int":25.0,"lanes_int":2.0},"geometry":{"type":"LineString","coordinates":[[-71.091956,42.37679],[-71.091916,42.37679],[-71.091634,42.37679],[-71.091566,42.376797],[-71.091512,42.376829]]}},{"type":"Feature","properties":{"name":null,"separation_level":"none","street_classification":"residential","maxspeed_int":null,"lanes_int":null},"geometry":{"type":"LineString","coordinates":[[-71.091956,42.37679],[-71.091956,42.376809],[-71.091951,42.377048],[-71.091945,42.377054],[-71.09194,42.377057]]}},{"type":"Feature","properties":{"name":"Allen Street","separation_level":"none","street_classification":"residential","maxspeed_int":20.0,"lanes_int":1.0},"geometry":{"type":"LineString","coordinates":[[-71.093301,42.376869],[-71.093235,42.377461],[-71.093272,42.37753]]}},{"type":"Feature","properties":{"name":"Charlestown Place","separation_level":"none","street_classification":"residential","maxspeed_int":25.0,"lanes_int":2.0},"geometry":{"type":"LineString","coordinates":[[-71.093301,42.376869],[-71.093348,42.376874],[-71.093362,42.376876],[-71.093382,42.37688],[-71.093401,42.376885],[-71.093706,42.377024],[-71.093728,42.377037],[-71.093747,42.377051],[-71.093764,42.377067],[-71.093781,42.377087],[-71.093792,42.377107],[-71.093835,42.377206]]}},{"type":"Feature","properties":{"name":"Merriam Street","separation_level":"none","street_classification":"residential","maxspeed_int":20.0,"lanes_int":2.0},"geometry":{"type":"LineString","coordinates":[[-71.091512,42.376829],[-71.091499,42.376956],[-71.091526,42.377063]]}},{"type":"Feature","properties":{"name":null,"separation_level":"none","street_classification":"residential","maxspeed_int":null,"lanes_int":null},"geometry":{"type":"LineString","coordinates":[[-71.09194,42.377057],[-71.091933,42.37706],[-71.091915,42.377065],[-71.091526,42.377063]]}},{"type":"Feature","properties":{"name":"Milk Alley","separation_level":"none","street_classification":"residential","maxspeed_int":null,"lanes_int":null},"geometry":{"type":"LineString","coordinates":[[-71.093835,42.377206],[-71.093814,42.377236],[-71.0938,42.377266],[-71.093791,42.3773],[-71.093786,42.377333],[-71.093782,42.377372],[-71.093783,42.37741],[-71.093823,42.377794],[-71.093826,42.377884],[-71.093826,42.377985],[-71.093827,42.378005]]}},{"type":"Feature","properties":{"name":"Grant Street","separation_level":"none","street_classification":"residential","maxspeed_int":20.0,"lanes_int":1.0},"geometry":{"type":"LineString","coordinates":[[-71.090056,42.392875],[-71.089971,42.392936],[-71.08939,42.393368],[-71.089319,42.393422]]}},{"type":"Feature","properties":{"name":"Jaques Street","separation_level":"none","street_classification":"residential","maxspeed_int":20.0,"lanes_int":2.0},"geometry":{"type":"LineString","coordinates":[[-71.090056,42.392875],[-71.089962,42.392801],[-71.089507,42.39247],[-71.089438,42.392417]]}},{"type":"Feature","properties":{"name":"Jaques Street","separation_level":"none","street_classification":"residential","maxspeed_int":20.0,"lanes_int":2.0},"geometry":{"type":"LineString","coordinates":[[-71.090056,42.392875],[-71.090163,42.39295],[-71.091959,42.394295],[-71.092022,42.394342]]}},{"type":"Feature","properties":{"name":"Wheatland Street","separation_level":"none","street_classification":"residential","maxspeed_int":20.0,"lanes_int":1.0},"geometry":{"type":"LineString","coordinates":[[-71.089438,42.392417],[-71.089352,42.392483],[-71.088698,42.39296]]}},{"type":"Feature","properties":{"name":"Jaques Street","separation_level":"none","street_classification":"residential","maxspeed_int":20.0,"lanes_int":2.0},"geometry":{"type":"LineString","coordinates":[[-71.089438,42.392417],[-71.08936,42.392359],[-71.088835,42.391958],[-71.088773,42.391908]]}},{"type":"Feature","properties":{"name":"Wheatland Street","separation_level":"none","street_classification":"residential","maxspeed_int":20.0,"lanes_int":1.0},"geometry":{"type":"LineString","coordinates":[[-71.089438,42.392417],[-71.089533,42.392348],[-71.090808,42.391406],[-71.090917,42.391325],[-71.091026,42.391217]]}},{"type":"Feature","properties":{"name":"Temple Street","separation_level":"lane","street_classification":"medium-capacity","maxspeed_int":25.0,"lanes_int":2.0},"geometry":{"type":"LineString","coordinates":[[-71.092022,42.394342],[-71.091984,42.394397],[-71.091841,42.394603]]}},{"type":"Feature","properties":{"name":"Jaques Street","separation_level":"none","street_classification":"residential","maxspeed_int":20.0,"lanes_int":1.0},"geometry":{"type":"LineString","coordinates":[[-71.092022,42.394342],[-71.092114,42.394388],[-71.092914,42.394796]]}},{"type":"Feature","properties":{"name":"Mallet Street","separation_level":"none","street_classification":"residential","maxspeed_int":20.0,"lanes_int":1.0},"geometry":{"type":"LineString","coordinates":[[-71.115027,42.399613],[-71.11497,42.399592],[-71.114323,42.399355],[-71.114282,42.39934]]}},{"type":"Feature","properties":{"name":"Bay State Avenue","separation_level":"none","street_classification":"residential","maxspeed_int":20.0,"lanes_int":1.0},"geometry":{"type":"LineString","coordinates":[[-71.115027,42.399613],[-71.115047,42.399583],[-71.115584,42.398783],[-71.115856,42.398377],[-71.115871,42.398357],[-71.115918,42.398289]]}},{"type":"Feature","properties":{"name":"Mallet Street","separation_level":"none","street_classification":"residential","maxspeed_int":20.0,"lanes_int":1.0},"geometry":{"type":"LineString","coordinates":[[-71.114282,42.39934],[-71.114214,42.399315],[-71.113554,42.399074],[-71.113523,42.399063],[-71.11344,42.399033]]}},{"type":"Feature","properties":{"name":"Lowden Avenue","separation_level":"none","street_classification":"residential","maxspeed_int":20.0,"lanes_int":1.0},"geometry":{"type":"LineString","coordinates":[[-71.114282,42.39934],[-71.11425,42.399388],[-71.113649,42.400288],[-71.113635,42.400309],[-71.113585,42.400384]]}},{"type":"Feature","properties":{"name":"Bay State Avenue","separation_level":"none","street_classification":"residential","maxspeed_int":20.0,"lanes_int":1.0},"geometry":{"type":"LineString","coordinates":[[-71.115918,42.398289],[-71.115967,42.398215],[-71.11644,42.397509],[-71.11648,42.397449]]}},{"type":"Feature","properties":{"name":"Kidder Avenue","separation_level":"none","street_classification":"residential","maxspeed_int":20.0,"lanes_int":2.0},"geometry":{"type":"LineString","coordinates":[[-71.115918,42.398289],[-71.116002,42.398317],[-71.116637,42.398546],[-71.116701,42.398568]]}},{"type":"Feature","properties":{"name":"Kidder Avenue","separation_level":"none","street_classification":"residential","maxspeed_int":20.0,"lanes_int":2.0},"geometry":{"type":"LineString","coordinates":[[-71.116701,42.398568],[-71.116769,42.398596],[-71.117324,42.398811],[-71.117582,42.39891]]}},{"type":"Feature","properties":{"name":"Liberty Avenue","separation_level":"none","street_classification":"residential","maxspeed_int":20.0,"lanes_int":1.0},"geometry":{"type":"LineString","coordinates":[[-71.116701,42.398568],[-71.116647,42.398645],[-71.115938,42.399643]]}},{"type":"Feature","properties":{"name":"Liberty Avenue","separation_level":"none","street_classification":"residential","maxspeed_int":20.0,"lanes_int":2.0},"geometry":{"type":"LineString","coordinates":[[-71.116701,42.398568],[-71.116737,42.398515],[-71.117091,42.398006]]}},{"type":"Feature","properties":{"name":"Century Street","separation_level":"none","street_classification":"residential","maxspeed_int":20.0,"lanes_int":2.0},"geometry":{"type":"LineString","coordinates":[[-71.09703,42.396853],[-71.096791,42.397134],[-71.096647,42.397297]]}},{"type":"Feature","properties":{"name":"Edgar Court","separation_level":"none","street_classification":"residential","maxspeed_int":25.0,"lanes_int":2.0},"geometry":{"type":"LineString","coordinates":[[-71.096147,42.397032],[-71.096233,42.397077],[-71.096603,42.397274],[-71.096647,42.397297]]}},{"type":"Feature","properties":{"name":"Edgar Avenue","separation_level":"none","street_classification":"residential","maxspeed_int":20.0,"lanes_int":2.0},"geometry":{"type":"LineString","coordinates":[[-71.096147,42.397032],[-71.096073,42.397123],[-71.095927,42.397271],[-71.095887,42.397311]]}},{"type":"Feature","properties":{"name":"Century Street","separation_level":"none","street_classification":"residential","maxspeed_int":20.0,"lanes_int":2.0},"geometry":{"type":"LineString","coordinates":[[-71.096647,42.397297],[-71.096594,42.397357],[-71.096444,42.397538],[-71.096421,42.397566]]}},{"type":"Feature","properties":{"name":"Somerville Avenue","separation_level":"lane","street_classification":"medium-capacity","maxspeed_int":25.0,"lanes_int":2.0},"geometry":{"type":"LineString","coordinates":[[-71.111088,42.384294],[-71.110986,42.384259],[-71.110666,42.384166],[-71.110387,42.384105]]}},{"type":"Feature","properties":{"name":"Somerville Avenue","separation_level":"lane","street_classification":"medium-capacity","maxspeed_int":25.0,"lanes_int":2.0},"geometry":{"type":"LineString","coordinates":[[-71.111088,42.384294],[-71.111191,42.384329],[-71.111406,42.384404],[-71.11152,42.384448]]}},{"type":"Feature","properties":{"name":"Somerville Avenue","separation_level":"track","street_classification":"medium-capacity","maxspeed_int":25.0,"lanes_int":2.0},"geometry":{"type":"LineString","coordinates":[[-71.110387,42.384105],[-71.11034,42.384095],[-71.109939,42.384002],[-71.109704,42.383953],[-71.10975,42.383873]]}},{"type":"Feature","properties":{"name":null,"separation_level":"none","street_classification":"residential","maxspeed_int":null,"lanes_int":null},"geometry":{"type":"LineString","coordinates":[[-71.110387,42.384105],[-71.110422,42.384028],[-71.110461,42.383925]]}},{"type":"Feature","properties":{"name":"Somerville Avenue","separation_level":"lane","street_classification":"medium-capacity","maxspeed_int":25.0,"lanes_int":2.0},"geometry":{"type":"LineString","coordinates":[[-71.11152,42.384448],[-71.111595,42.384478],[-71.111659,42.384503],[-71.111719,42.384529],[-71.111775,42.384554],[-71.111824,42.384578]]}},{"type":"Feature","properties":{"name":"Grove Street","separation_level":"none","street_classification":"residential","maxspeed_int":20.0,"lanes_int":1.0},"geometry":{"type":"LineString","coordinates":[[-71.119559,42.397211],[-71.119599,42.39715],[-71.119843,42.396761]]}},{"type":"Feature","properties":{"name":"Morrison Avenue","separation_level":"none","street_classification":"medium-capacity","maxspeed_int":20.0,"lanes_int":2.0},"geometry":{"type":"LineString","coordinates":[[-71.119559,42.397211],[-71.119278,42.397101],[-71.118887,42.396948]]}},{"type":"Feature","properties":{"name":"Morrison Avenue","separation_level":"none","street_classification":"medium-capacity","maxspeed_int":20.0,"lanes_int":2.0},"geometry":{"type":"LineString","coordinates":[[-71.119559,42.397211],[-71.120515,42.39759],[-71.120803,42.397705],[-71.120885,42.397738]]}},{"type":"Feature","properties":{"name":"Morrison Avenue","separation_level":"none","street_classification":"medium-capacity","maxspeed_int":20.0,"lanes_int":2.0},"geometry":{"type":"LineString","coordinates":[[-71.118887,42.396948],[-71.118604,42.39683]]}},{"type":"Feature","properties":{"name":null,"separation_level":"none","street_classification":"residential","maxspeed_int":null,"lanes_int":null},"geometry":{"type":"LineString","coordinates":[[-71.120885,42.397738],[-71.120803,42.397705],[-71.120771,42.39775],[-71.120493,42.398143]]}},{"type":"Feature","properties":{"name":"Morrison Avenue","separation_level":"none","street_classification":"medium-capacity","maxspeed_int":20.0,"lanes_int":2.0},"geometry":{"type":"LineString","coordinates":[[-71.120885,42.397738],[-71.120966,42.39777],[-71.121339,42.39792],[-71.121441,42.397956]]}},{"type":"Feature","properties":{"name":null,"separation_level":"none","street_classification":"residential","maxspeed_int":null,"lanes_int":null},"geometry":{"type":"LineString","coordinates":[[-71.120885,42.397738],[-71.120966,42.39777],[-71.120991,42.397736],[-71.121088,42.397633],[-71.121145,42.397547],[-71.121264,42.397395],[-71.121282,42.397373],[-71.121304,42.397339],[-71.121267,42.397325]]}},{"type":"Feature","properties":{"name":"University Church Road","separation_level":"none","street_classification":"residential","maxspeed_int":null,"lanes_int":1.0},"geometry":{"type":"LineString","coordinates":[[-71.120493,42.398143],[-71.120692,42.398213],[-71.121036,42.398336],[-71.121129,42.398369]]}},{"type":"Feature","properties":{"name":"College Avenue","separation_level":"lane","street_classification":"medium-capacity","maxspeed_int":20.0,"lanes_int":2.0},"geometry":{"type":"LineString","coordinates":[[-71.121441,42.397956],[-71.121391,42.398023],[-71.121328,42.39812],[-71.121268,42.398206],[-71.121205,42.398289],[-71.121129,42.398369]]}},{"type":"Feature","properties":{"name":"Miner Street","separation_level":"none","street_classification":"residential","maxspeed_int":20.0,"lanes_int":2.0},"geometry":{"type":"LineString","coordinates":[[-71.102203,42.392347],[-71.102223,42.392318],[-71.102624,42.391729],[-71.102663,42.391672]]}},{"type":"Feature","properties":{"name":"Vernon Street","separation_level":"none","street_classification":"residential","maxspeed_int":20.0,"lanes_int":2.0},"geometry":{"type":"LineString","coordinates":[[-71.103351,42.391999],[-71.102663,42.391672]]}},{"type":"Feature","properties":{"name":"Walnut Street","separation_level":"none","street_classification":"residential","maxspeed_int":20.0,"lanes_int":1.0},"geometry":{"type":"LineString","coordinates":[[-71.094904,42.384083],[-71.094551,42.384585]]}},{"type":"Feature","properties":{"name":"Vinal Avenue","separation_level":"none","street_classification":"residential","maxspeed_int":20.0,"lanes_int":1.0},"geometry":{"type":"LineString","coordinates":[[-71.097136,42.384299],[-71.097556,42.383554]]}},{"type":"Feature","properties":{"name":null,"separation_level":"none","street_classification":"motorway","maxspeed_int":null,"lanes_int":1.0},"geometry":{"type":"LineString","coordinates":[[-71.082454,42.373887],[-71.082417,42.373761],[-71.082411,42.373735],[-71.082407,42.37371],[-71.082408,42.373693],[-71.082412,42.373658],[-71.082422,42.37362],[-71.082433,42.373597],[-71.082454,42.373563],[-71.082485,42.373522],[-71.082537,42.37346]]}},{"type":"Feature","properties":{"name":"McGrath Highway / Monsignor O'Brien Highway","separation_level":"track","street_classification":"motorway","maxspeed_int":40.0,"lanes_int":2.0},"geometry":{"type":"LineString","coordinates":[[-71.082454,42.373887],[-71.082425,42.373873],[-71.082246,42.373786],[-71.082211,42.373769],[-71.082064,42.373695],[-71.082023,42.373675],[-71.081962,42.373709]]}},{"type":"Feature","properties":{"name":"Russell Street","separation_level":"none","street_classification":"residential","maxspeed_int":25.0,"lanes_int":1.0},"geometry":{"type":"LineString","coordinates":[[-71.121488,42.393405],[-71.121006,42.393735],[-71.120914,42.39376]]}},{"type":"Feature","properties":{"name":"New Washington Street","separation_level":"none","street_classification":"residential","maxspeed_int":25.0,"lanes_int":2.0},"geometry":{"type":"LineString","coordinates":[[-71.081059,42.380319],[-71.08124,42.380292],[-71.081268,42.380286],[-71.08138,42.380269],[-71.081485,42.380257],[-71.081546,42.380249]]}},{"type":"Feature","properties":{"name":"Inner Belt Road","separation_level":"none","street_classification":"residential","maxspeed_int":25.0,"lanes_int":2.0},"geometry":{"type":"LineString","coordinates":[[-71.081059,42.380319],[-71.081111,42.380558],[-71.081129,42.380635]]}},{"type":"Feature","properties":{"name":"Inner Belt Road","separation_level":"none","street_classification":"residential","maxspeed_int":25.0,"lanes_int":2.0},"geometry":{"type":"LineString","coordinates":[[-71.081059,42.380319],[-71.081029,42.380171],[-71.081014,42.380088],[-71.081012,42.38006],[-71.081007,42.380011],[-71.081004,42.379961]]}},{"type":"Feature","properties":{"name":"New Washington Street","separation_level":"none","street_classification":"residential","maxspeed_int":25.0,"lanes_int":2.0},"geometry":{"type":"LineString","coordinates":[[-71.081546,42.380249],[-71.082325,42.380161],[-71.082458,42.38015],[-71.082595,42.380145],[-71.082726,42.380149],[-71.083238,42.380171]]}},{"type":"Feature","properties":{"name":null,"separation_level":"none","street_classification":"residential","maxspeed_int":null,"lanes_int":null},"geometry":{"type":"LineString","coordinates":[[-71.081546,42.380249],[-71.081615,42.380562],[-71.081258,42.380616],[-71.081129,42.380635]]}},{"type":"Feature","properties":{"name":"Inner Belt Road","separation_level":"none","street_classification":"residential","maxspeed_int":25.0,"lanes_int":2.0},"geometry":{"type":"LineString","coordinates":[[-71.081004,42.379961],[-71.081003,42.37993],[-71.080996,42.379477],[-71.080995,42.379442],[-71.080993,42.379381]]}},{"type":"Feature","properties":{"name":"New Washington Street","separation_level":"none","street_classification":"residential","maxspeed_int":25.0,"lanes_int":2.0},"geometry":{"type":"LineString","coordinates":[[-71.083238,42.380171],[-71.085255,42.380261]]}},{"type":"Feature","properties":{"name":"Cobble Hill Road","separation_level":"none","street_classification":"residential","maxspeed_int":25.0,"lanes_int":null},"geometry":{"type":"LineString","coordinates":[[-71.083238,42.380171],[-71.083241,42.380096],[-71.083253,42.380025],[-71.08327,42.379992],[-71.083279,42.379975]]}},{"type":"Feature","properties":{"name":"Inner Belt Road","separation_level":"none","street_classification":"residential","maxspeed_int":25.0,"lanes_int":2.0},"geometry":{"type":"LineString","coordinates":[[-71.080993,42.379381],[-71.080992,42.379321],[-71.080987,42.379131],[-71.080985,42.379045]]}},{"type":"Feature","properties":{"name":null,"separation_level":"none","street_classification":"residential","maxspeed_int":null,"lanes_int":null},"geometry":{"type":"LineString","coordinates":[[-71.080993,42.379381],[-71.080992,42.379321],[-71.081084,42.379317],[-71.082036,42.379278],[-71.082051,42.379407],[-71.082166,42.379404]]}},{"type":"Feature","properties":{"name":"First Avenue","separation_level":"none","street_classification":"residential","maxspeed_int":25.0,"lanes_int":2.0},"geometry":{"type":"LineString","coordinates":[[-71.080993,42.379381],[-71.080995,42.379442],[-71.081092,42.379439],[-71.082051,42.379407],[-71.082166,42.379404]]}},{"type":"Feature","properties":{"name":"Atherton Street","separation_level":"none","street_classification":"residential","maxspeed_int":20.0,"lanes_int":1.0},"geometry":{"type":"LineString","coordinates":[[-71.107923,42.384698],[-71.108016,42.38473],[-71.108105,42.384762],[-71.108785,42.385001]]}},{"type":"Feature","properties":{"name":"Central Street","separation_level":"lane","street_classification":"medium-capacity","maxspeed_int":20.0,"lanes_int":2.0},"geometry":{"type":"LineString","coordinates":[[-71.10588,42.384748],[-71.105939,42.38479],[-71.105905,42.384841],[-71.105612,42.385279]]}},{"type":"Feature","properties":{"name":null,"separation_level":"none","street_classification":"residential","maxspeed_int":null,"lanes_int":null},"geometry":{"type":"LineString","coordinates":[[-71.10588,42.384748],[-71.105782,42.38472],[-71.105487,42.384608],[-71.105387,42.384571]]}},{"type":"Feature","properties":{"name":null,"separation_level":"none","street_classification":"residential","maxspeed_int":null,"lanes_int":null},"geometry":{"type":"LineString","coordinates":[[-71.10588,42.384748],[-71.105782,42.38472],[-71.105877,42.384545],[-71.105443,42.384386],[-71.105287,42.384534],[-71.105387,42.384571]]}},{"type":"Feature","properties":{"name":"Central Street","separation_level":"lane","street_classification":"medium-capacity","maxspeed_int":25.0,"lanes_int":2.0},"geometry":{"type":"LineString","coordinates":[[-71.1054,42.385594],[-71.105255,42.385802],[-71.105132,42.385992],[-71.105098,42.386044],[-71.105089,42.386058]]}},{"type":"Feature","properties":{"name":"Craigie Street","separation_level":"none","street_classification":"residential","maxspeed_int":20.0,"lanes_int":2.0},"geometry":{"type":"LineString","coordinates":[[-71.1113,42.387479],[-71.111313,42.387461],[-71.111553,42.387121]]}},{"type":"Feature","properties":{"name":"Silvey Place","separation_level":"none","street_classification":"residential","maxspeed_int":25.0,"lanes_int":2.0},"geometry":{"type":"LineString","coordinates":[[-71.1113,42.387479],[-71.111313,42.387461],[-71.111248,42.387436],[-71.110227,42.387047],[-71.110166,42.387023]]}},{"type":"Feature","properties":{"name":"Ash Avenue","separation_level":"none","street_classification":"residential","maxspeed_int":20.0,"lanes_int":2.0},"geometry":{"type":"LineString","coordinates":[[-71.095163,42.398896],[-71.095218,42.398854],[-71.095605,42.398443],[-71.095927,42.3981],[-71.09638,42.397611],[-71.096421,42.397566]]}},{"type":"Feature","properties":{"name":"East Albion Street","separation_level":"none","street_classification":"residential","maxspeed_int":20.0,"lanes_int":2.0},"geometry":{"type":"LineString","coordinates":[[-71.095163,42.398896],[-71.095245,42.398936],[-71.095802,42.399227],[-71.095847,42.39925]]}},{"type":"Feature","properties":{"name":"Meacham Street","separation_level":"none","street_classification":"residential","maxspeed_int":20.0,"lanes_int":2.0},"geometry":{"type":"LineString","coordinates":[[-71.096421,42.397566],[-71.095968,42.39735],[-71.095887,42.397311]]}},{"type":"Feature","properties":{"name":"Meacham Street","separation_level":"none","street_classification":"residential","maxspeed_int":20.0,"lanes_int":2.0},"geometry":{"type":"LineString","coordinates":[[-71.096421,42.397566],[-71.097038,42.397877],[-71.097078,42.397898]]}},{"type":"Feature","properties":{"name":"East Albion Street","separation_level":"none","street_classification":"residential","maxspeed_int":20.0,"lanes_int":2.0},"geometry":{"type":"LineString","coordinates":[[-71.095847,42.39925],[-71.095938,42.399289],[-71.096268,42.399432],[-71.096751,42.399624]]}},{"type":"Feature","properties":{"name":"Moreland Street","separation_level":"none","street_classification":"medium-capacity","maxspeed_int":20.0,"lanes_int":2.0},"geometry":{"type":"LineString","coordinates":[[-71.095847,42.39925],[-71.095389,42.39973],[-71.095363,42.399758]]}},{"type":"Feature","properties":{"name":null,"separation_level":"none","street_classification":"residential","maxspeed_int":null,"lanes_int":null},"geometry":{"type":"LineString","coordinates":[[-71.088522,42.389946],[-71.088558,42.389986],[-71.088573,42.39002],[-71.088584,42.390075],[-71.088589,42.390089],[-71.0886,42.390103],[-71.088613,42.390115],[-71.088669,42.390149],[-71.088745,42.3902],[-71.088902,42.390288],[-71.088978,42.390328],[-71.089649,42.390685],[-71.089993,42.390868],[-71.090033,42.390889],[-71.090091,42.39092],[-71.090147,42.390711]]}},{"type":"Feature","properties":{"name":"Broadway","separation_level":"track","street_classification":"medium-capacity","maxspeed_int":25.0,"lanes_int":2.0},"geometry":{"type":"LineString","coordinates":[[-71.088522,42.389946],[-71.088776,42.390062],[-71.089068,42.390198],[-71.089368,42.390343],[-71.089534,42.390433]]}},{"type":"Feature","properties":{"name":null,"separation_level":"none","street_classification":"residential","maxspeed_int":null,"lanes_int":null},"geometry":{"type":"LineString","coordinates":[[-71.087313,42.390542],[-71.087376,42.390479],[-71.087267,42.390425],[-71.087202,42.390394],[-71.087045,42.390376],[-71.086962,42.390455]]}},{"type":"Feature","properties":{"name":null,"separation_level":"none","street_classification":"residential","maxspeed_int":null,"lanes_int":null},"geometry":{"type":"LineString","coordinates":[[-71.087313,42.390542],[-71.08725,42.390605],[-71.087133,42.39055],[-71.086962,42.390455]]}},{"type":"Feature","properties":{"name":"McGrath Highway","separation_level":"none","street_classification":"motorway","maxspeed_int":40.0,"lanes_int":4.0},"geometry":{"type":"LineString","coordinates":[[-71.087313,42.390542],[-71.08725,42.390605],[-71.087186,42.390669],[-71.087027,42.390829],[-71.086981,42.390931]]}},{"type":"Feature","properties":{"name":"Main Street","separation_level":"none","street_classification":"medium-capacity","maxspeed_int":null,"lanes_int":2.0},"geometry":{"type":"LineString","coordinates":[[-71.097638,42.395076],[-71.097798,42.395297]]}},{"type":"Feature","properties":{"name":"Main Street","separation_level":"none","street_classification":"medium-capacity","maxspeed_int":null,"lanes_int":1.0},"geometry":{"type":"LineString","coordinates":[[-71.097638,42.395076],[-71.097662,42.395031],[-71.097673,42.395009],[-71.097686,42.394988],[-71.097644,42.394893],[-71.097634,42.394864],[-71.09754,42.394825]]}},{"type":"Feature","properties":{"name":"Main Street","separation_level":"none","street_classification":"medium-capacity","maxspeed_int":null,"lanes_int":2.0},"geometry":{"type":"LineString","coordinates":[[-71.097798,42.395297],[-71.097988,42.395562],[-71.098255,42.395887],[-71.098621,42.396244]]}},{"type":"Feature","properties":{"name":"Edgar Avenue","separation_level":"none","street_classification":"residential","maxspeed_int":20.0,"lanes_int":2.0},"geometry":{"type":"LineString","coordinates":[[-71.097798,42.395297],[-71.097748,42.395347],[-71.097487,42.395614]]}},{"type":"Feature","properties":{"name":"Moreland Street","separation_level":"none","street_classification":"medium-capacity","maxspeed_int":20.0,"lanes_int":2.0},"geometry":{"type":"LineString","coordinates":[[-71.098621,42.396244],[-71.098569,42.396297],[-71.098211,42.396662]]}},{"type":"Feature","properties":{"name":"Main Street","separation_level":"none","street_classification":"medium-capacity","maxspeed_int":null,"lanes_int":2.0},"geometry":{"type":"LineString","coordinates":[[-71.098621,42.396244],[-71.098946,42.396548],[-71.099181,42.396768],[-71.099263,42.396838],[-71.099314,42.396883]]}},{"type":"Feature","properties":{"name":"Broadway","separation_level":"none","street_classification":"residential","maxspeed_int":15.0,"lanes_int":null},"geometry":{"type":"LineString","coordinates":[[-71.10109,42.396426],[-71.10181,42.396656]]}},{"type":"Feature","properties":{"name":"Mallet Street","separation_level":"none","street_classification":"residential","maxspeed_int":20.0,"lanes_int":1.0},"geometry":{"type":"LineString","coordinates":[[-71.115771,42.399887],[-71.115698,42.399864],[-71.115578,42.399816],[-71.115094,42.399638],[-71.115027,42.399613]]}},{"type":"Feature","properties":{"name":"Liberty Avenue","separation_level":"none","street_classification":"residential","maxspeed_int":20.0,"lanes_int":1.0},"geometry":{"type":"LineString","coordinates":[[-71.115771,42.399887],[-71.115576,42.400172],[-71.115139,42.400793],[-71.115124,42.400814],[-71.115073,42.400885]]}},{"type":"Feature","properties":{"name":"Alewife Brook Greenway","separation_level":"separate","street_classification":"dedicated_path","maxspeed_int":null,"lanes_int":null},"geometry":{"type":"LineString","coordinates":[[-71.131483,42.408406],[-71.131732,42.408283],[-71.131975,42.408171],[-71.132178,42.408076],[-71.132383,42.407965],[-71.132587,42.407845],[-71.13278,42.407727],[-71.132931,42.407616]]}},{"type":"Feature","properties":{"name":null,"separation_level":"separate","street_classification":"dedicated_path","maxspeed_int":null,"lanes_int":null},"geometry":{"type":"LineString","coordinates":[[-71.131483,42.408406],[-71.131508,42.408416],[-71.131544,42.408425],[-71.131584,42.408419],[-71.131679,42.408353],[-71.131914,42.408244],[-71.132166,42.408128],[-71.132232,42.408108],[-71.132277,42.408087]]}},{"type":"Feature","properties":{"name":"Alewife Brook Greenway","separation_level":"separate","street_classification":"dedicated_path","maxspeed_int":null,"lanes_int":null},"geometry":{"type":"LineString","coordinates":[[-71.130893,42.410235],[-71.130934,42.410352],[-71.131013,42.410595],[-71.131044,42.410708],[-71.131055,42.410786],[-71.131092,42.410964],[-71.131095,42.410998],[-71.131099,42.411102],[-71.131097,42.411163],[-71.131106,42.411161]]}},{"type":"Feature","properties":{"name":"Greenville Street","separation_level":"none","street_classification":"residential","maxspeed_int":20.0,"lanes_int":2.0},"geometry":{"type":"LineString","coordinates":[[-71.091471,42.383321],[-71.091591,42.383276],[-71.09206,42.383101],[-71.092103,42.383085],[-71.092138,42.383071],[-71.092177,42.38305],[-71.092209,42.383032]]}},{"type":"Feature","properties":{"name":"McGrath Highway","separation_level":"track","street_classification":"medium-capacity","maxspeed_int":40.0,"lanes_int":2.0},"geometry":{"type":"LineString","coordinates":[[-71.091471,42.383321],[-71.091447,42.383277],[-71.091418,42.383231],[-71.091383,42.38318],[-71.091108,42.38279],[-71.091037,42.382693],[-71.090885,42.382408],[-71.090772,42.382249],[-71.090638,42.382062],[-71.090587,42.381987]]}},{"type":"Feature","properties":{"name":"McGrath Highway","separation_level":"shared_lane","street_classification":"medium-capacity","maxspeed_int":null,"lanes_int":2.0},"geometry":{"type":"LineString","coordinates":[[-71.090587,42.381987],[-71.090478,42.381833],[-71.090438,42.381773],[-71.090404,42.381719],[-71.09037,42.381662],[-71.090335,42.381597],[-71.0903,42.381523],[-71.090276,42.381465],[-71.090243,42.381373],[-71.090213,42.381278],[-71.090193,42.381202],[-71.090181,42.381152],[-71.090166,42.381098],[-71.090153,42.381046],[-71.090117,42.380892],[-71.090092,42.380786]]}},{"type":"Feature","properties":{"name":null,"separation_level":"none","street_classification":"medium-capacity","maxspeed_int":null,"lanes_int":null},"geometry":{"type":"LineString","coordinates":[[-71.090092,42.380786],[-71.090097,42.380811],[-71.090082,42.380773],[-71.090071,42.380749],[-71.090056,42.380723],[-71.090036,42.380697],[-71.090018,42.380678],[-71.089998,42.38066],[-71.089972,42.380646],[-71.089946,42.380634],[-71.089914,42.380628],[-71.089877,42.380625],[-71.089844,42.380627],[-71.089815,42.380632],[-71.089788,42.380639],[-71.089762,42.380653],[-71.089741,42.380671],[-71.089725,42.380692],[-71.089712,42.380716],[-71.089679,42.380808],[-71.089693,42.380834]]}},{"type":"Feature","properties":{"name":"McGrath Highway","separation_level":"shared_lane","street_classification":"medium-capacity","maxspeed_int":null,"lanes_int":2.0},"geometry":{"type":"LineString","coordinates":[[-71.090092,42.380786],[-71.090066,42.380678],[-71.089986,42.380333],[-71.089979,42.380304],[-71.089954,42.380208],[-71.089887,42.380234]]}},{"type":"Feature","properties":{"name":"Tyler Street","separation_level":"none","street_classification":"residential","maxspeed_int":20.0,"lanes_int":2.0},"geometry":{"type":"LineString","coordinates":[[-71.105035,42.381694],[-71.105508,42.381792],[-71.105569,42.381807]]}},{"type":"Feature","properties":{"name":"Properzi Way","separation_level":"none","street_classification":"residential","maxspeed_int":20.0,"lanes_int":2.0},"geometry":{"type":"LineString","coordinates":[[-71.105569,42.381807],[-71.105409,42.382182],[-71.105315,42.382402]]}},{"type":"Feature","properties":{"name":null,"separation_level":"none","street_classification":"residential","maxspeed_int":null,"lanes_int":null},"geometry":{"type":"LineString","coordinates":[[-71.104435,42.382132],[-71.104959,42.382285],[-71.105266,42.382386],[-71.105315,42.382402]]}},{"type":"Feature","properties":{"name":"Properzi Way","separation_level":"none","street_classification":"residential","maxspeed_int":20.0,"lanes_int":2.0},"geometry":{"type":"LineString","coordinates":[[-71.105315,42.382402],[-71.105211,42.382643],[-71.105155,42.38263]]}},{"type":"Feature","properties":{"name":"Alewife Brook Greenway","separation_level":"separate","street_classification":"dedicated_path","maxspeed_int":null,"lanes_int":null},"geometry":{"type":"LineString","coordinates":[[-71.13436,42.40439],[-71.134409,42.404391],[-71.13441,42.404425],[-71.1344,42.404437],[-71.1344,42.404447],[-71.134423,42.404452],[-71.134463,42.404461],[-71.134476,42.405069],[-71.134458,42.405091],[-71.134444,42.405107],[-71.134457,42.40524]]}},{"type":"Feature","properties":{"name":"Alewife Brook Greenway","separation_level":"separate","street_classification":"dedicated_path","maxspeed_int":null,"lanes_int":null},"geometry":{"type":"LineString","coordinates":[[-71.134457,42.40524],[-71.134457,42.405303],[-71.134454,42.40539],[-71.134448,42.405502],[-71.134434,42.405605],[-71.134399,42.405757],[-71.134394,42.405774]]}},{"type":"Feature","properties":{"name":null,"separation_level":"none","street_classification":"dedicated_path","maxspeed_int":null,"lanes_int":null},"geometry":{"type":"LineString","coordinates":[[-71.134457,42.40524],[-71.134484,42.405308],[-71.134491,42.405367],[-71.134499,42.405438],[-71.134493,42.405514],[-71.134486,42.405562],[-71.134479,42.405591],[-71.134468,42.405627],[-71.134456,42.405664],[-71.134438,42.405706],[-71.134424,42.405733],[-71.134394,42.405774]]}},{"type":"Feature","properties":{"name":null,"separation_level":"separate","street_classification":"dedicated_path","maxspeed_int":null,"lanes_int":null},"geometry":{"type":"LineString","coordinates":[[-71.132931,42.407616],[-71.132919,42.407695],[-71.13285,42.407814],[-71.13279,42.407893],[-71.132722,42.407942],[-71.132632,42.407985],[-71.13255,42.40801],[-71.132428,42.40803],[-71.132322,42.408067],[-71.132277,42.408087]]}},{"type":"Feature","properties":{"name":null,"separation_level":"none","street_classification":"residential","maxspeed_int":null,"lanes_int":null},"geometry":{"type":"LineString","coordinates":[[-71.107284,42.381297],[-71.107232,42.381356],[-71.107174,42.381316],[-71.107037,42.381224],[-71.106918,42.381134]]}},{"type":"Feature","properties":{"name":"Park Street","separation_level":"lane","street_classification":"medium-capacity","maxspeed_int":20.0,"lanes_int":2.0},"geometry":{"type":"LineString","coordinates":[[-71.107284,42.381297],[-71.107232,42.381356],[-71.107188,42.381407],[-71.107136,42.381489],[-71.107092,42.381577],[-71.107082,42.381596],[-71.107067,42.381625],[-71.10705,42.381659],[-71.107035,42.381686],[-71.107009,42.38174],[-71.106987,42.381785],[-71.107047,42.381801]]}},{"type":"Feature","properties":{"name":"Kent Street","separation_level":"none","street_classification":"residential","maxspeed_int":20.0,"lanes_int":2.0},"geometry":{"type":"LineString","coordinates":[[-71.110479,42.382612],[-71.110312,42.382907],[-71.109747,42.382603],[-71.109637,42.382523]]}},{"type":"Feature","properties":{"name":null,"separation_level":"none","street_classification":"residential","maxspeed_int":null,"lanes_int":null},"geometry":{"type":"LineString","coordinates":[[-71.099043,42.394695],[-71.098983,42.394671],[-71.098749,42.394555],[-71.098565,42.394506],[-71.098447,42.394518],[-71.098381,42.394573],[-71.098379,42.394633],[-71.098434,42.39468],[-71.098861,42.394849],[-71.098918,42.394871]]}},{"type":"Feature","properties":{"name":"North Street","separation_level":"none","street_classification":"medium-capacity","maxspeed_int":null,"lanes_int":2.0},"geometry":{"type":"LineString","coordinates":[[-71.128113,42.410733],[-71.12784,42.411144],[-71.127806,42.411194]]}},{"type":"Feature","properties":{"name":"North Street","separation_level":"none","street_classification":"medium-capacity","maxspeed_int":null,"lanes_int":2.0},"geometry":{"type":"LineString","coordinates":[[-71.128113,42.410733],[-71.128445,42.410216]]}},{"type":"Feature","properties":{"name":"Fairfax Street","separation_level":"none","street_classification":"residential","maxspeed_int":20.0,"lanes_int":1.0},"geometry":{"type":"LineString","coordinates":[[-71.128113,42.410733],[-71.128198,42.41078],[-71.129045,42.411289],[-71.129912,42.411833],[-71.130779,42.41237],[-71.130844,42.41237],[-71.130951,42.412369]]}},{"type":"Feature","properties":{"name":"North Street","separation_level":"none","street_classification":"medium-capacity","maxspeed_int":null,"lanes_int":2.0},"geometry":{"type":"LineString","coordinates":[[-71.127806,42.411194],[-71.127771,42.411244],[-71.127432,42.411757]]}},{"type":"Feature","properties":{"name":"Woods Avenue","separation_level":"none","street_classification":"residential","maxspeed_int":20.0,"lanes_int":1.0},"geometry":{"type":"LineString","coordinates":[[-71.127806,42.411194],[-71.127771,42.411244],[-71.127825,42.411276],[-71.128287,42.411553],[-71.129208,42.412109],[-71.13025,42.412735],[-71.131016,42.413201],[-71.131087,42.413226],[-71.131124,42.413235],[-71.131174,42.413229]]}},{"type":"Feature","properties":{"name":"North Street","separation_level":"none","street_classification":"medium-capacity","maxspeed_int":null,"lanes_int":2.0},"geometry":{"type":"LineString","coordinates":[[-71.128445,42.410216],[-71.128738,42.409732]]}},{"type":"Feature","properties":{"name":"Sterling Street","separation_level":"none","street_classification":"residential","maxspeed_int":20.0,"lanes_int":1.0},"geometry":{"type":"LineString","coordinates":[[-71.128445,42.410216],[-71.128503,42.410255],[-71.128789,42.410425],[-71.129823,42.411083],[-71.130731,42.411656],[-71.130771,42.411676],[-71.13082,42.411701],[-71.130934,42.411707]]}},{"type":"Feature","properties":{"name":"Alewife Brook Parkway","separation_level":"none","street_classification":"medium-capacity","maxspeed_int":null,"lanes_int":null},"geometry":{"type":"LineString","coordinates":[[-71.130951,42.412369],[-71.130988,42.412512],[-71.130998,42.412548],[-71.131094,42.412554]]}},{"type":"Feature","properties":{"name":"Alewife Brook Parkway","separation_level":"none","street_classification":"medium-capacity","maxspeed_int":null,"lanes_int":null},"geometry":{"type":"LineString","coordinates":[[-71.130951,42.412369],[-71.130928,42.412198],[-71.130916,42.412057],[-71.130913,42.411896],[-71.130934,42.411707]]}},{"type":"Feature","properties":{"name":"Gordon Street","separation_level":"none","street_classification":"residential","maxspeed_int":20.0,"lanes_int":1.0},"geometry":{"type":"LineString","coordinates":[[-71.127432,42.411757],[-71.127495,42.411786],[-71.128262,42.412252],[-71.12942,42.412958]]}},{"type":"Feature","properties":{"name":"Alewife Brook Parkway","separation_level":"none","street_classification":"medium-capacity","maxspeed_int":null,"lanes_int":null},"geometry":{"type":"LineString","coordinates":[[-71.131174,42.413229],[-71.131225,42.413224],[-71.131202,42.41313],[-71.131168,42.413015],[-71.131124,42.412899],[-71.131606,42.412991]]}},{"type":"Feature","properties":{"name":"North Street","separation_level":"none","street_classification":"medium-capacity","maxspeed_int":null,"lanes_int":2.0},"geometry":{"type":"LineString","coordinates":[[-71.128738,42.409732],[-71.128977,42.409375],[-71.129014,42.409309]]}},{"type":"Feature","properties":{"name":"Bailey Street","separation_level":"none","street_classification":"residential","maxspeed_int":20.0,"lanes_int":2.0},"geometry":{"type":"LineString","coordinates":[[-71.128738,42.409732],[-71.128679,42.409717],[-71.127934,42.40949]]}},{"type":"Feature","properties":{"name":"Alewife Brook Parkway","separation_level":"none","street_classification":"medium-capacity","maxspeed_int":null,"lanes_int":null},"geometry":{"type":"LineString","coordinates":[[-71.130934,42.411707],[-71.130957,42.411427],[-71.130968,42.411309],[-71.130968,42.411269],[-71.130968,42.411163],[-71.131106,42.411161]]}},{"type":"Feature","properties":{"name":"Alewife Brook Parkway","separation_level":"none","street_classification":"medium-capacity","maxspeed_int":null,"lanes_int":null},"geometry":{"type":"LineString","coordinates":[[-71.131094,42.412554],[-71.130998,42.412548],[-71.131029,42.412657],[-71.131051,42.41272],[-71.131076,42.412779],[-71.131124,42.412899],[-71.131606,42.412991]]}},{"type":"Feature","properties":{"name":"Alewife Brook Greenway","separation_level":"separate","street_classification":"dedicated_path","maxspeed_int":null,"lanes_int":null},"geometry":{"type":"LineString","coordinates":[[-71.131094,42.412554],[-71.131164,42.412554],[-71.131207,42.412592],[-71.131225,42.412606],[-71.131238,42.412637],[-71.131268,42.412692],[-71.1313,42.412742],[-71.131327,42.412779],[-71.131346,42.412801],[-71.131368,42.412822],[-71.131388,42.41284],[-71.13141,42.412857],[-71.13136,42.412904],[-71.131332,42.412928],[-71.131606,42.412991]]}},{"type":"Feature","properties":{"name":null,"separation_level":"none","street_classification":"residential","maxspeed_int":null,"lanes_int":null},"geometry":{"type":"LineString","coordinates":[[-71.131094,42.412554],[-71.131169,42.412536],[-71.131171,42.412521],[-71.131172,42.412505],[-71.13115,42.411402],[-71.131153,42.411372],[-71.131161,42.41134],[-71.131243,42.411156],[-71.131106,42.411161]]}},{"type":"Feature","properties":{"name":"Alewife Brook Greenway","separation_level":"separate","street_classification":"dedicated_path","maxspeed_int":null,"lanes_int":null},"geometry":{"type":"LineString","coordinates":[[-71.131094,42.412554],[-71.131164,42.412554],[-71.131123,42.412518],[-71.131114,42.412508],[-71.131106,42.412498],[-71.131102,42.412484],[-71.13109,42.41242],[-71.131084,42.412385],[-71.131042,42.41224],[-71.131035,42.412195],[-71.131031,42.412143],[-71.131031,42.412095],[-71.13103,42.412063],[-71.13102,42.411967],[-71.131018,42.411926],[-71.131019,42.411872],[-71.131031,42.411714],[-71.131057,42.411451],[-71.131062,42.411418],[-71.131068,42.411387],[-71.131077,42.411346],[-71.13109,42.411287],[-71.131094,42.41125],[-71.131096,42.41122],[-71.131097,42.411163],[-71.131106,42.411161]]}},{"type":"Feature","properties":{"name":"Arlington Street","separation_level":"none","street_classification":"residential","maxspeed_int":20.0,"lanes_int":1.0},"geometry":{"type":"LineString","coordinates":[[-71.081306,42.385755],[-71.081357,42.385769],[-71.081785,42.385887],[-71.082369,42.386065]]}},{"type":"Feature","properties":{"name":"Lincoln Street","separation_level":"none","street_classification":"residential","maxspeed_int":25.0,"lanes_int":1.0},"geometry":{"type":"LineString","coordinates":[[-71.081306,42.385755],[-71.081528,42.385292],[-71.081535,42.385276],[-71.081563,42.385218],[-71.081473,42.385193]]}},{"type":"Feature","properties":{"name":"Lincoln Avenue","separation_level":"none","street_classification":"residential","maxspeed_int":20.0,"lanes_int":1.0},"geometry":{"type":"LineString","coordinates":[[-71.080612,42.385769],[-71.080165,42.385636]]}},{"type":"Feature","properties":{"name":"Marshall Street","separation_level":"lane","street_classification":"residential","maxspeed_int":20.0,"lanes_int":null},"geometry":{"type":"LineString","coordinates":[[-71.095134,42.389091],[-71.095364,42.388734]]}},{"type":"Feature","properties":{"name":"Cedar Street","separation_level":"track","street_classification":"medium-capacity","maxspeed_int":20.0,"lanes_int":1.0},"geometry":{"type":"LineString","coordinates":[[-71.114778,42.388844],[-71.114856,42.38874],[-71.115132,42.388368]]}},{"type":"Feature","properties":{"name":"Ashland Street","separation_level":"none","street_classification":"residential","maxspeed_int":20.0,"lanes_int":1.0},"geometry":{"type":"LineString","coordinates":[[-71.115047,42.389595],[-71.115014,42.389646],[-71.114813,42.38995],[-71.114571,42.390317],[-71.114247,42.390808],[-71.114229,42.390835],[-71.114198,42.390882]]}},{"type":"Feature","properties":{"name":"Sartwell Avenue","separation_level":"none","street_classification":"residential","maxspeed_int":20.0,"lanes_int":1.0},"geometry":{"type":"LineString","coordinates":[[-71.115047,42.389595],[-71.115855,42.389906],[-71.115903,42.389924],[-71.115943,42.389939]]}},{"type":"Feature","properties":{"name":"Belmont Street","separation_level":"none","street_classification":"residential","maxspeed_int":20.0,"lanes_int":1.0},"geometry":{"type":"LineString","coordinates":[[-71.109945,42.386052],[-71.110339,42.385485]]}},{"type":"Feature","properties":{"name":"Belmont Square","separation_level":"none","street_classification":"residential","maxspeed_int":25.0,"lanes_int":2.0},"geometry":{"type":"LineString","coordinates":[[-71.110339,42.385485],[-71.110295,42.385469],[-71.11,42.385361]]}},{"type":"Feature","properties":{"name":"Belmont Street","separation_level":"none","street_classification":"residential","maxspeed_int":20.0,"lanes_int":1.0},"geometry":{"type":"LineString","coordinates":[[-71.110339,42.385485],[-71.11047,42.385285],[-71.110489,42.385238],[-71.110504,42.385172],[-71.110541,42.38502]]}},{"type":"Feature","properties":{"name":"Belmont Street","separation_level":"none","street_classification":"residential","maxspeed_int":20.0,"lanes_int":1.0},"geometry":{"type":"LineString","coordinates":[[-71.110541,42.38502],[-71.110561,42.384948],[-71.110636,42.384833]]}},{"type":"Feature","properties":{"name":"Washington Street","separation_level":"separate","street_classification":"dedicated_path","maxspeed_int":null,"lanes_int":null},"geometry":{"type":"LineString","coordinates":[[-71.105206,42.378538],[-71.105171,42.378494],[-71.10511,42.378509],[-71.105072,42.378518],[-71.104998,42.378536],[-71.104897,42.378561],[-71.104806,42.378584],[-71.104785,42.378589],[-71.104654,42.378624],[-71.104468,42.378672],[-71.104228,42.378736],[-71.104135,42.378761],[-71.104074,42.378778],[-71.104071,42.37883]]}},{"type":"Feature","properties":{"name":"Washington Street","separation_level":"separate","street_classification":"dedicated_path","maxspeed_int":null,"lanes_int":null},"geometry":{"type":"LineString","coordinates":[[-71.105206,42.378538],[-71.105242,42.378582],[-71.105303,42.378567],[-71.105317,42.378564],[-71.105363,42.378553],[-71.105558,42.378512],[-71.105809,42.378458],[-71.106092,42.378396],[-71.106216,42.378364],[-71.106294,42.378298]]}},{"type":"Feature","properties":{"name":"Howard Street","separation_level":"none","street_classification":"residential","maxspeed_int":20.0,"lanes_int":2.0},"geometry":{"type":"LineString","coordinates":[[-71.125874,42.39785],[-71.125961,42.397856],[-71.126651,42.397908],[-71.1267,42.39793]]}},{"type":"Feature","properties":{"name":"Paulina Street","separation_level":"none","street_classification":"residential","maxspeed_int":20.0,"lanes_int":1.0},"geometry":{"type":"LineString","coordinates":[[-71.125247,42.399854],[-71.12521,42.3999],[-71.125179,42.399937],[-71.124915,42.40028],[-71.123785,42.401749],[-71.123766,42.401774],[-71.123712,42.401848]]}},{"type":"Feature","properties":{"name":"Holland Street","separation_level":"track","street_classification":"medium-capacity","maxspeed_int":20.0,"lanes_int":2.0},"geometry":{"type":"LineString","coordinates":[[-71.125247,42.399854],[-71.125307,42.39993],[-71.12558,42.400277],[-71.12564,42.40035]]}},{"type":"Feature","properties":{"name":"Gorham Street","separation_level":"none","street_classification":"residential","maxspeed_int":20.0,"lanes_int":1.0},"geometry":{"type":"LineString","coordinates":[[-71.1267,42.39793],[-71.12669,42.397979],[-71.125323,42.399753],[-71.125294,42.399789],[-71.12528,42.399811],[-71.125247,42.399854]]}},{"type":"Feature","properties":{"name":"Tannery Brook Row","separation_level":"none","street_classification":"residential","maxspeed_int":20.0,"lanes_int":2.0},"geometry":{"type":"LineString","coordinates":[[-71.1267,42.39793],[-71.126741,42.398003],[-71.126839,42.398022],[-71.127298,42.398044],[-71.127339,42.398055],[-71.127398,42.398075],[-71.127721,42.398259]]}},{"type":"Feature","properties":{"name":null,"separation_level":"none","street_classification":"residential","maxspeed_int":null,"lanes_int":null},"geometry":{"type":"LineString","coordinates":[[-71.12564,42.40035],[-71.12558,42.400277],[-71.125542,42.400331],[-71.125531,42.400348],[-71.125428,42.400516]]}},{"type":"Feature","properties":{"name":"Holland Street","separation_level":"track","street_classification":"medium-capacity","maxspeed_int":20.0,"lanes_int":2.0},"geometry":{"type":"LineString","coordinates":[[-71.12564,42.40035],[-71.1257,42.400423],[-71.125931,42.400697]]}},{"type":"Feature","properties":{"name":"Elmwood Street","separation_level":"none","street_classification":"residential","maxspeed_int":20.0,"lanes_int":2.0},"geometry":{"type":"LineString","coordinates":[[-71.12564,42.40035],[-71.1257,42.400423],[-71.12574,42.400379],[-71.125759,42.400362],[-71.125773,42.400348],[-71.126976,42.39927],[-71.127214,42.399054]]}},{"type":"Feature","properties":{"name":"School Street","separation_level":"none","street_classification":"medium-capacity","maxspeed_int":20.0,"lanes_int":2.0},"geometry":{"type":"LineString","coordinates":[[-71.100826,42.383755],[-71.101234,42.383195]]}},{"type":"Feature","properties":{"name":"Preston Road","separation_level":"none","street_classification":"residential","maxspeed_int":20.0,"lanes_int":2.0},"geometry":{"type":"LineString","coordinates":[[-71.100826,42.383755],[-71.100926,42.383786],[-71.101807,42.384107],[-71.102706,42.384422],[-71.102786,42.384448]]}},{"type":"Feature","properties":{"name":"Summer Street","separation_level":"separate","street_classification":"medium-capacity","maxspeed_int":25.0,"lanes_int":2.0},"geometry":{"type":"LineString","coordinates":[[-71.10085,42.384557],[-71.100943,42.384569],[-71.101466,42.384756],[-71.102103,42.384989],[-71.102385,42.385089]]}},{"type":"Feature","properties":{"name":null,"separation_level":"none","street_classification":"residential","maxspeed_int":null,"lanes_int":null},"geometry":{"type":"LineString","coordinates":[[-71.10085,42.384557],[-71.10092,42.384604],[-71.10091,42.384619],[-71.100598,42.385088],[-71.100583,42.38511]]}},{"type":"Feature","properties":{"name":"Summer Street","separation_level":"separate","street_classification":"dedicated_path","maxspeed_int":null,"lanes_int":null},"geometry":{"type":"LineString","coordinates":[[-71.10085,42.384557],[-71.10092,42.384604],[-71.10107,42.384658],[-71.101745,42.3849],[-71.102495,42.385166],[-71.102781,42.385266],[-71.102878,42.385261]]}},{"type":"Feature","properties":{"name":null,"separation_level":"none","street_classification":"residential","maxspeed_int":null,"lanes_int":null},"geometry":{"type":"LineString","coordinates":[[-71.109637,42.382523],[-71.109464,42.382396],[-71.109128,42.382249],[-71.109099,42.382227],[-71.109092,42.382207],[-71.109094,42.382184],[-71.109114,42.38216],[-71.10915,42.382144],[-71.109206,42.382142],[-71.109413,42.382228],[-71.109694,42.382374],[-71.109714,42.382393],[-71.109723,42.382411],[-71.109719,42.382439],[-71.109637,42.382523]]}},{"type":"Feature","properties":{"name":null,"separation_level":"none","street_classification":"residential","maxspeed_int":null,"lanes_int":null},"geometry":{"type":"LineString","coordinates":[[-71.109637,42.382523],[-71.109719,42.382439],[-71.109723,42.382411],[-71.109714,42.382393],[-71.109694,42.382374],[-71.109413,42.382228],[-71.109206,42.382142],[-71.10915,42.382144],[-71.109114,42.38216],[-71.109094,42.382184],[-71.109092,42.382207],[-71.109099,42.382227],[-71.109128,42.382249],[-71.109464,42.382396],[-71.109637,42.382523]]}},{"type":"Feature","properties":{"name":"Glen Street","separation_level":"shared_lane","street_classification":"residential","maxspeed_int":20.0,"lanes_int":1.0},"geometry":{"type":"LineString","coordinates":[[-71.085668,42.385723],[-71.085762,42.385592],[-71.085976,42.385296],[-71.086002,42.38526],[-71.086023,42.385231],[-71.086032,42.385219],[-71.086081,42.385151]]}},{"type":"Feature","properties":{"name":"Cutter Street","separation_level":"none","street_classification":"residential","maxspeed_int":20.0,"lanes_int":1.0},"geometry":{"type":"LineString","coordinates":[[-71.083698,42.386912],[-71.083335,42.387424],[-71.083318,42.387448],[-71.083284,42.387498],[-71.083314,42.38756]]}},{"type":"Feature","properties":{"name":"Laurel Street","separation_level":"none","street_classification":"residential","maxspeed_int":20.0,"lanes_int":1.0},"geometry":{"type":"LineString","coordinates":[[-71.104977,42.383661],[-71.105092,42.383492],[-71.105115,42.383459]]}},{"type":"Feature","properties":{"name":"Liberty Avenue / Appleton Street","separation_level":"none","street_classification":"residential","maxspeed_int":20.0,"lanes_int":2.0},"geometry":{"type":"LineString","coordinates":[[-71.117608,42.39719],[-71.117639,42.397224],[-71.117489,42.397446]]}},{"type":"Feature","properties":{"name":"Meacham Street","separation_level":"none","street_classification":"residential","maxspeed_int":20.0,"lanes_int":2.0},"geometry":{"type":"LineString","coordinates":[[-71.095887,42.397311],[-71.095743,42.39724],[-71.095505,42.397121],[-71.095328,42.397039],[-71.095297,42.397026],[-71.095171,42.397048]]}},{"type":"Feature","properties":{"name":"Avon Street","separation_level":"none","street_classification":"residential","maxspeed_int":25.0,"lanes_int":null},"geometry":{"type":"LineString","coordinates":[[-71.100583,42.38511],[-71.100106,42.38494],[-71.100044,42.384921]]}},{"type":"Feature","properties":{"name":"Somerville Avenue","separation_level":"lane","street_classification":"medium-capacity","maxspeed_int":20.0,"lanes_int":2.0},"geometry":{"type":"LineString","coordinates":[[-71.102036,42.382004],[-71.101989,42.381989],[-71.101938,42.381973],[-71.101691,42.381894],[-71.101549,42.381849]]}},{"type":"Feature","properties":{"name":"Somerville Avenue","separation_level":"lane","street_classification":"medium-capacity","maxspeed_int":20.0,"lanes_int":2.0},"geometry":{"type":"LineString","coordinates":[[-71.102036,42.382004],[-71.102115,42.382029],[-71.102363,42.382108]]}},{"type":"Feature","properties":{"name":null,"separation_level":"none","street_classification":"residential","maxspeed_int":null,"lanes_int":null},"geometry":{"type":"LineString","coordinates":[[-71.101549,42.381849],[-71.101589,42.381779],[-71.101599,42.381761],[-71.101634,42.381667],[-71.101226,42.381538]]}},{"type":"Feature","properties":{"name":null,"separation_level":"none","street_classification":"residential","maxspeed_int":null,"lanes_int":null},"geometry":{"type":"LineString","coordinates":[[-71.101226,42.381538],[-71.101029,42.381475],[-71.101295,42.381018],[-71.101642,42.381101]]}},{"type":"Feature","properties":{"name":null,"separation_level":"none","street_classification":"residential","maxspeed_int":null,"lanes_int":null},"geometry":{"type":"LineString","coordinates":[[-71.101226,42.381538],[-71.100819,42.381408],[-71.101085,42.380951],[-71.101206,42.38099],[-71.101295,42.381018],[-71.101642,42.381101]]}},{"type":"Feature","properties":{"name":null,"separation_level":"none","street_classification":"residential","maxspeed_int":null,"lanes_int":null},"geometry":{"type":"LineString","coordinates":[[-71.101226,42.381538],[-71.101222,42.381536],[-71.101488,42.381079],[-71.101642,42.381101]]}},{"type":"Feature","properties":{"name":null,"separation_level":"none","street_classification":"residential","maxspeed_int":null,"lanes_int":null},"geometry":{"type":"LineString","coordinates":[[-71.101226,42.381538],[-71.101634,42.381667],[-71.101706,42.381523],[-71.101829,42.381273],[-71.101856,42.381196],[-71.101642,42.381101]]}},{"type":"Feature","properties":{"name":null,"separation_level":"none","street_classification":"residential","maxspeed_int":null,"lanes_int":null},"geometry":{"type":"LineString","coordinates":[[-71.101226,42.381538],[-71.101425,42.381601],[-71.101691,42.381144],[-71.101642,42.381101]]}},{"type":"Feature","properties":{"name":null,"separation_level":"none","street_classification":"residential","maxspeed_int":null,"lanes_int":null},"geometry":{"type":"LineString","coordinates":[[-71.101226,42.381538],[-71.100819,42.381408],[-71.100772,42.381489],[-71.100765,42.381499],[-71.100716,42.381584],[-71.10057,42.381537]]}},{"type":"Feature","properties":{"name":"Pembroke Street","separation_level":"none","street_classification":"residential","maxspeed_int":20.0,"lanes_int":1.0},"geometry":{"type":"LineString","coordinates":[[-71.100732,42.390782],[-71.100642,42.390738],[-71.100102,42.390524],[-71.100021,42.390491]]}},{"type":"Feature","properties":{"name":"Tennyson Street","separation_level":"none","street_classification":"residential","maxspeed_int":20.0,"lanes_int":1.0},"geometry":{"type":"LineString","coordinates":[[-71.100732,42.390782],[-71.100823,42.390826],[-71.100743,42.390888],[-71.100064,42.391809],[-71.100041,42.391841],[-71.099999,42.391894]]}},{"type":"Feature","properties":{"name":"Perkins Street","separation_level":"none","street_classification":"residential","maxspeed_int":20.0,"lanes_int":1.0},"geometry":{"type":"LineString","coordinates":[[-71.079122,42.384436],[-71.079209,42.384465],[-71.079856,42.384679],[-71.079922,42.384703],[-71.079946,42.384711],[-71.079995,42.384727]]}},{"type":"Feature","properties":{"name":"Mount Pleasant Court","separation_level":"none","street_classification":"residential","maxspeed_int":null,"lanes_int":null},"geometry":{"type":"LineString","coordinates":[[-71.079122,42.384436],[-71.079144,42.384402],[-71.07928,42.384187]]}},{"type":"Feature","properties":{"name":"Mount Vernon Street","separation_level":"lane_buffered","street_classification":"residential","maxspeed_int":20.0,"lanes_int":1.0},"geometry":{"type":"LineString","coordinates":[[-71.079995,42.384727],[-71.079946,42.384711],[-71.079892,42.384777],[-71.079767,42.384955],[-71.079452,42.385378]]}},{"type":"Feature","properties":{"name":"Perkins Street","separation_level":"none","street_classification":"residential","maxspeed_int":20.0,"lanes_int":2.0},"geometry":{"type":"LineString","coordinates":[[-71.079995,42.384727],[-71.080044,42.384742],[-71.080095,42.38476],[-71.080537,42.384909],[-71.080701,42.384964]]}},{"type":"Feature","properties":{"name":"Mount Vernon Street","separation_level":"lane_buffered","street_classification":"residential","maxspeed_int":20.0,"lanes_int":1.0},"geometry":{"type":"LineString","coordinates":[[-71.079452,42.385378],[-71.078938,42.386066],[-71.078916,42.386096],[-71.07889,42.386127],[-71.078871,42.386149],[-71.078834,42.386204],[-71.078756,42.386217]]}},{"type":"Feature","properties":{"name":null,"separation_level":"track","street_classification":"medium-capacity","maxspeed_int":20.0,"lanes_int":1.0},"geometry":{"type":"LineString","coordinates":[[-71.099545,42.381439],[-71.099591,42.381393],[-71.099618,42.381366],[-71.099628,42.381335],[-71.099629,42.38132],[-71.09963,42.381308],[-71.099614,42.381262],[-71.099589,42.381229],[-71.099483,42.38116],[-71.099467,42.381156]]}},{"type":"Feature","properties":{"name":"Bow Street","separation_level":"separate","street_classification":"medium-capacity","maxspeed_int":20.0,"lanes_int":1.0},"geometry":{"type":"LineString","coordinates":[[-71.099545,42.381439],[-71.099674,42.381415],[-71.09973,42.381408],[-71.099848,42.381397],[-71.100012,42.381406],[-71.100147,42.381434],[-71.100429,42.381493],[-71.10057,42.381537]]}},{"type":"Feature","properties":{"name":"Taylor Street","separation_level":"none","street_classification":"residential","maxspeed_int":25.0,"lanes_int":1.0},"geometry":{"type":"LineString","coordinates":[[-71.089442,42.39444],[-71.089393,42.394486],[-71.088577,42.395092],[-71.088487,42.39516]]}},{"type":"Feature","properties":{"name":"Memorial Road","separation_level":"none","street_classification":"residential","maxspeed_int":25.0,"lanes_int":2.0},"geometry":{"type":"LineString","coordinates":[[-71.091256,42.395218],[-71.091289,42.395303],[-71.091304,42.395338],[-71.09132,42.395367],[-71.091343,42.395395],[-71.091371,42.395419],[-71.091709,42.39567]]}},{"type":"Feature","properties":{"name":"Yorktown Street","separation_level":"none","street_classification":"residential","maxspeed_int":20.0,"lanes_int":2.0},"geometry":{"type":"LineString","coordinates":[[-71.129114,42.400408],[-71.129566,42.400005]]}},{"type":"Feature","properties":{"name":"Malvern Avenue","separation_level":"none","street_classification":"residential","maxspeed_int":20.0,"lanes_int":2.0},"geometry":{"type":"LineString","coordinates":[[-71.129114,42.400408],[-71.129053,42.400372],[-71.127882,42.399652],[-71.127812,42.399608]]}},{"type":"Feature","properties":{"name":"Glendale Avenue","separation_level":"none","street_classification":"residential","maxspeed_int":20.0,"lanes_int":2.0},"geometry":{"type":"LineString","coordinates":[[-71.129566,42.400005],[-71.129499,42.399966],[-71.128322,42.399248],[-71.128256,42.399208]]}},{"type":"Feature","properties":{"name":"Cameron Avenue","separation_level":"lane","street_classification":"medium-capacity","maxspeed_int":20.0,"lanes_int":2.0},"geometry":{"type":"LineString","coordinates":[[-71.127812,42.399608],[-71.127539,42.399856],[-71.127292,42.40008]]}},{"type":"Feature","properties":{"name":"Cameron Avenue","separation_level":"lane","street_classification":"medium-capacity","maxspeed_int":20.0,"lanes_int":2.0},"geometry":{"type":"LineString","coordinates":[[-71.127812,42.399608],[-71.128076,42.39937],[-71.128256,42.399208]]}},{"type":"Feature","properties":{"name":null,"separation_level":"none","street_classification":"residential","maxspeed_int":null,"lanes_int":null},"geometry":{"type":"LineString","coordinates":[[-71.105387,42.384571],[-71.105487,42.384608],[-71.105278,42.384909]]}},{"type":"Feature","properties":{"name":null,"separation_level":"none","street_classification":"residential","maxspeed_int":null,"lanes_int":null},"geometry":{"type":"LineString","coordinates":[[-71.105387,42.384571],[-71.105287,42.384534],[-71.105061,42.384836],[-71.105278,42.384909]]}},{"type":"Feature","properties":{"name":"Autumn Street","separation_level":"none","street_classification":"residential","maxspeed_int":20.0,"lanes_int":1.0},"geometry":{"type":"LineString","coordinates":[[-71.087274,42.388682],[-71.086999,42.389008],[-71.086947,42.389069],[-71.086797,42.38905]]}},{"type":"Feature","properties":{"name":"School Street","separation_level":"shared_lane","street_classification":"medium-capacity","maxspeed_int":20.0,"lanes_int":2.0},"geometry":{"type":"LineString","coordinates":[[-71.094649,42.393398],[-71.09451,42.39314],[-71.094576,42.393057],[-71.09473,42.392809]]}},{"type":"Feature","properties":{"name":"Broadway","separation_level":"share_busway","street_classification":"medium-capacity","maxspeed_int":25.0,"lanes_int":3.0},"geometry":{"type":"LineString","coordinates":[[-71.094649,42.393398],[-71.09451,42.39314],[-71.094421,42.393094],[-71.094019,42.392888],[-71.093871,42.392819],[-71.09378,42.392779],[-71.093696,42.392734]]}},{"type":"Feature","properties":{"name":"Broadway","separation_level":"track","street_classification":"medium-capacity","maxspeed_int":25.0,"lanes_int":2.0},"geometry":{"type":"LineString","coordinates":[[-71.094649,42.393398],[-71.094785,42.393416],[-71.095172,42.39362],[-71.095244,42.393612]]}},{"type":"Feature","properties":{"name":null,"separation_level":"none","street_classification":"residential","maxspeed_int":null,"lanes_int":null},"geometry":{"type":"LineString","coordinates":[[-71.094649,42.393398],[-71.09484,42.393651],[-71.094503,42.394015],[-71.094407,42.394135]]}},{"type":"Feature","properties":{"name":"School Street","separation_level":"shared_lane","street_classification":"medium-capacity","maxspeed_int":20.0,"lanes_int":2.0},"geometry":{"type":"LineString","coordinates":[[-71.09473,42.392809],[-71.09476,42.392761],[-71.094774,42.392725],[-71.094854,42.392613],[-71.094871,42.392589]]}},{"type":"Feature","properties":{"name":null,"separation_level":"none","street_classification":"residential","maxspeed_int":null,"lanes_int":null},"geometry":{"type":"LineString","coordinates":[[-71.09473,42.392809],[-71.094808,42.392835],[-71.095045,42.392919],[-71.095086,42.392912],[-71.095182,42.392798],[-71.095195,42.392764],[-71.095172,42.392734],[-71.094934,42.392643],[-71.094854,42.392613],[-71.094871,42.392589]]}},{"type":"Feature","properties":{"name":"Broadway","separation_level":"share_busway","street_classification":"medium-capacity","maxspeed_int":25.0,"lanes_int":3.0},"geometry":{"type":"LineString","coordinates":[[-71.093696,42.392734],[-71.093612,42.392689],[-71.093521,42.392644],[-71.093383,42.392575],[-71.093343,42.39262]]}},{"type":"Feature","properties":{"name":null,"separation_level":"none","street_classification":"residential","maxspeed_int":null,"lanes_int":null},"geometry":{"type":"LineString","coordinates":[[-71.094407,42.394135],[-71.094271,42.394285],[-71.094487,42.394386],[-71.094616,42.394239],[-71.094407,42.394135]]}},{"type":"Feature","properties":{"name":null,"separation_level":"none","street_classification":"residential","maxspeed_int":null,"lanes_int":null},"geometry":{"type":"LineString","coordinates":[[-71.094407,42.394135],[-71.094616,42.394239],[-71.094487,42.394386],[-71.094271,42.394285],[-71.094407,42.394135]]}},{"type":"Feature","properties":{"name":"School Street","separation_level":"shared_lane","street_classification":"medium-capacity","maxspeed_int":20.0,"lanes_int":2.0},"geometry":{"type":"LineString","coordinates":[[-71.094871,42.392589],[-71.094889,42.392565],[-71.09524,42.392014]]}},{"type":"Feature","properties":{"name":"Broadway","separation_level":"share_busway","street_classification":"medium-capacity","maxspeed_int":25.0,"lanes_int":2.0},"geometry":{"type":"LineString","coordinates":[[-71.093343,42.39262],[-71.093383,42.392575],[-71.09333,42.392527],[-71.093075,42.392395],[-71.092985,42.392505]]}},{"type":"Feature","properties":{"name":"Broadway","separation_level":"track","street_classification":"medium-capacity","maxspeed_int":25.0,"lanes_int":2.0},"geometry":{"type":"LineString","coordinates":[[-71.093343,42.39262],[-71.093304,42.392664],[-71.093426,42.392709],[-71.093931,42.392969],[-71.094077,42.393029]]}},{"type":"Feature","properties":{"name":"Temple Street","separation_level":"lane","street_classification":"medium-capacity","maxspeed_int":25.0,"lanes_int":2.0},"geometry":{"type":"LineString","coordinates":[[-71.093343,42.39262],[-71.093304,42.392664],[-71.093297,42.392674],[-71.093252,42.39274],[-71.093232,42.392764],[-71.093058,42.392981]]}},{"type":"Feature","properties":{"name":null,"separation_level":"none","street_classification":"residential","maxspeed_int":null,"lanes_int":null},"geometry":{"type":"LineString","coordinates":[[-71.126824,42.417607],[-71.126719,42.417604],[-71.126605,42.417588],[-71.126481,42.417544],[-71.126411,42.417368]]}},{"type":"Feature","properties":{"name":"Mystic Valley Parkway","separation_level":"none","street_classification":"medium-capacity","maxspeed_int":30.0,"lanes_int":4.0},"geometry":{"type":"LineString","coordinates":[[-71.128975,42.41681],[-71.129029,42.41688],[-71.129191,42.416755],[-71.129318,42.416658],[-71.129342,42.416641],[-71.129412,42.416586],[-71.129172,42.416501]]}},{"type":"Feature","properties":{"name":null,"separation_level":"none","street_classification":"residential","maxspeed_int":null,"lanes_int":null},"geometry":{"type":"LineString","coordinates":[[-71.128975,42.41681],[-71.12892,42.416739],[-71.129094,42.416595],[-71.129172,42.416501]]}},{"type":"Feature","properties":{"name":null,"separation_level":"none","street_classification":"residential","maxspeed_int":null,"lanes_int":null},"geometry":{"type":"LineString","coordinates":[[-71.128042,42.416493],[-71.128074,42.416427],[-71.128089,42.416382],[-71.128088,42.416346],[-71.128079,42.41631],[-71.128059,42.416287],[-71.127978,42.416229]]}},{"type":"Feature","properties":{"name":"Inner Belt Road","separation_level":"none","street_classification":"residential","maxspeed_int":25.0,"lanes_int":1.0},"geometry":{"type":"LineString","coordinates":[[-71.080985,42.379045],[-71.080982,42.37896],[-71.080992,42.378878],[-71.080997,42.378824],[-71.081002,42.37876],[-71.081003,42.378707],[-71.080995,42.378564],[-71.080989,42.37851],[-71.080978,42.378459],[-71.08096,42.378407],[-71.080931,42.378332],[-71.08093,42.378315]]}},{"type":"Feature","properties":{"name":null,"separation_level":"none","street_classification":"residential","maxspeed_int":null,"lanes_int":null},"geometry":{"type":"LineString","coordinates":[[-71.080985,42.379045],[-71.080987,42.379131],[-71.080911,42.379126],[-71.080677,42.379112],[-71.08016,42.379082]]}},{"type":"Feature","properties":{"name":"Inner Belt Road","separation_level":"none","street_classification":"residential","maxspeed_int":25.0,"lanes_int":1.0},"geometry":{"type":"LineString","coordinates":[[-71.08093,42.378315],[-71.080931,42.378332],[-71.080913,42.378409],[-71.080907,42.378469],[-71.080907,42.378518],[-71.080909,42.378568],[-71.080919,42.378712],[-71.080926,42.378764],[-71.080939,42.378829],[-71.080958,42.378893],[-71.080982,42.37896],[-71.080985,42.379045]]}},{"type":"Feature","properties":{"name":"Inner Belt Road","separation_level":"none","street_classification":"residential","maxspeed_int":25.0,"lanes_int":2.0},"geometry":{"type":"LineString","coordinates":[[-71.08093,42.378315],[-71.080929,42.378298],[-71.080898,42.377874],[-71.080888,42.377728]]}},{"type":"Feature","properties":{"name":"Inner Belt Road","separation_level":"none","street_classification":"residential","maxspeed_int":25.0,"lanes_int":2.0},"geometry":{"type":"LineString","coordinates":[[-71.080888,42.377728],[-71.080877,42.377584],[-71.080867,42.377401]]}},{"type":"Feature","properties":{"name":"Second Avenue","separation_level":"none","street_classification":"residential","maxspeed_int":25.0,"lanes_int":2.0},"geometry":{"type":"LineString","coordinates":[[-71.080888,42.377728],[-71.080877,42.377584],[-71.080965,42.377582],[-71.082007,42.377549],[-71.082033,42.377547],[-71.082116,42.377602]]}},{"type":"Feature","properties":{"name":null,"separation_level":"none","street_classification":"residential","maxspeed_int":null,"lanes_int":null},"geometry":{"type":"LineString","coordinates":[[-71.080888,42.377728],[-71.080898,42.377874],[-71.080982,42.377871],[-71.08187,42.377841]]}},{"type":"Feature","properties":{"name":null,"separation_level":"none","street_classification":"residential","maxspeed_int":null,"lanes_int":null},"geometry":{"type":"LineString","coordinates":[[-71.093639,42.39833],[-71.093532,42.398367],[-71.093502,42.398379],[-71.093475,42.398394],[-71.09345,42.39841],[-71.093246,42.398562],[-71.09322,42.39858],[-71.093165,42.398621]]}},{"type":"Feature","properties":{"name":"Connors Drive","separation_level":"none","street_classification":"residential","maxspeed_int":25.0,"lanes_int":2.0},"geometry":{"type":"LineString","coordinates":[[-71.093639,42.39833],[-71.093583,42.398263],[-71.093552,42.398223],[-71.09354,42.398201],[-71.093529,42.398177],[-71.093523,42.398152],[-71.093501,42.398007],[-71.093467,42.397936]]}},{"type":"Feature","properties":{"name":"Mystic Avenue","separation_level":"none","street_classification":"medium-capacity","maxspeed_int":null,"lanes_int":2.0},"geometry":{"type":"LineString","coordinates":[[-71.093165,42.398621],[-71.092689,42.398263],[-71.091986,42.397718]]}},{"type":"Feature","properties":{"name":"River Road","separation_level":"none","street_classification":"residential","maxspeed_int":25.0,"lanes_int":2.0},"geometry":{"type":"LineString","coordinates":[[-71.093467,42.397936],[-71.093432,42.397865],[-71.093219,42.397717]]}},{"type":"Feature","properties":{"name":"Connors Drive / Canal Lane","separation_level":"none","street_classification":"residential","maxspeed_int":25.0,"lanes_int":2.0},"geometry":{"type":"LineString","coordinates":[[-71.093467,42.397936],[-71.093432,42.397865],[-71.094219,42.397299],[-71.094233,42.397288],[-71.094245,42.397276],[-71.094254,42.397262],[-71.094261,42.397248],[-71.094265,42.397233],[-71.094267,42.397218],[-71.094267,42.397194],[-71.094271,42.397043],[-71.09427,42.397028],[-71.094266,42.397013],[-71.09426,42.396998],[-71.094251,42.396984],[-71.09424,42.396972],[-71.094227,42.39696],[-71.093924,42.396728],[-71.093647,42.396515],[-71.093697,42.396479]]}},{"type":"Feature","properties":{"name":"Mystic Avenue","separation_level":"none","street_classification":"medium-capacity","maxspeed_int":null,"lanes_int":3.0},"geometry":{"type":"LineString","coordinates":[[-71.091986,42.397718],[-71.091762,42.397554],[-71.091517,42.397374],[-71.091464,42.397341],[-71.091405,42.397312],[-71.091395,42.397307],[-71.091299,42.397272]]}},{"type":"Feature","properties":{"name":"River Road","separation_level":"none","street_classification":"residential","maxspeed_int":25.0,"lanes_int":2.0},"geometry":{"type":"LineString","coordinates":[[-71.093219,42.397717],[-71.093147,42.397667],[-71.093107,42.397634],[-71.093083,42.397611],[-71.093071,42.397593],[-71.093065,42.397577],[-71.093059,42.397545],[-71.093056,42.397374],[-71.093055,42.397304],[-71.09305,42.397274],[-71.093041,42.397248],[-71.09302,42.397215],[-71.092994,42.397187],[-71.09296,42.397154],[-71.09291,42.397112],[-71.092863,42.397079]]}},{"type":"Feature","properties":{"name":"Canal Lane","separation_level":"none","street_classification":"residential","maxspeed_int":25.0,"lanes_int":2.0},"geometry":{"type":"LineString","coordinates":[[-71.093697,42.396479],[-71.093647,42.396515],[-71.09324,42.396808]]}},{"type":"Feature","properties":{"name":null,"separation_level":"none","street_classification":"dedicated_path","maxspeed_int":null,"lanes_int":null},"geometry":{"type":"LineString","coordinates":[[-71.093697,42.396479],[-71.093746,42.396443],[-71.093733,42.396388],[-71.093723,42.396347],[-71.093685,42.39628],[-71.093626,42.396224],[-71.093352,42.396019],[-71.093245,42.395938],[-71.093157,42.395872],[-71.093141,42.39586],[-71.093034,42.395823]]}},{"type":"Feature","properties":{"name":"Broadway","separation_level":"share_busway","street_classification":"medium-capacity","maxspeed_int":25.0,"lanes_int":2.0},"geometry":{"type":"LineString","coordinates":[[-71.092356,42.391993],[-71.092172,42.391871],[-71.091929,42.391687],[-71.09171,42.391629]]}},{"type":"Feature","properties":{"name":"Lincoln Avenue","separation_level":"none","street_classification":"residential","maxspeed_int":20.0,"lanes_int":1.0},"geometry":{"type":"LineString","coordinates":[[-71.080165,42.385636],[-71.079823,42.385526],[-71.079531,42.385411],[-71.079452,42.385378]]}},{"type":"Feature","properties":{"name":"Gilman Street","separation_level":"shared_lane","street_classification":"residential","maxspeed_int":20.0,"lanes_int":1.0},"geometry":{"type":"LineString","coordinates":[[-71.091446,42.38542],[-71.09138,42.385378],[-71.091238,42.385285],[-71.090875,42.385114],[-71.090777,42.385068],[-71.089674,42.384583],[-71.089373,42.384453]]}},{"type":"Feature","properties":{"name":"Gilman Street","separation_level":"shared_lane","street_classification":"residential","maxspeed_int":20.0,"lanes_int":1.0},"geometry":{"type":"LineString","coordinates":[[-71.091446,42.38542],[-71.09151,42.385463],[-71.092669,42.386234]]}},{"type":"Feature","properties":{"name":"Nashua Street","separation_level":"none","street_classification":"residential","maxspeed_int":20.0,"lanes_int":2.0},"geometry":{"type":"LineString","coordinates":[[-71.105998,42.394685],[-71.105963,42.394737],[-71.105773,42.395]]}},{"type":"Feature","properties":{"name":"Nashua Street","separation_level":"none","street_classification":"residential","maxspeed_int":20.0,"lanes_int":2.0},"geometry":{"type":"LineString","coordinates":[[-71.105998,42.394685],[-71.106021,42.394651],[-71.106217,42.394378]]}},{"type":"Feature","properties":{"name":"Wilton Street","separation_level":"none","street_classification":"residential","maxspeed_int":20.0,"lanes_int":1.0},"geometry":{"type":"LineString","coordinates":[[-71.105998,42.394685],[-71.105957,42.394666],[-71.105195,42.39432],[-71.10514,42.394295],[-71.105152,42.394277]]}},{"type":"Feature","properties":{"name":"Rush Street","separation_level":"none","street_classification":"residential","maxspeed_int":20.0,"lanes_int":2.0},"geometry":{"type":"LineString","coordinates":[[-71.085796,42.387129],[-71.08582,42.387093],[-71.086048,42.386754]]}},{"type":"Feature","properties":{"name":"Brook Street","separation_level":"none","street_classification":"residential","maxspeed_int":20.0,"lanes_int":2.0},"geometry":{"type":"LineString","coordinates":[[-71.085796,42.387129],[-71.085871,42.387158],[-71.086653,42.387452],[-71.086719,42.387477],[-71.086683,42.387535]]}},{"type":"Feature","properties":{"name":"Rush Street","separation_level":"none","street_classification":"residential","maxspeed_int":20.0,"lanes_int":1.0},"geometry":{"type":"LineString","coordinates":[[-71.085796,42.387129],[-71.085761,42.387181],[-71.085116,42.388162],[-71.085074,42.388222]]}},{"type":"Feature","properties":{"name":"Glen Street","separation_level":"shared_lane","street_classification":"residential","maxspeed_int":20.0,"lanes_int":1.0},"geometry":{"type":"LineString","coordinates":[[-71.085483,42.38618],[-71.085367,42.386136],[-71.085543,42.385894]]}},{"type":"Feature","properties":{"name":null,"separation_level":"none","street_classification":"residential","maxspeed_int":null,"lanes_int":null},"geometry":{"type":"LineString","coordinates":[[-71.085483,42.38618],[-71.0856,42.386225],[-71.086201,42.386444],[-71.086239,42.386459],[-71.086226,42.38648]]}},{"type":"Feature","properties":{"name":null,"separation_level":"none","street_classification":"residential","maxspeed_int":null,"lanes_int":null},"geometry":{"type":"LineString","coordinates":[[-71.085483,42.38618],[-71.08547,42.386175],[-71.085657,42.385911],[-71.085734,42.385801],[-71.08572,42.385762],[-71.085668,42.385723]]}},{"type":"Feature","properties":{"name":"Ellsworth Street","separation_level":"none","street_classification":"residential","maxspeed_int":20.0,"lanes_int":2.0},"geometry":{"type":"LineString","coordinates":[[-71.086048,42.386754],[-71.086116,42.386776],[-71.086888,42.387058],[-71.086963,42.387087],[-71.086975,42.387068]]}},{"type":"Feature","properties":{"name":"Rush Street","separation_level":"none","street_classification":"residential","maxspeed_int":20.0,"lanes_int":2.0},"geometry":{"type":"LineString","coordinates":[[-71.086048,42.386754],[-71.086189,42.386538],[-71.086226,42.38648]]}},{"type":"Feature","properties":{"name":"Cross Street","separation_level":"shared_lane","street_classification":"medium-capacity","maxspeed_int":20.0,"lanes_int":2.0},"geometry":{"type":"LineString","coordinates":[[-71.086683,42.387535],[-71.086719,42.387477],[-71.086944,42.387117],[-71.086963,42.387087],[-71.086975,42.387068]]}},{"type":"Feature","properties":{"name":"Craigie Street","separation_level":"none","street_classification":"residential","maxspeed_int":20.0,"lanes_int":2.0},"geometry":{"type":"LineString","coordinates":[[-71.112324,42.386212],[-71.112221,42.386175],[-71.112008,42.386477]]}},{"type":"Feature","properties":{"name":"Craigie Street","separation_level":"none","street_classification":"residential","maxspeed_int":20.0,"lanes_int":2.0},"geometry":{"type":"LineString","coordinates":[[-71.112324,42.386212],[-71.112221,42.386175],[-71.112489,42.385795]]}},{"type":"Feature","properties":{"name":"Kimball Street","separation_level":"none","street_classification":"residential","maxspeed_int":25.0,"lanes_int":2.0},"geometry":{"type":"LineString","coordinates":[[-71.112008,42.386477],[-71.111933,42.386448],[-71.111453,42.386264],[-71.111379,42.386236]]}},{"type":"Feature","properties":{"name":"Craigie Street","separation_level":"none","street_classification":"residential","maxspeed_int":20.0,"lanes_int":2.0},"geometry":{"type":"LineString","coordinates":[[-71.112008,42.386477],[-71.111971,42.386529],[-71.111553,42.387121]]}},{"type":"Feature","properties":{"name":"Craigie Street","separation_level":"none","street_classification":"residential","maxspeed_int":20.0,"lanes_int":2.0},"geometry":{"type":"LineString","coordinates":[[-71.112489,42.385795],[-71.112807,42.385345]]}},{"type":"Feature","properties":{"name":"Kimball Street","separation_level":"none","street_classification":"residential","maxspeed_int":25.0,"lanes_int":2.0},"geometry":{"type":"LineString","coordinates":[[-71.111379,42.386236],[-71.111335,42.38622],[-71.110922,42.386066],[-71.110857,42.386042]]}},{"type":"Feature","properties":{"name":"Ibbetson Street","separation_level":"none","street_classification":"residential","maxspeed_int":20.0,"lanes_int":2.0},"geometry":{"type":"LineString","coordinates":[[-71.111379,42.386236],[-71.111342,42.386289],[-71.111168,42.386535],[-71.110712,42.386362],[-71.110648,42.386339]]}},{"type":"Feature","properties":{"name":"Ibbetson Street","separation_level":"none","street_classification":"residential","maxspeed_int":20.0,"lanes_int":2.0},"geometry":{"type":"LineString","coordinates":[[-71.111379,42.386236],[-71.111709,42.385778],[-71.112288,42.384956],[-71.11231,42.384926],[-71.112364,42.384851],[-71.112283,42.384808]]}},{"type":"Feature","properties":{"name":"Craigie Street","separation_level":"none","street_classification":"residential","maxspeed_int":20.0,"lanes_int":2.0},"geometry":{"type":"LineString","coordinates":[[-71.112807,42.385345],[-71.112847,42.385288],[-71.112865,42.385263],[-71.112942,42.385154]]}},{"type":"Feature","properties":{"name":null,"separation_level":"none","street_classification":"residential","maxspeed_int":null,"lanes_int":null},"geometry":{"type":"LineString","coordinates":[[-71.112807,42.385345],[-71.112748,42.385318],[-71.112638,42.385268],[-71.112471,42.385181],[-71.112549,42.385054],[-71.11261,42.384981],[-71.11264,42.384996]]}},{"type":"Feature","properties":{"name":"Meacham Street","separation_level":"none","street_classification":"residential","maxspeed_int":20.0,"lanes_int":2.0},"geometry":{"type":"LineString","coordinates":[[-71.097078,42.397898],[-71.097559,42.398145]]}},{"type":"Feature","properties":{"name":"Moreland Street","separation_level":"none","street_classification":"medium-capacity","maxspeed_int":20.0,"lanes_int":2.0},"geometry":{"type":"LineString","coordinates":[[-71.097078,42.397898],[-71.097027,42.397953],[-71.096601,42.398418],[-71.096124,42.398933],[-71.095847,42.39925]]}},{"type":"Feature","properties":{"name":"College Avenue","separation_level":"lane","street_classification":"medium-capacity","maxspeed_int":20.0,"lanes_int":2.0},"geometry":{"type":"LineString","coordinates":[[-71.12067,42.398676],[-71.120581,42.398717],[-71.119831,42.399038],[-71.119749,42.399077]]}},{"type":"Feature","properties":{"name":"College Avenue","separation_level":"lane","street_classification":"medium-capacity","maxspeed_int":20.0,"lanes_int":2.0},"geometry":{"type":"LineString","coordinates":[[-71.12067,42.398676],[-71.120758,42.398634],[-71.120853,42.398577],[-71.120984,42.39849],[-71.121104,42.398394],[-71.121129,42.398369]]}},{"type":"Feature","properties":{"name":null,"separation_level":"none","street_classification":"residential","maxspeed_int":null,"lanes_int":null},"geometry":{"type":"LineString","coordinates":[[-71.10975,42.383873],[-71.109796,42.383794],[-71.109861,42.383806],[-71.110461,42.383925]]}},{"type":"Feature","properties":{"name":"Somerville Avenue","separation_level":"track","street_classification":"medium-capacity","maxspeed_int":25.0,"lanes_int":2.0},"geometry":{"type":"LineString","coordinates":[[-71.10975,42.383873],[-71.109704,42.383953],[-71.109603,42.38393],[-71.10947,42.3839]]}},{"type":"Feature","properties":{"name":"Somerville Avenue","separation_level":"lane","street_classification":"medium-capacity","maxspeed_int":25.0,"lanes_int":2.0},"geometry":{"type":"LineString","coordinates":[[-71.10947,42.3839],[-71.109056,42.383805]]}},{"type":"Feature","properties":{"name":"Broadway","separation_level":"none","street_classification":"residential","maxspeed_int":15.0,"lanes_int":null},"geometry":{"type":"LineString","coordinates":[[-71.10181,42.396656],[-71.101863,42.396672],[-71.102003,42.396699],[-71.102009,42.396701],[-71.102071,42.396694],[-71.102236,42.396677],[-71.102483,42.396758]]}},{"type":"Feature","properties":{"name":"Somerville Avenue","separation_level":"lane","street_classification":"medium-capacity","maxspeed_int":20.0,"lanes_int":2.0},"geometry":{"type":"LineString","coordinates":[[-71.107903,42.383549],[-71.108001,42.383571],[-71.108112,42.383596],[-71.108147,42.383604],[-71.108261,42.383629],[-71.108333,42.383645]]}},{"type":"Feature","properties":{"name":"Somerville Avenue","separation_level":"track","street_classification":"medium-capacity","maxspeed_int":20.0,"lanes_int":2.0},"geometry":{"type":"LineString","coordinates":[[-71.107903,42.383549],[-71.107805,42.383527],[-71.107207,42.383395],[-71.107017,42.383352],[-71.106901,42.383327],[-71.106767,42.383288]]}},{"type":"Feature","properties":{"name":null,"separation_level":"none","street_classification":"residential","maxspeed_int":null,"lanes_int":null},"geometry":{"type":"LineString","coordinates":[[-71.108333,42.383645],[-71.108261,42.383629],[-71.108297,42.383562],[-71.108323,42.383509],[-71.108341,42.383465],[-71.108342,42.383444],[-71.108341,42.383418],[-71.108334,42.383394],[-71.108313,42.383375],[-71.108273,42.383358],[-71.108228,42.383343],[-71.108169,42.383326],[-71.108057,42.383294],[-71.108013,42.383285]]}},{"type":"Feature","properties":{"name":"Somerville Avenue","separation_level":"lane","street_classification":"medium-capacity","maxspeed_int":20.0,"lanes_int":2.0},"geometry":{"type":"LineString","coordinates":[[-71.108333,42.383645],[-71.108405,42.383661],[-71.108766,42.383741]]}},{"type":"Feature","properties":{"name":"Central Street","separation_level":"lane","street_classification":"medium-capacity","maxspeed_int":25.0,"lanes_int":2.0},"geometry":{"type":"LineString","coordinates":[[-71.106767,42.383288],[-71.106901,42.383327],[-71.106861,42.38343],[-71.106699,42.383688]]}},{"type":"Feature","properties":{"name":"Somerville Avenue","separation_level":"lane","street_classification":"medium-capacity","maxspeed_int":20.0,"lanes_int":3.0},"geometry":{"type":"LineString","coordinates":[[-71.106767,42.383288],[-71.106649,42.383271],[-71.1065,42.383239],[-71.106315,42.383198],[-71.106293,42.383193]]}},{"type":"Feature","properties":{"name":null,"separation_level":"none","street_classification":"residential","maxspeed_int":null,"lanes_int":null},"geometry":{"type":"LineString","coordinates":[[-71.106767,42.383288],[-71.106594,42.383413],[-71.106343,42.383353],[-71.106322,42.38329],[-71.106315,42.383198],[-71.106293,42.383193]]}},{"type":"Feature","properties":{"name":null,"separation_level":"none","street_classification":"residential","maxspeed_int":null,"lanes_int":null},"geometry":{"type":"LineString","coordinates":[[-71.106767,42.383288],[-71.106906,42.383144],[-71.106561,42.383053],[-71.106632,42.382895],[-71.106546,42.382842]]}},{"type":"Feature","properties":{"name":null,"separation_level":"none","street_classification":"residential","maxspeed_int":null,"lanes_int":null},"geometry":{"type":"LineString","coordinates":[[-71.106767,42.383288],[-71.106906,42.383144],[-71.106986,42.38299],[-71.106632,42.382895],[-71.106546,42.382842]]}},{"type":"Feature","properties":{"name":null,"separation_level":"none","street_classification":"residential","maxspeed_int":null,"lanes_int":null},"geometry":{"type":"LineString","coordinates":[[-71.108013,42.383285],[-71.10798,42.383291],[-71.107949,42.383315],[-71.107944,42.383322],[-71.107917,42.383354],[-71.107892,42.383395],[-71.107859,42.383445],[-71.107848,42.383462],[-71.107805,42.383527],[-71.107903,42.383549]]}},{"type":"Feature","properties":{"name":"Somerville Avenue","separation_level":"lane","street_classification":"medium-capacity","maxspeed_int":25.0,"lanes_int":2.0},"geometry":{"type":"LineString","coordinates":[[-71.108766,42.383741],[-71.109056,42.383805]]}},{"type":"Feature","properties":{"name":"Bleachery Court","separation_level":"none","street_classification":"residential","maxspeed_int":null,"lanes_int":2.0},"geometry":{"type":"LineString","coordinates":[[-71.108766,42.383741],[-71.108804,42.383673],[-71.109015,42.383297]]}},{"type":"Feature","properties":{"name":"Properzi Way","separation_level":"none","street_classification":"residential","maxspeed_int":20.0,"lanes_int":2.0},"geometry":{"type":"LineString","coordinates":[[-71.106802,42.380332],[-71.107173,42.380079]]}},{"type":"Feature","properties":{"name":"Alpine Street","separation_level":"none","street_classification":"residential","maxspeed_int":20.0,"lanes_int":2.0},"geometry":{"type":"LineString","coordinates":[[-71.108609,42.392926],[-71.108625,42.392869],[-71.108609,42.392833],[-71.108565,42.392799],[-71.106721,42.392105],[-71.106651,42.39208]]}},{"type":"Feature","properties":{"name":"Princeton Street","separation_level":"none","street_classification":"residential","maxspeed_int":20.0,"lanes_int":2.0},"geometry":{"type":"LineString","coordinates":[[-71.108609,42.392926],[-71.108509,42.393043],[-71.108454,42.393084],[-71.108376,42.393093],[-71.108291,42.393072],[-71.107116,42.39272],[-71.106513,42.3925],[-71.10649,42.392491],[-71.106399,42.392457]]}},{"type":"Feature","properties":{"name":"Lowell Street","separation_level":"none","street_classification":"medium-capacity","maxspeed_int":20.0,"lanes_int":2.0},"geometry":{"type":"LineString","coordinates":[[-71.106651,42.39208],[-71.106681,42.392037],[-71.106806,42.391892]]}},{"type":"Feature","properties":{"name":"Lowell Street","separation_level":"none","street_classification":"medium-capacity","maxspeed_int":20.0,"lanes_int":2.0},"geometry":{"type":"LineString","coordinates":[[-71.106651,42.39208],[-71.10661,42.392135],[-71.106527,42.392267]]}},{"type":"Feature","properties":{"name":"Lowell Street","separation_level":"none","street_classification":"medium-capacity","maxspeed_int":20.0,"lanes_int":2.0},"geometry":{"type":"LineString","coordinates":[[-71.106399,42.392457],[-71.106369,42.392508],[-71.10633,42.392562],[-71.10631,42.39259],[-71.10624,42.392693],[-71.106104,42.392888],[-71.10604,42.392982]]}},{"type":"Feature","properties":{"name":"Lowell Street","separation_level":"none","street_classification":"medium-capacity","maxspeed_int":20.0,"lanes_int":2.0},"geometry":{"type":"LineString","coordinates":[[-71.106399,42.392457],[-71.106446,42.392388],[-71.106527,42.392267]]}},{"type":"Feature","properties":{"name":"Grand Union Boulevard","separation_level":"track","street_classification":"medium-capacity","maxspeed_int":25.0,"lanes_int":1.0},"geometry":{"type":"LineString","coordinates":[[-71.078051,42.389626],[-71.078061,42.389559],[-71.077925,42.389434],[-71.07785,42.389352],[-71.077778,42.389262],[-71.077722,42.389176],[-71.077679,42.389108],[-71.077725,42.389122]]}},{"type":"Feature","properties":{"name":null,"separation_level":"none","street_classification":"residential","maxspeed_int":null,"lanes_int":null},"geometry":{"type":"LineString","coordinates":[[-71.078051,42.389626],[-71.078061,42.389559],[-71.078104,42.389532],[-71.078244,42.389443],[-71.077868,42.389119],[-71.077725,42.389122]]}},{"type":"Feature","properties":{"name":null,"separation_level":"none","street_classification":"dedicated_path","maxspeed_int":null,"lanes_int":null},"geometry":{"type":"LineString","coordinates":[[-71.078051,42.389626],[-71.078094,42.389697],[-71.078055,42.389764],[-71.077978,42.389895],[-71.077988,42.389961],[-71.07804,42.390062],[-71.078045,42.39016],[-71.077996,42.390294],[-71.078005,42.390375],[-71.078044,42.390484],[-71.078049,42.390559]]}},{"type":"Feature","properties":{"name":"Grand Union Boulevard","separation_level":"lane_buffered","street_classification":"medium-capacity","maxspeed_int":25.0,"lanes_int":1.0},"geometry":{"type":"LineString","coordinates":[[-71.078051,42.389626],[-71.078094,42.389697],[-71.078604,42.390121],[-71.078821,42.390301],[-71.078859,42.390277]]}},{"type":"Feature","properties":{"name":"Grand Union Boulevard","separation_level":"track","street_classification":"medium-capacity","maxspeed_int":25.0,"lanes_int":1.0},"geometry":{"type":"LineString","coordinates":[[-71.077725,42.389122],[-71.077679,42.389108],[-71.077656,42.389072],[-71.077614,42.388995],[-71.077581,42.388917],[-71.077538,42.388927]]}},{"type":"Feature","properties":{"name":null,"separation_level":"none","street_classification":"residential","maxspeed_int":null,"lanes_int":null},"geometry":{"type":"LineString","coordinates":[[-71.077725,42.389122],[-71.077868,42.389119],[-71.077903,42.388967],[-71.078075,42.388851]]}},{"type":"Feature","properties":{"name":"Grand Union Boulevard","separation_level":"track","street_classification":"medium-capacity","maxspeed_int":25.0,"lanes_int":1.0},"geometry":{"type":"LineString","coordinates":[[-71.077725,42.389122],[-71.077588,42.389138],[-71.077642,42.389224],[-71.077694,42.389304],[-71.077763,42.389384],[-71.077829,42.389454],[-71.077902,42.389529],[-71.077985,42.389606],[-71.078051,42.389626]]}},{"type":"Feature","properties":{"name":null,"separation_level":"none","street_classification":"dedicated_path","maxspeed_int":null,"lanes_int":null},"geometry":{"type":"LineString","coordinates":[[-71.078049,42.390559],[-71.078054,42.390648],[-71.078089,42.39072],[-71.078147,42.390768],[-71.078226,42.390862],[-71.078238,42.390939],[-71.078213,42.391049],[-71.078208,42.391151],[-71.07823,42.39124],[-71.078113,42.391259]]}},{"type":"Feature","properties":{"name":null,"separation_level":"none","street_classification":"residential","maxspeed_int":null,"lanes_int":null},"geometry":{"type":"LineString","coordinates":[[-71.078049,42.390559],[-71.078405,42.390547],[-71.078774,42.390328],[-71.078821,42.390301],[-71.078859,42.390277]]}},{"type":"Feature","properties":{"name":"Grand Union Boulevard","separation_level":"track","street_classification":"medium-capacity","maxspeed_int":25.0,"lanes_int":1.0},"geometry":{"type":"LineString","coordinates":[[-71.078859,42.390277],[-71.078897,42.390253],[-71.078061,42.389559],[-71.078051,42.389626]]}},{"type":"Feature","properties":{"name":"Grand Union Boulevard","separation_level":"track","street_classification":"medium-capacity","maxspeed_int":25.0,"lanes_int":1.0},"geometry":{"type":"LineString","coordinates":[[-71.078859,42.390277],[-71.078821,42.390301],[-71.079436,42.390808],[-71.079532,42.390885]]}},{"type":"Feature","properties":{"name":"Grand Union Boulevard","separation_level":"track","street_classification":"medium-capacity","maxspeed_int":25.0,"lanes_int":1.0},"geometry":{"type":"LineString","coordinates":[[-71.077538,42.388927],[-71.077581,42.388917],[-71.07755,42.388819],[-71.077528,42.388728],[-71.077515,42.38863],[-71.077429,42.387725],[-71.077382,42.387726]]}},{"type":"Feature","properties":{"name":"Grand Union Boulevard","separation_level":"track","street_classification":"medium-capacity","maxspeed_int":25.0,"lanes_int":1.0},"geometry":{"type":"LineString","coordinates":[[-71.077538,42.388927],[-71.077494,42.388938],[-71.077532,42.389024],[-71.077575,42.389116],[-71.077588,42.389138],[-71.077725,42.389122]]}},{"type":"Feature","properties":{"name":null,"separation_level":"none","street_classification":"residential","maxspeed_int":null,"lanes_int":null},"geometry":{"type":"LineString","coordinates":[[-71.131606,42.412991],[-71.131253,42.412887],[-71.131199,42.4127],[-71.131167,42.4126],[-71.131162,42.412592],[-71.131153,42.412582],[-71.131094,42.412554]]}},{"type":"Feature","properties":{"name":null,"separation_level":"none","street_classification":"residential","maxspeed_int":null,"lanes_int":null},"geometry":{"type":"LineString","coordinates":[[-71.131606,42.412991],[-71.131709,42.413028],[-71.131736,42.413758],[-71.131842,42.413753]]}},{"type":"Feature","properties":{"name":null,"separation_level":"none","street_classification":"residential","maxspeed_int":null,"lanes_int":null},"geometry":{"type":"LineString","coordinates":[[-71.131606,42.412991],[-71.132116,42.413076],[-71.132133,42.413691],[-71.131842,42.413753]]}},{"type":"Feature","properties":{"name":null,"separation_level":"none","street_classification":"residential","maxspeed_int":null,"lanes_int":null},"geometry":{"type":"LineString","coordinates":[[-71.131842,42.413753],[-71.131545,42.413846],[-71.13152,42.413026],[-71.131606,42.412991]]}},{"type":"Feature","properties":{"name":null,"separation_level":"none","street_classification":"residential","maxspeed_int":null,"lanes_int":null},"geometry":{"type":"LineString","coordinates":[[-71.131842,42.413753],[-71.131953,42.413714],[-71.131932,42.41303],[-71.131606,42.412991]]}},{"type":"Feature","properties":{"name":"Orchard Street","separation_level":"none","street_classification":"residential","maxspeed_int":20.0,"lanes_int":1.0},"geometry":{"type":"LineString","coordinates":[[-71.123081,42.393493],[-71.12304,42.393463],[-71.122364,42.392931],[-71.122279,42.392866]]}},{"type":"Feature","properties":{"name":"Broadway","separation_level":"share_busway","street_classification":"medium-capacity","maxspeed_int":25.0,"lanes_int":2.0},"geometry":{"type":"LineString","coordinates":[[-71.092985,42.392505],[-71.093075,42.392395],[-71.092799,42.392247],[-71.092626,42.392151]]}},{"type":"Feature","properties":{"name":"Marshall Street","separation_level":"lane","street_classification":"residential","maxspeed_int":20.0,"lanes_int":null},"geometry":{"type":"LineString","coordinates":[[-71.092985,42.392505],[-71.093075,42.392395],[-71.093125,42.392334],[-71.093663,42.391449],[-71.093675,42.39143]]}},{"type":"Feature","properties":{"name":"Broadway","separation_level":"share_busway","street_classification":"medium-capacity","maxspeed_int":25.0,"lanes_int":3.0},"geometry":{"type":"LineString","coordinates":[[-71.092985,42.392505],[-71.092997,42.3925],[-71.093049,42.392527],[-71.093199,42.392608],[-71.093237,42.392628],[-71.093304,42.392664],[-71.093343,42.39262]]}},{"type":"Feature","properties":{"name":null,"separation_level":"none","street_classification":"residential","maxspeed_int":null,"lanes_int":null},"geometry":{"type":"LineString","coordinates":[[-71.092985,42.392505],[-71.092897,42.392619],[-71.092724,42.392816]]}},{"type":"Feature","properties":{"name":"Broadway","separation_level":"share_busway","street_classification":"medium-capacity","maxspeed_int":25.0,"lanes_int":2.0},"geometry":{"type":"LineString","coordinates":[[-71.092626,42.392151],[-71.092536,42.3921],[-71.092356,42.391993]]}},{"type":"Feature","properties":{"name":null,"separation_level":"none","street_classification":"residential","maxspeed_int":null,"lanes_int":null},"geometry":{"type":"LineString","coordinates":[[-71.092626,42.392151],[-71.092667,42.392102],[-71.092688,42.392077],[-71.092847,42.39182]]}},{"type":"Feature","properties":{"name":"Marshall Street","separation_level":"lane","street_classification":"residential","maxspeed_int":20.0,"lanes_int":null},"geometry":{"type":"LineString","coordinates":[[-71.093675,42.39143],[-71.093687,42.391411],[-71.094051,42.390829]]}},{"type":"Feature","properties":{"name":null,"separation_level":"none","street_classification":"residential","maxspeed_int":null,"lanes_int":null},"geometry":{"type":"LineString","coordinates":[[-71.092724,42.392816],[-71.092978,42.392942],[-71.093058,42.392981]]}},{"type":"Feature","properties":{"name":"Marshall Street","separation_level":"lane","street_classification":"residential","maxspeed_int":20.0,"lanes_int":null},"geometry":{"type":"LineString","coordinates":[[-71.094051,42.390829],[-71.094229,42.390549]]}},{"type":"Feature","properties":{"name":"Bond Street","separation_level":"none","street_classification":"residential","maxspeed_int":20.0,"lanes_int":1.0},"geometry":{"type":"LineString","coordinates":[[-71.095241,42.395965],[-71.095286,42.395922],[-71.095884,42.395346],[-71.095927,42.395304]]}},{"type":"Feature","properties":{"name":"Jaques Street","separation_level":"none","street_classification":"residential","maxspeed_int":20.0,"lanes_int":1.0},"geometry":{"type":"LineString","coordinates":[[-71.095241,42.395965],[-71.095728,42.39623],[-71.096413,42.396655],[-71.096469,42.396681],[-71.096508,42.39664]]}},{"type":"Feature","properties":{"name":"Emerson Street","separation_level":"none","street_classification":"residential","maxspeed_int":20.0,"lanes_int":1.0},"geometry":{"type":"LineString","coordinates":[[-71.095332,42.37881],[-71.095356,42.378811],[-71.09536,42.37875],[-71.095362,42.378723],[-71.095234,42.37829],[-71.095224,42.378265]]}},{"type":"Feature","properties":{"name":"Everett Street","separation_level":"none","street_classification":"residential","maxspeed_int":20.0,"lanes_int":1.0},"geometry":{"type":"LineString","coordinates":[[-71.095332,42.37881],[-71.095356,42.378811],[-71.095446,42.378807],[-71.096022,42.378706],[-71.096044,42.378702],[-71.096101,42.378693],[-71.096081,42.37862]]}},{"type":"Feature","properties":{"name":"Newton Street","separation_level":"shared_lane","street_classification":"residential","maxspeed_int":20.0,"lanes_int":1.0},"geometry":{"type":"LineString","coordinates":[[-71.095224,42.378265],[-71.09465,42.378615]]}},{"type":"Feature","properties":{"name":"Oak Street","separation_level":"none","street_classification":"residential","maxspeed_int":20.0,"lanes_int":1.0},"geometry":{"type":"LineString","coordinates":[[-71.099198,42.374984],[-71.099179,42.375025],[-71.098987,42.375423],[-71.098963,42.375467]]}},{"type":"Feature","properties":{"name":"Houghton Street","separation_level":"none","street_classification":"residential","maxspeed_int":20.0,"lanes_int":1.0},"geometry":{"type":"LineString","coordinates":[[-71.099198,42.374984],[-71.099156,42.374971],[-71.09887,42.374879],[-71.098654,42.374805],[-71.098384,42.374709]]}},{"type":"Feature","properties":{"name":"Liberty Avenue","separation_level":"none","street_classification":"residential","maxspeed_int":20.0,"lanes_int":2.0},"geometry":{"type":"LineString","coordinates":[[-71.117264,42.397744],[-71.117091,42.398006]]}},{"type":"Feature","properties":{"name":"Liberty Avenue","separation_level":"none","street_classification":"residential","maxspeed_int":20.0,"lanes_int":2.0},"geometry":{"type":"LineString","coordinates":[[-71.117264,42.397744],[-71.117356,42.397622],[-71.117489,42.397446]]}},{"type":"Feature","properties":{"name":"Powder House Terrace","separation_level":"none","street_classification":"residential","maxspeed_int":20.0,"lanes_int":2.0},"geometry":{"type":"LineString","coordinates":[[-71.117582,42.39891],[-71.117551,42.398952],[-71.117531,42.398979],[-71.117425,42.39912],[-71.117208,42.399413],[-71.11708,42.399559],[-71.116956,42.399654],[-71.11683,42.399733],[-71.11672,42.399773],[-71.116597,42.399794],[-71.116484,42.399798],[-71.116366,42.399782],[-71.116245,42.399761],[-71.116036,42.399681],[-71.116012,42.399672],[-71.115938,42.399643]]}},{"type":"Feature","properties":{"name":"Kidder Avenue","separation_level":"none","street_classification":"residential","maxspeed_int":20.0,"lanes_int":2.0},"geometry":{"type":"LineString","coordinates":[[-71.117582,42.39891],[-71.118365,42.39921],[-71.118801,42.399376],[-71.118847,42.399394],[-71.118915,42.39944]]}},{"type":"Feature","properties":{"name":"Liberty Avenue","separation_level":"none","street_classification":"residential","maxspeed_int":20.0,"lanes_int":1.0},"geometry":{"type":"LineString","coordinates":[[-71.115938,42.399643],[-71.115771,42.399887]]}},{"type":"Feature","properties":{"name":"Francesca Avenue","separation_level":"none","street_classification":"residential","maxspeed_int":20.0,"lanes_int":1.0},"geometry":{"type":"LineString","coordinates":[[-71.117091,42.398006],[-71.117154,42.39803],[-71.119634,42.398997],[-71.119675,42.399014],[-71.119749,42.399077]]}},{"type":"Feature","properties":{"name":"Otis Street","separation_level":"separate","street_classification":"residential","maxspeed_int":20.0,"lanes_int":1.0},"geometry":{"type":"LineString","coordinates":[[-71.086975,42.387068],[-71.086988,42.387048],[-71.08706,42.387072],[-71.087171,42.387108],[-71.087222,42.387125]]}},{"type":"Feature","properties":{"name":"Otis Street","separation_level":"shared_lane","street_classification":"residential","maxspeed_int":20.0,"lanes_int":1.0},"geometry":{"type":"LineString","coordinates":[[-71.087222,42.387125],[-71.087534,42.387227],[-71.088969,42.387698]]}},{"type":"Feature","properties":{"name":null,"separation_level":"separate","street_classification":"dedicated_path","maxspeed_int":null,"lanes_int":null},"geometry":{"type":"LineString","coordinates":[[-71.087222,42.387125],[-71.087197,42.387091],[-71.087075,42.38705],[-71.087065,42.387046],[-71.086988,42.387048],[-71.086975,42.387068]]}},{"type":"Feature","properties":{"name":"Marshall Street","separation_level":"lane","street_classification":"residential","maxspeed_int":20.0,"lanes_int":null},"geometry":{"type":"LineString","coordinates":[[-71.094229,42.390549],[-71.094581,42.389984]]}},{"type":"Feature","properties":{"name":"Marshall Street","separation_level":"lane","street_classification":"residential","maxspeed_int":20.0,"lanes_int":null},"geometry":{"type":"LineString","coordinates":[[-71.094581,42.389984],[-71.094694,42.389804]]}},{"type":"Feature","properties":{"name":null,"separation_level":"none","street_classification":"residential","maxspeed_int":null,"lanes_int":null},"geometry":{"type":"LineString","coordinates":[[-71.094581,42.389984],[-71.094538,42.389971],[-71.094079,42.389825],[-71.094057,42.38979],[-71.094097,42.389707],[-71.094125,42.389656],[-71.094152,42.389638],[-71.094223,42.389646],[-71.094652,42.389789],[-71.094694,42.389804]]}},{"type":"Feature","properties":{"name":"Centre Street","separation_level":"none","street_classification":"residential","maxspeed_int":20.0,"lanes_int":2.0},"geometry":{"type":"LineString","coordinates":[[-71.104753,42.390483],[-71.10473,42.390529],[-71.104551,42.390817],[-71.104534,42.390845],[-71.104482,42.390936],[-71.104414,42.391059]]}},{"type":"Feature","properties":{"name":"Albion Street","separation_level":"none","street_classification":"residential","maxspeed_int":20.0,"lanes_int":1.0},"geometry":{"type":"LineString","coordinates":[[-71.104753,42.390483],[-71.106048,42.390966],[-71.107006,42.391333],[-71.10703,42.391342],[-71.107137,42.391383]]}},{"type":"Feature","properties":{"name":"Woodbine Street","separation_level":"none","street_classification":"residential","maxspeed_int":20.0,"lanes_int":2.0},"geometry":{"type":"LineString","coordinates":[[-71.104414,42.391059],[-71.104461,42.391076],[-71.104869,42.391223],[-71.105509,42.391465],[-71.10605,42.391647],[-71.106733,42.391873],[-71.106806,42.391892]]}},{"type":"Feature","properties":{"name":"Lowell Street","separation_level":"none","street_classification":"medium-capacity","maxspeed_int":20.0,"lanes_int":2.0},"geometry":{"type":"LineString","coordinates":[[-71.106806,42.391892],[-71.106833,42.391849],[-71.106856,42.391813],[-71.106939,42.391685]]}},{"type":"Feature","properties":{"name":"Albion Street","separation_level":"none","street_classification":"residential","maxspeed_int":20.0,"lanes_int":null},"geometry":{"type":"LineString","coordinates":[[-71.107689,42.391636],[-71.108013,42.391785],[-71.108644,42.392075]]}},{"type":"Feature","properties":{"name":"Rose Street","separation_level":"none","street_classification":"residential","maxspeed_int":20.0,"lanes_int":1.0},"geometry":{"type":"LineString","coordinates":[[-71.102829,42.37779],[-71.102829,42.377833],[-71.102825,42.378432],[-71.102808,42.379058],[-71.102808,42.379088],[-71.102807,42.379112],[-71.1028,42.379165]]}},{"type":"Feature","properties":{"name":"Dane Avenue","separation_level":"none","street_classification":"residential","maxspeed_int":20.0,"lanes_int":1.0},"geometry":{"type":"LineString","coordinates":[[-71.103902,42.380331],[-71.104538,42.380397],[-71.104604,42.380417]]}},{"type":"Feature","properties":{"name":"Magnus Avenue","separation_level":"none","street_classification":"residential","maxspeed_int":20.0,"lanes_int":1.0},"geometry":{"type":"LineString","coordinates":[[-71.10348,42.378956],[-71.10348,42.378934],[-71.10348,42.378895],[-71.103483,42.378458],[-71.103498,42.377781]]}},{"type":"Feature","properties":{"name":"Washington Street","separation_level":"separate","street_classification":"dedicated_path","maxspeed_int":null,"lanes_int":null},"geometry":{"type":"LineString","coordinates":[[-71.10348,42.378956],[-71.10348,42.378934],[-71.103338,42.378971],[-71.103239,42.378997],[-71.102898,42.379088],[-71.102807,42.379112],[-71.1028,42.379165]]}},{"type":"Feature","properties":{"name":"Beech Street","separation_level":"none","street_classification":"residential","maxspeed_int":20.0,"lanes_int":1.0},"geometry":{"type":"LineString","coordinates":[[-71.107687,42.384048],[-71.107928,42.383681],[-71.107947,42.383652],[-71.108001,42.383571],[-71.107903,42.383549]]}},{"type":"Feature","properties":{"name":"Pitman Street","separation_level":"none","street_classification":"residential","maxspeed_int":20.0,"lanes_int":1.0},"geometry":{"type":"LineString","coordinates":[[-71.107687,42.384048],[-71.107799,42.384078],[-71.108429,42.384246],[-71.109086,42.384417],[-71.109151,42.384433]]}},{"type":"Feature","properties":{"name":null,"separation_level":"none","street_classification":"residential","maxspeed_int":null,"lanes_int":null},"geometry":{"type":"LineString","coordinates":[[-71.106918,42.381134],[-71.106784,42.381019],[-71.106703,42.381019],[-71.106679,42.381063]]}},{"type":"Feature","properties":{"name":"Park Street","separation_level":"lane","street_classification":"medium-capacity","maxspeed_int":20.0,"lanes_int":2.0},"geometry":{"type":"LineString","coordinates":[[-71.107047,42.381801],[-71.106987,42.381785],[-71.106864,42.382036]]}},{"type":"Feature","properties":{"name":"Richardson Street","separation_level":"none","street_classification":"residential","maxspeed_int":20.0,"lanes_int":1.0},"geometry":{"type":"LineString","coordinates":[[-71.104399,42.395368],[-71.104456,42.395391],[-71.104921,42.395586]]}},{"type":"Feature","properties":{"name":"Lowell Street","separation_level":"shared_lane","street_classification":"medium-capacity","maxspeed_int":20.0,"lanes_int":2.0},"geometry":{"type":"LineString","coordinates":[[-71.104399,42.395368],[-71.104562,42.395123],[-71.104776,42.394802],[-71.105014,42.39447]]}},{"type":"Feature","properties":{"name":"Richardson Street","separation_level":"none","street_classification":"residential","maxspeed_int":20.0,"lanes_int":1.0},"geometry":{"type":"LineString","coordinates":[[-71.104921,42.395586],[-71.105184,42.395696],[-71.105294,42.395747]]}},{"type":"Feature","properties":{"name":"Lowell Street","separation_level":"shared_lane","street_classification":"medium-capacity","maxspeed_int":20.0,"lanes_int":2.0},"geometry":{"type":"LineString","coordinates":[[-71.105014,42.39447],[-71.105088,42.394367],[-71.10514,42.394295],[-71.105152,42.394277]]}},{"type":"Feature","properties":{"name":"Grand Union Boulevard","separation_level":"lane","street_classification":"medium-capacity","maxspeed_int":25.0,"lanes_int":null},"geometry":{"type":"LineString","coordinates":[[-71.081558,42.396203],[-71.081548,42.396136],[-71.081468,42.395999],[-71.081441,42.395944],[-71.081431,42.395923],[-71.081398,42.395851],[-71.081248,42.395552]]}},{"type":"Feature","properties":{"name":"Grand Union Boulevard","separation_level":"lane","street_classification":"medium-capacity","maxspeed_int":15.0,"lanes_int":null},"geometry":{"type":"LineString","coordinates":[[-71.081558,42.396203],[-71.081548,42.396136],[-71.081509,42.396105],[-71.081461,42.396084],[-71.081407,42.396073],[-71.08135,42.396074],[-71.081296,42.396087],[-71.081267,42.396224]]}},{"type":"Feature","properties":{"name":null,"separation_level":"none","street_classification":"residential","maxspeed_int":null,"lanes_int":null},"geometry":{"type":"LineString","coordinates":[[-71.082782,42.396822],[-71.082776,42.396893],[-71.082773,42.396941],[-71.082775,42.396957],[-71.082774,42.39699],[-71.082797,42.397052],[-71.082823,42.397099],[-71.082861,42.397156]]}},{"type":"Feature","properties":{"name":"Grand Union Boulevard","separation_level":"lane","street_classification":"medium-capacity","maxspeed_int":25.0,"lanes_int":null},"geometry":{"type":"LineString","coordinates":[[-71.081248,42.395552],[-71.081305,42.395904],[-71.081306,42.395964],[-71.081306,42.396019],[-71.081296,42.396087],[-71.081267,42.396224]]}},{"type":"Feature","properties":{"name":"Grand Union Boulevard","separation_level":"lane_buffered","street_classification":"medium-capacity","maxspeed_int":25.0,"lanes_int":null},"geometry":{"type":"LineString","coordinates":[[-71.081248,42.395552],[-71.081096,42.394991],[-71.081065,42.394875]]}},{"type":"Feature","properties":{"name":"Grand Union Boulevard","separation_level":"lane","street_classification":"medium-capacity","maxspeed_int":20.0,"lanes_int":null},"geometry":{"type":"LineString","coordinates":[[-71.081267,42.396224],[-71.081323,42.396357],[-71.081377,42.396383],[-71.081428,42.396415],[-71.08149,42.396469],[-71.081549,42.396527],[-71.081613,42.396585],[-71.081674,42.396634],[-71.081737,42.396678],[-71.081847,42.396739],[-71.082453,42.397029],[-71.082551,42.39707],[-71.082662,42.397111],[-71.082759,42.397137],[-71.082861,42.397156]]}},{"type":"Feature","properties":{"name":"Grand Union Boulevard","separation_level":"lane","street_classification":"medium-capacity","maxspeed_int":15.0,"lanes_int":null},"geometry":{"type":"LineString","coordinates":[[-71.081267,42.396224],[-71.081323,42.396357],[-71.081382,42.396364],[-71.081441,42.396358],[-71.081496,42.396339],[-71.08154,42.396308],[-71.081569,42.39627],[-71.081558,42.396203]]}},{"type":"Feature","properties":{"name":"Great River Road","separation_level":"none","street_classification":"residential","maxspeed_int":20.0,"lanes_int":null},"geometry":{"type":"LineString","coordinates":[[-71.081267,42.396224],[-71.081276,42.396096],[-71.081216,42.396078],[-71.08115,42.39606],[-71.080949,42.396012]]}},{"type":"Feature","properties":{"name":"School Street","separation_level":"none","street_classification":"medium-capacity","maxspeed_int":20.0,"lanes_int":2.0},"geometry":{"type":"LineString","coordinates":[[-71.101234,42.383195],[-71.101667,42.38254]]}},{"type":"Feature","properties":{"name":"Tannery Brook Row","separation_level":"none","street_classification":"residential","maxspeed_int":20.0,"lanes_int":2.0},"geometry":{"type":"LineString","coordinates":[[-71.127721,42.398259],[-71.127947,42.398389]]}},{"type":"Feature","properties":{"name":null,"separation_level":"none","street_classification":"residential","maxspeed_int":null,"lanes_int":null},"geometry":{"type":"LineString","coordinates":[[-71.127721,42.398259],[-71.128033,42.397964]]}},{"type":"Feature","properties":{"name":"Tannery Brook Row","separation_level":"none","street_classification":"residential","maxspeed_int":20.0,"lanes_int":2.0},"geometry":{"type":"LineString","coordinates":[[-71.127947,42.398389],[-71.128,42.398414],[-71.128595,42.398783],[-71.128675,42.398829],[-71.128687,42.398818]]}},{"type":"Feature","properties":{"name":"Elmwood Street","separation_level":"none","street_classification":"residential","maxspeed_int":20.0,"lanes_int":2.0},"geometry":{"type":"LineString","coordinates":[[-71.127947,42.398389],[-71.127942,42.398394],[-71.127638,42.398669]]}},{"type":"Feature","properties":{"name":"Aldersey Street","separation_level":"none","street_classification":"residential","maxspeed_int":20.0,"lanes_int":1.0},"geometry":{"type":"LineString","coordinates":[[-71.097556,42.383554],[-71.097503,42.383536],[-71.096817,42.383274],[-71.096585,42.383186]]}},{"type":"Feature","properties":{"name":"Vinal Avenue","separation_level":"none","street_classification":"residential","maxspeed_int":20.0,"lanes_int":1.0},"geometry":{"type":"LineString","coordinates":[[-71.097556,42.383554],[-71.097771,42.383182],[-71.098106,42.382601],[-71.098299,42.382267],[-71.098315,42.382236],[-71.098324,42.38222]]}},{"type":"Feature","properties":{"name":"Aldersey Street","separation_level":"none","street_classification":"residential","maxspeed_int":20.0,"lanes_int":1.0},"geometry":{"type":"LineString","coordinates":[[-71.096585,42.383186],[-71.096428,42.383126],[-71.096256,42.383061],[-71.09614,42.383017],[-71.095827,42.382898],[-71.09575,42.382868]]}},{"type":"Feature","properties":{"name":"Walnut Street","separation_level":"none","street_classification":"residential","maxspeed_int":20.0,"lanes_int":1.0},"geometry":{"type":"LineString","coordinates":[[-71.09575,42.382868],[-71.095521,42.383176]]}},{"type":"Feature","properties":{"name":"Holland Street","separation_level":"track","street_classification":"medium-capacity","maxspeed_int":25.0,"lanes_int":2.0},"geometry":{"type":"LineString","coordinates":[[-71.126793,42.402427],[-71.12652,42.40178]]}},{"type":"Feature","properties":{"name":"Gilman Street","separation_level":"separate","street_classification":"dedicated_path","maxspeed_int":null,"lanes_int":null},"geometry":{"type":"LineString","coordinates":[[-71.08905,42.384266],[-71.088994,42.384327],[-71.089133,42.384384],[-71.089203,42.384407],[-71.089296,42.384435],[-71.089373,42.384453]]}},{"type":"Feature","properties":{"name":"Oliver Street","separation_level":"separate","street_classification":"dedicated_path","maxspeed_int":null,"lanes_int":null},"geometry":{"type":"LineString","coordinates":[[-71.08905,42.384266],[-71.089107,42.384206],[-71.089025,42.38418],[-71.088859,42.384128],[-71.088792,42.384113],[-71.088699,42.3841]]}},{"type":"Feature","properties":{"name":"Cross Street","separation_level":"shared_lane","street_classification":"medium-capacity","maxspeed_int":20.0,"lanes_int":2.0},"geometry":{"type":"LineString","coordinates":[[-71.08905,42.384266],[-71.089107,42.384206],[-71.089236,42.384061],[-71.089286,42.384004],[-71.089331,42.383951],[-71.08937,42.383899],[-71.089464,42.383768],[-71.089525,42.383681]]}},{"type":"Feature","properties":{"name":"Gilman Street","separation_level":"separate","street_classification":"residential","maxspeed_int":20.0,"lanes_int":1.0},"geometry":{"type":"LineString","coordinates":[[-71.089373,42.384453],[-71.089305,42.384414],[-71.089177,42.384357],[-71.089155,42.384348],[-71.089023,42.384294],[-71.08905,42.384266]]}},{"type":"Feature","properties":{"name":"Oliver Street","separation_level":"separate","street_classification":"residential","maxspeed_int":20.0,"lanes_int":1.0},"geometry":{"type":"LineString","coordinates":[[-71.088699,42.3841],[-71.088844,42.384162],[-71.088984,42.384203],[-71.089001,42.384208],[-71.089082,42.384232],[-71.08905,42.384266]]}},{"type":"Feature","properties":{"name":"Cross Street","separation_level":"shared_lane","street_classification":"medium-capacity","maxspeed_int":20.0,"lanes_int":2.0},"geometry":{"type":"LineString","coordinates":[[-71.089525,42.383681],[-71.089564,42.383626],[-71.089672,42.383475],[-71.089705,42.383426],[-71.089739,42.383373],[-71.089774,42.383316],[-71.089788,42.383292]]}},{"type":"Feature","properties":{"name":"Fountain Avenue","separation_level":"none","street_classification":"residential","maxspeed_int":20.0,"lanes_int":1.0},"geometry":{"type":"LineString","coordinates":[[-71.089525,42.383681],[-71.089462,42.383657],[-71.087423,42.383139],[-71.087362,42.383123],[-71.087316,42.383179]]}},{"type":"Feature","properties":{"name":"Lowell Street","separation_level":"lane","street_classification":"medium-capacity","maxspeed_int":20.0,"lanes_int":2.0},"geometry":{"type":"LineString","coordinates":[[-71.110857,42.386042],[-71.110648,42.386339]]}},{"type":"Feature","properties":{"name":"Lowell Street","separation_level":"lane","street_classification":"medium-capacity","maxspeed_int":20.0,"lanes_int":2.0},"geometry":{"type":"LineString","coordinates":[[-71.110648,42.386339],[-71.110408,42.38668],[-71.110166,42.387023]]}},{"type":"Feature","properties":{"name":"Lowell Street","separation_level":"lane","street_classification":"medium-capacity","maxspeed_int":20.0,"lanes_int":2.0},"geometry":{"type":"LineString","coordinates":[[-71.110166,42.387023],[-71.109894,42.387423]]}},{"type":"Feature","properties":{"name":"Somerville Avenue","separation_level":"lane","street_classification":"medium-capacity","maxspeed_int":25.0,"lanes_int":2.0},"geometry":{"type":"LineString","coordinates":[[-71.112283,42.384808],[-71.112364,42.384851],[-71.11261,42.384981],[-71.11264,42.384996]]}},{"type":"Feature","properties":{"name":"Somerville Avenue","separation_level":"lane","street_classification":"medium-capacity","maxspeed_int":25.0,"lanes_int":2.0},"geometry":{"type":"LineString","coordinates":[[-71.112283,42.384808],[-71.112202,42.384765],[-71.111948,42.384638],[-71.111873,42.384601],[-71.111824,42.384578]]}},{"type":"Feature","properties":{"name":"Mead Street","separation_level":"none","street_classification":"residential","maxspeed_int":20.0,"lanes_int":2.0},"geometry":{"type":"LineString","coordinates":[[-71.127292,42.40008],[-71.127355,42.400119],[-71.127483,42.400194],[-71.127727,42.400352],[-71.127967,42.400489]]}},{"type":"Feature","properties":{"name":"Cameron Avenue","separation_level":"lane","street_classification":"medium-capacity","maxspeed_int":20.0,"lanes_int":2.0},"geometry":{"type":"LineString","coordinates":[[-71.127292,42.40008],[-71.126871,42.400455],[-71.126477,42.400806]]}},{"type":"Feature","properties":{"name":"Mead Street","separation_level":"none","street_classification":"residential","maxspeed_int":20.0,"lanes_int":2.0},"geometry":{"type":"LineString","coordinates":[[-71.127967,42.400489],[-71.128557,42.400838]]}},{"type":"Feature","properties":{"name":"Claremon Street","separation_level":"none","street_classification":"residential","maxspeed_int":20.0,"lanes_int":2.0},"geometry":{"type":"LineString","coordinates":[[-71.127967,42.400489],[-71.127929,42.400522],[-71.126611,42.401694],[-71.126584,42.401718],[-71.126566,42.401734],[-71.12652,42.40178]]}},{"type":"Feature","properties":{"name":"Cameron Avenue","separation_level":"lane","street_classification":"medium-capacity","maxspeed_int":20.0,"lanes_int":1.0},"geometry":{"type":"LineString","coordinates":[[-71.126477,42.400806],[-71.126266,42.400931],[-71.126241,42.400948],[-71.126203,42.400968],[-71.12618,42.400982],[-71.126078,42.401023]]}},{"type":"Feature","properties":{"name":"Moore Street","separation_level":"none","street_classification":"residential","maxspeed_int":20.0,"lanes_int":1.0},"geometry":{"type":"LineString","coordinates":[[-71.128557,42.400838],[-71.126892,42.402332],[-71.126866,42.402356],[-71.126842,42.402377],[-71.126793,42.402427]]}},{"type":"Feature","properties":{"name":"Holland Street","separation_level":"track","street_classification":"medium-capacity","maxspeed_int":25.0,"lanes_int":2.0},"geometry":{"type":"LineString","coordinates":[[-71.12652,42.40178],[-71.12638,42.40144],[-71.126336,42.401361]]}},{"type":"Feature","properties":{"name":"Cameron Avenue","separation_level":"lane","street_classification":"medium-capacity","maxspeed_int":20.0,"lanes_int":2.0},"geometry":{"type":"LineString","coordinates":[[-71.128256,42.399208],[-71.128675,42.398829],[-71.128687,42.398818]]}},{"type":"Feature","properties":{"name":"Holland Street","separation_level":"track","street_classification":"medium-capacity","maxspeed_int":25.0,"lanes_int":1.0},"geometry":{"type":"LineString","coordinates":[[-71.126078,42.401023],[-71.126135,42.401037],[-71.126186,42.401107],[-71.126288,42.401284],[-71.126336,42.401361]]}},{"type":"Feature","properties":{"name":"Cameron Avenue","separation_level":"none","street_classification":"medium-capacity","maxspeed_int":20.0,"lanes_int":1.0},"geometry":{"type":"LineString","coordinates":[[-71.126078,42.401023],[-71.126219,42.401041],[-71.126249,42.401027],[-71.126282,42.401007],[-71.126342,42.400967],[-71.126477,42.400806]]}},{"type":"Feature","properties":{"name":"Holland Street","separation_level":"track","street_classification":"medium-capacity","maxspeed_int":25.0,"lanes_int":1.0},"geometry":{"type":"LineString","coordinates":[[-71.126078,42.401023],[-71.12618,42.400982],[-71.126121,42.4009],[-71.12606,42.400824],[-71.125931,42.400697]]}},{"type":"Feature","properties":{"name":null,"separation_level":"none","street_classification":"residential","maxspeed_int":null,"lanes_int":null},"geometry":{"type":"LineString","coordinates":[[-71.126078,42.401023],[-71.125911,42.40105],[-71.125902,42.401047],[-71.125895,42.401042],[-71.125428,42.400516]]}},{"type":"Feature","properties":{"name":"Highland Avenue","separation_level":"lane","street_classification":"medium-capacity","maxspeed_int":20.0,"lanes_int":2.0},"geometry":{"type":"LineString","coordinates":[[-71.119762,42.39539],[-71.12024,42.395598],[-71.120326,42.395634],[-71.1204,42.395666]]}},{"type":"Feature","properties":{"name":null,"separation_level":"none","street_classification":"motorway","maxspeed_int":null,"lanes_int":null},"geometry":{"type":"LineString","coordinates":[[-71.086135,42.391644],[-71.085921,42.391778],[-71.085462,42.392237],[-71.085425,42.392266],[-71.085392,42.392286],[-71.085355,42.392298],[-71.085311,42.392303],[-71.085219,42.392306]]}},{"type":"Feature","properties":{"name":null,"separation_level":"none","street_classification":"motorway","maxspeed_int":null,"lanes_int":1.0},"geometry":{"type":"LineString","coordinates":[[-71.086135,42.391644],[-71.086047,42.391733],[-71.085972,42.391818],[-71.085903,42.391905],[-71.085833,42.392],[-71.085507,42.392458],[-71.085486,42.392488],[-71.085448,42.392544]]}},{"type":"Feature","properties":{"name":"Mystic Avenue","separation_level":"none","street_classification":"medium-capacity","maxspeed_int":null,"lanes_int":1.0},"geometry":{"type":"LineString","coordinates":[[-71.085219,42.392306],[-71.084976,42.392043],[-71.084871,42.391927],[-71.084782,42.391829],[-71.084702,42.391736],[-71.084574,42.391573],[-71.084468,42.391445],[-71.084355,42.39132]]}},{"type":"Feature","properties":{"name":"Mystic Avenue","separation_level":"none","street_classification":"medium-capacity","maxspeed_int":null,"lanes_int":2.0},"geometry":{"type":"LineString","coordinates":[[-71.085448,42.392544],[-71.085219,42.392306]]}},{"type":"Feature","properties":{"name":null,"separation_level":"none","street_classification":"motorway","maxspeed_int":null,"lanes_int":2.0},"geometry":{"type":"LineString","coordinates":[[-71.085448,42.392544],[-71.08543,42.392594],[-71.085427,42.392647],[-71.085432,42.392687],[-71.085436,42.392705],[-71.085458,42.392759],[-71.085509,42.392839],[-71.08561,42.392981],[-71.085691,42.393086],[-71.085701,42.393097],[-71.085732,42.393133],[-71.085795,42.393203],[-71.085886,42.393303]]}},{"type":"Feature","properties":{"name":"Garfield Avenue","separation_level":"none","street_classification":"residential","maxspeed_int":null,"lanes_int":null},"geometry":{"type":"LineString","coordinates":[[-71.084355,42.39132],[-71.084328,42.391255],[-71.084321,42.391208],[-71.084327,42.391194],[-71.084339,42.391162],[-71.084388,42.391094],[-71.084441,42.391043],[-71.08455,42.391035]]}},{"type":"Feature","properties":{"name":"Mystic Avenue","separation_level":"none","street_classification":"medium-capacity","maxspeed_int":null,"lanes_int":1.0},"geometry":{"type":"LineString","coordinates":[[-71.084355,42.39132],[-71.084222,42.391177],[-71.084088,42.391042]]}},{"type":"Feature","properties":{"name":"Lowell Street","separation_level":"lane","street_classification":"medium-capacity","maxspeed_int":20.0,"lanes_int":2.0},"geometry":{"type":"LineString","coordinates":[[-71.109894,42.387423],[-71.109807,42.387552],[-71.10966,42.387761],[-71.109628,42.387804]]}},{"type":"Feature","properties":{"name":"Albion Street","separation_level":"none","street_classification":"residential","maxspeed_int":20.0,"lanes_int":null},"geometry":{"type":"LineString","coordinates":[[-71.108644,42.392075],[-71.109132,42.392291]]}},{"type":"Feature","properties":{"name":"Albion Street","separation_level":"none","street_classification":"residential","maxspeed_int":20.0,"lanes_int":null},"geometry":{"type":"LineString","coordinates":[[-71.109132,42.392291],[-71.109494,42.392449],[-71.10962,42.392504]]}},{"type":"Feature","properties":{"name":"Albion Street","separation_level":"none","street_classification":"residential","maxspeed_int":20.0,"lanes_int":null},"geometry":{"type":"LineString","coordinates":[[-71.10962,42.392504],[-71.111543,42.393247],[-71.111586,42.393264],[-71.111622,42.393278],[-71.111594,42.393319]]}},{"type":"Feature","properties":{"name":null,"separation_level":"none","street_classification":"residential","maxspeed_int":null,"lanes_int":null},"geometry":{"type":"LineString","coordinates":[[-71.096664,42.393905],[-71.096509,42.3941],[-71.096462,42.394159]]}},{"type":"Feature","properties":{"name":"Tufts Street","separation_level":"lane","street_classification":"residential","maxspeed_int":20.0,"lanes_int":2.0},"geometry":{"type":"LineString","coordinates":[[-71.089788,42.383292],[-71.089774,42.383316],[-71.089719,42.383296],[-71.089688,42.383281],[-71.089661,42.383266],[-71.089634,42.383246],[-71.08961,42.383227],[-71.089588,42.383205],[-71.089382,42.38298]]}},{"type":"Feature","properties":{"name":"Cross Street","separation_level":"shared_lane","street_classification":"medium-capacity","maxspeed_int":20.0,"lanes_int":2.0},"geometry":{"type":"LineString","coordinates":[[-71.089788,42.383292],[-71.089801,42.383268],[-71.089941,42.383025],[-71.090106,42.38271],[-71.090113,42.382698],[-71.090168,42.382736]]}},{"type":"Feature","properties":{"name":"Glen Street","separation_level":"shared_lane","street_classification":"residential","maxspeed_int":20.0,"lanes_int":1.0},"geometry":{"type":"LineString","coordinates":[[-71.087316,42.383179],[-71.087271,42.383234],[-71.087165,42.383364],[-71.087058,42.383496]]}},{"type":"Feature","properties":{"name":"Dell Street","separation_level":"none","street_classification":"residential","maxspeed_int":20.0,"lanes_int":1.0},"geometry":{"type":"LineString","coordinates":[[-71.089382,42.38298],[-71.089324,42.383011],[-71.089092,42.383128],[-71.087724,42.382782],[-71.087659,42.382765]]}},{"type":"Feature","properties":{"name":"Tufts Street","separation_level":"lane","street_classification":"residential","maxspeed_int":20.0,"lanes_int":2.0},"geometry":{"type":"LineString","coordinates":[[-71.089382,42.38298],[-71.088911,42.382464],[-71.088754,42.382292],[-71.088619,42.382145]]}},{"type":"Feature","properties":{"name":"Cross Street","separation_level":"shared_lane","street_classification":"medium-capacity","maxspeed_int":20.0,"lanes_int":2.0},"geometry":{"type":"LineString","coordinates":[[-71.090168,42.382736],[-71.090113,42.382698],[-71.090238,42.382455]]}},{"type":"Feature","properties":{"name":"Chester Avenue","separation_level":"none","street_classification":"residential","maxspeed_int":20.0,"lanes_int":1.0},"geometry":{"type":"LineString","coordinates":[[-71.090168,42.382736],[-71.090223,42.382774],[-71.091116,42.383699],[-71.091138,42.383718],[-71.091157,42.383733],[-71.091181,42.383748],[-71.091197,42.383757],[-71.091221,42.38377],[-71.091366,42.383851],[-71.091433,42.383748]]}},{"type":"Feature","properties":{"name":null,"separation_level":"separate","street_classification":"dedicated_path","maxspeed_int":null,"lanes_int":null},"geometry":{"type":"LineString","coordinates":[[-71.090168,42.382736],[-71.090223,42.382774],[-71.09021,42.382795],[-71.090205,42.382805],[-71.090204,42.382812],[-71.090203,42.382816],[-71.090204,42.382821],[-71.090206,42.382826],[-71.090207,42.382829],[-71.09021,42.382835],[-71.090245,42.382888],[-71.090253,42.3829],[-71.090262,42.382913],[-71.090278,42.382932],[-71.090291,42.382947],[-71.090315,42.382973],[-71.090872,42.383573],[-71.090877,42.383579],[-71.090881,42.383586],[-71.090884,42.383596],[-71.090886,42.383606],[-71.090886,42.383615],[-71.090885,42.383626],[-71.09088,42.383646]]}},{"type":"Feature","properties":{"name":null,"separation_level":"none","street_classification":"residential","maxspeed_int":null,"lanes_int":null},"geometry":{"type":"LineString","coordinates":[[-71.084296,42.379949],[-71.084204,42.379957],[-71.084196,42.379742]]}},{"type":"Feature","properties":{"name":"Cobble Hill Road","separation_level":"none","street_classification":"residential","maxspeed_int":25.0,"lanes_int":null},"geometry":{"type":"LineString","coordinates":[[-71.084296,42.379949],[-71.084204,42.379957],[-71.083416,42.379973],[-71.083279,42.379975]]}},{"type":"Feature","properties":{"name":"Cobble Hill Road","separation_level":"none","street_classification":"residential","maxspeed_int":25.0,"lanes_int":null},"geometry":{"type":"LineString","coordinates":[[-71.084296,42.379949],[-71.084389,42.37994],[-71.084983,42.379893],[-71.085352,42.379859]]}},{"type":"Feature","properties":{"name":null,"separation_level":"none","street_classification":"residential","maxspeed_int":null,"lanes_int":null},"geometry":{"type":"LineString","coordinates":[[-71.084296,42.379949],[-71.084389,42.37994],[-71.084328,42.378899],[-71.084383,42.378898],[-71.084453,42.378905],[-71.084524,42.378919],[-71.084612,42.378942],[-71.085075,42.379118],[-71.085161,42.379165],[-71.085222,42.379211],[-71.085264,42.379269],[-71.085278,42.379308],[-71.085295,42.379371],[-71.085352,42.379859]]}},{"type":"Feature","properties":{"name":null,"separation_level":"none","street_classification":"residential","maxspeed_int":null,"lanes_int":null},"geometry":{"type":"LineString","coordinates":[[-71.084196,42.379742],[-71.08321,42.379781]]}},{"type":"Feature","properties":{"name":null,"separation_level":"none","street_classification":"residential","maxspeed_int":null,"lanes_int":null},"geometry":{"type":"LineString","coordinates":[[-71.083279,42.379975],[-71.083243,42.379879],[-71.08321,42.379781]]}},{"type":"Feature","properties":{"name":null,"separation_level":"none","street_classification":"residential","maxspeed_int":null,"lanes_int":null},"geometry":{"type":"LineString","coordinates":[[-71.08321,42.379781],[-71.082307,42.37979],[-71.08228,42.3794],[-71.082166,42.379404]]}},{"type":"Feature","properties":{"name":"Billingham Street","separation_level":"none","street_classification":"residential","maxspeed_int":20.0,"lanes_int":1.0},"geometry":{"type":"LineString","coordinates":[[-71.119873,42.39995],[-71.119366,42.400477]]}},{"type":"Feature","properties":{"name":"Summit Street","separation_level":"none","street_classification":"residential","maxspeed_int":20.0,"lanes_int":2.0},"geometry":{"type":"LineString","coordinates":[[-71.119873,42.39995],[-71.119809,42.399912],[-71.119764,42.399889],[-71.11901,42.399503],[-71.118986,42.39949],[-71.118915,42.39944]]}},{"type":"Feature","properties":{"name":"Billingham Street","separation_level":"none","street_classification":"residential","maxspeed_int":20.0,"lanes_int":1.0},"geometry":{"type":"LineString","coordinates":[[-71.119366,42.400477],[-71.119099,42.400734],[-71.119044,42.400804]]}},{"type":"Feature","properties":{"name":"Kenwood Street","separation_level":"none","street_classification":"residential","maxspeed_int":20.0,"lanes_int":2.0},"geometry":{"type":"LineString","coordinates":[[-71.119366,42.400477],[-71.1193,42.400443],[-71.11849,42.400034],[-71.118289,42.39993],[-71.118207,42.399884]]}},{"type":"Feature","properties":{"name":"College Avenue","separation_level":"lane","street_classification":"medium-capacity","maxspeed_int":null,"lanes_int":2.0},"geometry":{"type":"LineString","coordinates":[[-71.118915,42.39944],[-71.118785,42.399515],[-71.118512,42.399684],[-71.118207,42.399884]]}},{"type":"Feature","properties":{"name":"College Avenue","separation_level":"separate","street_classification":"medium-capacity","maxspeed_int":20.0,"lanes_int":2.0},"geometry":{"type":"LineString","coordinates":[[-71.118915,42.39944],[-71.11901,42.399403],[-71.119653,42.39912],[-71.119749,42.399077]]}},{"type":"Feature","properties":{"name":"College Avenue","separation_level":"separate","street_classification":"dedicated_path","maxspeed_int":null,"lanes_int":null},"geometry":{"type":"LineString","coordinates":[[-71.119749,42.399077],[-71.119609,42.399067],[-71.119492,42.399117],[-71.119373,42.399168],[-71.118958,42.399363],[-71.118931,42.399376],[-71.118915,42.39944]]}},{"type":"Feature","properties":{"name":"Cypress Street","separation_level":"none","street_classification":"residential","maxspeed_int":20.0,"lanes_int":1.0},"geometry":{"type":"LineString","coordinates":[[-71.106699,42.383688],[-71.106759,42.383709],[-71.107601,42.384016],[-71.107687,42.384048]]}},{"type":"Feature","properties":{"name":"Central Street","separation_level":"lane","street_classification":"medium-capacity","maxspeed_int":20.0,"lanes_int":2.0},"geometry":{"type":"LineString","coordinates":[[-71.106699,42.383688],[-71.106536,42.383929],[-71.106401,42.384129],[-71.106386,42.384152],[-71.106358,42.384192]]}},{"type":"Feature","properties":{"name":"Atherton Street","separation_level":"none","street_classification":"residential","maxspeed_int":20.0,"lanes_int":1.0},"geometry":{"type":"LineString","coordinates":[[-71.106358,42.384192],[-71.106386,42.384152],[-71.10645,42.384175],[-71.1074,42.384512]]}},{"type":"Feature","properties":{"name":"Central Street","separation_level":"lane","street_classification":"medium-capacity","maxspeed_int":20.0,"lanes_int":2.0},"geometry":{"type":"LineString","coordinates":[[-71.106358,42.384192],[-71.106329,42.384233],[-71.105966,42.38475],[-71.10588,42.384748]]}},{"type":"Feature","properties":{"name":"Atherton Street","separation_level":"none","street_classification":"residential","maxspeed_int":20.0,"lanes_int":1.0},"geometry":{"type":"LineString","coordinates":[[-71.1074,42.384512],[-71.10783,42.384665],[-71.107923,42.384698]]}},{"type":"Feature","properties":{"name":"Beech Street","separation_level":"none","street_classification":"residential","maxspeed_int":20.0,"lanes_int":1.0},"geometry":{"type":"LineString","coordinates":[[-71.1074,42.384512],[-71.107442,42.384444],[-71.107687,42.384048]]}},{"type":"Feature","properties":{"name":"McGrath Highway","separation_level":"track","street_classification":"motorway","maxspeed_int":40.0,"lanes_int":3.0},"geometry":{"type":"LineString","coordinates":[[-71.089721,42.387939],[-71.089712,42.387955],[-71.089686,42.387998],[-71.089624,42.388097],[-71.089561,42.388197],[-71.089495,42.388296],[-71.089428,42.388393],[-71.089347,42.388497]]}},{"type":"Feature","properties":{"name":null,"separation_level":"separate","street_classification":"dedicated_path","maxspeed_int":null,"lanes_int":null},"geometry":{"type":"LineString","coordinates":[[-71.089721,42.387939],[-71.089731,42.387923],[-71.089599,42.387881],[-71.089574,42.387873],[-71.089463,42.387862]]}},{"type":"Feature","properties":{"name":"Jaques Street","separation_level":"none","street_classification":"residential","maxspeed_int":20.0,"lanes_int":1.0},"geometry":{"type":"LineString","coordinates":[[-71.092914,42.394796],[-71.093197,42.394935]]}},{"type":"Feature","properties":{"name":"Jaques Street","separation_level":"none","street_classification":"residential","maxspeed_int":20.0,"lanes_int":1.0},"geometry":{"type":"LineString","coordinates":[[-71.093197,42.394935],[-71.094558,42.395622]]}},{"type":"Feature","properties":{"name":"Fellsway West","separation_level":"none","street_classification":"medium-capacity","maxspeed_int":null,"lanes_int":2.0},"geometry":{"type":"LineString","coordinates":[[-71.086459,42.393607],[-71.086545,42.393544],[-71.087103,42.393134]]}},{"type":"Feature","properties":{"name":"Mystic Avenue","separation_level":"none","street_classification":"medium-capacity","maxspeed_int":null,"lanes_int":3.0},"geometry":{"type":"LineString","coordinates":[[-71.086459,42.393607],[-71.086346,42.393518],[-71.086243,42.39343],[-71.086153,42.393352],[-71.086073,42.393278],[-71.086043,42.393248],[-71.086004,42.393207],[-71.085971,42.393168],[-71.085939,42.393128],[-71.0859,42.393077]]}},{"type":"Feature","properties":{"name":"Fellsway West","separation_level":"none","street_classification":"medium-capacity","maxspeed_int":null,"lanes_int":2.0},"geometry":{"type":"LineString","coordinates":[[-71.087103,42.393134],[-71.088718,42.39195],[-71.088773,42.391908]]}},{"type":"Feature","properties":{"name":"Fellsway West","separation_level":"none","street_classification":"medium-capacity","maxspeed_int":null,"lanes_int":2.0},"geometry":{"type":"LineString","coordinates":[[-71.088773,42.391908],[-71.088822,42.391873],[-71.090032,42.390985],[-71.090091,42.39092],[-71.090147,42.390711]]}},{"type":"Feature","properties":{"name":"McGrath Highway","separation_level":"none","street_classification":"motorway","maxspeed_int":40.0,"lanes_int":4.0},"geometry":{"type":"LineString","coordinates":[[-71.086981,42.390931],[-71.087006,42.391022],[-71.087102,42.390956],[-71.087624,42.390449],[-71.088176,42.389916],[-71.088195,42.389898],[-71.088261,42.38983],[-71.088243,42.389731]]}},{"type":"Feature","properties":{"name":"McGrath Highway","separation_level":"none","street_classification":"motorway","maxspeed_int":40.0,"lanes_int":4.0},"geometry":{"type":"LineString","coordinates":[[-71.086981,42.390931],[-71.086898,42.39096],[-71.086538,42.391325]]}},{"type":"Feature","properties":{"name":"Hall Avenue","separation_level":"none","street_classification":"residential","maxspeed_int":20.0,"lanes_int":1.0},"geometry":{"type":"LineString","coordinates":[[-71.117489,42.397446],[-71.117549,42.397467],[-71.120649,42.398593],[-71.120758,42.398634],[-71.12067,42.398676]]}},{"type":"Feature","properties":{"name":"Cross Street","separation_level":"none","street_classification":"medium-capacity","maxspeed_int":20.0,"lanes_int":1.0},"geometry":{"type":"LineString","coordinates":[[-71.090342,42.382159],[-71.090238,42.382455]]}},{"type":"Feature","properties":{"name":"McGrath Highway","separation_level":"track","street_classification":"medium-capacity","maxspeed_int":null,"lanes_int":1.0},"geometry":{"type":"LineString","coordinates":[[-71.090342,42.382159],[-71.090439,42.382268],[-71.0905,42.382332],[-71.090598,42.38244]]}},{"type":"Feature","properties":{"name":"McGrath Highway","separation_level":"track","street_classification":"medium-capacity","maxspeed_int":40.0,"lanes_int":4.0},"geometry":{"type":"LineString","coordinates":[[-71.090598,42.38244],[-71.090615,42.382457],[-71.090647,42.382492],[-71.090668,42.382515],[-71.090692,42.382544],[-71.090738,42.3826],[-71.090781,42.382655],[-71.090816,42.382703],[-71.091017,42.38291],[-71.091199,42.383214],[-71.091237,42.383279],[-71.091267,42.383334],[-71.091288,42.383376],[-71.091308,42.383424],[-71.091324,42.383468],[-71.091336,42.383508],[-71.091343,42.383537],[-71.091349,42.383565],[-71.091355,42.383596],[-71.091361,42.383632],[-71.091363,42.383647],[-71.091433,42.383748]]}},{"type":"Feature","properties":{"name":"Fremont Street","separation_level":"none","street_classification":"residential","maxspeed_int":20.0,"lanes_int":2.0},"geometry":{"type":"LineString","coordinates":[[-71.099314,42.396883],[-71.099263,42.396838],[-71.099216,42.396889],[-71.09918,42.396927],[-71.099008,42.397126],[-71.098797,42.397355],[-71.09838,42.397813],[-71.098092,42.398131],[-71.097949,42.398305],[-71.097919,42.39834]]}},{"type":"Feature","properties":{"name":"Meacham Street","separation_level":"none","street_classification":"residential","maxspeed_int":20.0,"lanes_int":2.0},"geometry":{"type":"LineString","coordinates":[[-71.097919,42.39834],[-71.097559,42.398145]]}},{"type":"Feature","properties":{"name":"Vernon Street","separation_level":"none","street_classification":"residential","maxspeed_int":20.0,"lanes_int":2.0},"geometry":{"type":"LineString","coordinates":[[-71.102663,42.391672],[-71.102103,42.391396]]}},{"type":"Feature","properties":{"name":null,"separation_level":"none","street_classification":"residential","maxspeed_int":null,"lanes_int":null},"geometry":{"type":"LineString","coordinates":[[-71.106527,42.392267],[-71.106477,42.392247],[-71.1063,42.392191]]}},{"type":"Feature","properties":{"name":null,"separation_level":"none","street_classification":"residential","maxspeed_int":null,"lanes_int":null},"geometry":{"type":"LineString","coordinates":[[-71.1063,42.392191],[-71.105983,42.392084],[-71.105882,42.392051]]}},{"type":"Feature","properties":{"name":"Richardson Street","separation_level":"none","street_classification":"residential","maxspeed_int":20.0,"lanes_int":1.0},"geometry":{"type":"LineString","coordinates":[[-71.105294,42.395747],[-71.105407,42.395798],[-71.105612,42.395902]]}},{"type":"Feature","properties":{"name":"Nashua Street","separation_level":"none","street_classification":"residential","maxspeed_int":20.0,"lanes_int":2.0},"geometry":{"type":"LineString","coordinates":[[-71.105294,42.395747],[-71.105249,42.395728],[-71.105263,42.395708],[-71.105773,42.395]]}},{"type":"Feature","properties":{"name":"Henderson Street","separation_level":"none","street_classification":"residential","maxspeed_int":20.0,"lanes_int":1.0},"geometry":{"type":"LineString","coordinates":[[-71.105612,42.395902],[-71.105634,42.395871],[-71.10634,42.394888],[-71.106367,42.394849]]}},{"type":"Feature","properties":{"name":"Richardson Street","separation_level":"none","street_classification":"residential","maxspeed_int":20.0,"lanes_int":1.0},"geometry":{"type":"LineString","coordinates":[[-71.105612,42.395902],[-71.105922,42.396043],[-71.105976,42.396064],[-71.105932,42.396137]]}},{"type":"Feature","properties":{"name":"Warren Avenue","separation_level":"none","street_classification":"residential","maxspeed_int":20.0,"lanes_int":2.0},"geometry":{"type":"LineString","coordinates":[[-71.096037,42.380871],[-71.095785,42.381056],[-71.095599,42.381192]]}},{"type":"Feature","properties":{"name":null,"separation_level":"none","street_classification":"residential","maxspeed_int":null,"lanes_int":null},"geometry":{"type":"LineString","coordinates":[[-71.096037,42.380871],[-71.095943,42.38094],[-71.095902,42.380907],[-71.095689,42.380738],[-71.095347,42.380999],[-71.095557,42.38116],[-71.095599,42.381192]]}},{"type":"Feature","properties":{"name":"Warren Avenue","separation_level":"none","street_classification":"residential","maxspeed_int":20.0,"lanes_int":2.0},"geometry":{"type":"LineString","coordinates":[[-71.096037,42.380871],[-71.09617,42.380773],[-71.096483,42.380543],[-71.096329,42.380437]]}},{"type":"Feature","properties":{"name":null,"separation_level":"none","street_classification":"residential","maxspeed_int":null,"lanes_int":null},"geometry":{"type":"LineString","coordinates":[[-71.096037,42.380871],[-71.096047,42.380669],[-71.096338,42.380443],[-71.096329,42.380437]]}},{"type":"Feature","properties":{"name":null,"separation_level":"none","street_classification":"residential","maxspeed_int":null,"lanes_int":null},"geometry":{"type":"LineString","coordinates":[[-71.096037,42.380871],[-71.096047,42.380669],[-71.09588,42.380554],[-71.096172,42.380328],[-71.096329,42.380437]]}},{"type":"Feature","properties":{"name":null,"separation_level":"none","street_classification":"residential","maxspeed_int":null,"lanes_int":null},"geometry":{"type":"LineString","coordinates":[[-71.096037,42.380871],[-71.09625,42.380909],[-71.096324,42.380848],[-71.096605,42.38064],[-71.096768,42.380521],[-71.096862,42.380469],[-71.096811,42.380399]]}},{"type":"Feature","properties":{"name":"Warren Avenue","separation_level":"none","street_classification":"residential","maxspeed_int":20.0,"lanes_int":2.0},"geometry":{"type":"LineString","coordinates":[[-71.096329,42.380437],[-71.096483,42.380543],[-71.096627,42.380437],[-71.096671,42.380405],[-71.096759,42.380329],[-71.096811,42.380399]]}},{"type":"Feature","properties":{"name":"Bow Street","separation_level":"lane","street_classification":"medium-capacity","maxspeed_int":20.0,"lanes_int":1.0},"geometry":{"type":"LineString","coordinates":[[-71.096811,42.380399],[-71.096862,42.380469],[-71.097202,42.380969],[-71.097256,42.381048]]}},{"type":"Feature","properties":{"name":"Hinckley Street","separation_level":"none","street_classification":"residential","maxspeed_int":20.0,"lanes_int":1.0},"geometry":{"type":"LineString","coordinates":[[-71.105932,42.396137],[-71.105976,42.396064],[-71.106159,42.395822]]}},{"type":"Feature","properties":{"name":"Hinckley Street","separation_level":"none","street_classification":"residential","maxspeed_int":20.0,"lanes_int":2.0},"geometry":{"type":"LineString","coordinates":[[-71.105932,42.396137],[-71.105889,42.39621],[-71.105779,42.396355],[-71.105741,42.396459],[-71.105727,42.396545]]}},{"type":"Feature","properties":{"name":"Hinckley Street","separation_level":"none","street_classification":"residential","maxspeed_int":20.0,"lanes_int":1.0},"geometry":{"type":"LineString","coordinates":[[-71.106159,42.395822],[-71.10643,42.395444]]}},{"type":"Feature","properties":{"name":"Roberts Street","separation_level":"none","street_classification":"residential","maxspeed_int":20.0,"lanes_int":null},"geometry":{"type":"LineString","coordinates":[[-71.106159,42.395822],[-71.106218,42.395847],[-71.106782,42.396092]]}},{"type":"Feature","properties":{"name":"Lowell Street","separation_level":"shared_lane","street_classification":"medium-capacity","maxspeed_int":20.0,"lanes_int":2.0},"geometry":{"type":"LineString","coordinates":[[-71.105675,42.393514],[-71.105755,42.393399],[-71.105982,42.393065],[-71.10604,42.392982]]}},{"type":"Feature","properties":{"name":"Lowell Street","separation_level":"shared_lane","street_classification":"medium-capacity","maxspeed_int":20.0,"lanes_int":2.0},"geometry":{"type":"LineString","coordinates":[[-71.105675,42.393514],[-71.105454,42.393837],[-71.105186,42.394227],[-71.105164,42.394259],[-71.105152,42.394277]]}},{"type":"Feature","properties":{"name":"Maxwells Green","separation_level":"none","street_classification":"residential","maxspeed_int":25.0,"lanes_int":null},"geometry":{"type":"LineString","coordinates":[[-71.10604,42.392982],[-71.106107,42.39301],[-71.106172,42.393037],[-71.106225,42.393071],[-71.106242,42.393131],[-71.106268,42.393197],[-71.106311,42.393255],[-71.106379,42.393324],[-71.106456,42.393376],[-71.106546,42.39342],[-71.106593,42.39344],[-71.106682,42.39347],[-71.106898,42.393549],[-71.106928,42.39356],[-71.106972,42.393576],[-71.106932,42.393631]]}},{"type":"Feature","properties":{"name":"Maxwells Green","separation_level":"none","street_classification":"residential","maxspeed_int":null,"lanes_int":null},"geometry":{"type":"LineString","coordinates":[[-71.106932,42.393631],[-71.106862,42.393735],[-71.106932,42.393762],[-71.107549,42.394004],[-71.107601,42.394024]]}},{"type":"Feature","properties":{"name":null,"separation_level":"none","street_classification":"residential","maxspeed_int":null,"lanes_int":null},"geometry":{"type":"LineString","coordinates":[[-71.085255,42.380261],[-71.085407,42.380635]]}},{"type":"Feature","properties":{"name":"Wigglesworth Street","separation_level":"none","street_classification":"residential","maxspeed_int":20.0,"lanes_int":1.0},"geometry":{"type":"LineString","coordinates":[[-71.09129,42.38825],[-71.091526,42.387808],[-71.091747,42.387442],[-71.091942,42.387102],[-71.091998,42.387003],[-71.092092,42.387031]]}},{"type":"Feature","properties":{"name":"Sunnyside Avenue","separation_level":"none","street_classification":"residential","maxspeed_int":25.0,"lanes_int":2.0},"geometry":{"type":"LineString","coordinates":[[-71.09129,42.38825],[-71.091372,42.388277],[-71.09241,42.388624],[-71.092458,42.388641]]}},{"type":"Feature","properties":{"name":"Walnut Street","separation_level":"none","street_classification":"residential","maxspeed_int":20.0,"lanes_int":2.0},"geometry":{"type":"LineString","coordinates":[[-71.092241,42.388983],[-71.092221,42.389014],[-71.091976,42.389364],[-71.091927,42.389438]]}},{"type":"Feature","properties":{"name":"Jackson Road","separation_level":"none","street_classification":"residential","maxspeed_int":20.0,"lanes_int":2.0},"geometry":{"type":"LineString","coordinates":[[-71.092241,42.388983],[-71.092221,42.389014],[-71.092264,42.389043],[-71.092789,42.389399]]}},{"type":"Feature","properties":{"name":"Memorial Road","separation_level":"none","street_classification":"residential","maxspeed_int":25.0,"lanes_int":2.0},"geometry":{"type":"LineString","coordinates":[[-71.091709,42.39567],[-71.091801,42.395739],[-71.09216,42.396005]]}},{"type":"Feature","properties":{"name":null,"separation_level":"none","street_classification":"residential","maxspeed_int":null,"lanes_int":null},"geometry":{"type":"LineString","coordinates":[[-71.091709,42.39567],[-71.091662,42.395704],[-71.091116,42.396103],[-71.091055,42.396057]]}},{"type":"Feature","properties":{"name":"Holland Street","separation_level":"track","street_classification":"medium-capacity","maxspeed_int":25.0,"lanes_int":1.0},"geometry":{"type":"LineString","coordinates":[[-71.125931,42.400697],[-71.126,42.40085],[-71.126056,42.400923],[-71.126096,42.400979],[-71.126078,42.401023]]}},{"type":"Feature","properties":{"name":"Elmwood Street","separation_level":"none","street_classification":"residential","maxspeed_int":20.0,"lanes_int":2.0},"geometry":{"type":"LineString","coordinates":[[-71.127214,42.399054],[-71.127638,42.398669]]}},{"type":"Feature","properties":{"name":"Third Avenue","separation_level":"none","street_classification":"residential","maxspeed_int":25.0,"lanes_int":2.0},"geometry":{"type":"LineString","coordinates":[[-71.080867,42.377401],[-71.080727,42.377405],[-71.080366,42.377415],[-71.079753,42.377432],[-71.079081,42.377451],[-71.07896,42.377452],[-71.078917,42.377453],[-71.078838,42.377452]]}},{"type":"Feature","properties":{"name":"Inner Belt Road","separation_level":"none","street_classification":"residential","maxspeed_int":25.0,"lanes_int":2.0},"geometry":{"type":"LineString","coordinates":[[-71.080867,42.377401],[-71.080859,42.377239],[-71.080856,42.377198]]}},{"type":"Feature","properties":{"name":null,"separation_level":"none","street_classification":"residential","maxspeed_int":null,"lanes_int":null},"geometry":{"type":"LineString","coordinates":[[-71.082116,42.377602],[-71.082033,42.377547],[-71.082059,42.377335],[-71.082035,42.377126],[-71.081955,42.377011],[-71.081928,42.376963],[-71.081608,42.37672],[-71.081394,42.376489],[-71.081304,42.376374],[-71.080909,42.376289],[-71.080885,42.376288],[-71.080807,42.376284]]}},{"type":"Feature","properties":{"name":null,"separation_level":"none","street_classification":"residential","maxspeed_int":null,"lanes_int":null},"geometry":{"type":"LineString","coordinates":[[-71.082116,42.377602],[-71.082157,42.377695],[-71.082628,42.377675],[-71.082684,42.377748]]}},{"type":"Feature","properties":{"name":null,"separation_level":"none","street_classification":"residential","maxspeed_int":null,"lanes_int":null},"geometry":{"type":"LineString","coordinates":[[-71.082116,42.377602],[-71.082157,42.377695],[-71.082163,42.377847],[-71.082741,42.377821],[-71.082684,42.377748]]}},{"type":"Feature","properties":{"name":null,"separation_level":"none","street_classification":"residential","maxspeed_int":null,"lanes_int":null},"geometry":{"type":"LineString","coordinates":[[-71.082116,42.377602],[-71.082151,42.377541],[-71.082487,42.377526],[-71.082628,42.377675],[-71.082684,42.377748]]}},{"type":"Feature","properties":{"name":null,"separation_level":"none","street_classification":"residential","maxspeed_int":null,"lanes_int":null},"geometry":{"type":"LineString","coordinates":[[-71.08187,42.377841],[-71.081864,42.377689],[-71.081567,42.377698]]}},{"type":"Feature","properties":{"name":"Inner Belt Road","separation_level":"none","street_classification":"residential","maxspeed_int":25.0,"lanes_int":2.0},"geometry":{"type":"LineString","coordinates":[[-71.080856,42.377198],[-71.080807,42.376284]]}},{"type":"Feature","properties":{"name":null,"separation_level":"none","street_classification":"residential","maxspeed_int":null,"lanes_int":null},"geometry":{"type":"LineString","coordinates":[[-71.080856,42.377198],[-71.080691,42.37719],[-71.080676,42.376888]]}},{"type":"Feature","properties":{"name":"Inner Belt Road","separation_level":"none","street_classification":"residential","maxspeed_int":25.0,"lanes_int":2.0},"geometry":{"type":"LineString","coordinates":[[-71.080807,42.376284],[-71.080788,42.37595],[-71.080786,42.375913]]}},{"type":"Feature","properties":{"name":null,"separation_level":"none","street_classification":"residential","maxspeed_int":null,"lanes_int":null},"geometry":{"type":"LineString","coordinates":[[-71.082684,42.377748],[-71.082741,42.377821],[-71.082934,42.378]]}},{"type":"Feature","properties":{"name":"Oakland Avenue","separation_level":"none","street_classification":"residential","maxspeed_int":20.0,"lanes_int":1.0},"geometry":{"type":"LineString","coordinates":[[-71.09524,42.392014],[-71.09515,42.391982],[-71.093757,42.391483],[-71.093663,42.391449],[-71.093675,42.39143]]}},{"type":"Feature","properties":{"name":"Garden Court","separation_level":"none","street_classification":"residential","maxspeed_int":25.0,"lanes_int":1.0},"geometry":{"type":"LineString","coordinates":[[-71.109056,42.383805],[-71.109093,42.383737],[-71.109263,42.383444],[-71.109277,42.383406],[-71.10926,42.383372]]}},{"type":"Feature","properties":{"name":"Walnut Street","separation_level":"none","street_classification":"residential","maxspeed_int":20.0,"lanes_int":2.0},"geometry":{"type":"LineString","coordinates":[[-71.092458,42.388641],[-71.092261,42.388952],[-71.092241,42.388983]]}},{"type":"Feature","properties":{"name":"Belmont Street","separation_level":"none","street_classification":"residential","maxspeed_int":20.0,"lanes_int":1.0},"geometry":{"type":"LineString","coordinates":[[-71.108259,42.388479],[-71.108184,42.388595],[-71.107738,42.38924],[-71.107321,42.389843],[-71.107275,42.389908]]}},{"type":"Feature","properties":{"name":"Spring Hill Terrace","separation_level":"none","street_classification":"residential","maxspeed_int":20.0,"lanes_int":1.0},"geometry":{"type":"LineString","coordinates":[[-71.108259,42.388479],[-71.10822,42.388461],[-71.107815,42.388276],[-71.10775,42.38828],[-71.107268,42.388996],[-71.106839,42.389622],[-71.106792,42.38969]]}},{"type":"Feature","properties":{"name":null,"separation_level":"none","street_classification":"residential","maxspeed_int":null,"lanes_int":null},"geometry":{"type":"LineString","coordinates":[[-71.107722,42.387852],[-71.107829,42.387783],[-71.108217,42.387946],[-71.108499,42.388056],[-71.108533,42.388069],[-71.108488,42.388133]]}},{"type":"Feature","properties":{"name":"Belmont Street","separation_level":"none","street_classification":"residential","maxspeed_int":20.0,"lanes_int":1.0},"geometry":{"type":"LineString","coordinates":[[-71.109719,42.386388],[-71.109945,42.386052]]}},{"type":"Feature","properties":{"name":"Marshall Street","separation_level":"lane","street_classification":"residential","maxspeed_int":20.0,"lanes_int":null},"geometry":{"type":"LineString","coordinates":[[-71.094881,42.389505],[-71.094984,42.38934]]}},{"type":"Feature","properties":{"name":"Howe Street","separation_level":"none","street_classification":"residential","maxspeed_int":20.0,"lanes_int":1.0},"geometry":{"type":"LineString","coordinates":[[-71.094881,42.389505],[-71.094982,42.389539],[-71.095635,42.389761],[-71.096041,42.389904],[-71.096471,42.390055],[-71.096536,42.390078]]}},{"type":"Feature","properties":{"name":"Moreland Street","separation_level":"none","street_classification":"medium-capacity","maxspeed_int":20.0,"lanes_int":2.0},"geometry":{"type":"LineString","coordinates":[[-71.098211,42.396662],[-71.097773,42.397129],[-71.097683,42.39723],[-71.097103,42.39787],[-71.097078,42.397898]]}},{"type":"Feature","properties":{"name":null,"separation_level":"none","street_classification":"medium-capacity","maxspeed_int":null,"lanes_int":null},"geometry":{"type":"LineString","coordinates":[[-71.090238,42.382455],[-71.09026,42.382444],[-71.090284,42.382434],[-71.090309,42.382425],[-71.090337,42.382417],[-71.090365,42.382412],[-71.090394,42.38241],[-71.090425,42.382409],[-71.090455,42.382412],[-71.090486,42.382417],[-71.090598,42.38244]]}},{"type":"Feature","properties":{"name":"Alston Street","separation_level":"none","street_classification":"residential","maxspeed_int":25.0,"lanes_int":1.0},"geometry":{"type":"LineString","coordinates":[[-71.090238,42.382455],[-71.090219,42.382449],[-71.090201,42.382441],[-71.090185,42.382433],[-71.09017,42.382423],[-71.090155,42.382412],[-71.090141,42.3824],[-71.089805,42.382057],[-71.089685,42.381934],[-71.088967,42.3812],[-71.08936,42.381]]}},{"type":"Feature","properties":{"name":"Alston Street","separation_level":"none","street_classification":"residential","maxspeed_int":25.0,"lanes_int":1.0},"geometry":{"type":"LineString","coordinates":[[-71.08936,42.381],[-71.089441,42.380959],[-71.089485,42.380937],[-71.089523,42.380921],[-71.089565,42.380906],[-71.089604,42.380893],[-71.089706,42.380859],[-71.089693,42.380834]]}},{"type":"Feature","properties":{"name":"Somerville Community Path","separation_level":"separate","street_classification":"dedicated_path","maxspeed_int":null,"lanes_int":null},"geometry":{"type":"LineString","coordinates":[[-71.09088,42.383646],[-71.090524,42.38326],[-71.090307,42.383026],[-71.090208,42.382919],[-71.090012,42.382701],[-71.089953,42.382632],[-71.089865,42.382534],[-71.089782,42.382444],[-71.089568,42.382224],[-71.089506,42.38216],[-71.089446,42.382099],[-71.089425,42.382077],[-71.089384,42.382031],[-71.089348,42.38199],[-71.089321,42.381959],[-71.089298,42.381931],[-71.089281,42.381912],[-71.089263,42.381893],[-71.089234,42.381861],[-71.089212,42.381838],[-71.089077,42.381697],[-71.088942,42.381558],[-71.088833,42.381449],[-71.088764,42.381379],[-71.08865,42.381265],[-71.0885,42.381118],[-71.088446,42.381065],[-71.088405,42.381028],[-71.08839,42.381013],[-71.088361,42.380987],[-71.08834,42.380969],[-71.088315,42.380947],[-71.088057,42.380686],[-71.087702,42.380328],[-71.087697,42.380323],[-71.087637,42.380262],[-71.087601,42.380227],[-71.087567,42.380194],[-71.08753,42.380159],[-71.08749,42.380123],[-71.08743,42.380068],[-71.087332,42.379979],[-71.086857,42.379542],[-71.086843,42.379529],[-71.086829,42.379516],[-71.086824,42.379511],[-71.086812,42.379497],[-71.086803,42.379487],[-71.086794,42.379473],[-71.086786,42.379462],[-71.086781,42.379452],[-71.086773,42.379436],[-71.086744,42.379369]]}},{"type":"Feature","properties":{"name":"Mansfield Street","separation_level":"none","street_classification":"residential","maxspeed_int":20.0,"lanes_int":1.0},"geometry":{"type":"LineString","coordinates":[[-71.090604,42.379563],[-71.090659,42.379786],[-71.090666,42.379804],[-71.090669,42.379812],[-71.090674,42.379826],[-71.090684,42.379848],[-71.090706,42.379884],[-71.090587,42.379902]]}},{"type":"Feature","properties":{"name":"Oak Street","separation_level":"none","street_classification":"residential","maxspeed_int":20.0,"lanes_int":1.0},"geometry":{"type":"LineString","coordinates":[[-71.098963,42.375467],[-71.098763,42.375855],[-71.097879,42.37594]]}},{"type":"Feature","properties":{"name":"Oak Street","separation_level":"none","street_classification":"residential","maxspeed_int":20.0,"lanes_int":1.0},"geometry":{"type":"LineString","coordinates":[[-71.097879,42.37594],[-71.09752,42.375972]]}},{"type":"Feature","properties":{"name":"Russell Street","separation_level":"none","street_classification":"residential","maxspeed_int":25.0,"lanes_int":1.0},"geometry":{"type":"LineString","coordinates":[[-71.122279,42.392866],[-71.122223,42.392903],[-71.121689,42.393265]]}},{"type":"Feature","properties":{"name":"Russell Street","separation_level":"none","street_classification":"residential","maxspeed_int":25.0,"lanes_int":1.0},"geometry":{"type":"LineString","coordinates":[[-71.121689,42.393265],[-71.121488,42.393405]]}},{"type":"Feature","properties":{"name":"Joy Street","separation_level":"none","street_classification":"residential","maxspeed_int":25.0,"lanes_int":2.0},"geometry":{"type":"LineString","coordinates":[[-71.086281,42.377957],[-71.086336,42.377888],[-71.086658,42.378236],[-71.086576,42.378278]]}},{"type":"Feature","properties":{"name":null,"separation_level":"none","street_classification":"residential","maxspeed_int":null,"lanes_int":null},"geometry":{"type":"LineString","coordinates":[[-71.086281,42.377957],[-71.086226,42.378026],[-71.086493,42.378319],[-71.086576,42.378278]]}},{"type":"Feature","properties":{"name":null,"separation_level":"separate","street_classification":"dedicated_path","maxspeed_int":null,"lanes_int":null},"geometry":{"type":"LineString","coordinates":[[-71.086281,42.377957],[-71.086226,42.378026],[-71.086189,42.378045],[-71.086145,42.378004],[-71.08606,42.378047],[-71.085933,42.378111],[-71.085848,42.378157]]}},{"type":"Feature","properties":{"name":"Joy Street","separation_level":"none","street_classification":"residential","maxspeed_int":25.0,"lanes_int":2.0},"geometry":{"type":"LineString","coordinates":[[-71.086576,42.378278],[-71.086658,42.378236],[-71.086774,42.378362],[-71.08682,42.378421]]}},{"type":"Feature","properties":{"name":null,"separation_level":"none","street_classification":"residential","maxspeed_int":null,"lanes_int":null},"geometry":{"type":"LineString","coordinates":[[-71.086576,42.378278],[-71.086493,42.378319],[-71.086658,42.378501],[-71.086747,42.378457],[-71.08682,42.378421]]}},{"type":"Feature","properties":{"name":null,"separation_level":"separate","street_classification":"dedicated_path","maxspeed_int":null,"lanes_int":null},"geometry":{"type":"LineString","coordinates":[[-71.085848,42.378157],[-71.085733,42.37822],[-71.085862,42.378362],[-71.085866,42.378368],[-71.085869,42.378374],[-71.085871,42.37838],[-71.085872,42.378388],[-71.08587,42.378394],[-71.085865,42.378402],[-71.085861,42.378408],[-71.085846,42.37842]]}},{"type":"Feature","properties":{"name":"Joy Street","separation_level":"none","street_classification":"residential","maxspeed_int":25.0,"lanes_int":2.0},"geometry":{"type":"LineString","coordinates":[[-71.08682,42.378421],[-71.086877,42.378503],[-71.086925,42.378588],[-71.086962,42.378664],[-71.086994,42.37873],[-71.087026,42.378805],[-71.087076,42.378945],[-71.087103,42.379016],[-71.087132,42.379077],[-71.08717,42.379141],[-71.087217,42.379204],[-71.087261,42.379257],[-71.087449,42.379458],[-71.087546,42.379561]]}},{"type":"Feature","properties":{"name":"Linwood Street","separation_level":"none","street_classification":"residential","maxspeed_int":25.0,"lanes_int":2.0},"geometry":{"type":"LineString","coordinates":[[-71.087173,42.377706],[-71.08725,42.37767],[-71.087786,42.378243]]}},{"type":"Feature","properties":{"name":null,"separation_level":"none","street_classification":"residential","maxspeed_int":null,"lanes_int":null},"geometry":{"type":"LineString","coordinates":[[-71.087173,42.377706],[-71.087096,42.377743],[-71.086646,42.377956],[-71.087534,42.379087],[-71.088058,42.378847],[-71.087144,42.377797],[-71.087096,42.377743]]}},{"type":"Feature","properties":{"name":null,"separation_level":"none","street_classification":"residential","maxspeed_int":null,"lanes_int":null},"geometry":{"type":"LineString","coordinates":[[-71.087173,42.377706],[-71.087096,42.377743],[-71.087144,42.377797],[-71.088058,42.378847],[-71.087534,42.379087],[-71.086646,42.377956],[-71.087096,42.377743]]}},{"type":"Feature","properties":{"name":"Poplar Street","separation_level":"none","street_classification":"residential","maxspeed_int":25.0,"lanes_int":2.0},"geometry":{"type":"LineString","coordinates":[[-71.087678,42.377191],[-71.087744,42.37716],[-71.087817,42.377143],[-71.087845,42.377136],[-71.08788,42.377123],[-71.087915,42.377106],[-71.087952,42.377088],[-71.08798,42.377077],[-71.088001,42.377071],[-71.088028,42.377064],[-71.08808,42.377052],[-71.08818,42.377031]]}},{"type":"Feature","properties":{"name":"Laurel Street","separation_level":"none","street_classification":"residential","maxspeed_int":20.0,"lanes_int":1.0},"geometry":{"type":"LineString","coordinates":[[-71.105115,42.383459],[-71.105138,42.383425],[-71.105374,42.383079],[-71.105428,42.383001]]}},{"type":"Feature","properties":{"name":"Somerville Avenue","separation_level":"lane","street_classification":"medium-capacity","maxspeed_int":20.0,"lanes_int":2.0},"geometry":{"type":"LineString","coordinates":[[-71.105428,42.383001],[-71.10509,42.382926],[-71.105016,42.382909]]}},{"type":"Feature","properties":{"name":"Somerville Avenue","separation_level":"lane","street_classification":"medium-capacity","maxspeed_int":20.0,"lanes_int":3.0},"geometry":{"type":"LineString","coordinates":[[-71.105428,42.383001],[-71.105765,42.383075],[-71.106074,42.383144],[-71.106115,42.383153],[-71.106164,42.383164],[-71.106271,42.383188],[-71.106293,42.383193]]}},{"type":"Feature","properties":{"name":"Memorial Road","separation_level":"none","street_classification":"residential","maxspeed_int":25.0,"lanes_int":2.0},"geometry":{"type":"LineString","coordinates":[[-71.09216,42.396005],[-71.092411,42.396192],[-71.092467,42.396233]]}},{"type":"Feature","properties":{"name":null,"separation_level":"none","street_classification":"residential","maxspeed_int":null,"lanes_int":null},"geometry":{"type":"LineString","coordinates":[[-71.091841,42.394603],[-71.091771,42.394564],[-71.091631,42.394486],[-71.091459,42.394365]]}},{"type":"Feature","properties":{"name":"Bow Street","separation_level":"lane","street_classification":"medium-capacity","maxspeed_int":25.0,"lanes_int":1.0},"geometry":{"type":"LineString","coordinates":[[-71.097256,42.381048],[-71.097447,42.381353],[-71.097531,42.381472],[-71.097552,42.3815],[-71.097578,42.381525],[-71.097605,42.381545],[-71.097647,42.381567],[-71.097698,42.381588],[-71.097771,42.381613],[-71.097785,42.381649]]}},{"type":"Feature","properties":{"name":"Walnut Street","separation_level":"none","street_classification":"residential","maxspeed_int":20.0,"lanes_int":1.0},"geometry":{"type":"LineString","coordinates":[[-71.097256,42.381048],[-71.097136,42.381086],[-71.097125,42.381092],[-71.097079,42.381117],[-71.096931,42.381282]]}},{"type":"Feature","properties":{"name":null,"separation_level":"none","street_classification":"residential","maxspeed_int":null,"lanes_int":null},"geometry":{"type":"LineString","coordinates":[[-71.106293,42.383193],[-71.106271,42.383188],[-71.106233,42.383272],[-71.105976,42.383627],[-71.10592,42.383639]]}},{"type":"Feature","properties":{"name":"Park Street","separation_level":"lane","street_classification":"medium-capacity","maxspeed_int":20.0,"lanes_int":2.0},"geometry":{"type":"LineString","coordinates":[[-71.106293,42.383193],[-71.106315,42.383198],[-71.106353,42.383111],[-71.106359,42.383097],[-71.10637,42.383071],[-71.106473,42.382856],[-71.106546,42.382842]]}},{"type":"Feature","properties":{"name":null,"separation_level":"none","street_classification":"residential","maxspeed_int":null,"lanes_int":null},"geometry":{"type":"LineString","coordinates":[[-71.106546,42.382842],[-71.106601,42.382887],[-71.106747,42.382584],[-71.106685,42.382567],[-71.106619,42.382549],[-71.106681,42.382418]]}},{"type":"Feature","properties":{"name":"Park Street","separation_level":"lane","street_classification":"medium-capacity","maxspeed_int":20.0,"lanes_int":2.0},"geometry":{"type":"LineString","coordinates":[[-71.106546,42.382842],[-71.106516,42.382768],[-71.106605,42.382582],[-71.106619,42.382549],[-71.106681,42.382418]]}},{"type":"Feature","properties":{"name":"Broadway","separation_level":"share_busway","street_classification":"medium-capacity","maxspeed_int":25.0,"lanes_int":3.0},"geometry":{"type":"LineString","coordinates":[[-71.096462,42.394159],[-71.096178,42.394011],[-71.096041,42.393939],[-71.09602,42.393991]]}},{"type":"Feature","properties":{"name":"Holland Street","separation_level":"track","street_classification":"medium-capacity","maxspeed_int":25.0,"lanes_int":1.0},"geometry":{"type":"LineString","coordinates":[[-71.126336,42.401361],[-71.126335,42.401347],[-71.126325,42.401274],[-71.126276,42.401142],[-71.126252,42.401088],[-71.126219,42.401041],[-71.126078,42.401023]]}},{"type":"Feature","properties":{"name":"Memorial Road","separation_level":"none","street_classification":"residential","maxspeed_int":25.0,"lanes_int":2.0},"geometry":{"type":"LineString","coordinates":[[-71.092863,42.397079],[-71.09253,42.397322]]}},{"type":"Feature","properties":{"name":"Memorial Road","separation_level":"none","street_classification":"residential","maxspeed_int":25.0,"lanes_int":2.0},"geometry":{"type":"LineString","coordinates":[[-71.092863,42.397079],[-71.092929,42.397031],[-71.09324,42.396808]]}},{"type":"Feature","properties":{"name":null,"separation_level":"none","street_classification":"residential","maxspeed_int":null,"lanes_int":null},"geometry":{"type":"LineString","coordinates":[[-71.09253,42.397322],[-71.092484,42.397286],[-71.092069,42.396961],[-71.091926,42.396883]]}},{"type":"Feature","properties":{"name":"Memorial Road","separation_level":"none","street_classification":"residential","maxspeed_int":25.0,"lanes_int":2.0},"geometry":{"type":"LineString","coordinates":[[-71.09253,42.397322],[-71.092036,42.397683],[-71.091986,42.397718]]}},{"type":"Feature","properties":{"name":"Memorial Road","separation_level":"none","street_classification":"residential","maxspeed_int":25.0,"lanes_int":2.0},"geometry":{"type":"LineString","coordinates":[[-71.09324,42.396808],[-71.092467,42.396233]]}},{"type":"Feature","properties":{"name":null,"separation_level":"none","street_classification":"residential","maxspeed_int":null,"lanes_int":null},"geometry":{"type":"LineString","coordinates":[[-71.091926,42.396883],[-71.091919,42.396874],[-71.091911,42.396865],[-71.091857,42.396825],[-71.091846,42.396818],[-71.091833,42.396813],[-71.09182,42.39681],[-71.091806,42.396808],[-71.091791,42.396809],[-71.091778,42.396812],[-71.091765,42.396817],[-71.091754,42.396824],[-71.091523,42.39699],[-71.091511,42.397],[-71.091502,42.397013],[-71.091496,42.397026],[-71.091494,42.39704],[-71.091495,42.397054],[-71.091501,42.397068],[-71.091509,42.39708],[-71.091521,42.397091],[-71.091535,42.397101],[-71.091542,42.397103]]}},{"type":"Feature","properties":{"name":null,"separation_level":"none","street_classification":"residential","maxspeed_int":null,"lanes_int":null},"geometry":{"type":"LineString","coordinates":[[-71.091926,42.396883],[-71.09193,42.396893],[-71.091931,42.396904],[-71.09193,42.396914],[-71.091925,42.396924],[-71.091918,42.396934],[-71.091909,42.396942],[-71.091713,42.397082],[-71.091709,42.397085],[-71.091691,42.397096],[-71.091666,42.397105],[-71.091638,42.397111],[-71.09161,42.397113],[-71.091581,42.397111],[-71.091564,42.397108],[-71.091548,42.397105],[-71.091542,42.397103]]}},{"type":"Feature","properties":{"name":null,"separation_level":"none","street_classification":"residential","maxspeed_int":null,"lanes_int":null},"geometry":{"type":"LineString","coordinates":[[-71.092467,42.396233],[-71.092518,42.396191],[-71.092674,42.396073],[-71.093034,42.395823]]}},{"type":"Feature","properties":{"name":"Hinckley Street","separation_level":"none","street_classification":"residential","maxspeed_int":20.0,"lanes_int":1.0},"geometry":{"type":"LineString","coordinates":[[-71.10643,42.395444],[-71.10673,42.395026]]}},{"type":"Feature","properties":{"name":"Pennsylvania Avenue","separation_level":"none","street_classification":"residential","maxspeed_int":20.0,"lanes_int":1.0},"geometry":{"type":"LineString","coordinates":[[-71.084618,42.390044],[-71.084576,42.39002],[-71.084065,42.389726],[-71.084049,42.389717]]}},{"type":"Feature","properties":{"name":"Preston Road","separation_level":"none","street_classification":"residential","maxspeed_int":20.0,"lanes_int":2.0},"geometry":{"type":"LineString","coordinates":[[-71.102786,42.384448],[-71.102418,42.385038],[-71.102385,42.385089]]}},{"type":"Feature","properties":{"name":"Gordon Street","separation_level":"none","street_classification":"residential","maxspeed_int":20.0,"lanes_int":1.0},"geometry":{"type":"LineString","coordinates":[[-71.12942,42.412958],[-71.130244,42.413462],[-71.130894,42.413845],[-71.130972,42.413788]]}},{"type":"Feature","properties":{"name":"Gordon Street","separation_level":"none","street_classification":"residential","maxspeed_int":20.0,"lanes_int":1.0},"geometry":{"type":"LineString","coordinates":[[-71.130972,42.413788],[-71.130894,42.413845],[-71.131027,42.413923],[-71.131076,42.413944],[-71.131128,42.413961],[-71.131238,42.413984],[-71.13128,42.414052]]}},{"type":"Feature","properties":{"name":"Bonair Street","separation_level":"none","street_classification":"residential","maxspeed_int":20.0,"lanes_int":1.0},"geometry":{"type":"LineString","coordinates":[[-71.087859,42.387999],[-71.0875,42.38788]]}},{"type":"Feature","properties":{"name":"Autumn Street","separation_level":"none","street_classification":"residential","maxspeed_int":20.0,"lanes_int":1.0},"geometry":{"type":"LineString","coordinates":[[-71.087859,42.387999],[-71.087823,42.38804],[-71.087274,42.388682]]}},{"type":"Feature","properties":{"name":"Bonair Street","separation_level":"none","street_classification":"residential","maxspeed_int":20.0,"lanes_int":1.0},"geometry":{"type":"LineString","coordinates":[[-71.0875,42.38788],[-71.086729,42.387621],[-71.086646,42.387593],[-71.086683,42.387535]]}},{"type":"Feature","properties":{"name":"Parker Street","separation_level":"none","street_classification":"residential","maxspeed_int":20.0,"lanes_int":1.0},"geometry":{"type":"LineString","coordinates":[[-71.100223,42.378693],[-71.100168,42.37912]]}},{"type":"Feature","properties":{"name":"Parker Street","separation_level":"none","street_classification":"residential","maxspeed_int":20.0,"lanes_int":1.0},"geometry":{"type":"LineString","coordinates":[[-71.100168,42.37912],[-71.10015,42.379268],[-71.100146,42.379295],[-71.100143,42.379316],[-71.099811,42.379293]]}},{"type":"Feature","properties":{"name":"Inner Belt Road","separation_level":"none","street_classification":"residential","maxspeed_int":25.0,"lanes_int":2.0},"geometry":{"type":"LineString","coordinates":[[-71.081922,42.375963],[-71.081974,42.376006],[-71.082117,42.376137],[-71.08223,42.376244]]}},{"type":"Feature","properties":{"name":"Inner Belt Road","separation_level":"none","street_classification":"residential","maxspeed_int":25.0,"lanes_int":2.0},"geometry":{"type":"LineString","coordinates":[[-71.081922,42.375963],[-71.08187,42.375919],[-71.081804,42.375865],[-71.081646,42.375761],[-71.081472,42.375656],[-71.081338,42.375591],[-71.081212,42.375551],[-71.081095,42.375536],[-71.080945,42.375534],[-71.080849,42.375564],[-71.080793,42.375619],[-71.080777,42.375738],[-71.080778,42.375756],[-71.080784,42.375877],[-71.080786,42.375913]]}},{"type":"Feature","properties":{"name":"Inner Belt Road","separation_level":"none","street_classification":"residential","maxspeed_int":25.0,"lanes_int":2.0},"geometry":{"type":"LineString","coordinates":[[-71.08223,42.376244],[-71.08238,42.376395]]}},{"type":"Feature","properties":{"name":null,"separation_level":"none","street_classification":"residential","maxspeed_int":null,"lanes_int":null},"geometry":{"type":"LineString","coordinates":[[-71.08223,42.376244],[-71.082179,42.376273],[-71.081977,42.37638],[-71.082122,42.376529],[-71.082327,42.376421],[-71.08238,42.376395]]}},{"type":"Feature","properties":{"name":null,"separation_level":"none","street_classification":"residential","maxspeed_int":null,"lanes_int":null},"geometry":{"type":"LineString","coordinates":[[-71.080786,42.375913],[-71.080784,42.375877],[-71.079842,42.375533],[-71.079454,42.375532],[-71.079345,42.375533]]}},{"type":"Feature","properties":{"name":null,"separation_level":"none","street_classification":"residential","maxspeed_int":null,"lanes_int":null},"geometry":{"type":"LineString","coordinates":[[-71.080786,42.375913],[-71.080788,42.37595],[-71.080471,42.375833],[-71.080367,42.375795],[-71.080235,42.375752],[-71.080145,42.375725],[-71.080094,42.375713],[-71.079398,42.375724],[-71.079406,42.375803],[-71.079416,42.375833],[-71.079504,42.37588],[-71.079593,42.375871],[-71.0801,42.375861],[-71.080299,42.375907],[-71.080419,42.375934]]}},{"type":"Feature","properties":{"name":"Inner Belt Road","separation_level":"none","street_classification":"residential","maxspeed_int":25.0,"lanes_int":2.0},"geometry":{"type":"LineString","coordinates":[[-71.08238,42.376395],[-71.082744,42.376753],[-71.082666,42.376801]]}},{"type":"Feature","properties":{"name":"Cherry Street","separation_level":"none","street_classification":"residential","maxspeed_int":20.0,"lanes_int":1.0},"geometry":{"type":"LineString","coordinates":[[-71.116253,42.389568],[-71.116513,42.389342],[-71.116552,42.389308],[-71.116624,42.389244],[-71.116739,42.389273]]}},{"type":"Feature","properties":{"name":null,"separation_level":"none","street_classification":"residential","maxspeed_int":null,"lanes_int":null},"geometry":{"type":"LineString","coordinates":[[-71.103808,42.391559],[-71.10346,42.391517]]}},{"type":"Feature","properties":{"name":"Lewis Street","separation_level":"none","street_classification":"residential","maxspeed_int":20.0,"lanes_int":1.0},"geometry":{"type":"LineString","coordinates":[[-71.103498,42.377781],[-71.103432,42.377781],[-71.102829,42.37779]]}},{"type":"Feature","properties":{"name":null,"separation_level":"none","street_classification":"residential","maxspeed_int":null,"lanes_int":null},"geometry":{"type":"LineString","coordinates":[[-71.10926,42.383372],[-71.109015,42.383297]]}},{"type":"Feature","properties":{"name":null,"separation_level":"none","street_classification":"residential","maxspeed_int":null,"lanes_int":null},"geometry":{"type":"LineString","coordinates":[[-71.10926,42.383372],[-71.109315,42.383271],[-71.10947,42.382988],[-71.109536,42.382866],[-71.109318,42.382792]]}},{"type":"Feature","properties":{"name":"Glen Street","separation_level":"shared_lane","street_classification":"residential","maxspeed_int":20.0,"lanes_int":1.0},"geometry":{"type":"LineString","coordinates":[[-71.087659,42.382765],[-71.087362,42.383123],[-71.087316,42.383179]]}},{"type":"Feature","properties":{"name":"Walnut Street","separation_level":"none","street_classification":"residential","maxspeed_int":20.0,"lanes_int":1.0},"geometry":{"type":"LineString","coordinates":[[-71.096208,42.382252],[-71.096171,42.382302],[-71.095983,42.382554],[-71.095948,42.382602]]}},{"type":"Feature","properties":{"name":"Walnut Street","separation_level":"none","street_classification":"residential","maxspeed_int":20.0,"lanes_int":1.0},"geometry":{"type":"LineString","coordinates":[[-71.095948,42.382602],[-71.09575,42.382868]]}},{"type":"Feature","properties":{"name":null,"separation_level":"none","street_classification":"residential","maxspeed_int":null,"lanes_int":null},"geometry":{"type":"LineString","coordinates":[[-71.095948,42.382602],[-71.095894,42.382579],[-71.095813,42.382543],[-71.095636,42.382472],[-71.09563,42.38247]]}},{"type":"Feature","properties":{"name":"Grand Union Boulevard","separation_level":"separate","street_classification":"dedicated_path","maxspeed_int":null,"lanes_int":null},"geometry":{"type":"LineString","coordinates":[[-71.077317,42.386798],[-71.077322,42.386832],[-71.077322,42.386865],[-71.077319,42.386904],[-71.077318,42.386949],[-71.077315,42.386992],[-71.077328,42.387042],[-71.077342,42.387069],[-71.077365,42.387087],[-71.077341,42.387122],[-71.077308,42.387161],[-71.077278,42.387217],[-71.077258,42.387277],[-71.077249,42.387355],[-71.077241,42.387495],[-71.077244,42.387646],[-71.077298,42.388164],[-71.077288,42.388263],[-71.07723,42.388454],[-71.077225,42.388552],[-71.077237,42.388694],[-71.07725,42.388763]]}},{"type":"Feature","properties":{"name":"Mystic Valley Parkway","separation_level":"none","street_classification":"medium-capacity","maxspeed_int":30.0,"lanes_int":4.0},"geometry":{"type":"LineString","coordinates":[[-71.130577,42.415437],[-71.130425,42.415583],[-71.130339,42.415674],[-71.130255,42.415767],[-71.130019,42.416034]]}},{"type":"Feature","properties":{"name":"Mystic Valley Parkway","separation_level":"none","street_classification":"medium-capacity","maxspeed_int":30.0,"lanes_int":4.0},"geometry":{"type":"LineString","coordinates":[[-71.130019,42.416034],[-71.129898,42.416161],[-71.129784,42.416273],[-71.129677,42.41637],[-71.129572,42.416458],[-71.129509,42.416507],[-71.129481,42.416529],[-71.129412,42.416586],[-71.129172,42.416501]]}},{"type":"Feature","properties":{"name":"North Street","separation_level":"none","street_classification":"medium-capacity","maxspeed_int":null,"lanes_int":2.0},"geometry":{"type":"LineString","coordinates":[[-71.129513,42.408539],[-71.129203,42.409]]}},{"type":"Feature","properties":{"name":"Conwell Avenue","separation_level":"none","street_classification":"residential","maxspeed_int":20.0,"lanes_int":2.0},"geometry":{"type":"LineString","coordinates":[[-71.129513,42.408539],[-71.129452,42.408515],[-71.128779,42.408255]]}},{"type":"Feature","properties":{"name":"North Street","separation_level":"none","street_classification":"medium-capacity","maxspeed_int":null,"lanes_int":2.0},"geometry":{"type":"LineString","coordinates":[[-71.129203,42.409],[-71.12905,42.409243],[-71.129014,42.409309]]}},{"type":"Feature","properties":{"name":"College Hill Road","separation_level":"none","street_classification":"residential","maxspeed_int":20.0,"lanes_int":2.0},"geometry":{"type":"LineString","coordinates":[[-71.128779,42.408255],[-71.128744,42.408309],[-71.128396,42.408827],[-71.128356,42.408953],[-71.128559,42.409062],[-71.128958,42.409208],[-71.128976,42.409215],[-71.12905,42.409243],[-71.129014,42.409309]]}},{"type":"Feature","properties":{"name":"Temple Street","separation_level":"lane","street_classification":"medium-capacity","maxspeed_int":25.0,"lanes_int":2.0},"geometry":{"type":"LineString","coordinates":[[-71.093058,42.392981],[-71.092891,42.393198]]}},{"type":"Feature","properties":{"name":"Park Street","separation_level":"lane","street_classification":"medium-capacity","maxspeed_int":20.0,"lanes_int":2.0},"geometry":{"type":"LineString","coordinates":[[-71.106864,42.382036],[-71.106745,42.382287],[-71.106681,42.382418]]}},{"type":"Feature","properties":{"name":"Allen Court","separation_level":"none","street_classification":"residential","maxspeed_int":25.0,"lanes_int":1.0},"geometry":{"type":"LineString","coordinates":[[-71.106864,42.382036],[-71.106924,42.382052],[-71.107203,42.382131],[-71.107223,42.382136]]}},{"type":"Feature","properties":{"name":"Bonair Street","separation_level":"none","street_classification":"residential","maxspeed_int":20.0,"lanes_int":1.0},"geometry":{"type":"LineString","coordinates":[[-71.089347,42.388497],[-71.0892,42.388448],[-71.088771,42.388305]]}},{"type":"Feature","properties":{"name":"McGrath Highway","separation_level":"track","street_classification":"motorway","maxspeed_int":40.0,"lanes_int":4.0},"geometry":{"type":"LineString","coordinates":[[-71.089347,42.388497],[-71.089275,42.388582],[-71.089199,42.38867],[-71.089113,42.388764],[-71.089041,42.388838],[-71.088963,42.388915],[-71.088814,42.389062],[-71.088336,42.389524],[-71.088313,42.389546],[-71.088228,42.38963],[-71.088243,42.389731]]}},{"type":"Feature","properties":{"name":"Alewife Brook Parkway","separation_level":"none","street_classification":"medium-capacity","maxspeed_int":null,"lanes_int":null},"geometry":{"type":"LineString","coordinates":[[-71.130905,42.4107],[-71.130922,42.410775],[-71.130946,42.410916],[-71.130958,42.411029],[-71.130968,42.411163],[-71.131106,42.411161]]}},{"type":"Feature","properties":{"name":"High Street","separation_level":"none","street_classification":"residential","maxspeed_int":20.0,"lanes_int":1.0},"geometry":{"type":"LineString","coordinates":[[-71.129014,42.409309],[-71.128977,42.409375],[-71.129035,42.409429],[-71.129605,42.409927],[-71.130149,42.410417],[-71.130271,42.410524],[-71.130397,42.410621],[-71.130493,42.410664],[-71.130576,42.410682],[-71.130677,42.410695],[-71.130791,42.410697],[-71.130905,42.4107]]}},{"type":"Feature","properties":{"name":"Bailey Street","separation_level":"none","street_classification":"residential","maxspeed_int":20.0,"lanes_int":2.0},"geometry":{"type":"LineString","coordinates":[[-71.127934,42.40949],[-71.127252,42.409273],[-71.127164,42.409243]]}},{"type":"Feature","properties":{"name":"Cedar Street","separation_level":"track","street_classification":"medium-capacity","maxspeed_int":20.0,"lanes_int":1.0},"geometry":{"type":"LineString","coordinates":[[-71.115132,42.388368],[-71.115331,42.388081],[-71.115368,42.388028],[-71.115422,42.387949]]}},{"type":"Feature","properties":{"name":null,"separation_level":"none","street_classification":"residential","maxspeed_int":null,"lanes_int":null},"geometry":{"type":"LineString","coordinates":[[-71.093034,42.395823],[-71.093026,42.395804],[-71.092919,42.395721],[-71.092821,42.395648],[-71.092788,42.395626]]}},{"type":"Feature","properties":{"name":"Irvington Road","separation_level":"none","street_classification":"residential","maxspeed_int":20.0,"lanes_int":2.0},"geometry":{"type":"LineString","coordinates":[[-71.128043,42.415683],[-71.128096,42.415626],[-71.128485,42.415216],[-71.129939,42.415988],[-71.130019,42.416034]]}},{"type":"Feature","properties":{"name":"Boston Avenue","separation_level":"lane","street_classification":"medium-capacity","maxspeed_int":null,"lanes_int":2.0},"geometry":{"type":"LineString","coordinates":[[-71.128043,42.415683],[-71.128083,42.415709],[-71.128689,42.416112],[-71.129077,42.416369],[-71.129172,42.416501]]}},{"type":"Feature","properties":{"name":null,"separation_level":"none","street_classification":"residential","maxspeed_int":null,"lanes_int":null},"geometry":{"type":"LineString","coordinates":[[-71.081399,42.394833],[-71.081146,42.393917],[-71.081069,42.393927],[-71.080988,42.393934],[-71.080887,42.393943],[-71.080805,42.393952]]}},{"type":"Feature","properties":{"name":null,"separation_level":"none","street_classification":"residential","maxspeed_int":null,"lanes_int":null},"geometry":{"type":"LineString","coordinates":[[-71.081399,42.394833],[-71.081389,42.394821],[-71.081266,42.394842],[-71.081242,42.394846],[-71.081181,42.394856],[-71.081065,42.394875]]}},{"type":"Feature","properties":{"name":null,"separation_level":"none","street_classification":"residential","maxspeed_int":null,"lanes_int":null},"geometry":{"type":"LineString","coordinates":[[-71.081073,42.392401],[-71.080796,42.392099]]}},{"type":"Feature","properties":{"name":null,"separation_level":"none","street_classification":"residential","maxspeed_int":null,"lanes_int":null},"geometry":{"type":"LineString","coordinates":[[-71.081073,42.392401],[-71.080863,42.392445],[-71.08082,42.392443],[-71.080776,42.392429],[-71.080752,42.392408],[-71.080736,42.392381],[-71.080687,42.392206],[-71.080689,42.392178],[-71.080695,42.392164],[-71.080706,42.392149],[-71.080796,42.392099]]}},{"type":"Feature","properties":{"name":"Grand Union Boulevard","separation_level":"lane_buffered","street_classification":"medium-capacity","maxspeed_int":25.0,"lanes_int":3.0},"geometry":{"type":"LineString","coordinates":[[-71.080542,42.392994],[-71.080584,42.393147],[-71.080671,42.393479]]}},{"type":"Feature","properties":{"name":"Foley Street","separation_level":"none","street_classification":"residential","maxspeed_int":25.0,"lanes_int":2.0},"geometry":{"type":"LineString","coordinates":[[-71.080542,42.392994],[-71.080389,42.393017],[-71.079543,42.393145],[-71.079525,42.393148]]}},{"type":"Feature","properties":{"name":"Grand Union Boulevard","separation_level":"lane_buffered","street_classification":"medium-capacity","maxspeed_int":25.0,"lanes_int":3.0},"geometry":{"type":"LineString","coordinates":[[-71.080542,42.392994],[-71.080505,42.392863],[-71.080432,42.392601],[-71.080396,42.392471],[-71.080272,42.392026],[-71.080254,42.391962],[-71.080232,42.39188]]}},{"type":"Feature","properties":{"name":"Harold Cohen Way","separation_level":"none","street_classification":"residential","maxspeed_int":20.0,"lanes_int":null},"geometry":{"type":"LineString","coordinates":[[-71.08128,42.391822],[-71.081211,42.391532],[-71.081093,42.391064],[-71.081064,42.39096]]}},{"type":"Feature","properties":{"name":"Auto Workers Way","separation_level":"none","street_classification":"residential","maxspeed_int":20.0,"lanes_int":null},"geometry":{"type":"LineString","coordinates":[[-71.08128,42.391822],[-71.081195,42.391832],[-71.08047,42.391936],[-71.080389,42.391947],[-71.080254,42.391962],[-71.080232,42.39188]]}},{"type":"Feature","properties":{"name":"Mystic Avenue","separation_level":"none","street_classification":"medium-capacity","maxspeed_int":null,"lanes_int":2.0},"geometry":{"type":"LineString","coordinates":[[-71.095363,42.399758],[-71.09516,42.399641],[-71.094687,42.399405],[-71.094202,42.399182],[-71.09413,42.399147],[-71.093646,42.39892],[-71.093511,42.398853],[-71.093389,42.39878],[-71.093302,42.39872],[-71.093165,42.398621]]}},{"type":"Feature","properties":{"name":"Lake Street","separation_level":"none","street_classification":"residential","maxspeed_int":20.0,"lanes_int":2.0},"geometry":{"type":"LineString","coordinates":[[-71.098616,42.380071],[-71.098144,42.380021],[-71.098098,42.38001]]}},{"type":"Feature","properties":{"name":"Lake Street","separation_level":"none","street_classification":"residential","maxspeed_int":20.0,"lanes_int":2.0},"geometry":{"type":"LineString","coordinates":[[-71.098616,42.380071],[-71.098756,42.38009],[-71.099362,42.380148]]}},{"type":"Feature","properties":{"name":"Hawkins Street","separation_level":"none","street_classification":"residential","maxspeed_int":20.0,"lanes_int":1.0},"geometry":{"type":"LineString","coordinates":[[-71.098098,42.38001],[-71.098061,42.38005],[-71.097929,42.380224],[-71.097782,42.380428],[-71.097726,42.380496]]}},{"type":"Feature","properties":{"name":null,"separation_level":"none","street_classification":"medium-capacity","maxspeed_int":null,"lanes_int":null},"geometry":{"type":"LineString","coordinates":[[-71.089288,42.379452],[-71.089298,42.379494],[-71.089323,42.379505],[-71.089348,42.379517],[-71.089385,42.379529],[-71.089426,42.379539],[-71.089468,42.379545],[-71.089511,42.379547],[-71.089549,42.379544],[-71.089588,42.379536],[-71.089625,42.379524],[-71.089658,42.379508],[-71.089687,42.379489],[-71.089709,42.379469],[-71.089728,42.379447],[-71.08975,42.379419],[-71.089745,42.379396]]}},{"type":"Feature","properties":{"name":"McGrath Highway","separation_level":"track","street_classification":"medium-capacity","maxspeed_int":null,"lanes_int":2.0},"geometry":{"type":"LineString","coordinates":[[-71.089288,42.379452],[-71.089298,42.379494],[-71.089319,42.379568],[-71.089338,42.379637],[-71.089342,42.379651],[-71.089352,42.379702],[-71.089361,42.379746],[-71.089367,42.379793],[-71.089372,42.379833],[-71.089373,42.379862],[-71.089372,42.379876],[-71.089366,42.37992],[-71.089357,42.379958],[-71.089349,42.379989],[-71.089338,42.380018],[-71.089325,42.380055],[-71.089238,42.380034]]}},{"type":"Feature","properties":{"name":"Linwood Street","separation_level":"none","street_classification":"residential","maxspeed_int":25.0,"lanes_int":1.0},"geometry":{"type":"LineString","coordinates":[[-71.089288,42.379452],[-71.089278,42.379409],[-71.089232,42.379416],[-71.089186,42.379422],[-71.089125,42.379432],[-71.08909,42.37944],[-71.089051,42.379453],[-71.088973,42.379485]]}},{"type":"Feature","properties":{"name":"Linwood Street","separation_level":"none","street_classification":"residential","maxspeed_int":25.0,"lanes_int":2.0},"geometry":{"type":"LineString","coordinates":[[-71.088973,42.379485],[-71.088954,42.379477],[-71.088935,42.379466],[-71.08892,42.379454],[-71.088517,42.379024]]}},{"type":"Feature","properties":{"name":null,"separation_level":"none","street_classification":"residential","maxspeed_int":null,"lanes_int":null},"geometry":{"type":"LineString","coordinates":[[-71.088973,42.379485],[-71.08898,42.379583],[-71.088983,42.379622],[-71.088986,42.379638],[-71.088995,42.379652],[-71.089043,42.379707],[-71.088981,42.37974],[-71.088629,42.379923]]}},{"type":"Feature","properties":{"name":"Linwood Street","separation_level":"none","street_classification":"residential","maxspeed_int":25.0,"lanes_int":1.0},"geometry":{"type":"LineString","coordinates":[[-71.088973,42.379485],[-71.089005,42.379496],[-71.089039,42.379505],[-71.089074,42.37951],[-71.089105,42.379513],[-71.089131,42.379514],[-71.08917,42.37951],[-71.089203,42.379506],[-71.089251,42.3795],[-71.089298,42.379494],[-71.089288,42.379452]]}},{"type":"Feature","properties":{"name":"McGrath Highway","separation_level":"shared_lane","street_classification":"medium-capacity","maxspeed_int":null,"lanes_int":3.0},"geometry":{"type":"LineString","coordinates":[[-71.089483,42.378052],[-71.089411,42.378026],[-71.08933,42.377689],[-71.089288,42.377518],[-71.089282,42.377493],[-71.089228,42.377255]]}},{"type":"Feature","properties":{"name":null,"separation_level":"none","street_classification":"residential","maxspeed_int":null,"lanes_int":null},"geometry":{"type":"LineString","coordinates":[[-71.089483,42.378052],[-71.089556,42.378078],[-71.089965,42.378198]]}},{"type":"Feature","properties":{"name":"Albion Street","separation_level":"none","street_classification":"residential","maxspeed_int":20.0,"lanes_int":1.0},"geometry":{"type":"LineString","coordinates":[[-71.103687,42.390128],[-71.103999,42.390232]]}},{"type":"Feature","properties":{"name":null,"separation_level":"none","street_classification":"residential","maxspeed_int":null,"lanes_int":null},"geometry":{"type":"LineString","coordinates":[[-71.103687,42.390128],[-71.103657,42.390176],[-71.103519,42.390395],[-71.103496,42.390418],[-71.103439,42.390434],[-71.103405,42.390441]]}},{"type":"Feature","properties":{"name":"Glen Street","separation_level":"separate","street_classification":"residential","maxspeed_int":20.0,"lanes_int":1.0},"geometry":{"type":"LineString","coordinates":[[-71.088619,42.382145],[-71.08856,42.382175],[-71.088446,42.382232],[-71.088317,42.382297],[-71.088237,42.382337],[-71.087935,42.382488]]}},{"type":"Feature","properties":{"name":"Lowell Street","separation_level":"lane","street_classification":"medium-capacity","maxspeed_int":20.0,"lanes_int":2.0},"geometry":{"type":"LineString","coordinates":[[-71.111824,42.384578],[-71.111873,42.384601],[-71.11182,42.384676],[-71.110857,42.386042]]}},{"type":"Feature","properties":{"name":"Walnut Street","separation_level":"none","street_classification":"residential","maxspeed_int":20.0,"lanes_int":1.0},"geometry":{"type":"LineString","coordinates":[[-71.095521,42.383176],[-71.095263,42.38356]]}},{"type":"Feature","properties":{"name":"School Street","separation_level":"shared_lane","street_classification":"medium-capacity","maxspeed_int":20.0,"lanes_int":2.0},"geometry":{"type":"LineString","coordinates":[[-71.099786,42.385292],[-71.100044,42.384921]]}},{"type":"Feature","properties":{"name":"School Street","separation_level":"shared_lane","street_classification":"medium-capacity","maxspeed_int":20.0,"lanes_int":2.0},"geometry":{"type":"LineString","coordinates":[[-71.100044,42.384921],[-71.100381,42.384414],[-71.100388,42.384403],[-71.100397,42.384389]]}},{"type":"Feature","properties":{"name":"Mount Pleasant Street","separation_level":"none","street_classification":"residential","maxspeed_int":20.0,"lanes_int":null},"geometry":{"type":"LineString","coordinates":[[-71.078307,42.385553],[-71.078401,42.385424],[-71.078653,42.385085],[-71.078801,42.384881],[-71.079076,42.3845],[-71.079122,42.384436]]}},{"type":"Feature","properties":{"name":"Lincoln Parkway","separation_level":"none","street_classification":"residential","maxspeed_int":20.0,"lanes_int":1.0},"geometry":{"type":"LineString","coordinates":[[-71.098163,42.378485],[-71.098238,42.378462],[-71.098295,42.378434],[-71.098343,42.378392],[-71.098351,42.37837],[-71.098396,42.378236],[-71.098457,42.378126],[-71.098493,42.378078],[-71.098551,42.378017]]}},{"type":"Feature","properties":{"name":"Somerville Avenue","separation_level":"lane","street_classification":"medium-capacity","maxspeed_int":25.0,"lanes_int":2.0},"geometry":{"type":"LineString","coordinates":[[-71.112942,42.385154],[-71.11267,42.385012],[-71.11264,42.384996]]}},{"type":"Feature","properties":{"name":null,"separation_level":"none","street_classification":"medium-capacity","maxspeed_int":25.0,"lanes_int":1.0},"geometry":{"type":"LineString","coordinates":[[-71.112942,42.385154],[-71.112957,42.385213],[-71.112965,42.385233],[-71.112976,42.385252],[-71.112987,42.385267],[-71.113002,42.385283],[-71.11328,42.385558],[-71.113307,42.385583],[-71.113485,42.385759],[-71.113724,42.385784]]}},{"type":"Feature","properties":{"name":"Somerville Avenue","separation_level":"lane","street_classification":"medium-capacity","maxspeed_int":25.0,"lanes_int":2.0},"geometry":{"type":"LineString","coordinates":[[-71.112942,42.385154],[-71.113412,42.385403],[-71.113446,42.385421],[-71.113528,42.385464],[-71.113592,42.385498]]}},{"type":"Feature","properties":{"name":"Central Street","separation_level":"separate","street_classification":"medium-capacity","maxspeed_int":25.0,"lanes_int":1.0},"geometry":{"type":"LineString","coordinates":[[-71.104197,42.387362],[-71.104184,42.387358],[-71.103866,42.387808],[-71.103838,42.387841]]}},{"type":"Feature","properties":{"name":"Cambria Street","separation_level":"none","street_classification":"residential","maxspeed_int":20.0,"lanes_int":1.0},"geometry":{"type":"LineString","coordinates":[[-71.104197,42.387362],[-71.104209,42.387366],[-71.104246,42.387377],[-71.105882,42.387931],[-71.105966,42.387958]]}},{"type":"Feature","properties":{"name":"Central Street","separation_level":"separate","street_classification":"dedicated_path","maxspeed_int":null,"lanes_int":null},"geometry":{"type":"LineString","coordinates":[[-71.104197,42.387362],[-71.104209,42.387366],[-71.104229,42.387336],[-71.104613,42.38679],[-71.104598,42.386785]]}},{"type":"Feature","properties":{"name":"Highland Avenue","separation_level":"none","street_classification":"medium-capacity","maxspeed_int":20.0,"lanes_int":null},"geometry":{"type":"LineString","coordinates":[[-71.119483,42.395156],[-71.119472,42.395162],[-71.119463,42.395167],[-71.119454,42.39517],[-71.119443,42.395173],[-71.119431,42.395176],[-71.119415,42.395179],[-71.119399,42.395181],[-71.119384,42.395182],[-71.119368,42.395183],[-71.119353,42.395183],[-71.119338,42.395182],[-71.119323,42.395179],[-71.119308,42.395176],[-71.119295,42.395173],[-71.119281,42.39517],[-71.119237,42.395158],[-71.119184,42.395143],[-71.119078,42.395107]]}},{"type":"Feature","properties":{"name":null,"separation_level":"none","street_classification":"medium-capacity","maxspeed_int":20.0,"lanes_int":null},"geometry":{"type":"LineString","coordinates":[[-71.119483,42.395156],[-71.119478,42.395165],[-71.119475,42.395174],[-71.119473,42.395183],[-71.119472,42.395195],[-71.119472,42.395207],[-71.119473,42.395216],[-71.119475,42.395224],[-71.119479,42.395231],[-71.119485,42.395239],[-71.119492,42.395245],[-71.119503,42.395254],[-71.119527,42.395271],[-71.119558,42.39529],[-71.119595,42.395311],[-71.119643,42.395336],[-71.119762,42.39539]]}},{"type":"Feature","properties":{"name":"Summer Street","separation_level":"separate","street_classification":"dedicated_path","maxspeed_int":null,"lanes_int":null},"geometry":{"type":"LineString","coordinates":[[-71.097785,42.381649],[-71.097774,42.38169],[-71.097785,42.381731],[-71.097799,42.381746],[-71.097827,42.381767],[-71.097845,42.38178],[-71.097883,42.381809],[-71.097939,42.381856],[-71.097971,42.381879],[-71.098031,42.381935],[-71.098315,42.382236],[-71.098324,42.38222]]}},{"type":"Feature","properties":{"name":"Summer Street","separation_level":"separate","street_classification":"medium-capacity","maxspeed_int":20.0,"lanes_int":1.0},"geometry":{"type":"LineString","coordinates":[[-71.097785,42.381649],[-71.097818,42.38163],[-71.097863,42.38175],[-71.097943,42.381821],[-71.097988,42.381861],[-71.0981,42.381952],[-71.098127,42.381981]]}},{"type":"Feature","properties":{"name":"Bow Street","separation_level":"track","street_classification":"medium-capacity","maxspeed_int":20.0,"lanes_int":1.0},"geometry":{"type":"LineString","coordinates":[[-71.097785,42.381649],[-71.097818,42.38163],[-71.097923,42.381647],[-71.098008,42.381657],[-71.098069,42.381663],[-71.09818,42.381664],[-71.098304,42.38165]]}},{"type":"Feature","properties":{"name":"Walnut Street","separation_level":"none","street_classification":"residential","maxspeed_int":20.0,"lanes_int":1.0},"geometry":{"type":"LineString","coordinates":[[-71.096931,42.381282],[-71.096723,42.381555],[-71.096696,42.381593]]}},{"type":"Feature","properties":{"name":"Sanborn Avenue","separation_level":"none","street_classification":"residential","maxspeed_int":20.0,"lanes_int":1.0},"geometry":{"type":"LineString","coordinates":[[-71.096696,42.381593],[-71.096723,42.381555],[-71.096676,42.381534],[-71.096095,42.381285],[-71.095835,42.381093],[-71.095785,42.381056],[-71.096037,42.380871]]}},{"type":"Feature","properties":{"name":"Walnut Street","separation_level":"none","street_classification":"residential","maxspeed_int":20.0,"lanes_int":1.0},"geometry":{"type":"LineString","coordinates":[[-71.096696,42.381593],[-71.096669,42.381631],[-71.096611,42.381714],[-71.096245,42.382203],[-71.096208,42.382252]]}},{"type":"Feature","properties":{"name":null,"separation_level":"none","street_classification":"residential","maxspeed_int":null,"lanes_int":null},"geometry":{"type":"LineString","coordinates":[[-71.109015,42.383297],[-71.109254,42.382911],[-71.109318,42.382792]]}},{"type":"Feature","properties":{"name":null,"separation_level":"none","street_classification":"residential","maxspeed_int":null,"lanes_int":null},"geometry":{"type":"LineString","coordinates":[[-71.109318,42.382792],[-71.109283,42.382729],[-71.109256,42.38269],[-71.109217,42.382661],[-71.109068,42.382606],[-71.108973,42.382575],[-71.108638,42.382463],[-71.108536,42.382434],[-71.108493,42.382426],[-71.108454,42.382437],[-71.108422,42.382451],[-71.108405,42.382478],[-71.108226,42.382776],[-71.108153,42.382905],[-71.108133,42.382945],[-71.108132,42.382982],[-71.108094,42.383053],[-71.108092,42.383077],[-71.108104,42.383106],[-71.1081,42.383136],[-71.108087,42.383164],[-71.108058,42.383222],[-71.108028,42.383262],[-71.108013,42.383285]]}},{"type":"Feature","properties":{"name":null,"separation_level":"none","street_classification":"residential","maxspeed_int":null,"lanes_int":null},"geometry":{"type":"LineString","coordinates":[[-71.088813,42.387996],[-71.088942,42.38775],[-71.088969,42.387698]]}},{"type":"Feature","properties":{"name":"Garfield Avenue","separation_level":"none","street_classification":"residential","maxspeed_int":null,"lanes_int":null},"geometry":{"type":"LineString","coordinates":[[-71.08455,42.391035],[-71.084441,42.391043],[-71.084369,42.391078],[-71.084307,42.391092],[-71.084232,42.391092],[-71.08422,42.391089],[-71.084162,42.391077],[-71.084088,42.391042]]}},{"type":"Feature","properties":{"name":null,"separation_level":"none","street_classification":"residential","maxspeed_int":null,"lanes_int":null},"geometry":{"type":"LineString","coordinates":[[-71.08455,42.391035],[-71.084627,42.391151],[-71.085068,42.391399],[-71.085136,42.391334]]}},{"type":"Feature","properties":{"name":null,"separation_level":"none","street_classification":"residential","maxspeed_int":null,"lanes_int":null},"geometry":{"type":"LineString","coordinates":[[-71.08455,42.391035],[-71.084627,42.391151],[-71.084531,42.391248],[-71.08452,42.391266],[-71.084526,42.391288],[-71.084539,42.391302],[-71.084936,42.391528],[-71.085068,42.391399],[-71.085136,42.391334]]}},{"type":"Feature","properties":{"name":null,"separation_level":"none","street_classification":"residential","maxspeed_int":null,"lanes_int":null},"geometry":{"type":"LineString","coordinates":[[-71.08455,42.391035],[-71.084581,42.390909],[-71.085204,42.391268],[-71.085136,42.391334]]}},{"type":"Feature","properties":{"name":"Mystic Avenue","separation_level":"none","street_classification":"medium-capacity","maxspeed_int":30.0,"lanes_int":2.0},"geometry":{"type":"LineString","coordinates":[[-71.084088,42.391042],[-71.08396,42.390921],[-71.083813,42.390785],[-71.083617,42.390602],[-71.083532,42.390524],[-71.083466,42.390463],[-71.083301,42.390315],[-71.08313,42.390176],[-71.082947,42.390048],[-71.082736,42.389898],[-71.082537,42.389761],[-71.082338,42.389632],[-71.082141,42.38951],[-71.081932,42.389386],[-71.081271,42.389],[-71.081136,42.388911],[-71.080973,42.388802],[-71.080807,42.38869],[-71.080468,42.388438],[-71.080141,42.388194]]}},{"type":"Feature","properties":{"name":"Properzi Way","separation_level":"none","street_classification":"residential","maxspeed_int":20.0,"lanes_int":2.0},"geometry":{"type":"LineString","coordinates":[[-71.105016,42.382909],[-71.10509,42.382926],[-71.105122,42.382849],[-71.105211,42.382643],[-71.105155,42.38263]]}},{"type":"Feature","properties":{"name":"Somerville Avenue","separation_level":"lane","street_classification":"medium-capacity","maxspeed_int":20.0,"lanes_int":2.0},"geometry":{"type":"LineString","coordinates":[[-71.105016,42.382909],[-71.104942,42.382893],[-71.104611,42.38282]]}},{"type":"Feature","properties":{"name":null,"separation_level":"none","street_classification":"residential","maxspeed_int":null,"lanes_int":null},"geometry":{"type":"LineString","coordinates":[[-71.105155,42.38263],[-71.105098,42.382618],[-71.104765,42.382527],[-71.104727,42.382634],[-71.105066,42.382713],[-71.105098,42.382618]]}},{"type":"Feature","properties":{"name":null,"separation_level":"none","street_classification":"residential","maxspeed_int":null,"lanes_int":null},"geometry":{"type":"LineString","coordinates":[[-71.104611,42.38282],[-71.104572,42.382896],[-71.104425,42.383184],[-71.104676,42.383243],[-71.104761,42.383133],[-71.104822,42.383062],[-71.104891,42.382965],[-71.104942,42.382893],[-71.105016,42.382909]]}},{"type":"Feature","properties":{"name":null,"separation_level":"none","street_classification":"residential","maxspeed_int":null,"lanes_int":null},"geometry":{"type":"LineString","coordinates":[[-71.10592,42.383639],[-71.105863,42.383652],[-71.105191,42.383443],[-71.105138,42.383425],[-71.105115,42.383459]]}},{"type":"Feature","properties":{"name":"Winter Street","separation_level":"none","street_classification":"residential","maxspeed_int":20.0,"lanes_int":1.0},"geometry":{"type":"LineString","coordinates":[[-71.122317,42.397155],[-71.122296,42.397185],[-71.122627,42.397338]]}},{"type":"Feature","properties":{"name":"Morton Street","separation_level":"none","street_classification":"residential","maxspeed_int":20.0,"lanes_int":2.0},"geometry":{"type":"LineString","coordinates":[[-71.087935,42.382488],[-71.087872,42.382413],[-71.087543,42.38204],[-71.087336,42.381821],[-71.08725,42.381743]]}},{"type":"Feature","properties":{"name":"Glen Street","separation_level":"shared_lane","street_classification":"residential","maxspeed_int":20.0,"lanes_int":1.0},"geometry":{"type":"LineString","coordinates":[[-71.087935,42.382488],[-71.087832,42.382545],[-71.087659,42.382765]]}},{"type":"Feature","properties":{"name":"Broadway","separation_level":"track","street_classification":"medium-capacity","maxspeed_int":25.0,"lanes_int":2.0},"geometry":{"type":"LineString","coordinates":[[-71.089534,42.390433],[-71.089854,42.390591],[-71.090111,42.390721],[-71.090147,42.390711]]}},{"type":"Feature","properties":{"name":"Broadway","separation_level":"none","street_classification":"residential","maxspeed_int":25.0,"lanes_int":1.0},"geometry":{"type":"LineString","coordinates":[[-71.089534,42.390433],[-71.089594,42.390522],[-71.089617,42.390557],[-71.089873,42.390689],[-71.089946,42.390699],[-71.090111,42.390721],[-71.090147,42.390711]]}},{"type":"Feature","properties":{"name":"Fellsway / McGrath Highway","separation_level":"none","street_classification":"motorway","maxspeed_int":40.0,"lanes_int":3.0},"geometry":{"type":"LineString","coordinates":[[-71.086538,42.391325],[-71.086457,42.391412],[-71.086407,42.391468],[-71.086365,42.39152],[-71.086345,42.391546],[-71.086306,42.391597],[-71.08627,42.391647],[-71.086251,42.391675],[-71.086231,42.391704],[-71.086207,42.391739],[-71.086189,42.391767],[-71.086164,42.391808],[-71.086137,42.391852],[-71.086116,42.391889],[-71.086065,42.391976],[-71.086029,42.392043],[-71.085989,42.392127],[-71.085963,42.392188],[-71.085941,42.39224],[-71.085919,42.392295],[-71.085899,42.39235],[-71.085877,42.392416],[-71.085851,42.3925],[-71.08583,42.392577],[-71.085807,42.392668],[-71.085792,42.392732],[-71.085748,42.392944],[-71.085534,42.393972],[-71.085457,42.394352],[-71.085413,42.394558],[-71.085385,42.394664],[-71.085352,42.394772],[-71.085317,42.394872],[-71.085276,42.394991],[-71.085107,42.395423],[-71.085081,42.395486],[-71.085033,42.395605],[-71.084846,42.396068]]}},{"type":"Feature","properties":{"name":null,"separation_level":"none","street_classification":"motorway","maxspeed_int":null,"lanes_int":null},"geometry":{"type":"LineString","coordinates":[[-71.086538,42.391325],[-71.086459,42.39138],[-71.086391,42.391428],[-71.086318,42.391487],[-71.086234,42.391555],[-71.086135,42.391644]]}},{"type":"Feature","properties":{"name":"Elm Street","separation_level":"track","street_classification":"medium-capacity","maxspeed_int":25.0,"lanes_int":1.0},"geometry":{"type":"LineString","coordinates":[[-71.113592,42.385498],[-71.113528,42.385464],[-71.1135,42.385494],[-71.11348,42.385519],[-71.113464,42.385544],[-71.113452,42.385567],[-71.113442,42.385592],[-71.113435,42.38562],[-71.113431,42.385647],[-71.113432,42.385671],[-71.113438,42.385694],[-71.113451,42.385716],[-71.113485,42.385759],[-71.113724,42.385784]]}},{"type":"Feature","properties":{"name":null,"separation_level":"none","street_classification":"medium-capacity","maxspeed_int":25.0,"lanes_int":1.0},"geometry":{"type":"LineString","coordinates":[[-71.079616,42.391642],[-71.079785,42.391622],[-71.079858,42.39161],[-71.079936,42.391605],[-71.080006,42.391624],[-71.080058,42.391652],[-71.080106,42.391693],[-71.080211,42.391799],[-71.080232,42.39188]]}},{"type":"Feature","properties":{"name":"Revolution Drive","separation_level":"none","street_classification":"residential","maxspeed_int":25.0,"lanes_int":2.0},"geometry":{"type":"LineString","coordinates":[[-71.079616,42.391642],[-71.079557,42.391688],[-71.07948,42.391746],[-71.07934,42.391834],[-71.079192,42.391897]]}},{"type":"Feature","properties":{"name":"Artisan Way","separation_level":"none","street_classification":"residential","maxspeed_int":25.0,"lanes_int":null},"geometry":{"type":"LineString","coordinates":[[-71.077591,42.395477],[-71.077609,42.395385],[-71.077691,42.39538],[-71.077771,42.395373],[-71.077865,42.395362],[-71.078056,42.395333],[-71.078111,42.395325]]}},{"type":"Feature","properties":{"name":"Great River Road","separation_level":"none","street_classification":"residential","maxspeed_int":20.0,"lanes_int":2.0},"geometry":{"type":"LineString","coordinates":[[-71.077591,42.395477],[-71.077609,42.395385],[-71.077555,42.395291],[-71.077527,42.395228],[-71.077511,42.395154],[-71.077503,42.395072],[-71.077499,42.394971],[-71.077501,42.394428],[-71.077502,42.394251],[-71.077508,42.394138],[-71.077529,42.393845],[-71.077534,42.393736]]}},{"type":"Feature","properties":{"name":null,"separation_level":"separate","street_classification":"dedicated_path","maxspeed_int":null,"lanes_int":null},"geometry":{"type":"LineString","coordinates":[[-71.077591,42.395477],[-71.077611,42.395445],[-71.077685,42.395435],[-71.077759,42.395425],[-71.078009,42.395386],[-71.078033,42.395467],[-71.078048,42.395511],[-71.078077,42.395591],[-71.078112,42.395657],[-71.078155,42.395724],[-71.078197,42.395778],[-71.078247,42.395828],[-71.078307,42.395879],[-71.078371,42.395925],[-71.078454,42.395981],[-71.078542,42.396035],[-71.078631,42.396085],[-71.078717,42.396128],[-71.078768,42.396151],[-71.078819,42.396174],[-71.078932,42.396215],[-71.07905,42.396253],[-71.079087,42.396262],[-71.079164,42.396282],[-71.079179,42.396286],[-71.079318,42.396312],[-71.079456,42.396333],[-71.079621,42.39635],[-71.079717,42.396357],[-71.079815,42.396359],[-71.079944,42.396361],[-71.080109,42.396375],[-71.080269,42.396396],[-71.080448,42.396431],[-71.080492,42.396442],[-71.080614,42.396472]]}},{"type":"Feature","properties":{"name":null,"separation_level":"separate","street_classification":"dedicated_path","maxspeed_int":null,"lanes_int":null},"geometry":{"type":"LineString","coordinates":[[-71.077591,42.395477],[-71.077438,42.395379],[-71.077442,42.395326],[-71.077413,42.395242],[-71.07741,42.395172],[-71.077422,42.394747],[-71.077442,42.394271],[-71.077468,42.393677],[-71.077479,42.393505],[-71.077467,42.39341],[-71.07746,42.393338],[-71.077445,42.39319],[-71.077439,42.393133],[-71.077348,42.392241],[-71.077345,42.392209],[-71.077336,42.392122],[-71.077333,42.39209],[-71.07728,42.391494],[-71.077345,42.391491]]}},{"type":"Feature","properties":{"name":"Artisan Way","separation_level":"none","street_classification":"residential","maxspeed_int":25.0,"lanes_int":null},"geometry":{"type":"LineString","coordinates":[[-71.078111,42.395325],[-71.078166,42.395316],[-71.078271,42.3953],[-71.079263,42.395149],[-71.079374,42.395133],[-71.079445,42.395122]]}},{"type":"Feature","properties":{"name":"Great River Road","separation_level":"none","street_classification":"residential","maxspeed_int":20.0,"lanes_int":null},"geometry":{"type":"LineString","coordinates":[[-71.078111,42.395325],[-71.078166,42.395316],[-71.078194,42.395399],[-71.078219,42.395459],[-71.078251,42.395516],[-71.078294,42.39557],[-71.078349,42.395626],[-71.078416,42.395679]]}},{"type":"Feature","properties":{"name":"Great River Road","separation_level":"none","street_classification":"residential","maxspeed_int":20.0,"lanes_int":2.0},"geometry":{"type":"LineString","coordinates":[[-71.077534,42.393736],[-71.077534,42.393636],[-71.077532,42.393539],[-71.077528,42.393442]]}},{"type":"Feature","properties":{"name":null,"separation_level":"separate","street_classification":"dedicated_path","maxspeed_int":null,"lanes_int":null},"geometry":{"type":"LineString","coordinates":[[-71.080614,42.396472],[-71.080741,42.39652],[-71.080857,42.396572],[-71.080968,42.396629],[-71.081063,42.396685],[-71.081159,42.396733],[-71.081251,42.396772],[-71.081268,42.396778]]}},{"type":"Feature","properties":{"name":null,"separation_level":"separate","street_classification":"dedicated_path","maxspeed_int":null,"lanes_int":null},"geometry":{"type":"LineString","coordinates":[[-71.080614,42.396472],[-71.080722,42.396494],[-71.080776,42.396505],[-71.080934,42.396546],[-71.081162,42.396613],[-71.081296,42.396655],[-71.081431,42.396703],[-71.081475,42.396724],[-71.081545,42.396755],[-71.081658,42.396807],[-71.08175,42.396851],[-71.081819,42.396886],[-71.081924,42.396951]]}},{"type":"Feature","properties":{"name":null,"separation_level":"none","street_classification":"residential","maxspeed_int":null,"lanes_int":null},"geometry":{"type":"LineString","coordinates":[[-71.077345,42.391491],[-71.07741,42.391488],[-71.07738,42.391657],[-71.077399,42.391813],[-71.077453,42.392036],[-71.077702,42.39212],[-71.077857,42.392194]]}},{"type":"Feature","properties":{"name":null,"separation_level":"none","street_classification":"dedicated_path","maxspeed_int":null,"lanes_int":null},"geometry":{"type":"LineString","coordinates":[[-71.077345,42.391491],[-71.07741,42.391488],[-71.077515,42.391486],[-71.077505,42.391392],[-71.077488,42.391356],[-71.077996,42.391277],[-71.078113,42.391259]]}},{"type":"Feature","properties":{"name":null,"separation_level":"separate","street_classification":"dedicated_path","maxspeed_int":null,"lanes_int":null},"geometry":{"type":"LineString","coordinates":[[-71.077345,42.391491],[-71.07728,42.391494],[-71.077262,42.391297],[-71.07718,42.389169],[-71.077186,42.389101],[-71.077215,42.389023],[-71.077252,42.388949],[-71.077266,42.388842],[-71.077252,42.388769],[-71.07725,42.388763]]}},{"type":"Feature","properties":{"name":"Artisan Way","separation_level":"none","street_classification":"residential","maxspeed_int":25.0,"lanes_int":null},"geometry":{"type":"LineString","coordinates":[[-71.079445,42.395122],[-71.079516,42.395111],[-71.079634,42.395095],[-71.080106,42.395021],[-71.080853,42.394908],[-71.080888,42.394902],[-71.080964,42.394891],[-71.081065,42.394875]]}},{"type":"Feature","properties":{"name":"Assembly Row","separation_level":"none","street_classification":"residential","maxspeed_int":15.0,"lanes_int":null},"geometry":{"type":"LineString","coordinates":[[-71.079445,42.395122],[-71.079402,42.395128],[-71.079378,42.395042],[-71.079372,42.39502],[-71.079174,42.394309],[-71.079166,42.39428],[-71.079143,42.3942]]}},{"type":"Feature","properties":{"name":"Assembly Row","separation_level":"none","street_classification":"dedicated_path","maxspeed_int":null,"lanes_int":null},"geometry":{"type":"LineString","coordinates":[[-71.079445,42.395122],[-71.079374,42.395133],[-71.079367,42.395209],[-71.079297,42.395886],[-71.079288,42.395976],[-71.079197,42.395959]]}},{"type":"Feature","properties":{"name":"Great River Road","separation_level":"none","street_classification":"residential","maxspeed_int":20.0,"lanes_int":null},"geometry":{"type":"LineString","coordinates":[[-71.078416,42.395679],[-71.078491,42.39572],[-71.078573,42.395757],[-71.078962,42.395895],[-71.079041,42.395922],[-71.079106,42.395942],[-71.079197,42.395959]]}},{"type":"Feature","properties":{"name":null,"separation_level":"none","street_classification":"residential","maxspeed_int":null,"lanes_int":null},"geometry":{"type":"LineString","coordinates":[[-71.078416,42.395679],[-71.078423,42.395728],[-71.078577,42.395806],[-71.079024,42.39596],[-71.079106,42.395942],[-71.079197,42.395959]]}},{"type":"Feature","properties":{"name":"Foley Street","separation_level":"none","street_classification":"residential","maxspeed_int":25.0,"lanes_int":2.0},"geometry":{"type":"LineString","coordinates":[[-71.077528,42.393442],[-71.077589,42.393437],[-71.077655,42.39343],[-71.07767,42.393428],[-71.078266,42.393338],[-71.078688,42.393274],[-71.078767,42.393262],[-71.078783,42.39326],[-71.078895,42.393241]]}},{"type":"Feature","properties":{"name":"Great River Road / Revolution Drive","separation_level":"none","street_classification":"residential","maxspeed_int":25.0,"lanes_int":2.0},"geometry":{"type":"LineString","coordinates":[[-71.077528,42.393442],[-71.077517,42.393336],[-71.077506,42.393227],[-71.077502,42.393187],[-71.077496,42.393126],[-71.077431,42.39235],[-71.077443,42.392291],[-71.077478,42.392272],[-71.077581,42.392252],[-71.077718,42.392228],[-71.077857,42.392194]]}},{"type":"Feature","properties":{"name":"Winter Street","separation_level":"none","street_classification":"residential","maxspeed_int":20.0,"lanes_int":1.0},"geometry":{"type":"LineString","coordinates":[[-71.122627,42.397338],[-71.123174,42.39759],[-71.123232,42.397619],[-71.123256,42.397626],[-71.123281,42.397623],[-71.123314,42.397614],[-71.123341,42.397604],[-71.123404,42.397579]]}},{"type":"Feature","properties":{"name":null,"separation_level":"none","street_classification":"residential","maxspeed_int":null,"lanes_int":null},"geometry":{"type":"LineString","coordinates":[[-71.122627,42.397338],[-71.122654,42.397309],[-71.122721,42.397238],[-71.122789,42.397164]]}},{"type":"Feature","properties":{"name":null,"separation_level":"none","street_classification":"residential","maxspeed_int":null,"lanes_int":null},"geometry":{"type":"LineString","coordinates":[[-71.080676,42.376888],[-71.080631,42.375996],[-71.080419,42.375934]]}},{"type":"Feature","properties":{"name":"Marshall Street","separation_level":"lane","street_classification":"residential","maxspeed_int":20.0,"lanes_int":null},"geometry":{"type":"LineString","coordinates":[[-71.094694,42.389804],[-71.094881,42.389505]]}},{"type":"Feature","properties":{"name":"McGrath Highway","separation_level":"track","street_classification":"motorway","maxspeed_int":40.0,"lanes_int":2.0},"geometry":{"type":"LineString","coordinates":[[-71.08818,42.377031],[-71.088253,42.377067],[-71.088365,42.377121],[-71.0885,42.377186],[-71.088517,42.377195],[-71.088534,42.377204],[-71.088545,42.37721],[-71.088556,42.377217],[-71.088571,42.377227],[-71.088597,42.377245],[-71.088634,42.377273],[-71.088678,42.377309],[-71.088703,42.37733],[-71.088724,42.377349],[-71.088745,42.37737]]}},{"type":"Feature","properties":{"name":"McGrath Highway","separation_level":"track","street_classification":"medium-capacity","maxspeed_int":null,"lanes_int":1.0},"geometry":{"type":"LineString","coordinates":[[-71.089003,42.37828],[-71.089233,42.379217],[-71.089278,42.379409],[-71.089288,42.379452]]}},{"type":"Feature","properties":{"name":null,"separation_level":"none","street_classification":"residential","maxspeed_int":null,"lanes_int":null},"geometry":{"type":"LineString","coordinates":[[-71.089003,42.37828],[-71.088925,42.378291],[-71.088879,42.378295],[-71.088857,42.378295],[-71.088837,42.378288],[-71.088819,42.378277],[-71.088808,42.378265],[-71.088802,42.378252],[-71.088696,42.37788]]}},{"type":"Feature","properties":{"name":"Merriam Street","separation_level":"none","street_classification":"residential","maxspeed_int":20.0,"lanes_int":2.0},"geometry":{"type":"LineString","coordinates":[[-71.091526,42.377063],[-71.091797,42.378097],[-71.091796,42.378125],[-71.091781,42.378159],[-71.091766,42.378187],[-71.092016,42.378329]]}},{"type":"Feature","properties":{"name":null,"separation_level":"none","street_classification":"residential","maxspeed_int":null,"lanes_int":null},"geometry":{"type":"LineString","coordinates":[[-71.13101,42.401842],[-71.13076,42.401641],[-71.130861,42.401503]]}},{"type":"Feature","properties":{"name":null,"separation_level":"none","street_classification":"residential","maxspeed_int":null,"lanes_int":null},"geometry":{"type":"LineString","coordinates":[[-71.13101,42.401842],[-71.131161,42.401743],[-71.130861,42.401503]]}},{"type":"Feature","properties":{"name":"Linwood Street","separation_level":"none","street_classification":"residential","maxspeed_int":25.0,"lanes_int":2.0},"geometry":{"type":"LineString","coordinates":[[-71.087786,42.378243],[-71.088517,42.379024]]}},{"type":"Feature","properties":{"name":null,"separation_level":"none","street_classification":"residential","maxspeed_int":null,"lanes_int":null},"geometry":{"type":"LineString","coordinates":[[-71.087786,42.378243],[-71.08785,42.378209],[-71.088195,42.378022],[-71.088257,42.37809],[-71.088696,42.37788]]}},{"type":"Feature","properties":{"name":null,"separation_level":"separate","street_classification":"dedicated_path","maxspeed_int":null,"lanes_int":null},"geometry":{"type":"LineString","coordinates":[[-71.082719,42.39728],[-71.082624,42.397241],[-71.082232,42.397087],[-71.082132,42.397044]]}},{"type":"Feature","properties":{"name":null,"separation_level":"none","street_classification":"dedicated_path","maxspeed_int":null,"lanes_int":null},"geometry":{"type":"LineString","coordinates":[[-71.082719,42.39728],[-71.082703,42.397216],[-71.082531,42.397135],[-71.082336,42.39706],[-71.082132,42.397044]]}},{"type":"Feature","properties":{"name":null,"separation_level":"none","street_classification":"residential","maxspeed_int":null,"lanes_int":null},"geometry":{"type":"LineString","coordinates":[[-71.085107,42.378544],[-71.084971,42.37862],[-71.085207,42.378869],[-71.085228,42.378879],[-71.085258,42.378869],[-71.085395,42.378797]]}},{"type":"Feature","properties":{"name":null,"separation_level":"none","street_classification":"residential","maxspeed_int":null,"lanes_int":null},"geometry":{"type":"LineString","coordinates":[[-71.085107,42.378544],[-71.085145,42.378534],[-71.085395,42.378797]]}},{"type":"Feature","properties":{"name":null,"separation_level":"none","street_classification":"residential","maxspeed_int":null,"lanes_int":null},"geometry":{"type":"LineString","coordinates":[[-71.085107,42.378544],[-71.085309,42.378445],[-71.085882,42.379055]]}},{"type":"Feature","properties":{"name":null,"separation_level":"none","street_classification":"residential","maxspeed_int":null,"lanes_int":null},"geometry":{"type":"LineString","coordinates":[[-71.085107,42.378544],[-71.085309,42.378445],[-71.085317,42.378418],[-71.085314,42.378388],[-71.085295,42.378341],[-71.08528,42.378325],[-71.084548,42.377572]]}},{"type":"Feature","properties":{"name":null,"separation_level":"separate","street_classification":"dedicated_path","maxspeed_int":null,"lanes_int":null},"geometry":{"type":"LineString","coordinates":[[-71.085107,42.378544],[-71.0849,42.378624],[-71.084925,42.378661],[-71.085165,42.378895],[-71.08555,42.379115],[-71.086223,42.379494],[-71.086349,42.379534]]}},{"type":"Feature","properties":{"name":null,"separation_level":"none","street_classification":"residential","maxspeed_int":null,"lanes_int":null},"geometry":{"type":"LineString","coordinates":[[-71.085395,42.378797],[-71.085719,42.379137],[-71.085882,42.379055]]}},{"type":"Feature","properties":{"name":null,"separation_level":"none","street_classification":"dedicated_path","maxspeed_int":null,"lanes_int":null},"geometry":{"type":"LineString","coordinates":[[-71.085882,42.379055],[-71.086288,42.379486],[-71.086349,42.379534]]}},{"type":"Feature","properties":{"name":null,"separation_level":"none","street_classification":"residential","maxspeed_int":null,"lanes_int":null},"geometry":{"type":"LineString","coordinates":[[-71.084548,42.377572],[-71.084303,42.377319],[-71.084276,42.377294]]}},{"type":"Feature","properties":{"name":null,"separation_level":"separate","street_classification":"dedicated_path","maxspeed_int":null,"lanes_int":null},"geometry":{"type":"LineString","coordinates":[[-71.086349,42.379534],[-71.08639,42.379536],[-71.086434,42.379532],[-71.08649,42.379511],[-71.086596,42.379609],[-71.086733,42.379731],[-71.086791,42.379784],[-71.086818,42.379806],[-71.08684,42.379823],[-71.087064,42.380008],[-71.087108,42.380043],[-71.087331,42.380225],[-71.087372,42.380201],[-71.087412,42.380178],[-71.087192,42.379974],[-71.086656,42.379493],[-71.086581,42.379424],[-71.086625,42.379398],[-71.086653,42.379382],[-71.086671,42.379371],[-71.086744,42.379369]]}},{"type":"Feature","properties":{"name":null,"separation_level":"none","street_classification":"residential","maxspeed_int":null,"lanes_int":null},"geometry":{"type":"LineString","coordinates":[[-71.084276,42.377294],[-71.084088,42.377104],[-71.083732,42.377298],[-71.083673,42.377338],[-71.083666,42.377347],[-71.083628,42.377234]]}},{"type":"Feature","properties":{"name":null,"separation_level":"none","street_classification":"residential","maxspeed_int":null,"lanes_int":null},"geometry":{"type":"LineString","coordinates":[[-71.084276,42.377294],[-71.083994,42.377448],[-71.083909,42.377494],[-71.083852,42.377516],[-71.083744,42.377557]]}},{"type":"Feature","properties":{"name":"Somerville Community Path","separation_level":"separate","street_classification":"dedicated_path","maxspeed_int":null,"lanes_int":null},"geometry":{"type":"LineString","coordinates":[[-71.086744,42.379369],[-71.086735,42.379349],[-71.086727,42.379331],[-71.086719,42.379317],[-71.086711,42.379304],[-71.086706,42.379298],[-71.086699,42.379288],[-71.086691,42.37928],[-71.086685,42.379273],[-71.086544,42.379129],[-71.086152,42.378732],[-71.085972,42.378549],[-71.085846,42.37842]]}},{"type":"Feature","properties":{"name":null,"separation_level":"none","street_classification":"residential","maxspeed_int":null,"lanes_int":null},"geometry":{"type":"LineString","coordinates":[[-71.083744,42.377557],[-71.083758,42.37752],[-71.083645,42.377418],[-71.083657,42.377362],[-71.083666,42.377347],[-71.083628,42.377234]]}},{"type":"Feature","properties":{"name":"Inner Belt Road","separation_level":"none","street_classification":"residential","maxspeed_int":25.0,"lanes_int":2.0},"geometry":{"type":"LineString","coordinates":[[-71.083744,42.377557],[-71.083608,42.377599],[-71.083517,42.377511],[-71.082744,42.376753],[-71.082666,42.376801]]}},{"type":"Feature","properties":{"name":null,"separation_level":"none","street_classification":"residential","maxspeed_int":null,"lanes_int":null},"geometry":{"type":"LineString","coordinates":[[-71.083744,42.377557],[-71.083608,42.377599],[-71.083636,42.377645],[-71.083654,42.377675],[-71.083703,42.37773],[-71.083751,42.377775],[-71.084058,42.378068]]}},{"type":"Feature","properties":{"name":null,"separation_level":"none","street_classification":"residential","maxspeed_int":null,"lanes_int":null},"geometry":{"type":"LineString","coordinates":[[-71.083744,42.377557],[-71.083855,42.377565],[-71.083891,42.377611],[-71.083903,42.377646],[-71.083905,42.37766],[-71.083909,42.377693],[-71.083923,42.377716],[-71.084768,42.378575],[-71.084831,42.378616],[-71.0849,42.378624],[-71.085107,42.378544]]}},{"type":"Feature","properties":{"name":null,"separation_level":"none","street_classification":"residential","maxspeed_int":null,"lanes_int":null},"geometry":{"type":"LineString","coordinates":[[-71.083628,42.377234],[-71.083681,42.377132],[-71.08309,42.376525]]}},{"type":"Feature","properties":{"name":null,"separation_level":"none","street_classification":"residential","maxspeed_int":null,"lanes_int":null},"geometry":{"type":"LineString","coordinates":[[-71.083628,42.377234],[-71.083681,42.377132],[-71.083879,42.377018],[-71.08328,42.376424],[-71.08309,42.376525]]}},{"type":"Feature","properties":{"name":null,"separation_level":"none","street_classification":"residential","maxspeed_int":null,"lanes_int":null},"geometry":{"type":"LineString","coordinates":[[-71.083628,42.377234],[-71.083533,42.377216],[-71.082923,42.376614],[-71.08309,42.376525]]}},{"type":"Feature","properties":{"name":"Line Street","separation_level":"none","street_classification":"residential","maxspeed_int":20.0,"lanes_int":1.0},"geometry":{"type":"LineString","coordinates":[[-71.106553,42.377432],[-71.107209,42.378031],[-71.107274,42.37809]]}},{"type":"Feature","properties":{"name":"Hawkins Street","separation_level":"none","street_classification":"residential","maxspeed_int":25.0,"lanes_int":1.0},"geometry":{"type":"LineString","coordinates":[[-71.098035,42.379723],[-71.098098,42.38001]]}},{"type":"Feature","properties":{"name":"Otis Street","separation_level":"shared_lane","street_classification":"residential","maxspeed_int":20.0,"lanes_int":1.0},"geometry":{"type":"LineString","coordinates":[[-71.088969,42.387698],[-71.089463,42.387862]]}},{"type":"Feature","properties":{"name":"Canal Street","separation_level":"none","street_classification":"residential","maxspeed_int":25.0,"lanes_int":2.0},"geometry":{"type":"LineString","coordinates":[[-71.080805,42.393952],[-71.080627,42.393977],[-71.07992,42.394084],[-71.079814,42.3941],[-71.079292,42.394178],[-71.07927,42.394181],[-71.079143,42.3942]]}},{"type":"Feature","properties":{"name":"Grand Union Boulevard","separation_level":"track","street_classification":"medium-capacity","maxspeed_int":25.0,"lanes_int":1.0},"geometry":{"type":"LineString","coordinates":[[-71.080805,42.393952],[-71.080826,42.393883],[-71.080831,42.393825],[-71.080827,42.3938],[-71.08082,42.393766],[-71.080784,42.393643],[-71.080761,42.39359],[-71.080728,42.393545],[-71.080671,42.393479]]}},{"type":"Feature","properties":{"name":"Grand Union Boulevard","separation_level":"lane_buffered","street_classification":"medium-capacity","maxspeed_int":25.0,"lanes_int":null},"geometry":{"type":"LineString","coordinates":[[-71.080805,42.393952],[-71.080831,42.394044],[-71.080927,42.394387],[-71.081031,42.394754],[-71.081065,42.394875]]}},{"type":"Feature","properties":{"name":"Assembly Row","separation_level":"none","street_classification":"residential","maxspeed_int":15.0,"lanes_int":null},"geometry":{"type":"LineString","coordinates":[[-71.079143,42.3942],[-71.079119,42.394117],[-71.079113,42.394094],[-71.078908,42.393371],[-71.078901,42.393347],[-71.078872,42.393246],[-71.078895,42.393241]]}},{"type":"Feature","properties":{"name":"Canal Street","separation_level":"none","street_classification":"residential","maxspeed_int":25.0,"lanes_int":null},"geometry":{"type":"LineString","coordinates":[[-71.079143,42.3942],[-71.079034,42.394218],[-71.078964,42.394227],[-71.07866,42.39427]]}},{"type":"Feature","properties":{"name":"Grand Union Boulevard","separation_level":"track","street_classification":"medium-capacity","maxspeed_int":25.0,"lanes_int":1.0},"geometry":{"type":"LineString","coordinates":[[-71.080671,42.393479],[-71.080669,42.39356],[-71.080666,42.393611],[-71.080674,42.393662],[-71.080702,42.393766],[-71.080721,42.393814],[-71.080725,42.393824],[-71.080755,42.393882],[-71.080805,42.393952]]}},{"type":"Feature","properties":{"name":"Foley Street","separation_level":"none","street_classification":"residential","maxspeed_int":25.0,"lanes_int":2.0},"geometry":{"type":"LineString","coordinates":[[-71.078895,42.393241],[-71.079007,42.393222],[-71.079076,42.393212],[-71.079106,42.393208],[-71.079525,42.393148]]}},{"type":"Feature","properties":{"name":"Assembly Row","separation_level":"none","street_classification":"residential","maxspeed_int":20.0,"lanes_int":null},"geometry":{"type":"LineString","coordinates":[[-71.078895,42.393241],[-71.079007,42.393222],[-71.078984,42.393135],[-71.078981,42.39312],[-71.078847,42.392631],[-71.078719,42.392162],[-71.07871,42.392126],[-71.078684,42.392031],[-71.078564,42.392055]]}},{"type":"Feature","properties":{"name":"Canal Street","separation_level":"none","street_classification":"residential","maxspeed_int":25.0,"lanes_int":null},"geometry":{"type":"LineString","coordinates":[[-71.07866,42.39427],[-71.07856,42.394249],[-71.078511,42.394243],[-71.078166,42.394294],[-71.078132,42.394318],[-71.078126,42.394358],[-71.078143,42.394385],[-71.078191,42.394397],[-71.078565,42.394337],[-71.078605,42.39431],[-71.07866,42.39427]]}},{"type":"Feature","properties":{"name":"Great River Road","separation_level":"none","street_classification":"residential","maxspeed_int":20.0,"lanes_int":null},"geometry":{"type":"LineString","coordinates":[[-71.079197,42.395959],[-71.079288,42.395976],[-71.079372,42.395982],[-71.079463,42.395981],[-71.079532,42.395978],[-71.079607,42.39597],[-71.079758,42.395948]]}},{"type":"Feature","properties":{"name":"Revolution Drive","separation_level":"none","street_classification":"residential","maxspeed_int":25.0,"lanes_int":2.0},"geometry":{"type":"LineString","coordinates":[[-71.077857,42.392194],[-71.078329,42.392098],[-71.078443,42.392078],[-71.078564,42.392055]]}},{"type":"Feature","properties":{"name":"Revolution Drive","separation_level":"none","street_classification":"residential","maxspeed_int":25.0,"lanes_int":2.0},"geometry":{"type":"LineString","coordinates":[[-71.078564,42.392055],[-71.078684,42.392031],[-71.078756,42.392017],[-71.078849,42.391998],[-71.079013,42.391956],[-71.079192,42.391897]]}},{"type":"Feature","properties":{"name":"Assembly Row","separation_level":"none","street_classification":"residential","maxspeed_int":15.0,"lanes_int":null},"geometry":{"type":"LineString","coordinates":[[-71.078564,42.392055],[-71.078443,42.392078],[-71.07847,42.39217],[-71.078613,42.392669],[-71.078748,42.393139],[-71.078754,42.393163],[-71.078783,42.39326],[-71.078895,42.393241]]}},{"type":"Feature","properties":{"name":null,"separation_level":"none","street_classification":"dedicated_path","maxspeed_int":null,"lanes_int":null},"geometry":{"type":"LineString","coordinates":[[-71.078564,42.392055],[-71.078558,42.392056],[-71.07854,42.391991],[-71.078476,42.391778],[-71.078304,42.391473],[-71.07823,42.39124],[-71.078113,42.391259]]}},{"type":"Feature","properties":{"name":"Assembly Row","separation_level":"none","street_classification":"residential","maxspeed_int":25.0,"lanes_int":null},"geometry":{"type":"LineString","coordinates":[[-71.079758,42.395948],[-71.079731,42.395855],[-71.079552,42.395234],[-71.079544,42.395209],[-71.079516,42.395111],[-71.079445,42.395122]]}},{"type":"Feature","properties":{"name":"Great River Road","separation_level":"none","street_classification":"residential","maxspeed_int":20.0,"lanes_int":null},"geometry":{"type":"LineString","coordinates":[[-71.079758,42.395948],[-71.079844,42.395934],[-71.080072,42.395899],[-71.080168,42.395884],[-71.08025,42.395873],[-71.080343,42.395867],[-71.080431,42.395868],[-71.080525,42.395876],[-71.080608,42.395888],[-71.080694,42.395909],[-71.080784,42.39594],[-71.080868,42.395976],[-71.080949,42.396012]]}},{"type":"Feature","properties":{"name":"Great River Road","separation_level":"none","street_classification":"residential","maxspeed_int":20.0,"lanes_int":null},"geometry":{"type":"LineString","coordinates":[[-71.080949,42.396012],[-71.081047,42.396075],[-71.081105,42.396115],[-71.081139,42.396151],[-71.081164,42.396183],[-71.081188,42.396241],[-71.081267,42.396224]]}},{"type":"Feature","properties":{"name":null,"separation_level":"none","street_classification":"residential","maxspeed_int":null,"lanes_int":null},"geometry":{"type":"LineString","coordinates":[[-71.088517,42.379024],[-71.088444,42.379065],[-71.08788,42.379375],[-71.087632,42.379512],[-71.08762,42.37952],[-71.087546,42.379561]]}},{"type":"Feature","properties":{"name":null,"separation_level":"separate","street_classification":"dedicated_path","maxspeed_int":null,"lanes_int":null},"geometry":{"type":"LineString","coordinates":[[-71.081268,42.396778],[-71.081327,42.396799],[-71.081407,42.39682],[-71.081514,42.396841],[-71.081609,42.396857],[-71.081704,42.396879],[-71.081802,42.396908],[-71.081924,42.396951]]}},{"type":"Feature","properties":{"name":null,"separation_level":"separate","street_classification":"dedicated_path","maxspeed_int":null,"lanes_int":null},"geometry":{"type":"LineString","coordinates":[[-71.081924,42.396951],[-71.082076,42.39702],[-71.082132,42.397044]]}},{"type":"Feature","properties":{"name":"Grand Union Boulevard","separation_level":"lane","street_classification":"medium-capacity","maxspeed_int":25.0,"lanes_int":2.0},"geometry":{"type":"LineString","coordinates":[[-71.079532,42.390885],[-71.079695,42.391019],[-71.079872,42.391185],[-71.079997,42.391257]]}},{"type":"Feature","properties":{"name":null,"separation_level":"none","street_classification":"dedicated_path","maxspeed_int":null,"lanes_int":null},"geometry":{"type":"LineString","coordinates":[[-71.092604,42.395368],[-71.092737,42.395426],[-71.092772,42.395447],[-71.092791,42.395477],[-71.092792,42.395517],[-71.092788,42.395626]]}},{"type":"Feature","properties":{"name":null,"separation_level":"none","street_classification":"residential","maxspeed_int":null,"lanes_int":null},"geometry":{"type":"LineString","coordinates":[[-71.092788,42.395626],[-71.092727,42.395625],[-71.0927,42.395629],[-71.092495,42.395755],[-71.092209,42.395969],[-71.09216,42.396005]]}},{"type":"Feature","properties":{"name":"Columbia Street","separation_level":"none","street_classification":"residential","maxspeed_int":25.0,"lanes_int":2.0},"geometry":{"type":"LineString","coordinates":[[-71.093958,42.374577],[-71.093828,42.374583],[-71.093877,42.374756],[-71.093927,42.374923]]}},{"type":"Feature","properties":{"name":"Columbia Street","separation_level":"none","street_classification":"residential","maxspeed_int":25.0,"lanes_int":2.0},"geometry":{"type":"LineString","coordinates":[[-71.093927,42.374923],[-71.093949,42.375109],[-71.094017,42.375364],[-71.094093,42.375617],[-71.094206,42.375762],[-71.09427,42.375806]]}},{"type":"Feature","properties":{"name":"Otis Street","separation_level":"shared_lane","street_classification":"residential","maxspeed_int":20.0,"lanes_int":1.0},"geometry":{"type":"LineString","coordinates":[[-71.089463,42.387862],[-71.089501,42.387887],[-71.08958,42.387913],[-71.089712,42.387955],[-71.089721,42.387939]]}},{"type":"Feature","properties":{"name":"Mystic Avenue","separation_level":"none","street_classification":"medium-capacity","maxspeed_int":30.0,"lanes_int":3.0},"geometry":{"type":"LineString","coordinates":[[-71.080516,42.38918],[-71.081379,42.389832]]}},{"type":"Feature","properties":{"name":null,"separation_level":"none","street_classification":"residential","maxspeed_int":null,"lanes_int":null},"geometry":{"type":"LineString","coordinates":[[-71.085102,42.394522],[-71.085071,42.394647],[-71.085,42.394695],[-71.084567,42.394753],[-71.084516,42.394615],[-71.084552,42.394598],[-71.084827,42.39456],[-71.085102,42.394522]]}},{"type":"Feature","properties":{"name":null,"separation_level":"none","street_classification":"residential","maxspeed_int":null,"lanes_int":null},"geometry":{"type":"LineString","coordinates":[[-71.085102,42.394522],[-71.084827,42.39456],[-71.084552,42.394598],[-71.084516,42.394615],[-71.084567,42.394753],[-71.085,42.394695],[-71.085071,42.394647],[-71.085102,42.394522]]}},{"type":"Feature","properties":{"name":null,"separation_level":"none","street_classification":"residential","maxspeed_int":null,"lanes_int":null},"geometry":{"type":"LineString","coordinates":[[-71.079345,42.375533],[-71.079235,42.375535],[-71.079029,42.375549],[-71.079,42.375561],[-71.078978,42.375592],[-71.078979,42.375663],[-71.078798,42.37571]]}},{"type":"Feature","properties":{"name":null,"separation_level":"none","street_classification":"residential","maxspeed_int":null,"lanes_int":null},"geometry":{"type":"LineString","coordinates":[[-71.080419,42.375934],[-71.080432,42.376133],[-71.080482,42.376894],[-71.080676,42.376888]]}},{"type":"Feature","properties":{"name":"Albion Street","separation_level":"none","street_classification":"residential","maxspeed_int":20.0,"lanes_int":1.0},"geometry":{"type":"LineString","coordinates":[[-71.103999,42.390232],[-71.104753,42.390483]]}},{"type":"Feature","properties":{"name":null,"separation_level":"none","street_classification":"residential","maxspeed_int":null,"lanes_int":null},"geometry":{"type":"LineString","coordinates":[[-71.106679,42.381063],[-71.106847,42.381131],[-71.106918,42.381134]]}},{"type":"Feature","properties":{"name":null,"separation_level":"none","street_classification":"residential","maxspeed_int":null,"lanes_int":null},"geometry":{"type":"LineString","coordinates":[[-71.082934,42.378],[-71.082875,42.378069],[-71.082893,42.378341],[-71.083197,42.378322],[-71.083171,42.378228],[-71.082934,42.378]]}},{"type":"Feature","properties":{"name":null,"separation_level":"none","street_classification":"residential","maxspeed_int":null,"lanes_int":null},"geometry":{"type":"LineString","coordinates":[[-71.082067,42.380653],[-71.082186,42.380636],[-71.082248,42.380913],[-71.082239,42.380914]]}},{"type":"Feature","properties":{"name":null,"separation_level":"none","street_classification":"residential","maxspeed_int":null,"lanes_int":null},"geometry":{"type":"LineString","coordinates":[[-71.082067,42.380653],[-71.082186,42.380636],[-71.08237,42.38061],[-71.082449,42.380878],[-71.082239,42.380914]]}},{"type":"Feature","properties":{"name":null,"separation_level":"none","street_classification":"residential","maxspeed_int":null,"lanes_int":null},"geometry":{"type":"LineString","coordinates":[[-71.082067,42.380653],[-71.081948,42.380669],[-71.082027,42.380951],[-71.082239,42.380914]]}},{"type":"Feature","properties":{"name":null,"separation_level":"none","street_classification":"residential","maxspeed_int":null,"lanes_int":null},"geometry":{"type":"LineString","coordinates":[[-71.082067,42.380653],[-71.081948,42.380669],[-71.081692,42.380706]]}},{"type":"Feature","properties":{"name":null,"separation_level":"none","street_classification":"residential","maxspeed_int":null,"lanes_int":null},"geometry":{"type":"LineString","coordinates":[[-71.082239,42.380914],[-71.082027,42.380951],[-71.081785,42.380994],[-71.081651,42.381046]]}},{"type":"Feature","properties":{"name":null,"separation_level":"none","street_classification":"residential","maxspeed_int":null,"lanes_int":null},"geometry":{"type":"LineString","coordinates":[[-71.081692,42.380706],[-71.081785,42.380994],[-71.081651,42.381046]]}},{"type":"Feature","properties":{"name":null,"separation_level":"none","street_classification":"residential","maxspeed_int":null,"lanes_int":null},"geometry":{"type":"LineString","coordinates":[[-71.081692,42.380706],[-71.081468,42.380737],[-71.081555,42.381034],[-71.081651,42.381046]]}},{"type":"Feature","properties":{"name":null,"separation_level":"none","street_classification":"residential","maxspeed_int":null,"lanes_int":null},"geometry":{"type":"LineString","coordinates":[[-71.086785,42.376871],[-71.086308,42.376405],[-71.086403,42.37636],[-71.0868,42.376656],[-71.086956,42.376783],[-71.086785,42.376871]]}},{"type":"Feature","properties":{"name":null,"separation_level":"none","street_classification":"residential","maxspeed_int":null,"lanes_int":null},"geometry":{"type":"LineString","coordinates":[[-71.086785,42.376871],[-71.086956,42.376783],[-71.0868,42.376656],[-71.086403,42.37636],[-71.086308,42.376405],[-71.086785,42.376871]]}},{"type":"Feature","properties":{"name":"Mansfield Street","separation_level":"none","street_classification":"residential","maxspeed_int":20.0,"lanes_int":1.0},"geometry":{"type":"LineString","coordinates":[[-71.090364,42.378586],[-71.090404,42.378763]]}},{"type":"Feature","properties":{"name":null,"separation_level":"none","street_classification":"residential","maxspeed_int":null,"lanes_int":null},"geometry":{"type":"LineString","coordinates":[[-71.090364,42.378586],[-71.0903,42.378594],[-71.090033,42.378629],[-71.090014,42.378628],[-71.090003,42.378619],[-71.089995,42.378604],[-71.089929,42.378343]]}},{"type":"Feature","properties":{"name":"Poplar Street","separation_level":"none","street_classification":"residential","maxspeed_int":25.0,"lanes_int":null},"geometry":{"type":"LineString","coordinates":[[-71.08774,42.376821],[-71.08777,42.376921],[-71.087778,42.376947],[-71.087785,42.376972],[-71.087788,42.376994],[-71.087788,42.377022],[-71.087786,42.377048],[-71.087779,42.377068],[-71.087768,42.377088],[-71.08776,42.377105],[-71.087748,42.377132],[-71.087744,42.37716],[-71.087678,42.377191]]}},{"type":"Feature","properties":{"name":"McGrath Highway","separation_level":"track","street_classification":"motorway","maxspeed_int":40.0,"lanes_int":2.0},"geometry":{"type":"LineString","coordinates":[[-71.08774,42.376821],[-71.08783,42.376864],[-71.087955,42.376924],[-71.08818,42.377031]]}},{"type":"Feature","properties":{"name":null,"separation_level":"none","street_classification":"residential","maxspeed_int":null,"lanes_int":null},"geometry":{"type":"LineString","coordinates":[[-71.083364,42.374638],[-71.083281,42.374699],[-71.08321,42.374953],[-71.083499,42.374984],[-71.083598,42.374716],[-71.083364,42.374638]]}},{"type":"Feature","properties":{"name":null,"separation_level":"none","street_classification":"residential","maxspeed_int":null,"lanes_int":null},"geometry":{"type":"LineString","coordinates":[[-71.083364,42.374638],[-71.083598,42.374716],[-71.083499,42.374984],[-71.08321,42.374953],[-71.083281,42.374699],[-71.083364,42.374638]]}},{"type":"Feature","properties":{"name":null,"separation_level":"none","street_classification":"residential","maxspeed_int":null,"lanes_int":null},"geometry":{"type":"LineString","coordinates":[[-71.127978,42.416229],[-71.12799,42.41626],[-71.127778,42.416425],[-71.127673,42.41643],[-71.127471,42.416316]]}},{"type":"Feature","properties":{"name":"Myrtle Street","separation_level":"none","street_classification":"residential","maxspeed_int":20.0,"lanes_int":1.0},"geometry":{"type":"LineString","coordinates":[[-71.083968,42.382823],[-71.083977,42.383057]]}},{"type":"Feature","properties":{"name":"Myrtle Court","separation_level":"none","street_classification":"residential","maxspeed_int":20.0,"lanes_int":null},"geometry":{"type":"LineString","coordinates":[[-71.083968,42.382823],[-71.083913,42.382824],[-71.083552,42.382832]]}},{"type":"Feature","properties":{"name":"Myrtle Street","separation_level":"none","street_classification":"residential","maxspeed_int":20.0,"lanes_int":1.0},"geometry":{"type":"LineString","coordinates":[[-71.083977,42.383057],[-71.083995,42.383491],[-71.083991,42.383505],[-71.083985,42.383519],[-71.083461,42.384263],[-71.083453,42.384274],[-71.083405,42.384343]]}},{"type":"Feature","properties":{"name":null,"separation_level":"none","street_classification":"residential","maxspeed_int":null,"lanes_int":null},"geometry":{"type":"LineString","coordinates":[[-71.081567,42.377698],[-71.080974,42.377715],[-71.080887,42.377718],[-71.080888,42.377728]]}},{"type":"Feature","properties":{"name":"Mansfield Street","separation_level":"none","street_classification":"residential","maxspeed_int":20.0,"lanes_int":1.0},"geometry":{"type":"LineString","coordinates":[[-71.090404,42.378763],[-71.090604,42.379563]]}}]}